biosample	biosample_id	organism	taxid	title	Assembly_method	ENA-CHECKLIST	ENA-FIRST-PUBLIC	ENA-LAST-UPDATE	ENA_first_public	ENA_last_update	External_Id	GUNC_clade_separation_score	GUNC_contamination_score	GUNC_reference_representation_score	GUNC_version	Genome_Coverage	INSDC_center_alias	INSDC_center_name	INSDC_first_public	INSDC_last_update	INSDC_status	Isolate_code	Isolate_name	MAG_coverage_software	SPIRE_genome_cluster	SPIRE_genome_id	Sequencing_Method	Submitter_Id	Version	age	assembly_quality	assembly_software	binning_parameters	binning_software	biomaterial_provider	biome	broad-scale_environmental_context	coll_site_geo_feat	collected_by	collection-date	collection_date	common_name	completeness_score	completeness_software	contamination_score	contig_N50	country	cultivar	culture-collection	culture_collection	depth	derived-from	derived-from-SRA	derived_from	derived_from_assembly	ecotype	elev	env_biome	env_broad_scale	env_feature	env_local_scale	env_material	env_medium	environmental-sample	environmental_medium	feature	food_product_type	genotype	geo_loc_name	geographic_location__country_and_or_sea_	geographic_location__latitude_	geographic_location__longitude_	geographic_location__region_and_locality_	host	host_common_name	host_genotype	host_health_state	host_scientific_name	host_taxid	host_tissue_sampled	identified_by	ifsac_category	isol_growth_condt	isolate	isolate_name_alias	isolation-source	isolation_source	lat_lon	linked_to_SPIRE_sample	linked_to_SPIRE_study	linked_to_analysis_project	local_environmental_context	material	metagenome-source	metagenome_source	metagenomic	metagenomic_source	note	num_replicons	number_of_contigs	plant_body_site	project_name	ref_biomaterial	replicate	sample-type	sample_code	sample_derived_from	sample_name	sample_type	scientific_name	soil_horizon	strain	subsrc_note	taxonomic_classification	taxonomic_classification_software	taxonomic_identity_marker	temp	tissue	type-material
SAMN02471545	2471545			Sample from Pseudomonas viridiflava UASWS0038																																				2007-01							Switzerland																											Rhododendron sp.												infected Rhododendron sp. leaf												in evaluation as biological control agent														UASWS0038							
SAMN02471557	2471557			Sample from Pseudomonas viridiflava TA043																																											France																																							Primula officinalis																										TA043							
SAMN02471565	2471565			Sample from Pseudomonas viridiflava CC1582																																											France																																							epilithon																										CC1582							
SAMN03103695	3103695	Pseudomonas viridiflava		Microbe sample from Pseudomonas viridiflava																																					1930								DSM:6694																				Switzerland					runner bean (Dwarf)													missing																						missing			DSM 6694							type strain of Pseudomonas viridiflava
SAMN03267840	3267840	Pseudomonas viridiflava		Microbe sample from Pseudomonas viridiflava																															Joy Bergelson, Ecology and Evolution, University of Chicago, 1101 E. 57th St., Chicago, IL 60637, USA				Luke Barrett		2008-04-22																	plant-associated habitat											USA: Lake Michigan College, Berrien County, Michigan					Arabidopsis thaliana						leaf							leaf	42.090114 N 86.393408 W																					cell culture			LMCA8							
SAMN03976266	3976266	Pseudomonas viridiflava		PvrICMP2848	CLC Assembly Cell											66.78011283											Illumina GAII ; MISeq		4.2												not collected									ICMP:2848																			Switzerland					Phaseolus vulgaris													not collected																						Monoisolate			ICMP 2848							type strain of Pseudomonas viridiflava
SAMN03976365	3976365	Pseudomonas viridiflava		PvrICMP19473	CLC Assembly Cell											138.8637067											Illumina GAII ; MISeq		4.2												2010									ICMP:19473																			Iran: (Islamic Republic of) Sari, Mazandaran					Malvaviscus penduliflorus													not collected																						Monoisolate			ICMP 19473							
SAMN03976423	3976423	Pseudomonas viridiflava		PvrICMP11296	CLC Assembly Cell											92.51421283											Illumina GAII ; MISeq		4.2												not collected									ICMP:11296																			New Zealand: Kumeu					Actinidia deliciosa													not collected																						Monoisolate			ICMP 11296							
SAMN03976434	3976434	Pseudomonas viridiflava		PvrICMP3272	CLC Assembly Cell											114.4290578											Illumina GAII ; MISeq		4.2												1975									ICMP:3272																			New Zealand: Riverhead					Actinidia deliciosa													not collected																						Monoisolate			ICMP 3272							
SAMN04092610	4092610	Pseudomonas viridiflava		Microbe sample from Pseudomonas viridiflava																																					2010																												New Zealand																	peach																							Bacteria			ICMP 8820							
SAMN04102826	4102826	Pseudomonas viridiflava ICMP 13104		Microbe sample from Pseudomonas viridiflava ICMP 13104																																					1985																												France					Actinidia deliciosa																																			Bacteria			ICMP 13104							
SAMN04102828	4102828	Pseudomonas viridiflava		Microbe sample from Pseudomonas viridiflava																																					missing																												Switzerland					Phaseolus vulgaris																																			Bacteria			ICMP 2848							type strain of Pseudomonas viridiflava
SAMN04317010	4317010	Pseudomonas caspiana		MIGS Cultured Bacterial/Archaeal sample from Pseudomonas caspiana																																					2010																	plant-associated habitat		citrus orchards		plant leaves							Iran: Mazandaran					Citrus									Nutrient agar				Plant leaves	36.3792 N 52.6608 E											1				Genome report									FBF102							type strain of Pseudomonas caspiana
SAMN05413107	5413107	Pseudomonas viridiflava		Whole-Genome Sequence of Pseudomonas syringae, isolated from a weed growing in a vineyard																																					2013-04-15																	Agricultural site		Vineyard		Plant root							Austria: National Park of Illmitz					Lepidium draba									10.1007/s00248-011-9883-y				weed growing in a vineyard	47.46 N 16.47000000 E											1				10.1128/genomeA.00116-12									CDRTc14							
SAMEA104090973	7226765	Pseudomonas viridiflava		Pseudomonas viridiflava CFBP 1590		ERC000028			2017-06-08	2017-05-23	SAMEA104090973						Zurich University of Applied Sciences (ZHAW), School of Life Sciences and Facility Management, Institute of Natural Resource Sciences	Zurich University of Applied Sciences (ZHAW), School of Life Sciences and Facility Management, Institute of Natural Resource Sciences	2017-06-08T17:38:15Z	2017-05-23T11:21:12Z	public							1											Gardan, Louis		1974									CFBP:1590																				France			Vaucluse				diseased	Prunus cerasus						E12-5			diseased cherry tree																					1				CFBP 1590							
SAMN07664227	7664227	Pseudomonas viridiflava		MIGS Cultured sample from Pseudomonas syringae																																					2013																	Arabidopsis roots		river shore		soil							USA: Boston, MA along the Charles River					Arabidopsis thaliana									28 degrees C, King's B Medium				roots	42.22 N 71.7 W											1				in press									CH409							
SAMN09062491	9062491	Pseudomonas viridiflava		Microbe sample from Pseudomonas viridiflava CFBP13507																																			Preveaux A.		2014									CFBP:13507																			France					Raphanus sativus var. Flamboyant 5						Seed					P06		Seed																						cell culture			CFBP13507							
SAMN09064882	9064882	Pseudomonas viridiflava		Microbe sample from Pseudomonas viridiflava CFBP13515																																			Preveaux A.		2014									CFBP:13515																			France					Raphanus sativus var. Flamboyant 5						Seed					P14		Seed																						cell culture			CFBP13515							
SAMEA104471793	9554576	Pseudomonas viridiflava		Sample from Pseudomonas viridiflava		ERC000011	2018-06-26T11:44:51Z	2018-06-18T18:21:16Z			SAMEA104471793							MAX PLANCK INSTITUTE FOR DEVELOPMENTAL BIOLOGY	2018-06-26T11:44:51Z	2018-06-18T18:21:16Z	public							p11.C5														Pseudomonas sp. 286																																																																		p11.C5		Pseudomonas sp. 286									
SAMEA104471794	9554577	Pseudomonas viridiflava		Sample from Pseudomonas viridiflava		ERC000011	2018-06-26T11:44:52Z	2018-06-18T18:21:07Z			SAMEA104471794							MAX PLANCK INSTITUTE FOR DEVELOPMENTAL BIOLOGY	2018-06-26T11:44:52Z	2018-06-18T18:21:07Z	public							p11.C6														Pseudomonas sp. 286																																																																		p11.C6		Pseudomonas sp. 286									
SAMEA104471795	9554578	Pseudomonas viridiflava		Sample from Pseudomonas viridiflava		ERC000011	2018-06-26T11:44:52Z	2018-06-18T18:21:16Z			SAMEA104471795							MAX PLANCK INSTITUTE FOR DEVELOPMENTAL BIOLOGY	2018-06-26T11:44:52Z	2018-06-18T18:21:16Z	public							p11.C7														Pseudomonas sp. 286																																																																		p11.C7		Pseudomonas sp. 286									
SAMEA104471796	9554579	Pseudomonas viridiflava		Sample from Pseudomonas viridiflava		ERC000011	2018-06-26T11:44:52Z	2018-06-18T18:21:16Z			SAMEA104471796							MAX PLANCK INSTITUTE FOR DEVELOPMENTAL BIOLOGY	2018-06-26T11:44:52Z	2018-06-18T18:21:16Z	public							p11.C8														Pseudomonas sp. 286																																																																		p11.C8		Pseudomonas sp. 286									
SAMEA104471797	9554580	Pseudomonas viridiflava		Sample from Pseudomonas viridiflava		ERC000011	2018-06-26T11:44:53Z	2018-06-18T18:21:16Z			SAMEA104471797							MAX PLANCK INSTITUTE FOR DEVELOPMENTAL BIOLOGY	2018-06-26T11:44:53Z	2018-06-18T18:21:16Z	public							p11.C9														Pseudomonas sp. 286																																																																		p11.C9		Pseudomonas sp. 286									
SAMEA104471798	9554581	Pseudomonas viridiflava		Sample from Pseudomonas viridiflava		ERC000011	2018-06-26T11:44:53Z	2018-06-18T18:21:16Z			SAMEA104471798							MAX PLANCK INSTITUTE FOR DEVELOPMENTAL BIOLOGY	2018-06-26T11:44:53Z	2018-06-18T18:21:16Z	public							p11.D1														Pseudomonas sp. 286																																																																		p11.D1		Pseudomonas sp. 286									
SAMEA104471799	9554582	Pseudomonas viridiflava		Sample from Pseudomonas viridiflava		ERC000011	2018-06-26T11:44:53Z	2018-06-18T18:21:16Z			SAMEA104471799							MAX PLANCK INSTITUTE FOR DEVELOPMENTAL BIOLOGY	2018-06-26T11:44:53Z	2018-06-18T18:21:16Z	public							p11.D2														Pseudomonas sp. 286																																																																		p11.D2		Pseudomonas sp. 286									
SAMEA104471800	9554583	Pseudomonas viridiflava		Sample from Pseudomonas viridiflava		ERC000011	2018-06-26T11:44:53Z	2018-06-18T18:21:16Z			SAMEA104471800							MAX PLANCK INSTITUTE FOR DEVELOPMENTAL BIOLOGY	2018-06-26T11:44:53Z	2018-06-18T18:21:16Z	public							p11.D3														Pseudomonas sp. 286																																																																		p11.D3		Pseudomonas sp. 286									
SAMEA104471801	9554584	Pseudomonas viridiflava		Sample from Pseudomonas viridiflava		ERC000011	2018-06-26T11:44:54Z	2018-06-18T18:21:16Z			SAMEA104471801							MAX PLANCK INSTITUTE FOR DEVELOPMENTAL BIOLOGY	2018-06-26T11:44:54Z	2018-06-18T18:21:16Z	public							p11.D4														Pseudomonas sp. 286																																																																		p11.D4		Pseudomonas sp. 286									
SAMEA104471802	9554585	Pseudomonas viridiflava		Sample from Pseudomonas viridiflava		ERC000011	2018-06-26T11:44:54Z	2018-06-18T18:21:16Z			SAMEA104471802							MAX PLANCK INSTITUTE FOR DEVELOPMENTAL BIOLOGY	2018-06-26T11:44:54Z	2018-06-18T18:21:16Z	public							p11.D6														Pseudomonas sp. 286																																																																		p11.D6		Pseudomonas sp. 286									
SAMEA104471803	9554586	Pseudomonas viridiflava		Sample from Pseudomonas viridiflava		ERC000011	2018-06-26T11:44:54Z	2018-06-18T18:21:15Z			SAMEA104471803							MAX PLANCK INSTITUTE FOR DEVELOPMENTAL BIOLOGY	2018-06-26T11:44:54Z	2018-06-18T18:21:15Z	public							p11.D8														Pseudomonas sp. 286																																																																		p11.D8		Pseudomonas sp. 286									
SAMEA104471804	9554587	Pseudomonas viridiflava		Sample from Pseudomonas viridiflava		ERC000011	2018-06-26T11:44:55Z	2018-06-18T18:21:15Z			SAMEA104471804							MAX PLANCK INSTITUTE FOR DEVELOPMENTAL BIOLOGY	2018-06-26T11:44:55Z	2018-06-18T18:21:15Z	public							p11.D9														Pseudomonas sp. 286																																																																		p11.D9		Pseudomonas sp. 286									
SAMEA104471805	9554588	Pseudomonas viridiflava		Sample from Pseudomonas viridiflava		ERC000011	2018-06-26T11:44:55Z	2018-06-18T18:21:15Z			SAMEA104471805							MAX PLANCK INSTITUTE FOR DEVELOPMENTAL BIOLOGY	2018-06-26T11:44:55Z	2018-06-18T18:21:15Z	public							p11.E10														Pseudomonas sp. 286																																																																		p11.E10		Pseudomonas sp. 286									
SAMEA104471806	9554589	Pseudomonas viridiflava		Sample from Pseudomonas viridiflava		ERC000011	2018-06-26T11:44:55Z	2018-06-18T18:21:15Z			SAMEA104471806							MAX PLANCK INSTITUTE FOR DEVELOPMENTAL BIOLOGY	2018-06-26T11:44:55Z	2018-06-18T18:21:15Z	public							p11.E11														Pseudomonas sp. 286																																																																		p11.E11		Pseudomonas sp. 286									
SAMEA104471807	9554590	Pseudomonas viridiflava		Sample from Pseudomonas viridiflava		ERC000011	2018-06-26T11:44:55Z	2018-06-18T18:21:15Z			SAMEA104471807							MAX PLANCK INSTITUTE FOR DEVELOPMENTAL BIOLOGY	2018-06-26T11:44:55Z	2018-06-18T18:21:15Z	public							p11.E1														Pseudomonas sp. 286																																																																		p11.E1		Pseudomonas sp. 286									
SAMEA104471808	9554591	Pseudomonas viridiflava		Sample from Pseudomonas viridiflava		ERC000011	2018-06-26T11:44:56Z	2018-06-18T18:21:15Z			SAMEA104471808							MAX PLANCK INSTITUTE FOR DEVELOPMENTAL BIOLOGY	2018-06-26T11:44:56Z	2018-06-18T18:21:15Z	public							p11.E2														Pseudomonas sp. 286																																																																		p11.E2		Pseudomonas sp. 286									
SAMEA104471809	9554592	Pseudomonas viridiflava		Sample from Pseudomonas viridiflava		ERC000011	2018-06-26T11:44:56Z	2018-06-18T18:21:15Z			SAMEA104471809							MAX PLANCK INSTITUTE FOR DEVELOPMENTAL BIOLOGY	2018-06-26T11:44:56Z	2018-06-18T18:21:15Z	public							p11.E3														Pseudomonas sp. 286																																																																		p11.E3		Pseudomonas sp. 286									
SAMEA104471810	9554593	Pseudomonas viridiflava		Sample from Pseudomonas viridiflava		ERC000011	2018-06-26T11:44:56Z	2018-06-18T18:21:15Z			SAMEA104471810							MAX PLANCK INSTITUTE FOR DEVELOPMENTAL BIOLOGY	2018-06-26T11:44:56Z	2018-06-18T18:21:15Z	public							p11.E4														Pseudomonas sp. 286																																																																		p11.E4		Pseudomonas sp. 286									
SAMEA104471811	9554594	Pseudomonas viridiflava		Sample from Pseudomonas viridiflava		ERC000011	2018-06-26T11:44:56Z	2018-06-18T18:21:15Z			SAMEA104471811							MAX PLANCK INSTITUTE FOR DEVELOPMENTAL BIOLOGY	2018-06-26T11:44:56Z	2018-06-18T18:21:15Z	public							p11.E6														Pseudomonas sp. 286																																																																		p11.E6		Pseudomonas sp. 286									
SAMEA104471812	9554595	Pseudomonas viridiflava		Sample from Pseudomonas viridiflava		ERC000011	2018-06-26T11:44:57Z	2018-06-18T18:21:15Z			SAMEA104471812							MAX PLANCK INSTITUTE FOR DEVELOPMENTAL BIOLOGY	2018-06-26T11:44:57Z	2018-06-18T18:21:15Z	public							p11.E7														Pseudomonas sp. 286																																																																		p11.E7		Pseudomonas sp. 286									
SAMEA104471813	9554596	Pseudomonas viridiflava		Sample from Pseudomonas viridiflava		ERC000011	2018-06-26T11:44:57Z	2018-06-18T18:21:07Z			SAMEA104471813							MAX PLANCK INSTITUTE FOR DEVELOPMENTAL BIOLOGY	2018-06-26T11:44:57Z	2018-06-18T18:21:07Z	public							p11.E8														Pseudomonas sp. 286																																																																		p11.E8		Pseudomonas sp. 286									
SAMEA104471814	9554597	Pseudomonas viridiflava		Sample from Pseudomonas viridiflava		ERC000011	2018-06-26T11:44:57Z	2018-06-18T18:21:07Z			SAMEA104471814							MAX PLANCK INSTITUTE FOR DEVELOPMENTAL BIOLOGY	2018-06-26T11:44:57Z	2018-06-18T18:21:07Z	public							p11.E9														Pseudomonas sp. 286																																																																		p11.E9		Pseudomonas sp. 286									
SAMEA104471815	9554598	Pseudomonas viridiflava		Sample from Pseudomonas viridiflava		ERC000011	2018-06-26T11:44:58Z	2018-06-18T18:21:07Z			SAMEA104471815							MAX PLANCK INSTITUTE FOR DEVELOPMENTAL BIOLOGY	2018-06-26T11:44:58Z	2018-06-18T18:21:07Z	public							p11.F10														Pseudomonas sp. 286																																																																		p11.F10		Pseudomonas sp. 286									
SAMEA104471816	9554599	Pseudomonas viridiflava		Sample from Pseudomonas viridiflava		ERC000011	2018-06-26T11:44:58Z	2018-06-18T18:21:07Z			SAMEA104471816							MAX PLANCK INSTITUTE FOR DEVELOPMENTAL BIOLOGY	2018-06-26T11:44:58Z	2018-06-18T18:21:07Z	public							p11.F11														Pseudomonas sp. 286																																																																		p11.F11		Pseudomonas sp. 286									
SAMEA104471817	9554600	Pseudomonas viridiflava		Sample from Pseudomonas viridiflava		ERC000011	2018-06-26T11:44:58Z	2018-06-18T18:21:07Z			SAMEA104471817							MAX PLANCK INSTITUTE FOR DEVELOPMENTAL BIOLOGY	2018-06-26T11:44:58Z	2018-06-18T18:21:07Z	public							p11.F1														Pseudomonas sp. 286																																																																		p11.F1		Pseudomonas sp. 286									
SAMEA104471818	9554601	Pseudomonas viridiflava		Sample from Pseudomonas viridiflava		ERC000011	2018-06-26T11:44:58Z	2018-06-18T18:21:07Z			SAMEA104471818							MAX PLANCK INSTITUTE FOR DEVELOPMENTAL BIOLOGY	2018-06-26T11:44:58Z	2018-06-18T18:21:07Z	public							p11.F2														Pseudomonas sp. 286																																																																		p11.F2		Pseudomonas sp. 286									
SAMEA104471819	9554602	Pseudomonas viridiflava		Sample from Pseudomonas viridiflava		ERC000011	2018-06-26T11:44:59Z	2018-06-18T18:21:07Z			SAMEA104471819							MAX PLANCK INSTITUTE FOR DEVELOPMENTAL BIOLOGY	2018-06-26T11:44:59Z	2018-06-18T18:21:07Z	public							p11.F3														Pseudomonas sp. 286																																																																		p11.F3		Pseudomonas sp. 286									
SAMEA104471820	9554603	Pseudomonas viridiflava		Sample from Pseudomonas viridiflava		ERC000011	2018-06-26T11:44:59Z	2018-06-18T18:21:07Z			SAMEA104471820							MAX PLANCK INSTITUTE FOR DEVELOPMENTAL BIOLOGY	2018-06-26T11:44:59Z	2018-06-18T18:21:07Z	public							p11.F6														Pseudomonas sp. 286																																																																		p11.F6		Pseudomonas sp. 286									
SAMEA104471821	9554604	Pseudomonas viridiflava		Sample from Pseudomonas viridiflava		ERC000011	2018-06-26T11:44:59Z	2018-06-18T18:21:07Z			SAMEA104471821							MAX PLANCK INSTITUTE FOR DEVELOPMENTAL BIOLOGY	2018-06-26T11:44:59Z	2018-06-18T18:21:07Z	public							p11.F7														Pseudomonas sp. 286																																																																		p11.F7		Pseudomonas sp. 286									
SAMEA104471822	9554605	Pseudomonas viridiflava		Sample from Pseudomonas viridiflava		ERC000011	2018-06-26T11:44:59Z	2018-06-18T18:21:07Z			SAMEA104471822							MAX PLANCK INSTITUTE FOR DEVELOPMENTAL BIOLOGY	2018-06-26T11:44:59Z	2018-06-18T18:21:07Z	public							p11.F8														Pseudomonas sp. 286																																																																		p11.F8		Pseudomonas sp. 286									
SAMEA104471823	9554606	Pseudomonas viridiflava		Sample from Pseudomonas viridiflava		ERC000011	2018-06-26T11:45:00Z	2018-06-18T18:21:07Z			SAMEA104471823							MAX PLANCK INSTITUTE FOR DEVELOPMENTAL BIOLOGY	2018-06-26T11:45:00Z	2018-06-18T18:21:07Z	public							p11.F9														Pseudomonas sp. 286																																																																		p11.F9		Pseudomonas sp. 286									
SAMEA104471824	9554607	Pseudomonas viridiflava		Sample from Pseudomonas viridiflava		ERC000011	2018-06-26T11:45:00Z	2018-06-18T18:21:07Z			SAMEA104471824							MAX PLANCK INSTITUTE FOR DEVELOPMENTAL BIOLOGY	2018-06-26T11:45:00Z	2018-06-18T18:21:07Z	public							p11.G10														Pseudomonas sp. 286																																																																		p11.G10		Pseudomonas sp. 286									
SAMEA104471825	9554608	Pseudomonas viridiflava		Sample from Pseudomonas viridiflava		ERC000011	2018-06-26T11:45:00Z	2018-06-18T18:21:07Z			SAMEA104471825							MAX PLANCK INSTITUTE FOR DEVELOPMENTAL BIOLOGY	2018-06-26T11:45:00Z	2018-06-18T18:21:07Z	public							p11.G11														Pseudomonas sp. 286																																																																		p11.G11		Pseudomonas sp. 286									
SAMEA104471826	9554609	Pseudomonas viridiflava		Sample from Pseudomonas viridiflava		ERC000011	2018-06-26T11:45:01Z	2018-06-18T18:21:07Z			SAMEA104471826							MAX PLANCK INSTITUTE FOR DEVELOPMENTAL BIOLOGY	2018-06-26T11:45:01Z	2018-06-18T18:21:07Z	public							p11.G1														Pseudomonas sp. 286																																																																		p11.G1		Pseudomonas sp. 286									
SAMEA104471827	9554610	Pseudomonas viridiflava		Sample from Pseudomonas viridiflava		ERC000011	2018-06-26T11:45:01Z	2018-06-18T18:21:07Z			SAMEA104471827							MAX PLANCK INSTITUTE FOR DEVELOPMENTAL BIOLOGY	2018-06-26T11:45:01Z	2018-06-18T18:21:07Z	public							p11.G2														Pseudomonas sp. 286																																																																		p11.G2		Pseudomonas sp. 286									
SAMEA104471828	9554611	Pseudomonas viridiflava		Sample from Pseudomonas viridiflava		ERC000011	2018-06-26T11:45:01Z	2018-06-18T18:21:07Z			SAMEA104471828							MAX PLANCK INSTITUTE FOR DEVELOPMENTAL BIOLOGY	2018-06-26T11:45:01Z	2018-06-18T18:21:07Z	public							p11.G3														Pseudomonas sp. 286																																																																		p11.G3		Pseudomonas sp. 286									
SAMEA104471829	9554612	Pseudomonas viridiflava		Sample from Pseudomonas viridiflava		ERC000011	2018-06-26T11:45:01Z	2018-06-18T18:21:07Z			SAMEA104471829							MAX PLANCK INSTITUTE FOR DEVELOPMENTAL BIOLOGY	2018-06-26T11:45:01Z	2018-06-18T18:21:07Z	public							p11.G4														Pseudomonas sp. 286																																																																		p11.G4		Pseudomonas sp. 286									
SAMEA104471830	9554613	Pseudomonas viridiflava		Sample from Pseudomonas viridiflava		ERC000011	2018-06-26T11:45:02Z	2018-06-18T18:21:07Z			SAMEA104471830							MAX PLANCK INSTITUTE FOR DEVELOPMENTAL BIOLOGY	2018-06-26T11:45:02Z	2018-06-18T18:21:07Z	public							p11.G5														Pseudomonas sp. 286																																																																		p11.G5		Pseudomonas sp. 286									
SAMEA104471831	9554614	Pseudomonas viridiflava		Sample from Pseudomonas viridiflava		ERC000011	2018-06-26T11:45:02Z	2018-06-18T18:21:07Z			SAMEA104471831							MAX PLANCK INSTITUTE FOR DEVELOPMENTAL BIOLOGY	2018-06-26T11:45:02Z	2018-06-18T18:21:07Z	public							p11.G7														Pseudomonas sp. 286																																																																		p11.G7		Pseudomonas sp. 286									
SAMEA104471832	9554615	Pseudomonas viridiflava		Sample from Pseudomonas viridiflava		ERC000011	2018-06-26T11:45:02Z	2018-06-18T18:21:07Z			SAMEA104471832							MAX PLANCK INSTITUTE FOR DEVELOPMENTAL BIOLOGY	2018-06-26T11:45:02Z	2018-06-18T18:21:07Z	public							p11.G8														Pseudomonas sp. 286																																																																		p11.G8		Pseudomonas sp. 286									
SAMEA104471833	9554616	Pseudomonas viridiflava		Sample from Pseudomonas viridiflava		ERC000011	2018-06-26T11:45:02Z	2018-06-18T18:21:07Z			SAMEA104471833							MAX PLANCK INSTITUTE FOR DEVELOPMENTAL BIOLOGY	2018-06-26T11:45:02Z	2018-06-18T18:21:07Z	public							p11.G9														Pseudomonas sp. 286																																																																		p11.G9		Pseudomonas sp. 286									
SAMEA104471834	9554617	Pseudomonas viridiflava		Sample from Pseudomonas viridiflava		ERC000011	2018-06-26T11:45:03Z	2018-06-18T18:21:07Z			SAMEA104471834							MAX PLANCK INSTITUTE FOR DEVELOPMENTAL BIOLOGY	2018-06-26T11:45:03Z	2018-06-18T18:21:07Z	public							p11.H10														Pseudomonas sp. 286																																																																		p11.H10		Pseudomonas sp. 286									
SAMEA104471835	9554618	Pseudomonas viridiflava		Sample from Pseudomonas viridiflava		ERC000011	2018-06-26T11:45:03Z	2018-06-18T18:21:07Z			SAMEA104471835							MAX PLANCK INSTITUTE FOR DEVELOPMENTAL BIOLOGY	2018-06-26T11:45:03Z	2018-06-18T18:21:07Z	public							p11.H11														Pseudomonas sp. 286																																																																		p11.H11		Pseudomonas sp. 286									
SAMEA104471836	9554619	Pseudomonas viridiflava		Sample from Pseudomonas viridiflava		ERC000011	2018-06-26T11:45:03Z	2018-06-18T18:21:07Z			SAMEA104471836							MAX PLANCK INSTITUTE FOR DEVELOPMENTAL BIOLOGY	2018-06-26T11:45:03Z	2018-06-18T18:21:07Z	public							p11.H12														Pseudomonas sp. 286																																																																		p11.H12		Pseudomonas sp. 286									
SAMEA104471837	9554620	Pseudomonas viridiflava		Sample from Pseudomonas viridiflava		ERC000011	2018-06-26T11:45:04Z	2018-06-18T18:21:07Z			SAMEA104471837							MAX PLANCK INSTITUTE FOR DEVELOPMENTAL BIOLOGY	2018-06-26T11:45:04Z	2018-06-18T18:21:07Z	public							p11.H1														Pseudomonas sp. 286																																																																		p11.H1		Pseudomonas sp. 286									
SAMEA104471838	9554621	Pseudomonas viridiflava		Sample from Pseudomonas viridiflava		ERC000011	2018-06-26T11:45:04Z	2018-06-18T18:21:07Z			SAMEA104471838							MAX PLANCK INSTITUTE FOR DEVELOPMENTAL BIOLOGY	2018-06-26T11:45:04Z	2018-06-18T18:21:07Z	public							p11.H3														Pseudomonas sp. 286																																																																		p11.H3		Pseudomonas sp. 286									
SAMEA104471839	9554622	Pseudomonas viridiflava		Sample from Pseudomonas viridiflava		ERC000011	2018-06-26T11:45:04Z	2018-06-18T18:21:07Z			SAMEA104471839							MAX PLANCK INSTITUTE FOR DEVELOPMENTAL BIOLOGY	2018-06-26T11:45:04Z	2018-06-18T18:21:07Z	public							p11.H4														Pseudomonas sp. 286																																																																		p11.H4		Pseudomonas sp. 286									
SAMEA104471840	9554623	Pseudomonas viridiflava		Sample from Pseudomonas viridiflava		ERC000011	2018-06-26T11:45:05Z	2018-06-18T18:21:07Z			SAMEA104471840							MAX PLANCK INSTITUTE FOR DEVELOPMENTAL BIOLOGY	2018-06-26T11:45:05Z	2018-06-18T18:21:07Z	public							p11.H5														Pseudomonas sp. 286																																																																		p11.H5		Pseudomonas sp. 286									
SAMEA104471841	9554624	Pseudomonas viridiflava		Sample from Pseudomonas viridiflava		ERC000011	2018-06-26T11:45:05Z	2018-06-18T18:21:07Z			SAMEA104471841							MAX PLANCK INSTITUTE FOR DEVELOPMENTAL BIOLOGY	2018-06-26T11:45:05Z	2018-06-18T18:21:07Z	public							p11.H6														Pseudomonas sp. 286																																																																		p11.H6		Pseudomonas sp. 286									
SAMEA104471842	9554625	Pseudomonas viridiflava		Sample from Pseudomonas viridiflava		ERC000011	2018-06-26T11:45:05Z	2018-06-18T18:21:07Z			SAMEA104471842							MAX PLANCK INSTITUTE FOR DEVELOPMENTAL BIOLOGY	2018-06-26T11:45:05Z	2018-06-18T18:21:07Z	public							p11.H7														Pseudomonas sp. 286																																																																		p11.H7		Pseudomonas sp. 286									
SAMEA104471843	9554626	Pseudomonas viridiflava		Sample from Pseudomonas viridiflava		ERC000011	2018-06-26T11:45:05Z	2018-06-18T18:21:07Z			SAMEA104471843							MAX PLANCK INSTITUTE FOR DEVELOPMENTAL BIOLOGY	2018-06-26T11:45:05Z	2018-06-18T18:21:07Z	public							p11.H8														Pseudomonas sp. 286																																																																		p11.H8		Pseudomonas sp. 286									
SAMEA104471844	9554627	Pseudomonas viridiflava		Sample from Pseudomonas viridiflava		ERC000011	2018-06-26T11:45:06Z	2018-06-18T18:21:07Z			SAMEA104471844							MAX PLANCK INSTITUTE FOR DEVELOPMENTAL BIOLOGY	2018-06-26T11:45:06Z	2018-06-18T18:21:07Z	public							p11.H9														Pseudomonas sp. 286																																																																		p11.H9		Pseudomonas sp. 286									
SAMEA104471845	9554628	Pseudomonas viridiflava		Sample from Pseudomonas viridiflava		ERC000011	2018-06-26T11:45:06Z	2018-06-18T18:21:07Z			SAMEA104471845							MAX PLANCK INSTITUTE FOR DEVELOPMENTAL BIOLOGY	2018-06-26T11:45:06Z	2018-06-18T18:21:07Z	public							p12.A10														Pseudomonas sp. 286																																																																		p12.A10		Pseudomonas sp. 286									
SAMEA104471846	9554629	Pseudomonas viridiflava		Sample from Pseudomonas viridiflava		ERC000011	2018-06-26T11:45:06Z	2018-06-18T18:21:07Z			SAMEA104471846							MAX PLANCK INSTITUTE FOR DEVELOPMENTAL BIOLOGY	2018-06-26T11:45:06Z	2018-06-18T18:21:07Z	public							p12.A11														Pseudomonas sp. 286																																																																		p12.A11		Pseudomonas sp. 286									
SAMEA104471847	9554630	Pseudomonas viridiflava		Sample from Pseudomonas viridiflava		ERC000011	2018-06-26T11:45:06Z	2018-06-18T18:21:07Z			SAMEA104471847							MAX PLANCK INSTITUTE FOR DEVELOPMENTAL BIOLOGY	2018-06-26T11:45:06Z	2018-06-18T18:21:07Z	public							p12.A1														Pseudomonas sp. 286																																																																		p12.A1		Pseudomonas sp. 286									
SAMEA104471848	9554631	Pseudomonas viridiflava		Sample from Pseudomonas viridiflava		ERC000011	2018-06-26T11:45:07Z	2018-06-18T18:21:07Z			SAMEA104471848							MAX PLANCK INSTITUTE FOR DEVELOPMENTAL BIOLOGY	2018-06-26T11:45:07Z	2018-06-18T18:21:07Z	public							p12.A2														Pseudomonas sp. 286																																																																		p12.A2		Pseudomonas sp. 286									
SAMEA104471849	9554632	Pseudomonas viridiflava		Sample from Pseudomonas viridiflava		ERC000011	2018-06-26T11:45:07Z	2018-06-18T18:21:07Z			SAMEA104471849							MAX PLANCK INSTITUTE FOR DEVELOPMENTAL BIOLOGY	2018-06-26T11:45:07Z	2018-06-18T18:21:07Z	public							p12.A5														Pseudomonas sp. 286																																																																		p12.A5		Pseudomonas sp. 286									
SAMEA104471850	9554633	Pseudomonas viridiflava		Sample from Pseudomonas viridiflava		ERC000011	2018-06-26T11:45:07Z	2018-06-18T18:21:07Z			SAMEA104471850							MAX PLANCK INSTITUTE FOR DEVELOPMENTAL BIOLOGY	2018-06-26T11:45:07Z	2018-06-18T18:21:07Z	public							p12.A6														Pseudomonas sp. 286																																																																		p12.A6		Pseudomonas sp. 286									
SAMEA104471851	9554634	Pseudomonas viridiflava		Sample from Pseudomonas viridiflava		ERC000011	2018-06-26T11:45:08Z	2018-06-18T18:21:07Z			SAMEA104471851							MAX PLANCK INSTITUTE FOR DEVELOPMENTAL BIOLOGY	2018-06-26T11:45:08Z	2018-06-18T18:21:07Z	public							p12.A7														Pseudomonas sp. 286																																																																		p12.A7		Pseudomonas sp. 286									
SAMEA104471852	9554635	Pseudomonas viridiflava		Sample from Pseudomonas viridiflava		ERC000011	2018-06-26T11:45:08Z	2018-06-18T18:21:07Z			SAMEA104471852							MAX PLANCK INSTITUTE FOR DEVELOPMENTAL BIOLOGY	2018-06-26T11:45:08Z	2018-06-18T18:21:07Z	public							p12.A8														Pseudomonas sp. 286																																																																		p12.A8		Pseudomonas sp. 286									
SAMEA104471853	9554636	Pseudomonas viridiflava		Sample from Pseudomonas viridiflava		ERC000011	2018-06-26T11:45:08Z	2018-06-18T18:21:07Z			SAMEA104471853							MAX PLANCK INSTITUTE FOR DEVELOPMENTAL BIOLOGY	2018-06-26T11:45:08Z	2018-06-18T18:21:07Z	public							p12.A9														Pseudomonas sp. 286																																																																		p12.A9		Pseudomonas sp. 286									
SAMEA104471854	9554637	Pseudomonas viridiflava		Sample from Pseudomonas viridiflava		ERC000011	2018-06-26T11:45:09Z	2018-06-18T18:21:07Z			SAMEA104471854							MAX PLANCK INSTITUTE FOR DEVELOPMENTAL BIOLOGY	2018-06-26T11:45:09Z	2018-06-18T18:21:07Z	public							p12.B10														Pseudomonas sp. 286																																																																		p12.B10		Pseudomonas sp. 286									
SAMEA104471855	9554638	Pseudomonas viridiflava		Sample from Pseudomonas viridiflava		ERC000011	2018-06-26T11:45:09Z	2018-06-18T18:21:07Z			SAMEA104471855							MAX PLANCK INSTITUTE FOR DEVELOPMENTAL BIOLOGY	2018-06-26T11:45:09Z	2018-06-18T18:21:07Z	public							p12.B11														Pseudomonas sp. 286																																																																		p12.B11		Pseudomonas sp. 286									
SAMEA104471856	9554639	Pseudomonas viridiflava		Sample from Pseudomonas viridiflava		ERC000011	2018-06-26T11:45:09Z	2018-06-18T18:21:07Z			SAMEA104471856							MAX PLANCK INSTITUTE FOR DEVELOPMENTAL BIOLOGY	2018-06-26T11:45:09Z	2018-06-18T18:21:07Z	public							p12.B1														Pseudomonas sp. 286																																																																		p12.B1		Pseudomonas sp. 286									
SAMEA104471857	9554640	Pseudomonas viridiflava		Sample from Pseudomonas viridiflava		ERC000011	2018-06-26T11:45:09Z	2018-06-18T18:21:07Z			SAMEA104471857							MAX PLANCK INSTITUTE FOR DEVELOPMENTAL BIOLOGY	2018-06-26T11:45:09Z	2018-06-18T18:21:07Z	public							p12.B2														Pseudomonas sp. 286																																																																		p12.B2		Pseudomonas sp. 286									
SAMEA104471858	9554641	Pseudomonas viridiflava		Sample from Pseudomonas viridiflava		ERC000011	2018-06-26T11:45:10Z	2018-06-18T18:21:07Z			SAMEA104471858							MAX PLANCK INSTITUTE FOR DEVELOPMENTAL BIOLOGY	2018-06-26T11:45:10Z	2018-06-18T18:21:07Z	public							p12.B3														Pseudomonas sp. 286																																																																		p12.B3		Pseudomonas sp. 286									
SAMEA104471859	9554642	Pseudomonas viridiflava		Sample from Pseudomonas viridiflava		ERC000011	2018-06-26T11:45:10Z	2018-06-18T18:21:07Z			SAMEA104471859							MAX PLANCK INSTITUTE FOR DEVELOPMENTAL BIOLOGY	2018-06-26T11:45:10Z	2018-06-18T18:21:07Z	public							p12.B5														Pseudomonas sp. 286																																																																		p12.B5		Pseudomonas sp. 286									
SAMEA104471860	9554643	Pseudomonas viridiflava		Sample from Pseudomonas viridiflava		ERC000011	2018-06-26T11:45:10Z	2018-06-18T18:21:07Z			SAMEA104471860							MAX PLANCK INSTITUTE FOR DEVELOPMENTAL BIOLOGY	2018-06-26T11:45:10Z	2018-06-18T18:21:07Z	public							p12.B6														Pseudomonas sp. 286																																																																		p12.B6		Pseudomonas sp. 286									
SAMEA104471861	9554644	Pseudomonas viridiflava		Sample from Pseudomonas viridiflava		ERC000011	2018-06-26T11:45:10Z	2018-06-18T18:21:07Z			SAMEA104471861							MAX PLANCK INSTITUTE FOR DEVELOPMENTAL BIOLOGY	2018-06-26T11:45:10Z	2018-06-18T18:21:07Z	public							p12.B7														Pseudomonas sp. 286																																																																		p12.B7		Pseudomonas sp. 286									
SAMEA104471862	9554645	Pseudomonas viridiflava		Sample from Pseudomonas viridiflava		ERC000011	2018-06-26T11:45:11Z	2018-06-18T18:21:07Z			SAMEA104471862							MAX PLANCK INSTITUTE FOR DEVELOPMENTAL BIOLOGY	2018-06-26T11:45:11Z	2018-06-18T18:21:07Z	public							p12.B8														Pseudomonas sp. 286																																																																		p12.B8		Pseudomonas sp. 286									
SAMEA104471863	9554646	Pseudomonas viridiflava		Sample from Pseudomonas viridiflava		ERC000011	2018-06-26T11:45:11Z	2018-06-18T18:21:07Z			SAMEA104471863							MAX PLANCK INSTITUTE FOR DEVELOPMENTAL BIOLOGY	2018-06-26T11:45:11Z	2018-06-18T18:21:07Z	public							p12.B9														Pseudomonas sp. 286																																																																		p12.B9		Pseudomonas sp. 286									
SAMEA104471864	9554647	Pseudomonas viridiflava		Sample from Pseudomonas viridiflava		ERC000011	2018-06-26T11:45:11Z	2018-06-18T18:21:07Z			SAMEA104471864							MAX PLANCK INSTITUTE FOR DEVELOPMENTAL BIOLOGY	2018-06-26T11:45:11Z	2018-06-18T18:21:07Z	public							p12.C10														Pseudomonas sp. 286																																																																		p12.C10		Pseudomonas sp. 286									
SAMEA104471865	9554648	Pseudomonas viridiflava		Sample from Pseudomonas viridiflava		ERC000011	2018-06-26T11:45:12Z	2018-06-18T18:21:07Z			SAMEA104471865							MAX PLANCK INSTITUTE FOR DEVELOPMENTAL BIOLOGY	2018-06-26T11:45:12Z	2018-06-18T18:21:07Z	public							p12.C11														Pseudomonas sp. 286																																																																		p12.C11		Pseudomonas sp. 286									
SAMEA104471866	9554649	Pseudomonas viridiflava		Sample from Pseudomonas viridiflava		ERC000011	2018-06-26T11:45:12Z	2018-06-18T18:21:07Z			SAMEA104471866							MAX PLANCK INSTITUTE FOR DEVELOPMENTAL BIOLOGY	2018-06-26T11:45:12Z	2018-06-18T18:21:07Z	public							p12.C1														Pseudomonas sp. 286																																																																		p12.C1		Pseudomonas sp. 286									
SAMEA104471867	9554650	Pseudomonas viridiflava		Sample from Pseudomonas viridiflava		ERC000011	2018-06-26T11:45:12Z	2018-06-18T18:21:07Z			SAMEA104471867							MAX PLANCK INSTITUTE FOR DEVELOPMENTAL BIOLOGY	2018-06-26T11:45:12Z	2018-06-18T18:21:07Z	public							p12.C2														Pseudomonas sp. 286																																																																		p12.C2		Pseudomonas sp. 286									
SAMEA104471868	9554651	Pseudomonas viridiflava		Sample from Pseudomonas viridiflava		ERC000011	2018-06-26T11:45:13Z	2018-06-18T18:21:07Z			SAMEA104471868							MAX PLANCK INSTITUTE FOR DEVELOPMENTAL BIOLOGY	2018-06-26T11:45:13Z	2018-06-18T18:21:07Z	public							p12.C3														Pseudomonas sp. 286																																																																		p12.C3		Pseudomonas sp. 286									
SAMEA104471869	9554652	Pseudomonas viridiflava		Sample from Pseudomonas viridiflava		ERC000011	2018-06-26T11:45:13Z	2018-06-18T18:21:07Z			SAMEA104471869							MAX PLANCK INSTITUTE FOR DEVELOPMENTAL BIOLOGY	2018-06-26T11:45:13Z	2018-06-18T18:21:07Z	public							p12.C5														Pseudomonas sp. 286																																																																		p12.C5		Pseudomonas sp. 286									
SAMEA104471870	9554653	Pseudomonas viridiflava		Sample from Pseudomonas viridiflava		ERC000011	2018-06-26T11:45:13Z	2018-06-18T18:21:07Z			SAMEA104471870							MAX PLANCK INSTITUTE FOR DEVELOPMENTAL BIOLOGY	2018-06-26T11:45:13Z	2018-06-18T18:21:07Z	public							p12.C6														Pseudomonas sp. 286																																																																		p12.C6		Pseudomonas sp. 286									
SAMEA104471871	9554654	Pseudomonas viridiflava		Sample from Pseudomonas viridiflava		ERC000011	2018-06-26T11:45:13Z	2018-06-18T18:21:07Z			SAMEA104471871							MAX PLANCK INSTITUTE FOR DEVELOPMENTAL BIOLOGY	2018-06-26T11:45:13Z	2018-06-18T18:21:07Z	public							p12.C7														Pseudomonas sp. 286																																																																		p12.C7		Pseudomonas sp. 286									
SAMEA104471872	9554655	Pseudomonas viridiflava		Sample from Pseudomonas viridiflava		ERC000011	2018-06-26T11:45:14Z	2018-06-18T18:21:07Z			SAMEA104471872							MAX PLANCK INSTITUTE FOR DEVELOPMENTAL BIOLOGY	2018-06-26T11:45:14Z	2018-06-18T18:21:07Z	public							p12.C8														Pseudomonas sp. 286																																																																		p12.C8		Pseudomonas sp. 286									
SAMEA104471873	9554656	Pseudomonas viridiflava		Sample from Pseudomonas viridiflava		ERC000011	2018-06-26T11:45:14Z	2018-06-18T18:21:07Z			SAMEA104471873							MAX PLANCK INSTITUTE FOR DEVELOPMENTAL BIOLOGY	2018-06-26T11:45:14Z	2018-06-18T18:21:07Z	public							p12.C9														Pseudomonas sp. 286																																																																		p12.C9		Pseudomonas sp. 286									
SAMEA104471874	9554657	Pseudomonas viridiflava		Sample from Pseudomonas viridiflava		ERC000011	2018-06-26T11:45:14Z	2018-06-18T18:21:07Z			SAMEA104471874							MAX PLANCK INSTITUTE FOR DEVELOPMENTAL BIOLOGY	2018-06-26T11:45:14Z	2018-06-18T18:21:07Z	public							p12.D12														Pseudomonas sp. 286																																																																		p12.D12		Pseudomonas sp. 286									
SAMEA104471875	9554658	Pseudomonas viridiflava		Sample from Pseudomonas viridiflava		ERC000011	2018-06-26T11:45:15Z	2018-06-18T18:21:07Z			SAMEA104471875							MAX PLANCK INSTITUTE FOR DEVELOPMENTAL BIOLOGY	2018-06-26T11:45:15Z	2018-06-18T18:21:07Z	public							p12.D1														Pseudomonas sp. 286																																																																		p12.D1		Pseudomonas sp. 286									
SAMEA104471876	9554659	Pseudomonas viridiflava		Sample from Pseudomonas viridiflava		ERC000011	2018-06-26T11:45:15Z	2018-06-18T18:21:07Z			SAMEA104471876							MAX PLANCK INSTITUTE FOR DEVELOPMENTAL BIOLOGY	2018-06-26T11:45:15Z	2018-06-18T18:21:07Z	public							p12.D2														Pseudomonas sp. 286																																																																		p12.D2		Pseudomonas sp. 286									
SAMEA104471877	9554660	Pseudomonas viridiflava		Sample from Pseudomonas viridiflava		ERC000011	2018-06-26T11:45:15Z	2018-06-18T18:21:07Z			SAMEA104471877							MAX PLANCK INSTITUTE FOR DEVELOPMENTAL BIOLOGY	2018-06-26T11:45:15Z	2018-06-18T18:21:07Z	public							p12.D5														Pseudomonas sp. 286																																																																		p12.D5		Pseudomonas sp. 286									
SAMEA104471878	9554661	Pseudomonas viridiflava		Sample from Pseudomonas viridiflava		ERC000011	2018-06-26T11:45:16Z	2018-06-18T18:21:07Z			SAMEA104471878							MAX PLANCK INSTITUTE FOR DEVELOPMENTAL BIOLOGY	2018-06-26T11:45:16Z	2018-06-18T18:21:07Z	public							p12.D6														Pseudomonas sp. 286																																																																		p12.D6		Pseudomonas sp. 286									
SAMEA104471879	9554662	Pseudomonas viridiflava		Sample from Pseudomonas viridiflava		ERC000011	2018-06-26T11:45:16Z	2018-06-18T18:21:07Z			SAMEA104471879							MAX PLANCK INSTITUTE FOR DEVELOPMENTAL BIOLOGY	2018-06-26T11:45:16Z	2018-06-18T18:21:07Z	public							p12.D8														Pseudomonas sp. 286																																																																		p12.D8		Pseudomonas sp. 286									
SAMEA104471880	9554663	Pseudomonas viridiflava		Sample from Pseudomonas viridiflava		ERC000011	2018-06-26T11:45:16Z	2018-06-18T18:21:07Z			SAMEA104471880							MAX PLANCK INSTITUTE FOR DEVELOPMENTAL BIOLOGY	2018-06-26T11:45:16Z	2018-06-18T18:21:07Z	public							p12.D9														Pseudomonas sp. 286																																																																		p12.D9		Pseudomonas sp. 286									
SAMEA104471881	9554664	Pseudomonas viridiflava		Sample from Pseudomonas viridiflava		ERC000011	2018-06-26T11:45:16Z	2018-06-18T18:21:07Z			SAMEA104471881							MAX PLANCK INSTITUTE FOR DEVELOPMENTAL BIOLOGY	2018-06-26T11:45:16Z	2018-06-18T18:21:07Z	public							p12.E10														Pseudomonas sp. 286																																																																		p12.E10		Pseudomonas sp. 286									
SAMEA104471882	9554665	Pseudomonas viridiflava		Sample from Pseudomonas viridiflava		ERC000011	2018-06-26T11:45:17Z	2018-06-18T18:21:07Z			SAMEA104471882							MAX PLANCK INSTITUTE FOR DEVELOPMENTAL BIOLOGY	2018-06-26T11:45:17Z	2018-06-18T18:21:07Z	public							p12.E11														Pseudomonas sp. 286																																																																		p12.E11		Pseudomonas sp. 286									
SAMEA104471883	9554666	Pseudomonas viridiflava		Sample from Pseudomonas viridiflava		ERC000011	2018-06-26T11:45:17Z	2018-06-18T18:21:07Z			SAMEA104471883							MAX PLANCK INSTITUTE FOR DEVELOPMENTAL BIOLOGY	2018-06-26T11:45:17Z	2018-06-18T18:21:07Z	public							p12.E1														Pseudomonas sp. 286																																																																		p12.E1		Pseudomonas sp. 286									
SAMEA104471884	9554667	Pseudomonas viridiflava		Sample from Pseudomonas viridiflava		ERC000011	2018-06-26T11:45:17Z	2018-06-18T18:21:07Z			SAMEA104471884							MAX PLANCK INSTITUTE FOR DEVELOPMENTAL BIOLOGY	2018-06-26T11:45:17Z	2018-06-18T18:21:07Z	public							p12.E2														Pseudomonas sp. 286																																																																		p12.E2		Pseudomonas sp. 286									
SAMEA104471885	9554668	Pseudomonas viridiflava		Sample from Pseudomonas viridiflava		ERC000011	2018-06-26T11:45:18Z	2018-06-18T18:21:07Z			SAMEA104471885							MAX PLANCK INSTITUTE FOR DEVELOPMENTAL BIOLOGY	2018-06-26T11:45:18Z	2018-06-18T18:21:07Z	public							p12.E3														Pseudomonas sp. 286																																																																		p12.E3		Pseudomonas sp. 286									
SAMEA104471886	9554669	Pseudomonas viridiflava		Sample from Pseudomonas viridiflava		ERC000011	2018-06-26T11:45:18Z	2018-06-18T18:21:07Z			SAMEA104471886							MAX PLANCK INSTITUTE FOR DEVELOPMENTAL BIOLOGY	2018-06-26T11:45:18Z	2018-06-18T18:21:07Z	public							p12.E4														Pseudomonas sp. 286																																																																		p12.E4		Pseudomonas sp. 286									
SAMEA104471887	9554670	Pseudomonas viridiflava		Sample from Pseudomonas viridiflava		ERC000011	2018-06-26T11:45:18Z	2018-06-18T18:21:07Z			SAMEA104471887							MAX PLANCK INSTITUTE FOR DEVELOPMENTAL BIOLOGY	2018-06-26T11:45:18Z	2018-06-18T18:21:07Z	public							p12.E5														Pseudomonas sp. 286																																																																		p12.E5		Pseudomonas sp. 286									
SAMEA104471888	9554671	Pseudomonas viridiflava		Sample from Pseudomonas viridiflava		ERC000011	2018-06-26T11:45:18Z	2018-06-18T18:21:07Z			SAMEA104471888							MAX PLANCK INSTITUTE FOR DEVELOPMENTAL BIOLOGY	2018-06-26T11:45:18Z	2018-06-18T18:21:07Z	public							p12.E6														Pseudomonas sp. 286																																																																		p12.E6		Pseudomonas sp. 286									
SAMEA104471889	9554672	Pseudomonas viridiflava		Sample from Pseudomonas viridiflava		ERC000011	2018-06-26T11:45:19Z	2018-06-18T18:21:07Z			SAMEA104471889							MAX PLANCK INSTITUTE FOR DEVELOPMENTAL BIOLOGY	2018-06-26T11:45:19Z	2018-06-18T18:21:07Z	public							p12.E7														Pseudomonas sp. 286																																																																		p12.E7		Pseudomonas sp. 286									
SAMEA104471890	9554673	Pseudomonas viridiflava		Sample from Pseudomonas viridiflava		ERC000011	2018-06-26T11:45:19Z	2018-06-18T18:21:07Z			SAMEA104471890							MAX PLANCK INSTITUTE FOR DEVELOPMENTAL BIOLOGY	2018-06-26T11:45:19Z	2018-06-18T18:21:07Z	public							p12.E8														Pseudomonas sp. 286																																																																		p12.E8		Pseudomonas sp. 286									
SAMEA104471891	9554674	Pseudomonas viridiflava		Sample from Pseudomonas viridiflava		ERC000011	2018-06-26T11:45:19Z	2018-06-18T18:21:07Z			SAMEA104471891							MAX PLANCK INSTITUTE FOR DEVELOPMENTAL BIOLOGY	2018-06-26T11:45:19Z	2018-06-18T18:21:07Z	public							p12.E9														Pseudomonas sp. 286																																																																		p12.E9		Pseudomonas sp. 286									
SAMEA104471892	9554675	Pseudomonas viridiflava		Sample from Pseudomonas viridiflava		ERC000011	2018-06-26T11:45:20Z	2018-06-18T18:21:07Z			SAMEA104471892							MAX PLANCK INSTITUTE FOR DEVELOPMENTAL BIOLOGY	2018-06-26T11:45:20Z	2018-06-18T18:21:07Z	public							p12.F10														Pseudomonas sp. 286																																																																		p12.F10		Pseudomonas sp. 286									
SAMEA104471893	9554676	Pseudomonas viridiflava		Sample from Pseudomonas viridiflava		ERC000011	2018-06-26T11:45:20Z	2018-06-18T18:21:06Z			SAMEA104471893							MAX PLANCK INSTITUTE FOR DEVELOPMENTAL BIOLOGY	2018-06-26T11:45:20Z	2018-06-18T18:21:06Z	public							p12.F11														Pseudomonas sp. 286																																																																		p12.F11		Pseudomonas sp. 286									
SAMEA104471894	9554677	Pseudomonas viridiflava		Sample from Pseudomonas viridiflava		ERC000011	2018-06-26T11:45:20Z	2018-06-18T18:21:06Z			SAMEA104471894							MAX PLANCK INSTITUTE FOR DEVELOPMENTAL BIOLOGY	2018-06-26T11:45:20Z	2018-06-18T18:21:06Z	public							p12.F12														Pseudomonas sp. 286																																																																		p12.F12		Pseudomonas sp. 286									
SAMEA104471895	9554678	Pseudomonas viridiflava		Sample from Pseudomonas viridiflava		ERC000011	2018-06-26T11:45:21Z	2018-06-18T18:21:06Z			SAMEA104471895							MAX PLANCK INSTITUTE FOR DEVELOPMENTAL BIOLOGY	2018-06-26T11:45:21Z	2018-06-18T18:21:06Z	public							p12.F1														Pseudomonas sp. 286																																																																		p12.F1		Pseudomonas sp. 286									
SAMEA104471896	9554679	Pseudomonas viridiflava		Sample from Pseudomonas viridiflava		ERC000011	2018-06-26T11:45:21Z	2018-06-18T18:21:06Z			SAMEA104471896							MAX PLANCK INSTITUTE FOR DEVELOPMENTAL BIOLOGY	2018-06-26T11:45:21Z	2018-06-18T18:21:06Z	public							p12.F2														Pseudomonas sp. 286																																																																		p12.F2		Pseudomonas sp. 286									
SAMEA104471897	9554680	Pseudomonas viridiflava		Sample from Pseudomonas viridiflava		ERC000011	2018-06-26T11:45:21Z	2018-06-18T18:21:06Z			SAMEA104471897							MAX PLANCK INSTITUTE FOR DEVELOPMENTAL BIOLOGY	2018-06-26T11:45:21Z	2018-06-18T18:21:06Z	public							p12.F3														Pseudomonas sp. 286																																																																		p12.F3		Pseudomonas sp. 286									
SAMEA104471898	9554681	Pseudomonas viridiflava		Sample from Pseudomonas viridiflava		ERC000011	2018-06-26T11:45:21Z	2018-06-18T18:21:06Z			SAMEA104471898							MAX PLANCK INSTITUTE FOR DEVELOPMENTAL BIOLOGY	2018-06-26T11:45:21Z	2018-06-18T18:21:06Z	public							p12.F6														Pseudomonas sp. 286																																																																		p12.F6		Pseudomonas sp. 286									
SAMEA104471899	9554682	Pseudomonas viridiflava		Sample from Pseudomonas viridiflava		ERC000011	2018-06-26T11:45:22Z	2018-06-18T18:21:06Z			SAMEA104471899							MAX PLANCK INSTITUTE FOR DEVELOPMENTAL BIOLOGY	2018-06-26T11:45:22Z	2018-06-18T18:21:06Z	public							p12.F9														Pseudomonas sp. 286																																																																		p12.F9		Pseudomonas sp. 286									
SAMEA104471900	9554683	Pseudomonas viridiflava		Sample from Pseudomonas viridiflava		ERC000011	2018-06-26T11:45:22Z	2018-06-18T18:21:06Z			SAMEA104471900							MAX PLANCK INSTITUTE FOR DEVELOPMENTAL BIOLOGY	2018-06-26T11:45:22Z	2018-06-18T18:21:06Z	public							p12.G1														Pseudomonas sp. 286																																																																		p12.G1		Pseudomonas sp. 286									
SAMEA104471901	9554684	Pseudomonas viridiflava		Sample from Pseudomonas viridiflava		ERC000011	2018-06-26T11:45:22Z	2018-06-18T18:21:06Z			SAMEA104471901							MAX PLANCK INSTITUTE FOR DEVELOPMENTAL BIOLOGY	2018-06-26T11:45:22Z	2018-06-18T18:21:06Z	public							p12.G2														Pseudomonas sp. 286																																																																		p12.G2		Pseudomonas sp. 286									
SAMEA104471902	9554685	Pseudomonas viridiflava		Sample from Pseudomonas viridiflava		ERC000011	2018-06-26T11:45:23Z	2018-06-18T18:21:06Z			SAMEA104471902							MAX PLANCK INSTITUTE FOR DEVELOPMENTAL BIOLOGY	2018-06-26T11:45:23Z	2018-06-18T18:21:06Z	public							p12.G3														Pseudomonas sp. 286																																																																		p12.G3		Pseudomonas sp. 286									
SAMEA104471903	9554686	Pseudomonas viridiflava		Sample from Pseudomonas viridiflava		ERC000011	2018-06-26T11:45:23Z	2018-06-18T18:21:06Z			SAMEA104471903							MAX PLANCK INSTITUTE FOR DEVELOPMENTAL BIOLOGY	2018-06-26T11:45:23Z	2018-06-18T18:21:06Z	public							p12.G4														Pseudomonas sp. 286																																																																		p12.G4		Pseudomonas sp. 286									
SAMEA104471904	9554687	Pseudomonas viridiflava		Sample from Pseudomonas viridiflava		ERC000011	2018-06-26T11:45:23Z	2018-06-18T18:21:06Z			SAMEA104471904							MAX PLANCK INSTITUTE FOR DEVELOPMENTAL BIOLOGY	2018-06-26T11:45:23Z	2018-06-18T18:21:06Z	public							p12.G5														Pseudomonas sp. 286																																																																		p12.G5		Pseudomonas sp. 286									
SAMEA104471905	9554688	Pseudomonas viridiflava		Sample from Pseudomonas viridiflava		ERC000011	2018-06-26T11:45:23Z	2018-06-18T18:21:06Z			SAMEA104471905							MAX PLANCK INSTITUTE FOR DEVELOPMENTAL BIOLOGY	2018-06-26T11:45:23Z	2018-06-18T18:21:06Z	public							p12.G6														Pseudomonas sp. 286																																																																		p12.G6		Pseudomonas sp. 286									
SAMEA104471906	9554689	Pseudomonas viridiflava		Sample from Pseudomonas viridiflava		ERC000011	2018-06-26T11:45:24Z	2018-06-18T18:21:06Z			SAMEA104471906							MAX PLANCK INSTITUTE FOR DEVELOPMENTAL BIOLOGY	2018-06-26T11:45:24Z	2018-06-18T18:21:06Z	public							p12.G7														Pseudomonas sp. 286																																																																		p12.G7		Pseudomonas sp. 286									
SAMEA104471907	9554690	Pseudomonas viridiflava		Sample from Pseudomonas viridiflava		ERC000011	2018-06-26T11:45:24Z	2018-06-18T18:21:06Z			SAMEA104471907							MAX PLANCK INSTITUTE FOR DEVELOPMENTAL BIOLOGY	2018-06-26T11:45:24Z	2018-06-18T18:21:06Z	public							p12.G8														Pseudomonas sp. 286																																																																		p12.G8		Pseudomonas sp. 286									
SAMEA104471908	9554691	Pseudomonas viridiflava		Sample from Pseudomonas viridiflava		ERC000011	2018-06-26T11:45:24Z	2018-06-18T18:21:06Z			SAMEA104471908							MAX PLANCK INSTITUTE FOR DEVELOPMENTAL BIOLOGY	2018-06-26T11:45:24Z	2018-06-18T18:21:06Z	public							p12.H10														Pseudomonas sp. 286																																																																		p12.H10		Pseudomonas sp. 286									
SAMEA104471909	9554692	Pseudomonas viridiflava		Sample from Pseudomonas viridiflava		ERC000011	2018-06-26T11:45:25Z	2018-06-18T18:21:06Z			SAMEA104471909							MAX PLANCK INSTITUTE FOR DEVELOPMENTAL BIOLOGY	2018-06-26T11:45:25Z	2018-06-18T18:21:06Z	public							p12.H1														Pseudomonas sp. 286																																																																		p12.H1		Pseudomonas sp. 286									
SAMEA104471910	9554693	Pseudomonas viridiflava		Sample from Pseudomonas viridiflava		ERC000011	2018-06-26T11:45:25Z	2018-06-18T18:21:06Z			SAMEA104471910							MAX PLANCK INSTITUTE FOR DEVELOPMENTAL BIOLOGY	2018-06-26T11:45:25Z	2018-06-18T18:21:06Z	public							p12.H2														Pseudomonas sp. 286																																																																		p12.H2		Pseudomonas sp. 286									
SAMEA104471911	9554694	Pseudomonas viridiflava		Sample from Pseudomonas viridiflava		ERC000011	2018-06-26T11:45:25Z	2018-06-18T18:21:06Z			SAMEA104471911							MAX PLANCK INSTITUTE FOR DEVELOPMENTAL BIOLOGY	2018-06-26T11:45:25Z	2018-06-18T18:21:06Z	public							p12.H3														Pseudomonas sp. 286																																																																		p12.H3		Pseudomonas sp. 286									
SAMEA104471912	9554695	Pseudomonas viridiflava		Sample from Pseudomonas viridiflava		ERC000011	2018-06-26T11:45:26Z	2018-06-18T18:21:06Z			SAMEA104471912							MAX PLANCK INSTITUTE FOR DEVELOPMENTAL BIOLOGY	2018-06-26T11:45:26Z	2018-06-18T18:21:06Z	public							p12.H4														Pseudomonas sp. 286																																																																		p12.H4		Pseudomonas sp. 286									
SAMEA104471913	9554696	Pseudomonas viridiflava		Sample from Pseudomonas viridiflava		ERC000011	2018-06-26T11:45:26Z	2018-06-18T18:21:06Z			SAMEA104471913							MAX PLANCK INSTITUTE FOR DEVELOPMENTAL BIOLOGY	2018-06-26T11:45:26Z	2018-06-18T18:21:06Z	public							p12.H5														Pseudomonas sp. 286																																																																		p12.H5		Pseudomonas sp. 286									
SAMEA104471914	9554697	Pseudomonas viridiflava		Sample from Pseudomonas viridiflava		ERC000011	2018-06-26T11:45:26Z	2018-06-18T18:21:06Z			SAMEA104471914							MAX PLANCK INSTITUTE FOR DEVELOPMENTAL BIOLOGY	2018-06-26T11:45:26Z	2018-06-18T18:21:06Z	public							p12.H6														Pseudomonas sp. 286																																																																		p12.H6		Pseudomonas sp. 286									
SAMEA104471915	9554698	Pseudomonas viridiflava		Sample from Pseudomonas viridiflava		ERC000011	2018-06-26T11:45:26Z	2018-06-18T18:21:06Z			SAMEA104471915							MAX PLANCK INSTITUTE FOR DEVELOPMENTAL BIOLOGY	2018-06-26T11:45:26Z	2018-06-18T18:21:06Z	public							p12.H7														Pseudomonas sp. 286																																																																		p12.H7		Pseudomonas sp. 286									
SAMEA104471916	9554699	Pseudomonas viridiflava		Sample from Pseudomonas viridiflava		ERC000011	2018-06-26T11:45:27Z	2018-06-18T18:21:06Z			SAMEA104471916							MAX PLANCK INSTITUTE FOR DEVELOPMENTAL BIOLOGY	2018-06-26T11:45:27Z	2018-06-18T18:21:06Z	public							p12.H8														Pseudomonas sp. 286																																																																		p12.H8		Pseudomonas sp. 286									
SAMEA104471917	9554700	Pseudomonas viridiflava		Sample from Pseudomonas viridiflava		ERC000011	2018-06-26T11:45:27Z	2018-06-18T18:21:06Z			SAMEA104471917							MAX PLANCK INSTITUTE FOR DEVELOPMENTAL BIOLOGY	2018-06-26T11:45:27Z	2018-06-18T18:21:06Z	public							p12.H9														Pseudomonas sp. 286																																																																		p12.H9		Pseudomonas sp. 286									
SAMEA104471918	9554701	Pseudomonas viridiflava		Sample from Pseudomonas viridiflava		ERC000011	2018-06-26T11:45:27Z	2018-06-18T18:21:06Z			SAMEA104471918							MAX PLANCK INSTITUTE FOR DEVELOPMENTAL BIOLOGY	2018-06-26T11:45:27Z	2018-06-18T18:21:06Z	public							p13.A10														Pseudomonas sp. 286																																																																		p13.A10		Pseudomonas sp. 286									
SAMEA104471919	9554702	Pseudomonas viridiflava		Sample from Pseudomonas viridiflava		ERC000011	2018-06-26T11:45:28Z	2018-06-18T18:21:06Z			SAMEA104471919							MAX PLANCK INSTITUTE FOR DEVELOPMENTAL BIOLOGY	2018-06-26T11:45:28Z	2018-06-18T18:21:06Z	public							p13.A11														Pseudomonas sp. 286																																																																		p13.A11		Pseudomonas sp. 286									
SAMEA104471920	9554703	Pseudomonas viridiflava		Sample from Pseudomonas viridiflava		ERC000011	2018-06-26T11:45:28Z	2018-06-18T18:21:06Z			SAMEA104471920							MAX PLANCK INSTITUTE FOR DEVELOPMENTAL BIOLOGY	2018-06-26T11:45:28Z	2018-06-18T18:21:06Z	public							p13.A1														Pseudomonas sp. 286																																																																		p13.A1		Pseudomonas sp. 286									
SAMEA104471921	9554704	Pseudomonas viridiflava		Sample from Pseudomonas viridiflava		ERC000011	2018-06-26T11:45:28Z	2018-06-18T18:21:06Z			SAMEA104471921							MAX PLANCK INSTITUTE FOR DEVELOPMENTAL BIOLOGY	2018-06-26T11:45:28Z	2018-06-18T18:21:06Z	public							p13.A2														Pseudomonas sp. 286																																																																		p13.A2		Pseudomonas sp. 286									
SAMEA104471922	9554705	Pseudomonas viridiflava		Sample from Pseudomonas viridiflava		ERC000011	2018-06-26T11:45:28Z	2018-06-18T18:21:06Z			SAMEA104471922							MAX PLANCK INSTITUTE FOR DEVELOPMENTAL BIOLOGY	2018-06-26T11:45:28Z	2018-06-18T18:21:06Z	public							p13.A3														Pseudomonas sp. 286																																																																		p13.A3		Pseudomonas sp. 286									
SAMEA104471923	9554706	Pseudomonas viridiflava		Sample from Pseudomonas viridiflava		ERC000011	2018-06-26T11:45:29Z	2018-06-18T18:21:06Z			SAMEA104471923							MAX PLANCK INSTITUTE FOR DEVELOPMENTAL BIOLOGY	2018-06-26T11:45:29Z	2018-06-18T18:21:06Z	public							p13.A4														Pseudomonas sp. 286																																																																		p13.A4		Pseudomonas sp. 286									
SAMEA104471924	9554707	Pseudomonas viridiflava		Sample from Pseudomonas viridiflava		ERC000011	2018-06-26T11:45:29Z	2018-06-18T18:21:06Z			SAMEA104471924							MAX PLANCK INSTITUTE FOR DEVELOPMENTAL BIOLOGY	2018-06-26T11:45:29Z	2018-06-18T18:21:06Z	public							p13.A8														Pseudomonas sp. 286																																																																		p13.A8		Pseudomonas sp. 286									
SAMEA104471925	9554708	Pseudomonas viridiflava		Sample from Pseudomonas viridiflava		ERC000011	2018-06-26T11:45:29Z	2018-06-18T18:21:06Z			SAMEA104471925							MAX PLANCK INSTITUTE FOR DEVELOPMENTAL BIOLOGY	2018-06-26T11:45:29Z	2018-06-18T18:21:06Z	public							p13.B10														Pseudomonas sp. 286																																																																		p13.B10		Pseudomonas sp. 286									
SAMEA104471926	9554709	Pseudomonas viridiflava		Sample from Pseudomonas viridiflava		ERC000011	2018-06-26T11:45:30Z	2018-06-18T18:21:06Z			SAMEA104471926							MAX PLANCK INSTITUTE FOR DEVELOPMENTAL BIOLOGY	2018-06-26T11:45:30Z	2018-06-18T18:21:06Z	public							p13.B1														Pseudomonas sp. 286																																																																		p13.B1		Pseudomonas sp. 286									
SAMEA104471927	9554710	Pseudomonas viridiflava		Sample from Pseudomonas viridiflava		ERC000011	2018-06-26T11:45:30Z	2018-06-18T18:21:06Z			SAMEA104471927							MAX PLANCK INSTITUTE FOR DEVELOPMENTAL BIOLOGY	2018-06-26T11:45:30Z	2018-06-18T18:21:06Z	public							p13.B2														Pseudomonas sp. 286																																																																		p13.B2		Pseudomonas sp. 286									
SAMEA104471928	9554711	Pseudomonas viridiflava		Sample from Pseudomonas viridiflava		ERC000011	2018-06-26T11:45:30Z	2018-06-18T18:21:06Z			SAMEA104471928							MAX PLANCK INSTITUTE FOR DEVELOPMENTAL BIOLOGY	2018-06-26T11:45:30Z	2018-06-18T18:21:06Z	public							p13.B3														Pseudomonas sp. 286																																																																		p13.B3		Pseudomonas sp. 286									
SAMEA104471929	9554712	Pseudomonas viridiflava		Sample from Pseudomonas viridiflava		ERC000011	2018-06-26T11:45:30Z	2018-06-18T18:21:06Z			SAMEA104471929							MAX PLANCK INSTITUTE FOR DEVELOPMENTAL BIOLOGY	2018-06-26T11:45:30Z	2018-06-18T18:21:06Z	public							p13.B4														Pseudomonas sp. 286																																																																		p13.B4		Pseudomonas sp. 286									
SAMEA104471930	9554713	Pseudomonas viridiflava		Sample from Pseudomonas viridiflava		ERC000011	2018-06-26T11:45:31Z	2018-06-18T18:21:06Z			SAMEA104471930							MAX PLANCK INSTITUTE FOR DEVELOPMENTAL BIOLOGY	2018-06-26T11:45:31Z	2018-06-18T18:21:06Z	public							p13.B5														Pseudomonas sp. 286																																																																		p13.B5		Pseudomonas sp. 286									
SAMEA104471931	9554714	Pseudomonas viridiflava		Sample from Pseudomonas viridiflava		ERC000011	2018-06-26T11:45:31Z	2018-06-18T18:21:06Z			SAMEA104471931							MAX PLANCK INSTITUTE FOR DEVELOPMENTAL BIOLOGY	2018-06-26T11:45:31Z	2018-06-18T18:21:06Z	public							p13.B6														Pseudomonas sp. 286																																																																		p13.B6		Pseudomonas sp. 286									
SAMEA104471932	9554715	Pseudomonas viridiflava		Sample from Pseudomonas viridiflava		ERC000011	2018-06-26T11:45:31Z	2018-06-18T18:21:06Z			SAMEA104471932							MAX PLANCK INSTITUTE FOR DEVELOPMENTAL BIOLOGY	2018-06-26T11:45:31Z	2018-06-18T18:21:06Z	public							p13.B7														Pseudomonas sp. 286																																																																		p13.B7		Pseudomonas sp. 286									
SAMEA104471933	9554716	Pseudomonas viridiflava		Sample from Pseudomonas viridiflava		ERC000011	2018-06-26T11:45:32Z	2018-06-18T18:21:06Z			SAMEA104471933							MAX PLANCK INSTITUTE FOR DEVELOPMENTAL BIOLOGY	2018-06-26T11:45:32Z	2018-06-18T18:21:06Z	public							p13.B8														Pseudomonas sp. 286																																																																		p13.B8		Pseudomonas sp. 286									
SAMEA104471934	9554717	Pseudomonas viridiflava		Sample from Pseudomonas viridiflava		ERC000011	2018-06-26T11:45:32Z	2018-06-18T18:21:06Z			SAMEA104471934							MAX PLANCK INSTITUTE FOR DEVELOPMENTAL BIOLOGY	2018-06-26T11:45:32Z	2018-06-18T18:21:06Z	public							p13.B9														Pseudomonas sp. 286																																																																		p13.B9		Pseudomonas sp. 286									
SAMEA104471935	9554718	Pseudomonas viridiflava		Sample from Pseudomonas viridiflava		ERC000011	2018-06-26T11:45:32Z	2018-06-18T18:21:06Z			SAMEA104471935							MAX PLANCK INSTITUTE FOR DEVELOPMENTAL BIOLOGY	2018-06-26T11:45:32Z	2018-06-18T18:21:06Z	public							p13.C10														Pseudomonas sp. 286																																																																		p13.C10		Pseudomonas sp. 286									
SAMEA104471936	9554719	Pseudomonas viridiflava		Sample from Pseudomonas viridiflava		ERC000011	2018-06-26T11:45:32Z	2018-06-18T18:21:06Z			SAMEA104471936							MAX PLANCK INSTITUTE FOR DEVELOPMENTAL BIOLOGY	2018-06-26T11:45:32Z	2018-06-18T18:21:06Z	public							p13.C11														Pseudomonas sp. 286																																																																		p13.C11		Pseudomonas sp. 286									
SAMEA104471937	9554720	Pseudomonas viridiflava		Sample from Pseudomonas viridiflava		ERC000011	2018-06-26T11:45:33Z	2018-06-18T18:21:07Z			SAMEA104471937							MAX PLANCK INSTITUTE FOR DEVELOPMENTAL BIOLOGY	2018-06-26T11:45:33Z	2018-06-18T18:21:07Z	public							p13.C12														Pseudomonas sp. 286																																																																		p13.C12		Pseudomonas sp. 286									
SAMEA104471938	9554721	Pseudomonas viridiflava		Sample from Pseudomonas viridiflava		ERC000011	2018-06-26T11:45:33Z	2018-06-18T18:21:07Z			SAMEA104471938							MAX PLANCK INSTITUTE FOR DEVELOPMENTAL BIOLOGY	2018-06-26T11:45:33Z	2018-06-18T18:21:07Z	public							p13.C1														Pseudomonas sp. 286																																																																		p13.C1		Pseudomonas sp. 286									
SAMEA104471939	9554722	Pseudomonas viridiflava		Sample from Pseudomonas viridiflava		ERC000011	2018-06-26T11:45:33Z	2018-06-18T18:21:07Z			SAMEA104471939							MAX PLANCK INSTITUTE FOR DEVELOPMENTAL BIOLOGY	2018-06-26T11:45:33Z	2018-06-18T18:21:07Z	public							p13.C2														Pseudomonas sp. 286																																																																		p13.C2		Pseudomonas sp. 286									
SAMEA104471940	9554723	Pseudomonas viridiflava		Sample from Pseudomonas viridiflava		ERC000011	2018-06-26T11:45:34Z	2018-06-18T18:21:07Z			SAMEA104471940							MAX PLANCK INSTITUTE FOR DEVELOPMENTAL BIOLOGY	2018-06-26T11:45:34Z	2018-06-18T18:21:07Z	public							p13.C3														Pseudomonas sp. 286																																																																		p13.C3		Pseudomonas sp. 286									
SAMEA104471941	9554724	Pseudomonas viridiflava		Sample from Pseudomonas viridiflava		ERC000011	2018-06-26T11:45:34Z	2018-06-18T18:21:07Z			SAMEA104471941							MAX PLANCK INSTITUTE FOR DEVELOPMENTAL BIOLOGY	2018-06-26T11:45:34Z	2018-06-18T18:21:07Z	public							p13.C5														Pseudomonas sp. 286																																																																		p13.C5		Pseudomonas sp. 286									
SAMEA104471942	9554725	Pseudomonas viridiflava		Sample from Pseudomonas viridiflava		ERC000011	2018-06-26T11:45:34Z	2018-06-18T18:21:07Z			SAMEA104471942							MAX PLANCK INSTITUTE FOR DEVELOPMENTAL BIOLOGY	2018-06-26T11:45:34Z	2018-06-18T18:21:07Z	public							p13.C6														Pseudomonas sp. 286																																																																		p13.C6		Pseudomonas sp. 286									
SAMEA104471943	9554726	Pseudomonas viridiflava		Sample from Pseudomonas viridiflava		ERC000011	2018-06-26T11:45:35Z	2018-06-18T18:21:07Z			SAMEA104471943							MAX PLANCK INSTITUTE FOR DEVELOPMENTAL BIOLOGY	2018-06-26T11:45:35Z	2018-06-18T18:21:07Z	public							p13.C7														Pseudomonas sp. 286																																																																		p13.C7		Pseudomonas sp. 286									
SAMEA104471944	9554727	Pseudomonas viridiflava		Sample from Pseudomonas viridiflava		ERC000011	2018-06-26T11:45:35Z	2018-06-18T18:21:07Z			SAMEA104471944							MAX PLANCK INSTITUTE FOR DEVELOPMENTAL BIOLOGY	2018-06-26T11:45:35Z	2018-06-18T18:21:07Z	public							p13.C8														Pseudomonas sp. 286																																																																		p13.C8		Pseudomonas sp. 286									
SAMEA104471945	9554728	Pseudomonas viridiflava		Sample from Pseudomonas viridiflava		ERC000011	2018-06-26T11:45:35Z	2018-06-18T18:21:07Z			SAMEA104471945							MAX PLANCK INSTITUTE FOR DEVELOPMENTAL BIOLOGY	2018-06-26T11:45:35Z	2018-06-18T18:21:07Z	public							p13.C9														Pseudomonas sp. 286																																																																		p13.C9		Pseudomonas sp. 286									
SAMEA104471946	9554729	Pseudomonas viridiflava		Sample from Pseudomonas viridiflava		ERC000011	2018-06-26T11:45:36Z	2018-06-18T18:21:06Z			SAMEA104471946							MAX PLANCK INSTITUTE FOR DEVELOPMENTAL BIOLOGY	2018-06-26T11:45:36Z	2018-06-18T18:21:06Z	public							p13.D10														Pseudomonas sp. 286																																																																		p13.D10		Pseudomonas sp. 286									
SAMEA104471947	9554730	Pseudomonas viridiflava		Sample from Pseudomonas viridiflava		ERC000011	2018-06-26T11:45:36Z	2018-06-18T18:21:06Z			SAMEA104471947							MAX PLANCK INSTITUTE FOR DEVELOPMENTAL BIOLOGY	2018-06-26T11:45:36Z	2018-06-18T18:21:06Z	public							p13.D11														Pseudomonas sp. 286																																																																		p13.D11		Pseudomonas sp. 286									
SAMEA104471948	9554731	Pseudomonas viridiflava		Sample from Pseudomonas viridiflava		ERC000011	2018-06-26T11:45:36Z	2018-06-18T18:21:06Z			SAMEA104471948							MAX PLANCK INSTITUTE FOR DEVELOPMENTAL BIOLOGY	2018-06-26T11:45:36Z	2018-06-18T18:21:06Z	public							p13.D12														Pseudomonas sp. 286																																																																		p13.D12		Pseudomonas sp. 286									
SAMEA104471949	9554732	Pseudomonas viridiflava		Sample from Pseudomonas viridiflava		ERC000011	2018-06-26T11:45:36Z	2018-06-18T18:21:06Z			SAMEA104471949							MAX PLANCK INSTITUTE FOR DEVELOPMENTAL BIOLOGY	2018-06-26T11:45:36Z	2018-06-18T18:21:06Z	public							p13.D1														Pseudomonas sp. 286																																																																		p13.D1		Pseudomonas sp. 286									
SAMEA104471950	9554733	Pseudomonas viridiflava		Sample from Pseudomonas viridiflava		ERC000011	2018-06-26T11:45:37Z	2018-06-18T18:21:06Z			SAMEA104471950							MAX PLANCK INSTITUTE FOR DEVELOPMENTAL BIOLOGY	2018-06-26T11:45:37Z	2018-06-18T18:21:06Z	public							p13.D2														Pseudomonas sp. 286																																																																		p13.D2		Pseudomonas sp. 286									
SAMEA104471951	9554734	Pseudomonas viridiflava		Sample from Pseudomonas viridiflava		ERC000011	2018-06-26T11:45:37Z	2018-06-18T18:21:06Z			SAMEA104471951							MAX PLANCK INSTITUTE FOR DEVELOPMENTAL BIOLOGY	2018-06-26T11:45:37Z	2018-06-18T18:21:06Z	public							p13.D3														Pseudomonas sp. 286																																																																		p13.D3		Pseudomonas sp. 286									
SAMEA104471952	9554735	Pseudomonas viridiflava		Sample from Pseudomonas viridiflava		ERC000011	2018-06-26T11:45:37Z	2018-06-18T18:21:06Z			SAMEA104471952							MAX PLANCK INSTITUTE FOR DEVELOPMENTAL BIOLOGY	2018-06-26T11:45:37Z	2018-06-18T18:21:06Z	public							p13.D5														Pseudomonas sp. 286																																																																		p13.D5		Pseudomonas sp. 286									
SAMEA104471953	9554736	Pseudomonas viridiflava		Sample from Pseudomonas viridiflava		ERC000011	2018-06-26T11:45:38Z	2018-06-18T18:21:06Z			SAMEA104471953							MAX PLANCK INSTITUTE FOR DEVELOPMENTAL BIOLOGY	2018-06-26T11:45:38Z	2018-06-18T18:21:06Z	public							p13.D6														Pseudomonas sp. 286																																																																		p13.D6		Pseudomonas sp. 286									
SAMEA104471954	9554737	Pseudomonas viridiflava		Sample from Pseudomonas viridiflava		ERC000011	2018-06-26T11:45:38Z	2018-06-18T18:21:06Z			SAMEA104471954							MAX PLANCK INSTITUTE FOR DEVELOPMENTAL BIOLOGY	2018-06-26T11:45:38Z	2018-06-18T18:21:06Z	public							p13.D7														Pseudomonas sp. 286																																																																		p13.D7		Pseudomonas sp. 286									
SAMEA104471955	9554738	Pseudomonas viridiflava		Sample from Pseudomonas viridiflava		ERC000011	2018-06-26T11:45:38Z	2018-06-18T18:21:06Z			SAMEA104471955							MAX PLANCK INSTITUTE FOR DEVELOPMENTAL BIOLOGY	2018-06-26T11:45:38Z	2018-06-18T18:21:06Z	public							p13.D8														Pseudomonas sp. 286																																																																		p13.D8		Pseudomonas sp. 286									
SAMEA104471956	9554739	Pseudomonas viridiflava		Sample from Pseudomonas viridiflava		ERC000011	2018-06-26T11:45:39Z	2018-06-18T18:21:06Z			SAMEA104471956							MAX PLANCK INSTITUTE FOR DEVELOPMENTAL BIOLOGY	2018-06-26T11:45:39Z	2018-06-18T18:21:06Z	public							p13.D9														Pseudomonas sp. 286																																																																		p13.D9		Pseudomonas sp. 286									
SAMEA104471957	9554740	Pseudomonas viridiflava		Sample from Pseudomonas viridiflava		ERC000011	2018-06-26T11:45:39Z	2018-06-18T18:21:06Z			SAMEA104471957							MAX PLANCK INSTITUTE FOR DEVELOPMENTAL BIOLOGY	2018-06-26T11:45:39Z	2018-06-18T18:21:06Z	public							p13.E10														Pseudomonas sp. 286																																																																		p13.E10		Pseudomonas sp. 286									
SAMEA104471958	9554741	Pseudomonas viridiflava		Sample from Pseudomonas viridiflava		ERC000011	2018-06-26T11:45:39Z	2018-06-18T18:21:06Z			SAMEA104471958							MAX PLANCK INSTITUTE FOR DEVELOPMENTAL BIOLOGY	2018-06-26T11:45:39Z	2018-06-18T18:21:06Z	public							p13.E11														Pseudomonas sp. 286																																																																		p13.E11		Pseudomonas sp. 286									
SAMEA104471959	9554742	Pseudomonas viridiflava		Sample from Pseudomonas viridiflava		ERC000011	2018-06-26T11:45:39Z	2018-06-18T18:21:06Z			SAMEA104471959							MAX PLANCK INSTITUTE FOR DEVELOPMENTAL BIOLOGY	2018-06-26T11:45:39Z	2018-06-18T18:21:06Z	public							p13.E12														Pseudomonas sp. 286																																																																		p13.E12		Pseudomonas sp. 286									
SAMEA104471960	9554743	Pseudomonas viridiflava		Sample from Pseudomonas viridiflava		ERC000011	2018-06-26T11:45:40Z	2018-06-18T18:21:06Z			SAMEA104471960							MAX PLANCK INSTITUTE FOR DEVELOPMENTAL BIOLOGY	2018-06-26T11:45:40Z	2018-06-18T18:21:06Z	public							p13.E1														Pseudomonas sp. 286																																																																		p13.E1		Pseudomonas sp. 286									
SAMEA104471961	9554744	Pseudomonas viridiflava		Sample from Pseudomonas viridiflava		ERC000011	2018-06-26T11:45:40Z	2018-06-18T18:21:06Z			SAMEA104471961							MAX PLANCK INSTITUTE FOR DEVELOPMENTAL BIOLOGY	2018-06-26T11:45:40Z	2018-06-18T18:21:06Z	public							p13.E2														Pseudomonas sp. 286																																																																		p13.E2		Pseudomonas sp. 286									
SAMEA104471962	9554745	Pseudomonas viridiflava		Sample from Pseudomonas viridiflava		ERC000011	2018-06-26T11:45:40Z	2018-06-18T18:21:06Z			SAMEA104471962							MAX PLANCK INSTITUTE FOR DEVELOPMENTAL BIOLOGY	2018-06-26T11:45:40Z	2018-06-18T18:21:06Z	public							p13.E3														Pseudomonas sp. 286																																																																		p13.E3		Pseudomonas sp. 286									
SAMEA104471963	9554746	Pseudomonas viridiflava		Sample from Pseudomonas viridiflava		ERC000011	2018-06-26T11:45:41Z	2018-06-18T18:21:06Z			SAMEA104471963							MAX PLANCK INSTITUTE FOR DEVELOPMENTAL BIOLOGY	2018-06-26T11:45:41Z	2018-06-18T18:21:06Z	public							p13.E4														Pseudomonas sp. 286																																																																		p13.E4		Pseudomonas sp. 286									
SAMEA104471964	9554747	Pseudomonas viridiflava		Sample from Pseudomonas viridiflava		ERC000011	2018-06-26T11:45:41Z	2018-06-18T18:21:06Z			SAMEA104471964							MAX PLANCK INSTITUTE FOR DEVELOPMENTAL BIOLOGY	2018-06-26T11:45:41Z	2018-06-18T18:21:06Z	public							p13.E6														Pseudomonas sp. 286																																																																		p13.E6		Pseudomonas sp. 286									
SAMEA104471965	9554748	Pseudomonas viridiflava		Sample from Pseudomonas viridiflava		ERC000011	2018-06-26T11:45:41Z	2018-06-18T18:21:06Z			SAMEA104471965							MAX PLANCK INSTITUTE FOR DEVELOPMENTAL BIOLOGY	2018-06-26T11:45:41Z	2018-06-18T18:21:06Z	public							p13.E7														Pseudomonas sp. 286																																																																		p13.E7		Pseudomonas sp. 286									
SAMEA104471966	9554749	Pseudomonas viridiflava		Sample from Pseudomonas viridiflava		ERC000011	2018-06-26T11:45:42Z	2018-06-18T18:21:06Z			SAMEA104471966							MAX PLANCK INSTITUTE FOR DEVELOPMENTAL BIOLOGY	2018-06-26T11:45:42Z	2018-06-18T18:21:06Z	public							p13.E8														Pseudomonas sp. 286																																																																		p13.E8		Pseudomonas sp. 286									
SAMEA104471967	9554750	Pseudomonas viridiflava		Sample from Pseudomonas viridiflava		ERC000011	2018-06-26T11:45:42Z	2018-06-18T18:21:06Z			SAMEA104471967							MAX PLANCK INSTITUTE FOR DEVELOPMENTAL BIOLOGY	2018-06-26T11:45:42Z	2018-06-18T18:21:06Z	public							p13.E9														Pseudomonas sp. 286																																																																		p13.E9		Pseudomonas sp. 286									
SAMEA104471968	9554751	Pseudomonas viridiflava		Sample from Pseudomonas viridiflava		ERC000011	2018-06-26T11:45:42Z	2018-06-18T18:21:06Z			SAMEA104471968							MAX PLANCK INSTITUTE FOR DEVELOPMENTAL BIOLOGY	2018-06-26T11:45:42Z	2018-06-18T18:21:06Z	public							p13.F10														Pseudomonas sp. 286																																																																		p13.F10		Pseudomonas sp. 286									
SAMEA104471969	9554752	Pseudomonas viridiflava		Sample from Pseudomonas viridiflava		ERC000011	2018-06-26T11:45:42Z	2018-06-18T18:21:06Z			SAMEA104471969							MAX PLANCK INSTITUTE FOR DEVELOPMENTAL BIOLOGY	2018-06-26T11:45:42Z	2018-06-18T18:21:06Z	public							p13.F11														Pseudomonas sp. 286																																																																		p13.F11		Pseudomonas sp. 286									
SAMEA104471970	9554753	Pseudomonas viridiflava		Sample from Pseudomonas viridiflava		ERC000011	2018-06-26T11:45:43Z	2018-06-18T18:21:06Z			SAMEA104471970							MAX PLANCK INSTITUTE FOR DEVELOPMENTAL BIOLOGY	2018-06-26T11:45:43Z	2018-06-18T18:21:06Z	public							p13.F12														Pseudomonas sp. 286																																																																		p13.F12		Pseudomonas sp. 286									
SAMEA104471971	9554754	Pseudomonas viridiflava		Sample from Pseudomonas viridiflava		ERC000011	2018-06-26T11:45:43Z	2018-06-18T18:21:06Z			SAMEA104471971							MAX PLANCK INSTITUTE FOR DEVELOPMENTAL BIOLOGY	2018-06-26T11:45:43Z	2018-06-18T18:21:06Z	public							p13.F1														Pseudomonas sp. 286																																																																		p13.F1		Pseudomonas sp. 286									
SAMEA104471972	9554755	Pseudomonas viridiflava		Sample from Pseudomonas viridiflava		ERC000011	2018-06-26T11:45:43Z	2018-06-18T18:21:06Z			SAMEA104471972							MAX PLANCK INSTITUTE FOR DEVELOPMENTAL BIOLOGY	2018-06-26T11:45:43Z	2018-06-18T18:21:06Z	public							p13.F2														Pseudomonas sp. 286																																																																		p13.F2		Pseudomonas sp. 286									
SAMEA104471973	9554756	Pseudomonas viridiflava		Sample from Pseudomonas viridiflava		ERC000011	2018-06-26T11:45:44Z	2018-06-18T18:21:06Z			SAMEA104471973							MAX PLANCK INSTITUTE FOR DEVELOPMENTAL BIOLOGY	2018-06-26T11:45:44Z	2018-06-18T18:21:06Z	public							p13.F3														Pseudomonas sp. 286																																																																		p13.F3		Pseudomonas sp. 286									
SAMEA104471974	9554757	Pseudomonas viridiflava		Sample from Pseudomonas viridiflava		ERC000011	2018-06-26T11:45:44Z	2018-06-18T18:21:06Z			SAMEA104471974							MAX PLANCK INSTITUTE FOR DEVELOPMENTAL BIOLOGY	2018-06-26T11:45:44Z	2018-06-18T18:21:06Z	public							p13.F4														Pseudomonas sp. 286																																																																		p13.F4		Pseudomonas sp. 286									
SAMEA104471975	9554758	Pseudomonas viridiflava		Sample from Pseudomonas viridiflava		ERC000011	2018-06-26T11:45:44Z	2018-06-18T18:21:06Z			SAMEA104471975							MAX PLANCK INSTITUTE FOR DEVELOPMENTAL BIOLOGY	2018-06-26T11:45:44Z	2018-06-18T18:21:06Z	public							p13.F5														Pseudomonas sp. 286																																																																		p13.F5		Pseudomonas sp. 286									
SAMEA104471976	9554759	Pseudomonas viridiflava		Sample from Pseudomonas viridiflava		ERC000011	2018-06-26T11:45:44Z	2018-06-18T18:21:06Z			SAMEA104471976							MAX PLANCK INSTITUTE FOR DEVELOPMENTAL BIOLOGY	2018-06-26T11:45:44Z	2018-06-18T18:21:06Z	public							p13.F6														Pseudomonas sp. 286																																																																		p13.F6		Pseudomonas sp. 286									
SAMEA104471977	9554760	Pseudomonas viridiflava		Sample from Pseudomonas viridiflava		ERC000011	2018-06-26T11:45:45Z	2018-06-18T18:21:06Z			SAMEA104471977							MAX PLANCK INSTITUTE FOR DEVELOPMENTAL BIOLOGY	2018-06-26T11:45:45Z	2018-06-18T18:21:06Z	public							p13.F7														Pseudomonas sp. 286																																																																		p13.F7		Pseudomonas sp. 286									
SAMEA104471978	9554761	Pseudomonas viridiflava		Sample from Pseudomonas viridiflava		ERC000011	2018-06-26T11:45:45Z	2018-06-18T18:21:06Z			SAMEA104471978							MAX PLANCK INSTITUTE FOR DEVELOPMENTAL BIOLOGY	2018-06-26T11:45:45Z	2018-06-18T18:21:06Z	public							p13.F8														Pseudomonas sp. 286																																																																		p13.F8		Pseudomonas sp. 286									
SAMEA104471979	9554762	Pseudomonas viridiflava		Sample from Pseudomonas viridiflava		ERC000011	2018-06-26T11:45:45Z	2018-06-18T18:21:06Z			SAMEA104471979							MAX PLANCK INSTITUTE FOR DEVELOPMENTAL BIOLOGY	2018-06-26T11:45:45Z	2018-06-18T18:21:06Z	public							p13.F9														Pseudomonas sp. 286																																																																		p13.F9		Pseudomonas sp. 286									
SAMEA104471980	9554763	Pseudomonas viridiflava		Sample from Pseudomonas viridiflava		ERC000011	2018-06-26T11:45:46Z	2018-06-18T18:21:06Z			SAMEA104471980							MAX PLANCK INSTITUTE FOR DEVELOPMENTAL BIOLOGY	2018-06-26T11:45:46Z	2018-06-18T18:21:06Z	public							p13.G10														Pseudomonas sp. 286																																																																		p13.G10		Pseudomonas sp. 286									
SAMEA104471981	9554764	Pseudomonas viridiflava		Sample from Pseudomonas viridiflava		ERC000011	2018-06-26T11:45:46Z	2018-06-18T18:21:06Z			SAMEA104471981							MAX PLANCK INSTITUTE FOR DEVELOPMENTAL BIOLOGY	2018-06-26T11:45:46Z	2018-06-18T18:21:06Z	public							p13.G1														Pseudomonas sp. 286																																																																		p13.G1		Pseudomonas sp. 286									
SAMEA104471982	9554765	Pseudomonas viridiflava		Sample from Pseudomonas viridiflava		ERC000011	2018-06-26T11:45:46Z	2018-06-18T18:21:06Z			SAMEA104471982							MAX PLANCK INSTITUTE FOR DEVELOPMENTAL BIOLOGY	2018-06-26T11:45:46Z	2018-06-18T18:21:06Z	public							p13.G2														Pseudomonas sp. 286																																																																		p13.G2		Pseudomonas sp. 286									
SAMEA104471983	9554766	Pseudomonas viridiflava		Sample from Pseudomonas viridiflava		ERC000011	2018-06-26T11:45:47Z	2018-06-18T18:21:06Z			SAMEA104471983							MAX PLANCK INSTITUTE FOR DEVELOPMENTAL BIOLOGY	2018-06-26T11:45:47Z	2018-06-18T18:21:06Z	public							p13.G3														Pseudomonas sp. 286																																																																		p13.G3		Pseudomonas sp. 286									
SAMEA104471984	9554767	Pseudomonas viridiflava		Sample from Pseudomonas viridiflava		ERC000011	2018-06-26T11:45:47Z	2018-06-18T18:21:06Z			SAMEA104471984							MAX PLANCK INSTITUTE FOR DEVELOPMENTAL BIOLOGY	2018-06-26T11:45:47Z	2018-06-18T18:21:06Z	public							p13.G4														Pseudomonas sp. 286																																																																		p13.G4		Pseudomonas sp. 286									
SAMEA104471985	9554768	Pseudomonas viridiflava		Sample from Pseudomonas viridiflava		ERC000011	2018-06-26T11:45:47Z	2018-06-18T18:21:06Z			SAMEA104471985							MAX PLANCK INSTITUTE FOR DEVELOPMENTAL BIOLOGY	2018-06-26T11:45:47Z	2018-06-18T18:21:06Z	public							p13.G5														Pseudomonas sp. 286																																																																		p13.G5		Pseudomonas sp. 286									
SAMEA104471986	9554769	Pseudomonas viridiflava		Sample from Pseudomonas viridiflava		ERC000011	2018-06-26T11:45:47Z	2018-06-18T18:21:06Z			SAMEA104471986							MAX PLANCK INSTITUTE FOR DEVELOPMENTAL BIOLOGY	2018-06-26T11:45:47Z	2018-06-18T18:21:06Z	public							p13.G6														Pseudomonas sp. 286																																																																		p13.G6		Pseudomonas sp. 286									
SAMEA104471987	9554770	Pseudomonas viridiflava		Sample from Pseudomonas viridiflava		ERC000011	2018-06-26T11:45:48Z	2018-06-18T18:21:06Z			SAMEA104471987							MAX PLANCK INSTITUTE FOR DEVELOPMENTAL BIOLOGY	2018-06-26T11:45:48Z	2018-06-18T18:21:06Z	public							p13.G7														Pseudomonas sp. 286																																																																		p13.G7		Pseudomonas sp. 286									
SAMEA104471988	9554771	Pseudomonas viridiflava		Sample from Pseudomonas viridiflava		ERC000011	2018-06-26T11:45:48Z	2018-06-18T18:21:06Z			SAMEA104471988							MAX PLANCK INSTITUTE FOR DEVELOPMENTAL BIOLOGY	2018-06-26T11:45:48Z	2018-06-18T18:21:06Z	public							p13.G8														Pseudomonas sp. 286																																																																		p13.G8		Pseudomonas sp. 286									
SAMEA104471989	9554772	Pseudomonas viridiflava		Sample from Pseudomonas viridiflava		ERC000011	2018-06-26T11:45:48Z	2018-06-18T18:21:06Z			SAMEA104471989							MAX PLANCK INSTITUTE FOR DEVELOPMENTAL BIOLOGY	2018-06-26T11:45:48Z	2018-06-18T18:21:06Z	public							p13.H10														Pseudomonas sp. 286																																																																		p13.H10		Pseudomonas sp. 286									
SAMEA104471990	9554773	Pseudomonas viridiflava		Sample from Pseudomonas viridiflava		ERC000011	2018-06-26T11:45:49Z	2018-06-18T18:21:06Z			SAMEA104471990							MAX PLANCK INSTITUTE FOR DEVELOPMENTAL BIOLOGY	2018-06-26T11:45:49Z	2018-06-18T18:21:06Z	public							p13.H11														Pseudomonas sp. 286																																																																		p13.H11		Pseudomonas sp. 286									
SAMEA104471991	9554774	Pseudomonas viridiflava		Sample from Pseudomonas viridiflava		ERC000011	2018-06-26T11:45:49Z	2018-06-18T18:21:06Z			SAMEA104471991							MAX PLANCK INSTITUTE FOR DEVELOPMENTAL BIOLOGY	2018-06-26T11:45:49Z	2018-06-18T18:21:06Z	public							p13.H12														Pseudomonas sp. 286																																																																		p13.H12		Pseudomonas sp. 286									
SAMEA104471992	9554775	Pseudomonas viridiflava		Sample from Pseudomonas viridiflava		ERC000011	2018-06-26T11:45:49Z	2018-06-18T18:21:06Z			SAMEA104471992							MAX PLANCK INSTITUTE FOR DEVELOPMENTAL BIOLOGY	2018-06-26T11:45:49Z	2018-06-18T18:21:06Z	public							p13.H2														Pseudomonas sp. 286																																																																		p13.H2		Pseudomonas sp. 286									
SAMEA104471993	9554776	Pseudomonas viridiflava		Sample from Pseudomonas viridiflava		ERC000011	2018-06-26T11:45:50Z	2018-06-18T18:21:05Z			SAMEA104471993							MAX PLANCK INSTITUTE FOR DEVELOPMENTAL BIOLOGY	2018-06-26T11:45:50Z	2018-06-18T18:21:05Z	public							p13.H3														Pseudomonas sp. 286																																																																		p13.H3		Pseudomonas sp. 286									
SAMEA104471994	9554777	Pseudomonas viridiflava		Sample from Pseudomonas viridiflava		ERC000011	2018-06-26T11:45:50Z	2018-06-18T18:21:06Z			SAMEA104471994							MAX PLANCK INSTITUTE FOR DEVELOPMENTAL BIOLOGY	2018-06-26T11:45:50Z	2018-06-18T18:21:06Z	public							p13.H4														Pseudomonas sp. 286																																																																		p13.H4		Pseudomonas sp. 286									
SAMEA104471995	9554778	Pseudomonas viridiflava		Sample from Pseudomonas viridiflava		ERC000011	2018-06-26T11:45:50Z	2018-06-18T18:21:06Z			SAMEA104471995							MAX PLANCK INSTITUTE FOR DEVELOPMENTAL BIOLOGY	2018-06-26T11:45:50Z	2018-06-18T18:21:06Z	public							p13.H5														Pseudomonas sp. 286																																																																		p13.H5		Pseudomonas sp. 286									
SAMEA104471996	9554779	Pseudomonas viridiflava		Sample from Pseudomonas viridiflava		ERC000011	2018-06-26T11:45:50Z	2018-06-18T18:21:06Z			SAMEA104471996							MAX PLANCK INSTITUTE FOR DEVELOPMENTAL BIOLOGY	2018-06-26T11:45:50Z	2018-06-18T18:21:06Z	public							p13.H6														Pseudomonas sp. 286																																																																		p13.H6		Pseudomonas sp. 286									
SAMEA104471997	9554780	Pseudomonas viridiflava		Sample from Pseudomonas viridiflava		ERC000011	2018-06-26T11:45:51Z	2018-06-18T18:21:06Z			SAMEA104471997							MAX PLANCK INSTITUTE FOR DEVELOPMENTAL BIOLOGY	2018-06-26T11:45:51Z	2018-06-18T18:21:06Z	public							p13.H7														Pseudomonas sp. 286																																																																		p13.H7		Pseudomonas sp. 286									
SAMEA104471998	9554781	Pseudomonas viridiflava		Sample from Pseudomonas viridiflava		ERC000011	2018-06-26T11:45:52Z	2018-06-18T18:21:06Z			SAMEA104471998							MAX PLANCK INSTITUTE FOR DEVELOPMENTAL BIOLOGY	2018-06-26T11:45:52Z	2018-06-18T18:21:06Z	public							p13.H9														Pseudomonas sp. 286																																																																		p13.H9		Pseudomonas sp. 286									
SAMEA104471999	9554782	Pseudomonas viridiflava		Sample from Pseudomonas viridiflava		ERC000011	2018-06-26T11:45:52Z	2018-06-18T18:21:06Z			SAMEA104471999							MAX PLANCK INSTITUTE FOR DEVELOPMENTAL BIOLOGY	2018-06-26T11:45:52Z	2018-06-18T18:21:06Z	public							p1.A10														Pseudomonas sp. 286																																																																		p1.A10		Pseudomonas sp. 286									
SAMEA104472000	9554783	Pseudomonas viridiflava		Sample from Pseudomonas viridiflava		ERC000011	2018-06-26T11:45:52Z	2018-06-18T18:21:06Z			SAMEA104472000							MAX PLANCK INSTITUTE FOR DEVELOPMENTAL BIOLOGY	2018-06-26T11:45:52Z	2018-06-18T18:21:06Z	public							p1.A11														Pseudomonas sp. 286																																																																		p1.A11		Pseudomonas sp. 286									
SAMEA104472001	9554784	Pseudomonas viridiflava		Sample from Pseudomonas viridiflava		ERC000011	2018-06-26T11:45:53Z	2018-06-18T18:21:06Z			SAMEA104472001							MAX PLANCK INSTITUTE FOR DEVELOPMENTAL BIOLOGY	2018-06-26T11:45:53Z	2018-06-18T18:21:06Z	public							p1.A12														Pseudomonas sp. 286																																																																		p1.A12		Pseudomonas sp. 286									
SAMEA104472002	9554785	Pseudomonas viridiflava		Sample from Pseudomonas viridiflava		ERC000011	2018-06-26T11:45:53Z	2018-06-18T18:21:06Z			SAMEA104472002							MAX PLANCK INSTITUTE FOR DEVELOPMENTAL BIOLOGY	2018-06-26T11:45:53Z	2018-06-18T18:21:06Z	public							p1.A2														Pseudomonas sp. 286																																																																		p1.A2		Pseudomonas sp. 286									
SAMEA104472003	9554786	Pseudomonas viridiflava		Sample from Pseudomonas viridiflava		ERC000011	2018-06-26T11:45:53Z	2018-06-18T18:21:06Z			SAMEA104472003							MAX PLANCK INSTITUTE FOR DEVELOPMENTAL BIOLOGY	2018-06-26T11:45:53Z	2018-06-18T18:21:06Z	public							p1.A3														Pseudomonas sp. 286																																																																		p1.A3		Pseudomonas sp. 286									
SAMEA104472004	9554787	Pseudomonas viridiflava		Sample from Pseudomonas viridiflava		ERC000011	2018-06-26T11:45:54Z	2018-06-18T18:21:06Z			SAMEA104472004							MAX PLANCK INSTITUTE FOR DEVELOPMENTAL BIOLOGY	2018-06-26T11:45:54Z	2018-06-18T18:21:06Z	public							p1.A4														Pseudomonas sp. 286																																																																		p1.A4		Pseudomonas sp. 286									
SAMEA104472005	9554788	Pseudomonas viridiflava		Sample from Pseudomonas viridiflava		ERC000011	2018-06-26T11:45:54Z	2018-06-18T18:21:06Z			SAMEA104472005							MAX PLANCK INSTITUTE FOR DEVELOPMENTAL BIOLOGY	2018-06-26T11:45:54Z	2018-06-18T18:21:06Z	public							p1.A5														Pseudomonas sp. 286																																																																		p1.A5		Pseudomonas sp. 286									
SAMEA104472006	9554789	Pseudomonas viridiflava		Sample from Pseudomonas viridiflava		ERC000011	2018-06-26T11:45:54Z	2018-06-18T18:21:06Z			SAMEA104472006							MAX PLANCK INSTITUTE FOR DEVELOPMENTAL BIOLOGY	2018-06-26T11:45:54Z	2018-06-18T18:21:06Z	public							p1.A7														Pseudomonas sp. 286																																																																		p1.A7		Pseudomonas sp. 286									
SAMEA104472007	9554790	Pseudomonas viridiflava		Sample from Pseudomonas viridiflava		ERC000011	2018-06-26T11:45:54Z	2018-06-18T18:21:06Z			SAMEA104472007							MAX PLANCK INSTITUTE FOR DEVELOPMENTAL BIOLOGY	2018-06-26T11:45:54Z	2018-06-18T18:21:06Z	public							p1.A8														Pseudomonas sp. 286																																																																		p1.A8		Pseudomonas sp. 286									
SAMEA104472008	9554791	Pseudomonas viridiflava		Sample from Pseudomonas viridiflava		ERC000011	2018-06-26T11:45:55Z	2018-06-18T18:21:06Z			SAMEA104472008							MAX PLANCK INSTITUTE FOR DEVELOPMENTAL BIOLOGY	2018-06-26T11:45:55Z	2018-06-18T18:21:06Z	public							p1.A9														Pseudomonas sp. 286																																																																		p1.A9		Pseudomonas sp. 286									
SAMEA104472009	9554792	Pseudomonas viridiflava		Sample from Pseudomonas viridiflava		ERC000011	2018-06-26T11:45:55Z	2018-06-18T18:21:06Z			SAMEA104472009							MAX PLANCK INSTITUTE FOR DEVELOPMENTAL BIOLOGY	2018-06-26T11:45:55Z	2018-06-18T18:21:06Z	public							p1.B10														Pseudomonas sp. 286																																																																		p1.B10		Pseudomonas sp. 286									
SAMEA104472010	9554793	Pseudomonas viridiflava		Sample from Pseudomonas viridiflava		ERC000011	2018-06-26T11:45:55Z	2018-06-18T18:21:06Z			SAMEA104472010							MAX PLANCK INSTITUTE FOR DEVELOPMENTAL BIOLOGY	2018-06-26T11:45:55Z	2018-06-18T18:21:06Z	public							p1.B11														Pseudomonas sp. 286																																																																		p1.B11		Pseudomonas sp. 286									
SAMEA104472011	9554794	Pseudomonas viridiflava		Sample from Pseudomonas viridiflava		ERC000011	2018-06-26T11:45:56Z	2018-06-18T18:21:06Z			SAMEA104472011							MAX PLANCK INSTITUTE FOR DEVELOPMENTAL BIOLOGY	2018-06-26T11:45:56Z	2018-06-18T18:21:06Z	public							p1.B12														Pseudomonas sp. 286																																																																		p1.B12		Pseudomonas sp. 286									
SAMEA104472012	9554795	Pseudomonas viridiflava		Sample from Pseudomonas viridiflava		ERC000011	2018-06-26T11:45:56Z	2018-06-18T18:21:06Z			SAMEA104472012							MAX PLANCK INSTITUTE FOR DEVELOPMENTAL BIOLOGY	2018-06-26T11:45:56Z	2018-06-18T18:21:06Z	public							p1.B1														Pseudomonas sp. 286																																																																		p1.B1		Pseudomonas sp. 286									
SAMEA104472013	9554796	Pseudomonas viridiflava		Sample from Pseudomonas viridiflava		ERC000011	2018-06-26T11:45:56Z	2018-06-18T18:21:06Z			SAMEA104472013							MAX PLANCK INSTITUTE FOR DEVELOPMENTAL BIOLOGY	2018-06-26T11:45:56Z	2018-06-18T18:21:06Z	public							p1.B2														Pseudomonas sp. 286																																																																		p1.B2		Pseudomonas sp. 286									
SAMEA104472014	9554797	Pseudomonas viridiflava		Sample from Pseudomonas viridiflava		ERC000011	2018-06-26T11:45:57Z	2018-06-18T18:21:06Z			SAMEA104472014							MAX PLANCK INSTITUTE FOR DEVELOPMENTAL BIOLOGY	2018-06-26T11:45:57Z	2018-06-18T18:21:06Z	public							p1.B3														Pseudomonas sp. 286																																																																		p1.B3		Pseudomonas sp. 286									
SAMEA104472015	9554798	Pseudomonas viridiflava		Sample from Pseudomonas viridiflava		ERC000011	2018-06-26T11:45:57Z	2018-06-18T18:21:06Z			SAMEA104472015							MAX PLANCK INSTITUTE FOR DEVELOPMENTAL BIOLOGY	2018-06-26T11:45:57Z	2018-06-18T18:21:06Z	public							p1.B4														Pseudomonas sp. 286																																																																		p1.B4		Pseudomonas sp. 286									
SAMEA104472016	9554799	Pseudomonas viridiflava		Sample from Pseudomonas viridiflava		ERC000011	2018-06-26T11:45:57Z	2018-06-18T18:21:06Z			SAMEA104472016							MAX PLANCK INSTITUTE FOR DEVELOPMENTAL BIOLOGY	2018-06-26T11:45:57Z	2018-06-18T18:21:06Z	public							p1.B5														Pseudomonas sp. 286																																																																		p1.B5		Pseudomonas sp. 286									
SAMEA104472017	9554800	Pseudomonas viridiflava		Sample from Pseudomonas viridiflava		ERC000011	2018-06-26T11:45:58Z	2018-06-18T18:21:06Z			SAMEA104472017							MAX PLANCK INSTITUTE FOR DEVELOPMENTAL BIOLOGY	2018-06-26T11:45:58Z	2018-06-18T18:21:06Z	public							p1.B6														Pseudomonas sp. 286																																																																		p1.B6		Pseudomonas sp. 286									
SAMEA104472018	9554801	Pseudomonas viridiflava		Sample from Pseudomonas viridiflava		ERC000011	2018-06-26T11:45:58Z	2018-06-18T18:21:06Z			SAMEA104472018							MAX PLANCK INSTITUTE FOR DEVELOPMENTAL BIOLOGY	2018-06-26T11:45:58Z	2018-06-18T18:21:06Z	public							p1.B7														Pseudomonas sp. 286																																																																		p1.B7		Pseudomonas sp. 286									
SAMEA104472019	9554802	Pseudomonas viridiflava		Sample from Pseudomonas viridiflava		ERC000011	2018-06-26T11:45:58Z	2018-06-18T18:21:06Z			SAMEA104472019							MAX PLANCK INSTITUTE FOR DEVELOPMENTAL BIOLOGY	2018-06-26T11:45:58Z	2018-06-18T18:21:06Z	public							p1.B8														Pseudomonas sp. 286																																																																		p1.B8		Pseudomonas sp. 286									
SAMEA104472020	9554803	Pseudomonas viridiflava		Sample from Pseudomonas viridiflava		ERC000011	2018-06-26T11:45:59Z	2018-06-18T18:21:05Z			SAMEA104472020							MAX PLANCK INSTITUTE FOR DEVELOPMENTAL BIOLOGY	2018-06-26T11:45:59Z	2018-06-18T18:21:05Z	public							p1.B9														Pseudomonas sp. 286																																																																		p1.B9		Pseudomonas sp. 286									
SAMEA104472021	9554804	Pseudomonas viridiflava		Sample from Pseudomonas viridiflava		ERC000011	2018-06-26T11:45:59Z	2018-06-18T18:21:05Z			SAMEA104472021							MAX PLANCK INSTITUTE FOR DEVELOPMENTAL BIOLOGY	2018-06-26T11:45:59Z	2018-06-18T18:21:05Z	public							p1.C10														Pseudomonas sp. 286																																																																		p1.C10		Pseudomonas sp. 286									
SAMEA104472022	9554805	Pseudomonas viridiflava		Sample from Pseudomonas viridiflava		ERC000011	2018-06-26T11:45:59Z	2018-06-18T18:21:05Z			SAMEA104472022							MAX PLANCK INSTITUTE FOR DEVELOPMENTAL BIOLOGY	2018-06-26T11:45:59Z	2018-06-18T18:21:05Z	public							p1.C11														Pseudomonas sp. 286																																																																		p1.C11		Pseudomonas sp. 286									
SAMEA104472023	9554806	Pseudomonas viridiflava		Sample from Pseudomonas viridiflava		ERC000011	2018-06-26T11:45:59Z	2018-06-18T18:21:05Z			SAMEA104472023							MAX PLANCK INSTITUTE FOR DEVELOPMENTAL BIOLOGY	2018-06-26T11:45:59Z	2018-06-18T18:21:05Z	public							p1.C12														Pseudomonas sp. 286																																																																		p1.C12		Pseudomonas sp. 286									
SAMEA104472024	9554807	Pseudomonas viridiflava		Sample from Pseudomonas viridiflava		ERC000011	2018-06-26T11:46:00Z	2018-06-18T18:21:05Z			SAMEA104472024							MAX PLANCK INSTITUTE FOR DEVELOPMENTAL BIOLOGY	2018-06-26T11:46:00Z	2018-06-18T18:21:05Z	public							p1.C1														Pseudomonas sp. 286																																																																		p1.C1		Pseudomonas sp. 286									
SAMEA104472025	9554808	Pseudomonas viridiflava		Sample from Pseudomonas viridiflava		ERC000011	2018-06-26T11:46:00Z	2018-06-18T18:21:05Z			SAMEA104472025							MAX PLANCK INSTITUTE FOR DEVELOPMENTAL BIOLOGY	2018-06-26T11:46:00Z	2018-06-18T18:21:05Z	public							p1.C2														Pseudomonas sp. 286																																																																		p1.C2		Pseudomonas sp. 286									
SAMEA104472026	9554809	Pseudomonas viridiflava		Sample from Pseudomonas viridiflava		ERC000011	2018-06-26T11:46:00Z	2018-06-18T18:21:05Z			SAMEA104472026							MAX PLANCK INSTITUTE FOR DEVELOPMENTAL BIOLOGY	2018-06-26T11:46:00Z	2018-06-18T18:21:05Z	public							p1.C3														Pseudomonas sp. 286																																																																		p1.C3		Pseudomonas sp. 286									
SAMEA104472027	9554810	Pseudomonas viridiflava		Sample from Pseudomonas viridiflava		ERC000011	2018-06-26T11:46:01Z	2018-06-18T18:21:05Z			SAMEA104472027							MAX PLANCK INSTITUTE FOR DEVELOPMENTAL BIOLOGY	2018-06-26T11:46:01Z	2018-06-18T18:21:05Z	public							p1.C4														Pseudomonas sp. 286																																																																		p1.C4		Pseudomonas sp. 286									
SAMEA104472028	9554811	Pseudomonas viridiflava		Sample from Pseudomonas viridiflava		ERC000011	2018-06-26T11:46:01Z	2018-06-18T18:21:05Z			SAMEA104472028							MAX PLANCK INSTITUTE FOR DEVELOPMENTAL BIOLOGY	2018-06-26T11:46:01Z	2018-06-18T18:21:05Z	public							p1.C5														Pseudomonas sp. 286																																																																		p1.C5		Pseudomonas sp. 286									
SAMEA104472029	9554812	Pseudomonas viridiflava		Sample from Pseudomonas viridiflava		ERC000011	2018-06-26T11:46:01Z	2018-06-18T18:21:05Z			SAMEA104472029							MAX PLANCK INSTITUTE FOR DEVELOPMENTAL BIOLOGY	2018-06-26T11:46:01Z	2018-06-18T18:21:05Z	public							p1.C6														Pseudomonas sp. 286																																																																		p1.C6		Pseudomonas sp. 286									
SAMEA104472030	9554813	Pseudomonas viridiflava		Sample from Pseudomonas viridiflava		ERC000011	2018-06-26T11:46:02Z	2018-06-18T18:21:05Z			SAMEA104472030							MAX PLANCK INSTITUTE FOR DEVELOPMENTAL BIOLOGY	2018-06-26T11:46:02Z	2018-06-18T18:21:05Z	public							p1.C7														Pseudomonas sp. 286																																																																		p1.C7		Pseudomonas sp. 286									
SAMEA104472031	9554814	Pseudomonas viridiflava		Sample from Pseudomonas viridiflava		ERC000011	2018-06-26T11:46:02Z	2018-06-18T18:21:05Z			SAMEA104472031							MAX PLANCK INSTITUTE FOR DEVELOPMENTAL BIOLOGY	2018-06-26T11:46:02Z	2018-06-18T18:21:05Z	public							p1.C8														Pseudomonas sp. 286																																																																		p1.C8		Pseudomonas sp. 286									
SAMEA104472032	9554815	Pseudomonas viridiflava		Sample from Pseudomonas viridiflava		ERC000011	2018-06-26T11:46:02Z	2018-06-18T18:21:05Z			SAMEA104472032							MAX PLANCK INSTITUTE FOR DEVELOPMENTAL BIOLOGY	2018-06-26T11:46:02Z	2018-06-18T18:21:05Z	public							p1.C9														Pseudomonas sp. 286																																																																		p1.C9		Pseudomonas sp. 286									
SAMEA104472033	9554816	Pseudomonas viridiflava		Sample from Pseudomonas viridiflava		ERC000011	2018-06-26T11:46:02Z	2018-06-18T18:21:05Z			SAMEA104472033							MAX PLANCK INSTITUTE FOR DEVELOPMENTAL BIOLOGY	2018-06-26T11:46:02Z	2018-06-18T18:21:05Z	public							p1.D10														Pseudomonas sp. 286																																																																		p1.D10		Pseudomonas sp. 286									
SAMEA104472034	9554817	Pseudomonas viridiflava		Sample from Pseudomonas viridiflava		ERC000011	2018-06-26T11:46:03Z	2018-06-18T18:21:05Z			SAMEA104472034							MAX PLANCK INSTITUTE FOR DEVELOPMENTAL BIOLOGY	2018-06-26T11:46:03Z	2018-06-18T18:21:05Z	public							p1.D11														Pseudomonas sp. 286																																																																		p1.D11		Pseudomonas sp. 286									
SAMEA104472035	9554818	Pseudomonas viridiflava		Sample from Pseudomonas viridiflava		ERC000011	2018-06-26T11:46:03Z	2018-06-18T18:21:05Z			SAMEA104472035							MAX PLANCK INSTITUTE FOR DEVELOPMENTAL BIOLOGY	2018-06-26T11:46:03Z	2018-06-18T18:21:05Z	public							p1.D12														Pseudomonas sp. 286																																																																		p1.D12		Pseudomonas sp. 286									
SAMEA104472036	9554819	Pseudomonas viridiflava		Sample from Pseudomonas viridiflava		ERC000011	2018-06-26T11:46:03Z	2018-06-18T18:21:05Z			SAMEA104472036							MAX PLANCK INSTITUTE FOR DEVELOPMENTAL BIOLOGY	2018-06-26T11:46:03Z	2018-06-18T18:21:05Z	public							p1.D1														Pseudomonas sp. 286																																																																		p1.D1		Pseudomonas sp. 286									
SAMEA104472037	9554820	Pseudomonas viridiflava		Sample from Pseudomonas viridiflava		ERC000011	2018-06-26T11:46:03Z	2018-06-18T18:21:05Z			SAMEA104472037							MAX PLANCK INSTITUTE FOR DEVELOPMENTAL BIOLOGY	2018-06-26T11:46:03Z	2018-06-18T18:21:05Z	public							p1.D2														Pseudomonas sp. 286																																																																		p1.D2		Pseudomonas sp. 286									
SAMEA104472038	9554821	Pseudomonas viridiflava		Sample from Pseudomonas viridiflava		ERC000011	2018-06-26T11:46:04Z	2018-06-18T18:21:05Z			SAMEA104472038							MAX PLANCK INSTITUTE FOR DEVELOPMENTAL BIOLOGY	2018-06-26T11:46:04Z	2018-06-18T18:21:05Z	public							p1.D3														Pseudomonas sp. 286																																																																		p1.D3		Pseudomonas sp. 286									
SAMEA104472039	9554822	Pseudomonas viridiflava		Sample from Pseudomonas viridiflava		ERC000011	2018-06-26T11:46:04Z	2018-06-18T18:21:05Z			SAMEA104472039							MAX PLANCK INSTITUTE FOR DEVELOPMENTAL BIOLOGY	2018-06-26T11:46:04Z	2018-06-18T18:21:05Z	public							p1.D4														Pseudomonas sp. 286																																																																		p1.D4		Pseudomonas sp. 286									
SAMEA104472040	9554823	Pseudomonas viridiflava		Sample from Pseudomonas viridiflava		ERC000011	2018-06-26T11:46:04Z	2018-06-18T18:21:05Z			SAMEA104472040							MAX PLANCK INSTITUTE FOR DEVELOPMENTAL BIOLOGY	2018-06-26T11:46:04Z	2018-06-18T18:21:05Z	public							p1.D5														Pseudomonas sp. 286																																																																		p1.D5		Pseudomonas sp. 286									
SAMEA104472041	9554824	Pseudomonas viridiflava		Sample from Pseudomonas viridiflava		ERC000011	2018-06-26T11:46:04Z	2018-06-18T18:21:05Z			SAMEA104472041							MAX PLANCK INSTITUTE FOR DEVELOPMENTAL BIOLOGY	2018-06-26T11:46:04Z	2018-06-18T18:21:05Z	public							p1.D6														Pseudomonas sp. 286																																																																		p1.D6		Pseudomonas sp. 286									
SAMEA104472042	9554825	Pseudomonas viridiflava		Sample from Pseudomonas viridiflava		ERC000011	2018-06-26T11:46:05Z	2018-06-18T18:21:05Z			SAMEA104472042							MAX PLANCK INSTITUTE FOR DEVELOPMENTAL BIOLOGY	2018-06-26T11:46:05Z	2018-06-18T18:21:05Z	public							p1.D7														Pseudomonas sp. 286																																																																		p1.D7		Pseudomonas sp. 286									
SAMEA104472043	9554826	Pseudomonas viridiflava		Sample from Pseudomonas viridiflava		ERC000011	2018-06-26T11:46:05Z	2018-06-18T18:21:05Z			SAMEA104472043							MAX PLANCK INSTITUTE FOR DEVELOPMENTAL BIOLOGY	2018-06-26T11:46:05Z	2018-06-18T18:21:05Z	public							p1.D8														Pseudomonas sp. 286																																																																		p1.D8		Pseudomonas sp. 286									
SAMEA104472044	9554827	Pseudomonas viridiflava		Sample from Pseudomonas viridiflava		ERC000011	2018-06-26T11:46:05Z	2018-06-18T18:21:05Z			SAMEA104472044							MAX PLANCK INSTITUTE FOR DEVELOPMENTAL BIOLOGY	2018-06-26T11:46:05Z	2018-06-18T18:21:05Z	public							p1.D9														Pseudomonas sp. 286																																																																		p1.D9		Pseudomonas sp. 286									
SAMEA104472045	9554828	Pseudomonas viridiflava		Sample from Pseudomonas viridiflava		ERC000011	2018-06-26T11:46:05Z	2018-06-18T18:21:05Z			SAMEA104472045							MAX PLANCK INSTITUTE FOR DEVELOPMENTAL BIOLOGY	2018-06-26T11:46:05Z	2018-06-18T18:21:05Z	public							p1.E1														Pseudomonas sp. 286																																																																		p1.E1		Pseudomonas sp. 286									
SAMEA104472046	9554829	Pseudomonas viridiflava		Sample from Pseudomonas viridiflava		ERC000011	2018-06-26T11:46:06Z	2018-06-18T18:21:05Z			SAMEA104472046							MAX PLANCK INSTITUTE FOR DEVELOPMENTAL BIOLOGY	2018-06-26T11:46:06Z	2018-06-18T18:21:05Z	public							p1.E3														Pseudomonas sp. 286																																																																		p1.E3		Pseudomonas sp. 286									
SAMEA104472047	9554830	Pseudomonas viridiflava		Sample from Pseudomonas viridiflava		ERC000011	2018-06-26T11:46:06Z	2018-06-18T18:21:05Z			SAMEA104472047							MAX PLANCK INSTITUTE FOR DEVELOPMENTAL BIOLOGY	2018-06-26T11:46:06Z	2018-06-18T18:21:05Z	public							p1.E4														Pseudomonas sp. 286																																																																		p1.E4		Pseudomonas sp. 286									
SAMEA104472048	9554831	Pseudomonas viridiflava		Sample from Pseudomonas viridiflava		ERC000011	2018-06-26T11:46:06Z	2018-06-18T18:21:05Z			SAMEA104472048							MAX PLANCK INSTITUTE FOR DEVELOPMENTAL BIOLOGY	2018-06-26T11:46:06Z	2018-06-18T18:21:05Z	public							p1.E5														Pseudomonas sp. 286																																																																		p1.E5		Pseudomonas sp. 286									
SAMEA104472049	9554832	Pseudomonas viridiflava		Sample from Pseudomonas viridiflava		ERC000011	2018-06-26T11:46:07Z	2018-06-18T18:21:05Z			SAMEA104472049							MAX PLANCK INSTITUTE FOR DEVELOPMENTAL BIOLOGY	2018-06-26T11:46:07Z	2018-06-18T18:21:05Z	public							p1.E6														Pseudomonas sp. 286																																																																		p1.E6		Pseudomonas sp. 286									
SAMEA104472050	9554833	Pseudomonas viridiflava		Sample from Pseudomonas viridiflava		ERC000011	2018-06-26T11:46:07Z	2018-06-18T18:21:05Z			SAMEA104472050							MAX PLANCK INSTITUTE FOR DEVELOPMENTAL BIOLOGY	2018-06-26T11:46:07Z	2018-06-18T18:21:05Z	public							p1.E7														Pseudomonas sp. 286																																																																		p1.E7		Pseudomonas sp. 286									
SAMEA104472051	9554834	Pseudomonas viridiflava		Sample from Pseudomonas viridiflava		ERC000011	2018-06-26T11:46:07Z	2018-06-18T18:21:05Z			SAMEA104472051							MAX PLANCK INSTITUTE FOR DEVELOPMENTAL BIOLOGY	2018-06-26T11:46:07Z	2018-06-18T18:21:05Z	public							p1.E8														Pseudomonas sp. 286																																																																		p1.E8		Pseudomonas sp. 286									
SAMEA104472052	9554835	Pseudomonas viridiflava		Sample from Pseudomonas viridiflava		ERC000011	2018-06-26T11:46:07Z	2018-06-18T18:21:05Z			SAMEA104472052							MAX PLANCK INSTITUTE FOR DEVELOPMENTAL BIOLOGY	2018-06-26T11:46:07Z	2018-06-18T18:21:05Z	public							p1.F10														Pseudomonas sp. 286																																																																		p1.F10		Pseudomonas sp. 286									
SAMEA104472053	9554836	Pseudomonas viridiflava		Sample from Pseudomonas viridiflava		ERC000011	2018-06-26T11:46:08Z	2018-06-18T18:21:05Z			SAMEA104472053							MAX PLANCK INSTITUTE FOR DEVELOPMENTAL BIOLOGY	2018-06-26T11:46:08Z	2018-06-18T18:21:05Z	public							p1.F12														Pseudomonas sp. 286																																																																		p1.F12		Pseudomonas sp. 286									
SAMEA104472054	9554837	Pseudomonas viridiflava		Sample from Pseudomonas viridiflava		ERC000011	2018-06-26T11:46:08Z	2018-06-18T18:21:05Z			SAMEA104472054							MAX PLANCK INSTITUTE FOR DEVELOPMENTAL BIOLOGY	2018-06-26T11:46:08Z	2018-06-18T18:21:05Z	public							p1.F1														Pseudomonas sp. 286																																																																		p1.F1		Pseudomonas sp. 286									
SAMEA104472055	9554838	Pseudomonas viridiflava		Sample from Pseudomonas viridiflava		ERC000011	2018-06-26T11:46:08Z	2018-06-18T18:21:05Z			SAMEA104472055							MAX PLANCK INSTITUTE FOR DEVELOPMENTAL BIOLOGY	2018-06-26T11:46:08Z	2018-06-18T18:21:05Z	public							p1.F2														Pseudomonas sp. 286																																																																		p1.F2		Pseudomonas sp. 286									
SAMEA104472056	9554839	Pseudomonas viridiflava		Sample from Pseudomonas viridiflava		ERC000011	2018-06-26T11:46:08Z	2018-06-18T18:21:05Z			SAMEA104472056							MAX PLANCK INSTITUTE FOR DEVELOPMENTAL BIOLOGY	2018-06-26T11:46:08Z	2018-06-18T18:21:05Z	public							p1.F3														Pseudomonas sp. 286																																																																		p1.F3		Pseudomonas sp. 286									
SAMEA104472057	9554840	Pseudomonas viridiflava		Sample from Pseudomonas viridiflava		ERC000011	2018-06-26T11:46:09Z	2018-06-18T18:21:05Z			SAMEA104472057							MAX PLANCK INSTITUTE FOR DEVELOPMENTAL BIOLOGY	2018-06-26T11:46:09Z	2018-06-18T18:21:05Z	public							p1.F4														Pseudomonas sp. 286																																																																		p1.F4		Pseudomonas sp. 286									
SAMEA104472058	9554841	Pseudomonas viridiflava		Sample from Pseudomonas viridiflava		ERC000011	2018-06-26T11:46:09Z	2018-06-18T18:21:05Z			SAMEA104472058							MAX PLANCK INSTITUTE FOR DEVELOPMENTAL BIOLOGY	2018-06-26T11:46:09Z	2018-06-18T18:21:05Z	public							p1.F5														Pseudomonas sp. 286																																																																		p1.F5		Pseudomonas sp. 286									
SAMEA104472059	9554842	Pseudomonas viridiflava		Sample from Pseudomonas viridiflava		ERC000011	2018-06-26T11:46:09Z	2018-06-18T18:21:05Z			SAMEA104472059							MAX PLANCK INSTITUTE FOR DEVELOPMENTAL BIOLOGY	2018-06-26T11:46:09Z	2018-06-18T18:21:05Z	public							p1.F7														Pseudomonas sp. 286																																																																		p1.F7		Pseudomonas sp. 286									
SAMEA104472060	9554843	Pseudomonas viridiflava		Sample from Pseudomonas viridiflava		ERC000011	2018-06-26T11:46:09Z	2018-06-18T18:21:05Z			SAMEA104472060							MAX PLANCK INSTITUTE FOR DEVELOPMENTAL BIOLOGY	2018-06-26T11:46:09Z	2018-06-18T18:21:05Z	public							p1.F8														Pseudomonas sp. 286																																																																		p1.F8		Pseudomonas sp. 286									
SAMEA104472061	9554844	Pseudomonas viridiflava		Sample from Pseudomonas viridiflava		ERC000011	2018-06-26T11:46:10Z	2018-06-18T18:21:05Z			SAMEA104472061							MAX PLANCK INSTITUTE FOR DEVELOPMENTAL BIOLOGY	2018-06-26T11:46:10Z	2018-06-18T18:21:05Z	public							p1.F9														Pseudomonas sp. 286																																																																		p1.F9		Pseudomonas sp. 286									
SAMEA104472062	9554845	Pseudomonas viridiflava		Sample from Pseudomonas viridiflava		ERC000011	2018-06-26T11:46:10Z	2018-06-18T18:21:05Z			SAMEA104472062							MAX PLANCK INSTITUTE FOR DEVELOPMENTAL BIOLOGY	2018-06-26T11:46:10Z	2018-06-18T18:21:05Z	public							p1.G11														Pseudomonas sp. 286																																																																		p1.G11		Pseudomonas sp. 286									
SAMEA104472063	9554846	Pseudomonas viridiflava		Sample from Pseudomonas viridiflava		ERC000011	2018-06-26T11:46:10Z	2018-06-18T18:21:05Z			SAMEA104472063							MAX PLANCK INSTITUTE FOR DEVELOPMENTAL BIOLOGY	2018-06-26T11:46:10Z	2018-06-18T18:21:05Z	public							p1.G12														Pseudomonas sp. 286																																																																		p1.G12		Pseudomonas sp. 286									
SAMEA104472064	9554847	Pseudomonas viridiflava		Sample from Pseudomonas viridiflava		ERC000011	2018-06-26T11:46:10Z	2018-06-18T18:21:05Z			SAMEA104472064							MAX PLANCK INSTITUTE FOR DEVELOPMENTAL BIOLOGY	2018-06-26T11:46:10Z	2018-06-18T18:21:05Z	public							p1.G1														Pseudomonas sp. 286																																																																		p1.G1		Pseudomonas sp. 286									
SAMEA104472065	9554848	Pseudomonas viridiflava		Sample from Pseudomonas viridiflava		ERC000011	2018-06-26T11:46:11Z	2018-06-18T18:21:05Z			SAMEA104472065							MAX PLANCK INSTITUTE FOR DEVELOPMENTAL BIOLOGY	2018-06-26T11:46:11Z	2018-06-18T18:21:05Z	public							p1.G2														Pseudomonas sp. 286																																																																		p1.G2		Pseudomonas sp. 286									
SAMEA104472066	9554849	Pseudomonas viridiflava		Sample from Pseudomonas viridiflava		ERC000011	2018-06-26T11:46:11Z	2018-06-18T18:21:05Z			SAMEA104472066							MAX PLANCK INSTITUTE FOR DEVELOPMENTAL BIOLOGY	2018-06-26T11:46:11Z	2018-06-18T18:21:05Z	public							p1.G3														Pseudomonas sp. 286																																																																		p1.G3		Pseudomonas sp. 286									
SAMEA104472067	9554850	Pseudomonas viridiflava		Sample from Pseudomonas viridiflava		ERC000011	2018-06-26T11:46:11Z	2018-06-18T18:21:05Z			SAMEA104472067							MAX PLANCK INSTITUTE FOR DEVELOPMENTAL BIOLOGY	2018-06-26T11:46:11Z	2018-06-18T18:21:05Z	public							p1.G4														Pseudomonas sp. 286																																																																		p1.G4		Pseudomonas sp. 286									
SAMEA104472068	9554851	Pseudomonas viridiflava		Sample from Pseudomonas viridiflava		ERC000011	2018-06-26T11:46:11Z	2018-06-18T18:21:05Z			SAMEA104472068							MAX PLANCK INSTITUTE FOR DEVELOPMENTAL BIOLOGY	2018-06-26T11:46:11Z	2018-06-18T18:21:05Z	public							p1.G5														Pseudomonas sp. 286																																																																		p1.G5		Pseudomonas sp. 286									
SAMEA104472069	9554852	Pseudomonas viridiflava		Sample from Pseudomonas viridiflava		ERC000011	2018-06-26T11:46:12Z	2018-06-18T18:21:05Z			SAMEA104472069							MAX PLANCK INSTITUTE FOR DEVELOPMENTAL BIOLOGY	2018-06-26T11:46:12Z	2018-06-18T18:21:05Z	public							p1.G6														Pseudomonas sp. 286																																																																		p1.G6		Pseudomonas sp. 286									
SAMEA104472070	9554853	Pseudomonas viridiflava		Sample from Pseudomonas viridiflava		ERC000011	2018-06-26T11:46:12Z	2018-06-18T18:21:05Z			SAMEA104472070							MAX PLANCK INSTITUTE FOR DEVELOPMENTAL BIOLOGY	2018-06-26T11:46:12Z	2018-06-18T18:21:05Z	public							p1.G7														Pseudomonas sp. 286																																																																		p1.G7		Pseudomonas sp. 286									
SAMEA104472071	9554854	Pseudomonas viridiflava		Sample from Pseudomonas viridiflava		ERC000011	2018-06-26T11:46:12Z	2018-06-18T18:21:05Z			SAMEA104472071							MAX PLANCK INSTITUTE FOR DEVELOPMENTAL BIOLOGY	2018-06-26T11:46:12Z	2018-06-18T18:21:05Z	public							p1.G8														Pseudomonas sp. 286																																																																		p1.G8		Pseudomonas sp. 286									
SAMEA104472072	9554855	Pseudomonas viridiflava		Sample from Pseudomonas viridiflava		ERC000011	2018-06-26T11:46:13Z	2018-06-18T18:21:05Z			SAMEA104472072							MAX PLANCK INSTITUTE FOR DEVELOPMENTAL BIOLOGY	2018-06-26T11:46:13Z	2018-06-18T18:21:05Z	public							p1.G9														Pseudomonas sp. 286																																																																		p1.G9		Pseudomonas sp. 286									
SAMEA104472073	9554856	Pseudomonas viridiflava		Sample from Pseudomonas viridiflava		ERC000011	2018-06-26T11:46:13Z	2018-06-18T18:21:05Z			SAMEA104472073							MAX PLANCK INSTITUTE FOR DEVELOPMENTAL BIOLOGY	2018-06-26T11:46:13Z	2018-06-18T18:21:05Z	public							p1.H11														Pseudomonas sp. 286																																																																		p1.H11		Pseudomonas sp. 286									
SAMEA104472074	9554857	Pseudomonas viridiflava		Sample from Pseudomonas viridiflava		ERC000011	2018-06-26T11:46:13Z	2018-06-18T18:21:05Z			SAMEA104472074							MAX PLANCK INSTITUTE FOR DEVELOPMENTAL BIOLOGY	2018-06-26T11:46:13Z	2018-06-18T18:21:05Z	public							p1.H12														Pseudomonas sp. 286																																																																		p1.H12		Pseudomonas sp. 286									
SAMEA104472075	9554858	Pseudomonas viridiflava		Sample from Pseudomonas viridiflava		ERC000011	2018-06-26T11:46:13Z	2018-06-18T18:21:05Z			SAMEA104472075							MAX PLANCK INSTITUTE FOR DEVELOPMENTAL BIOLOGY	2018-06-26T11:46:13Z	2018-06-18T18:21:05Z	public							p1.H1														Pseudomonas sp. 286																																																																		p1.H1		Pseudomonas sp. 286									
SAMEA104472076	9554859	Pseudomonas viridiflava		Sample from Pseudomonas viridiflava		ERC000011	2018-06-26T11:46:14Z	2018-06-18T18:21:05Z			SAMEA104472076							MAX PLANCK INSTITUTE FOR DEVELOPMENTAL BIOLOGY	2018-06-26T11:46:14Z	2018-06-18T18:21:05Z	public							p1.H2														Pseudomonas sp. 286																																																																		p1.H2		Pseudomonas sp. 286									
SAMEA104472077	9554860	Pseudomonas viridiflava		Sample from Pseudomonas viridiflava		ERC000011	2018-06-26T11:46:14Z	2018-06-18T18:21:05Z			SAMEA104472077							MAX PLANCK INSTITUTE FOR DEVELOPMENTAL BIOLOGY	2018-06-26T11:46:14Z	2018-06-18T18:21:05Z	public							p1.H3														Pseudomonas sp. 286																																																																		p1.H3		Pseudomonas sp. 286									
SAMEA104472078	9554861	Pseudomonas viridiflava		Sample from Pseudomonas viridiflava		ERC000011	2018-06-26T11:46:14Z	2018-06-18T18:21:05Z			SAMEA104472078							MAX PLANCK INSTITUTE FOR DEVELOPMENTAL BIOLOGY	2018-06-26T11:46:14Z	2018-06-18T18:21:05Z	public							p1.H4														Pseudomonas sp. 286																																																																		p1.H4		Pseudomonas sp. 286									
SAMEA104472079	9554862	Pseudomonas viridiflava		Sample from Pseudomonas viridiflava		ERC000011	2018-06-26T11:46:14Z	2018-06-18T18:21:05Z			SAMEA104472079							MAX PLANCK INSTITUTE FOR DEVELOPMENTAL BIOLOGY	2018-06-26T11:46:14Z	2018-06-18T18:21:05Z	public							p1.H5														Pseudomonas sp. 286																																																																		p1.H5		Pseudomonas sp. 286									
SAMEA104472080	9554863	Pseudomonas viridiflava		Sample from Pseudomonas viridiflava		ERC000011	2018-06-26T11:46:15Z	2018-06-18T18:21:05Z			SAMEA104472080							MAX PLANCK INSTITUTE FOR DEVELOPMENTAL BIOLOGY	2018-06-26T11:46:15Z	2018-06-18T18:21:05Z	public							p1.H6														Pseudomonas sp. 286																																																																		p1.H6		Pseudomonas sp. 286									
SAMEA104472081	9554864	Pseudomonas viridiflava		Sample from Pseudomonas viridiflava		ERC000011	2018-06-26T11:46:15Z	2018-06-18T18:21:05Z			SAMEA104472081							MAX PLANCK INSTITUTE FOR DEVELOPMENTAL BIOLOGY	2018-06-26T11:46:15Z	2018-06-18T18:21:05Z	public							p1.H7														Pseudomonas sp. 286																																																																		p1.H7		Pseudomonas sp. 286									
SAMEA104472082	9554865	Pseudomonas viridiflava		Sample from Pseudomonas viridiflava		ERC000011	2018-06-26T11:46:15Z	2018-06-18T18:21:05Z			SAMEA104472082							MAX PLANCK INSTITUTE FOR DEVELOPMENTAL BIOLOGY	2018-06-26T11:46:15Z	2018-06-18T18:21:05Z	public							p1.H8														Pseudomonas sp. 286																																																																		p1.H8		Pseudomonas sp. 286									
SAMEA104472083	9554866	Pseudomonas viridiflava		Sample from Pseudomonas viridiflava		ERC000011	2018-06-26T11:46:16Z	2018-06-18T18:21:05Z			SAMEA104472083							MAX PLANCK INSTITUTE FOR DEVELOPMENTAL BIOLOGY	2018-06-26T11:46:16Z	2018-06-18T18:21:05Z	public							p1.H9														Pseudomonas sp. 286																																																																		p1.H9		Pseudomonas sp. 286									
SAMEA104472084	9554867	Pseudomonas viridiflava		Sample from Pseudomonas viridiflava		ERC000011	2018-06-26T11:46:16Z	2018-06-18T18:21:05Z			SAMEA104472084							MAX PLANCK INSTITUTE FOR DEVELOPMENTAL BIOLOGY	2018-06-26T11:46:16Z	2018-06-18T18:21:05Z	public							p20.A10														Pseudomonas sp. 286																																																																		p20.A10		Pseudomonas sp. 286									
SAMEA104472085	9554868	Pseudomonas viridiflava		Sample from Pseudomonas viridiflava		ERC000011	2018-06-26T11:46:17Z	2018-06-18T18:21:05Z			SAMEA104472085							MAX PLANCK INSTITUTE FOR DEVELOPMENTAL BIOLOGY	2018-06-26T11:46:17Z	2018-06-18T18:21:05Z	public							p20.A11														Pseudomonas sp. 286																																																																		p20.A11		Pseudomonas sp. 286									
SAMEA104472086	9554869	Pseudomonas viridiflava		Sample from Pseudomonas viridiflava		ERC000011	2018-06-26T11:46:17Z	2018-06-18T18:21:05Z			SAMEA104472086							MAX PLANCK INSTITUTE FOR DEVELOPMENTAL BIOLOGY	2018-06-26T11:46:17Z	2018-06-18T18:21:05Z	public							p20.A12														Pseudomonas sp. 286																																																																		p20.A12		Pseudomonas sp. 286									
SAMEA104472087	9554870	Pseudomonas viridiflava		Sample from Pseudomonas viridiflava		ERC000011	2018-06-26T11:46:17Z	2018-06-18T18:20:56Z			SAMEA104472087							MAX PLANCK INSTITUTE FOR DEVELOPMENTAL BIOLOGY	2018-06-26T11:46:17Z	2018-06-18T18:20:56Z	public							p20.A1														Pseudomonas sp. 286																																																																		p20.A1		Pseudomonas sp. 286									
SAMEA104472088	9554871	Pseudomonas viridiflava		Sample from Pseudomonas viridiflava		ERC000011	2018-06-26T11:46:17Z	2018-06-18T18:21:05Z			SAMEA104472088							MAX PLANCK INSTITUTE FOR DEVELOPMENTAL BIOLOGY	2018-06-26T11:46:17Z	2018-06-18T18:21:05Z	public							p20.A2														Pseudomonas sp. 286																																																																		p20.A2		Pseudomonas sp. 286									
SAMEA104472089	9554872	Pseudomonas viridiflava		Sample from Pseudomonas viridiflava		ERC000011	2018-06-26T11:46:18Z	2018-06-18T18:21:05Z			SAMEA104472089							MAX PLANCK INSTITUTE FOR DEVELOPMENTAL BIOLOGY	2018-06-26T11:46:18Z	2018-06-18T18:21:05Z	public							p20.A3														Pseudomonas sp. 286																																																																		p20.A3		Pseudomonas sp. 286									
SAMEA104472090	9554873	Pseudomonas viridiflava		Sample from Pseudomonas viridiflava		ERC000011	2018-06-26T11:46:18Z	2018-06-18T18:21:05Z			SAMEA104472090							MAX PLANCK INSTITUTE FOR DEVELOPMENTAL BIOLOGY	2018-06-26T11:46:18Z	2018-06-18T18:21:05Z	public							p20.A4														Pseudomonas sp. 286																																																																		p20.A4		Pseudomonas sp. 286									
SAMEA104472091	9554874	Pseudomonas viridiflava		Sample from Pseudomonas viridiflava		ERC000011	2018-06-26T11:46:18Z	2018-06-18T18:21:05Z			SAMEA104472091							MAX PLANCK INSTITUTE FOR DEVELOPMENTAL BIOLOGY	2018-06-26T11:46:18Z	2018-06-18T18:21:05Z	public							p20.A5														Pseudomonas sp. 286																																																																		p20.A5		Pseudomonas sp. 286									
SAMEA104472092	9554875	Pseudomonas viridiflava		Sample from Pseudomonas viridiflava		ERC000011	2018-06-26T11:46:19Z	2018-06-18T18:21:05Z			SAMEA104472092							MAX PLANCK INSTITUTE FOR DEVELOPMENTAL BIOLOGY	2018-06-26T11:46:19Z	2018-06-18T18:21:05Z	public							p20.A7														Pseudomonas sp. 286																																																																		p20.A7		Pseudomonas sp. 286									
SAMEA104472093	9554876	Pseudomonas viridiflava		Sample from Pseudomonas viridiflava		ERC000011	2018-06-26T11:46:19Z	2018-06-18T18:21:05Z			SAMEA104472093							MAX PLANCK INSTITUTE FOR DEVELOPMENTAL BIOLOGY	2018-06-26T11:46:19Z	2018-06-18T18:21:05Z	public							p20.A8														Pseudomonas sp. 286																																																																		p20.A8		Pseudomonas sp. 286									
SAMEA104472094	9554877	Pseudomonas viridiflava		Sample from Pseudomonas viridiflava		ERC000011	2018-06-26T11:46:19Z	2018-06-18T18:21:05Z			SAMEA104472094							MAX PLANCK INSTITUTE FOR DEVELOPMENTAL BIOLOGY	2018-06-26T11:46:19Z	2018-06-18T18:21:05Z	public							p20.B10														Pseudomonas sp. 286																																																																		p20.B10		Pseudomonas sp. 286									
SAMEA104472095	9554878	Pseudomonas viridiflava		Sample from Pseudomonas viridiflava		ERC000011	2018-06-26T11:46:19Z	2018-06-18T18:20:56Z			SAMEA104472095							MAX PLANCK INSTITUTE FOR DEVELOPMENTAL BIOLOGY	2018-06-26T11:46:19Z	2018-06-18T18:20:56Z	public							p20.B11														Pseudomonas sp. 286																																																																		p20.B11		Pseudomonas sp. 286									
SAMEA104472096	9554879	Pseudomonas viridiflava		Sample from Pseudomonas viridiflava		ERC000011	2018-06-26T11:46:20Z	2018-06-18T18:20:56Z			SAMEA104472096							MAX PLANCK INSTITUTE FOR DEVELOPMENTAL BIOLOGY	2018-06-26T11:46:20Z	2018-06-18T18:20:56Z	public							p20.B12														Pseudomonas sp. 286																																																																		p20.B12		Pseudomonas sp. 286									
SAMEA104472097	9554880	Pseudomonas viridiflava		Sample from Pseudomonas viridiflava		ERC000011	2018-06-26T11:46:20Z	2018-06-18T18:20:56Z			SAMEA104472097							MAX PLANCK INSTITUTE FOR DEVELOPMENTAL BIOLOGY	2018-06-26T11:46:20Z	2018-06-18T18:20:56Z	public							p20.B1														Pseudomonas sp. 286																																																																		p20.B1		Pseudomonas sp. 286									
SAMEA104472098	9554881	Pseudomonas viridiflava		Sample from Pseudomonas viridiflava		ERC000011	2018-06-26T11:46:20Z	2018-06-18T18:20:56Z			SAMEA104472098							MAX PLANCK INSTITUTE FOR DEVELOPMENTAL BIOLOGY	2018-06-26T11:46:20Z	2018-06-18T18:20:56Z	public							p20.B2														Pseudomonas sp. 286																																																																		p20.B2		Pseudomonas sp. 286									
SAMEA104472099	9554882	Pseudomonas viridiflava		Sample from Pseudomonas viridiflava		ERC000011	2018-06-26T11:46:21Z	2018-06-18T18:20:56Z			SAMEA104472099							MAX PLANCK INSTITUTE FOR DEVELOPMENTAL BIOLOGY	2018-06-26T11:46:21Z	2018-06-18T18:20:56Z	public							p20.B3														Pseudomonas sp. 286																																																																		p20.B3		Pseudomonas sp. 286									
SAMEA104472100	9554883	Pseudomonas viridiflava		Sample from Pseudomonas viridiflava		ERC000011	2018-06-26T11:46:21Z	2018-06-18T18:20:56Z			SAMEA104472100							MAX PLANCK INSTITUTE FOR DEVELOPMENTAL BIOLOGY	2018-06-26T11:46:21Z	2018-06-18T18:20:56Z	public							p20.B4														Pseudomonas sp. 286																																																																		p20.B4		Pseudomonas sp. 286									
SAMEA104472101	9554884	Pseudomonas viridiflava		Sample from Pseudomonas viridiflava		ERC000011	2018-06-26T11:46:21Z	2018-06-18T18:20:56Z			SAMEA104472101							MAX PLANCK INSTITUTE FOR DEVELOPMENTAL BIOLOGY	2018-06-26T11:46:21Z	2018-06-18T18:20:56Z	public							p20.B5														Pseudomonas sp. 286																																																																		p20.B5		Pseudomonas sp. 286									
SAMEA104472102	9554885	Pseudomonas viridiflava		Sample from Pseudomonas viridiflava		ERC000011	2018-06-26T11:46:22Z	2018-06-18T18:20:56Z			SAMEA104472102							MAX PLANCK INSTITUTE FOR DEVELOPMENTAL BIOLOGY	2018-06-26T11:46:22Z	2018-06-18T18:20:56Z	public							p20.B7														Pseudomonas sp. 286																																																																		p20.B7		Pseudomonas sp. 286									
SAMEA104472103	9554886	Pseudomonas viridiflava		Sample from Pseudomonas viridiflava		ERC000011	2018-06-26T11:46:22Z	2018-06-18T18:20:56Z			SAMEA104472103							MAX PLANCK INSTITUTE FOR DEVELOPMENTAL BIOLOGY	2018-06-26T11:46:22Z	2018-06-18T18:20:56Z	public							p20.B8														Pseudomonas sp. 286																																																																		p20.B8		Pseudomonas sp. 286									
SAMEA104472104	9554887	Pseudomonas viridiflava		Sample from Pseudomonas viridiflava		ERC000011	2018-06-26T11:46:22Z	2018-06-18T18:20:56Z			SAMEA104472104							MAX PLANCK INSTITUTE FOR DEVELOPMENTAL BIOLOGY	2018-06-26T11:46:22Z	2018-06-18T18:20:56Z	public							p20.C10														Pseudomonas sp. 286																																																																		p20.C10		Pseudomonas sp. 286									
SAMEA104472105	9554888	Pseudomonas viridiflava		Sample from Pseudomonas viridiflava		ERC000011	2018-06-26T11:46:22Z	2018-06-18T18:20:56Z			SAMEA104472105							MAX PLANCK INSTITUTE FOR DEVELOPMENTAL BIOLOGY	2018-06-26T11:46:22Z	2018-06-18T18:20:56Z	public							p20.C11														Pseudomonas sp. 286																																																																		p20.C11		Pseudomonas sp. 286									
SAMEA104472106	9554889	Pseudomonas viridiflava		Sample from Pseudomonas viridiflava		ERC000011	2018-06-26T11:46:23Z	2018-06-18T18:20:56Z			SAMEA104472106							MAX PLANCK INSTITUTE FOR DEVELOPMENTAL BIOLOGY	2018-06-26T11:46:23Z	2018-06-18T18:20:56Z	public							p20.C12														Pseudomonas sp. 286																																																																		p20.C12		Pseudomonas sp. 286									
SAMEA104472107	9554890	Pseudomonas viridiflava		Sample from Pseudomonas viridiflava		ERC000011	2018-06-26T11:46:23Z	2018-06-18T18:20:56Z			SAMEA104472107							MAX PLANCK INSTITUTE FOR DEVELOPMENTAL BIOLOGY	2018-06-26T11:46:23Z	2018-06-18T18:20:56Z	public							p20.C1														Pseudomonas sp. 286																																																																		p20.C1		Pseudomonas sp. 286									
SAMEA104472108	9554891	Pseudomonas viridiflava		Sample from Pseudomonas viridiflava		ERC000011	2018-06-26T11:46:23Z	2018-06-18T18:20:56Z			SAMEA104472108							MAX PLANCK INSTITUTE FOR DEVELOPMENTAL BIOLOGY	2018-06-26T11:46:23Z	2018-06-18T18:20:56Z	public							p20.C2														Pseudomonas sp. 286																																																																		p20.C2		Pseudomonas sp. 286									
SAMEA104472109	9554892	Pseudomonas viridiflava		Sample from Pseudomonas viridiflava		ERC000011	2018-06-26T11:46:24Z	2018-06-18T18:20:56Z			SAMEA104472109							MAX PLANCK INSTITUTE FOR DEVELOPMENTAL BIOLOGY	2018-06-26T11:46:24Z	2018-06-18T18:20:56Z	public							p20.C3														Pseudomonas sp. 286																																																																		p20.C3		Pseudomonas sp. 286									
SAMEA104472110	9554893	Pseudomonas viridiflava		Sample from Pseudomonas viridiflava		ERC000011	2018-06-26T11:46:24Z	2018-06-18T18:20:56Z			SAMEA104472110							MAX PLANCK INSTITUTE FOR DEVELOPMENTAL BIOLOGY	2018-06-26T11:46:24Z	2018-06-18T18:20:56Z	public							p20.C4														Pseudomonas sp. 286																																																																		p20.C4		Pseudomonas sp. 286									
SAMEA104472111	9554894	Pseudomonas viridiflava		Sample from Pseudomonas viridiflava		ERC000011	2018-06-26T11:46:24Z	2018-06-18T18:20:56Z			SAMEA104472111							MAX PLANCK INSTITUTE FOR DEVELOPMENTAL BIOLOGY	2018-06-26T11:46:24Z	2018-06-18T18:20:56Z	public							p20.C5														Pseudomonas sp. 286																																																																		p20.C5		Pseudomonas sp. 286									
SAMEA104472112	9554895	Pseudomonas viridiflava		Sample from Pseudomonas viridiflava		ERC000011	2018-06-26T11:46:24Z	2018-06-18T18:20:56Z			SAMEA104472112							MAX PLANCK INSTITUTE FOR DEVELOPMENTAL BIOLOGY	2018-06-26T11:46:24Z	2018-06-18T18:20:56Z	public							p20.C7														Pseudomonas sp. 286																																																																		p20.C7		Pseudomonas sp. 286									
SAMEA104472113	9554896	Pseudomonas viridiflava		Sample from Pseudomonas viridiflava		ERC000011	2018-06-26T11:46:25Z	2018-06-18T18:20:56Z			SAMEA104472113							MAX PLANCK INSTITUTE FOR DEVELOPMENTAL BIOLOGY	2018-06-26T11:46:25Z	2018-06-18T18:20:56Z	public							p20.C9														Pseudomonas sp. 286																																																																		p20.C9		Pseudomonas sp. 286									
SAMEA104472114	9554897	Pseudomonas viridiflava		Sample from Pseudomonas viridiflava		ERC000011	2018-06-26T11:46:25Z	2018-06-18T18:20:56Z			SAMEA104472114							MAX PLANCK INSTITUTE FOR DEVELOPMENTAL BIOLOGY	2018-06-26T11:46:25Z	2018-06-18T18:20:56Z	public							p20.D10														Pseudomonas sp. 286																																																																		p20.D10		Pseudomonas sp. 286									
SAMEA104472115	9554898	Pseudomonas viridiflava		Sample from Pseudomonas viridiflava		ERC000011	2018-06-26T11:46:25Z	2018-06-18T18:20:56Z			SAMEA104472115							MAX PLANCK INSTITUTE FOR DEVELOPMENTAL BIOLOGY	2018-06-26T11:46:25Z	2018-06-18T18:20:56Z	public							p20.D11														Pseudomonas sp. 286																																																																		p20.D11		Pseudomonas sp. 286									
SAMEA104472116	9554899	Pseudomonas viridiflava		Sample from Pseudomonas viridiflava		ERC000011	2018-06-26T11:46:26Z	2018-06-18T18:20:56Z			SAMEA104472116							MAX PLANCK INSTITUTE FOR DEVELOPMENTAL BIOLOGY	2018-06-26T11:46:26Z	2018-06-18T18:20:56Z	public							p20.D12														Pseudomonas sp. 286																																																																		p20.D12		Pseudomonas sp. 286									
SAMEA104472117	9554900	Pseudomonas viridiflava		Sample from Pseudomonas viridiflava		ERC000011	2018-06-26T11:46:26Z	2018-06-18T18:20:56Z			SAMEA104472117							MAX PLANCK INSTITUTE FOR DEVELOPMENTAL BIOLOGY	2018-06-26T11:46:26Z	2018-06-18T18:20:56Z	public							p20.D1														Pseudomonas sp. 286																																																																		p20.D1		Pseudomonas sp. 286									
SAMEA104472118	9554901	Pseudomonas viridiflava		Sample from Pseudomonas viridiflava		ERC000011	2018-06-26T11:46:26Z	2018-06-18T18:20:56Z			SAMEA104472118							MAX PLANCK INSTITUTE FOR DEVELOPMENTAL BIOLOGY	2018-06-26T11:46:26Z	2018-06-18T18:20:56Z	public							p20.D2														Pseudomonas sp. 286																																																																		p20.D2		Pseudomonas sp. 286									
SAMEA104472119	9554902	Pseudomonas viridiflava		Sample from Pseudomonas viridiflava		ERC000011	2018-06-26T11:46:26Z	2018-06-18T18:20:56Z			SAMEA104472119							MAX PLANCK INSTITUTE FOR DEVELOPMENTAL BIOLOGY	2018-06-26T11:46:26Z	2018-06-18T18:20:56Z	public							p20.D3														Pseudomonas sp. 286																																																																		p20.D3		Pseudomonas sp. 286									
SAMEA104472120	9554903	Pseudomonas viridiflava		Sample from Pseudomonas viridiflava		ERC000011	2018-06-26T11:46:27Z	2018-06-18T18:20:56Z			SAMEA104472120							MAX PLANCK INSTITUTE FOR DEVELOPMENTAL BIOLOGY	2018-06-26T11:46:27Z	2018-06-18T18:20:56Z	public							p20.D4														Pseudomonas sp. 286																																																																		p20.D4		Pseudomonas sp. 286									
SAMEA104472121	9554904	Pseudomonas viridiflava		Sample from Pseudomonas viridiflava		ERC000011	2018-06-26T11:46:27Z	2018-06-18T18:20:56Z			SAMEA104472121							MAX PLANCK INSTITUTE FOR DEVELOPMENTAL BIOLOGY	2018-06-26T11:46:27Z	2018-06-18T18:20:56Z	public							p20.D5														Pseudomonas sp. 286																																																																		p20.D5		Pseudomonas sp. 286									
SAMEA104472122	9554905	Pseudomonas viridiflava		Sample from Pseudomonas viridiflava		ERC000011	2018-06-26T11:46:27Z	2018-06-18T18:20:56Z			SAMEA104472122							MAX PLANCK INSTITUTE FOR DEVELOPMENTAL BIOLOGY	2018-06-26T11:46:27Z	2018-06-18T18:20:56Z	public							p20.D7														Pseudomonas sp. 286																																																																		p20.D7		Pseudomonas sp. 286									
SAMEA104472123	9554906	Pseudomonas viridiflava		Sample from Pseudomonas viridiflava		ERC000011	2018-06-26T11:46:28Z	2018-06-18T18:20:56Z			SAMEA104472123							MAX PLANCK INSTITUTE FOR DEVELOPMENTAL BIOLOGY	2018-06-26T11:46:28Z	2018-06-18T18:20:56Z	public							p20.D8														Pseudomonas sp. 286																																																																		p20.D8		Pseudomonas sp. 286									
SAMEA104472124	9554907	Pseudomonas viridiflava		Sample from Pseudomonas viridiflava		ERC000011	2018-06-26T11:46:28Z	2018-06-18T18:20:56Z			SAMEA104472124							MAX PLANCK INSTITUTE FOR DEVELOPMENTAL BIOLOGY	2018-06-26T11:46:28Z	2018-06-18T18:20:56Z	public							p20.E10														Pseudomonas sp. 286																																																																		p20.E10		Pseudomonas sp. 286									
SAMEA104472125	9554908	Pseudomonas viridiflava		Sample from Pseudomonas viridiflava		ERC000011	2018-06-26T11:46:28Z	2018-06-18T18:20:56Z			SAMEA104472125							MAX PLANCK INSTITUTE FOR DEVELOPMENTAL BIOLOGY	2018-06-26T11:46:28Z	2018-06-18T18:20:56Z	public							p20.E11														Pseudomonas sp. 286																																																																		p20.E11		Pseudomonas sp. 286									
SAMEA104472126	9554909	Pseudomonas viridiflava		Sample from Pseudomonas viridiflava		ERC000011	2018-06-26T11:46:28Z	2018-06-18T18:20:56Z			SAMEA104472126							MAX PLANCK INSTITUTE FOR DEVELOPMENTAL BIOLOGY	2018-06-26T11:46:28Z	2018-06-18T18:20:56Z	public							p20.E12														Pseudomonas sp. 286																																																																		p20.E12		Pseudomonas sp. 286									
SAMEA104472127	9554910	Pseudomonas viridiflava		Sample from Pseudomonas viridiflava		ERC000011	2018-06-26T11:46:29Z	2018-06-18T18:20:56Z			SAMEA104472127							MAX PLANCK INSTITUTE FOR DEVELOPMENTAL BIOLOGY	2018-06-26T11:46:29Z	2018-06-18T18:20:56Z	public							p20.E1														Pseudomonas sp. 286																																																																		p20.E1		Pseudomonas sp. 286									
SAMEA104472128	9554911	Pseudomonas viridiflava		Sample from Pseudomonas viridiflava		ERC000011	2018-06-26T11:46:29Z	2018-06-18T18:20:56Z			SAMEA104472128							MAX PLANCK INSTITUTE FOR DEVELOPMENTAL BIOLOGY	2018-06-26T11:46:29Z	2018-06-18T18:20:56Z	public							p20.E2														Pseudomonas sp. 286																																																																		p20.E2		Pseudomonas sp. 286									
SAMEA104472129	9554912	Pseudomonas viridiflava		Sample from Pseudomonas viridiflava		ERC000011	2018-06-26T11:46:29Z	2018-06-18T18:20:56Z			SAMEA104472129							MAX PLANCK INSTITUTE FOR DEVELOPMENTAL BIOLOGY	2018-06-26T11:46:29Z	2018-06-18T18:20:56Z	public							p20.E3														Pseudomonas sp. 286																																																																		p20.E3		Pseudomonas sp. 286									
SAMEA104472130	9554913	Pseudomonas viridiflava		Sample from Pseudomonas viridiflava		ERC000011	2018-06-26T11:46:30Z	2018-06-18T18:20:56Z			SAMEA104472130							MAX PLANCK INSTITUTE FOR DEVELOPMENTAL BIOLOGY	2018-06-26T11:46:30Z	2018-06-18T18:20:56Z	public							p20.E4														Pseudomonas sp. 286																																																																		p20.E4		Pseudomonas sp. 286									
SAMEA104472131	9554914	Pseudomonas viridiflava		Sample from Pseudomonas viridiflava		ERC000011	2018-06-26T11:46:30Z	2018-06-18T18:20:56Z			SAMEA104472131							MAX PLANCK INSTITUTE FOR DEVELOPMENTAL BIOLOGY	2018-06-26T11:46:30Z	2018-06-18T18:20:56Z	public							p20.E5														Pseudomonas sp. 286																																																																		p20.E5		Pseudomonas sp. 286									
SAMEA104472132	9554915	Pseudomonas viridiflava		Sample from Pseudomonas viridiflava		ERC000011	2018-06-26T11:46:30Z	2018-06-18T18:20:56Z			SAMEA104472132							MAX PLANCK INSTITUTE FOR DEVELOPMENTAL BIOLOGY	2018-06-26T11:46:30Z	2018-06-18T18:20:56Z	public							p20.E7														Pseudomonas sp. 286																																																																		p20.E7		Pseudomonas sp. 286									
SAMEA104472133	9554916	Pseudomonas viridiflava		Sample from Pseudomonas viridiflava		ERC000011	2018-06-26T11:46:31Z	2018-06-18T18:20:56Z			SAMEA104472133							MAX PLANCK INSTITUTE FOR DEVELOPMENTAL BIOLOGY	2018-06-26T11:46:31Z	2018-06-18T18:20:56Z	public							p20.E8														Pseudomonas sp. 286																																																																		p20.E8		Pseudomonas sp. 286									
SAMEA104472134	9554917	Pseudomonas viridiflava		Sample from Pseudomonas viridiflava		ERC000011	2018-06-26T11:46:31Z	2018-06-18T18:20:56Z			SAMEA104472134							MAX PLANCK INSTITUTE FOR DEVELOPMENTAL BIOLOGY	2018-06-26T11:46:31Z	2018-06-18T18:20:56Z	public							p20.E9														Pseudomonas sp. 286																																																																		p20.E9		Pseudomonas sp. 286									
SAMEA104472135	9554918	Pseudomonas viridiflava		Sample from Pseudomonas viridiflava		ERC000011	2018-06-26T11:46:31Z	2018-06-18T18:20:56Z			SAMEA104472135							MAX PLANCK INSTITUTE FOR DEVELOPMENTAL BIOLOGY	2018-06-26T11:46:31Z	2018-06-18T18:20:56Z	public							p20.F10														Pseudomonas sp. 286																																																																		p20.F10		Pseudomonas sp. 286									
SAMEA104472136	9554919	Pseudomonas viridiflava		Sample from Pseudomonas viridiflava		ERC000011	2018-06-26T11:46:32Z	2018-06-18T18:20:56Z			SAMEA104472136							MAX PLANCK INSTITUTE FOR DEVELOPMENTAL BIOLOGY	2018-06-26T11:46:32Z	2018-06-18T18:20:56Z	public							p20.F11														Pseudomonas sp. 286																																																																		p20.F11		Pseudomonas sp. 286									
SAMEA104472137	9554920	Pseudomonas viridiflava		Sample from Pseudomonas viridiflava		ERC000011	2018-06-26T11:46:32Z	2018-06-18T18:20:56Z			SAMEA104472137							MAX PLANCK INSTITUTE FOR DEVELOPMENTAL BIOLOGY	2018-06-26T11:46:32Z	2018-06-18T18:20:56Z	public							p20.F12														Pseudomonas sp. 286																																																																		p20.F12		Pseudomonas sp. 286									
SAMEA104472138	9554921	Pseudomonas viridiflava		Sample from Pseudomonas viridiflava		ERC000011	2018-06-26T11:46:32Z	2018-06-18T18:20:56Z			SAMEA104472138							MAX PLANCK INSTITUTE FOR DEVELOPMENTAL BIOLOGY	2018-06-26T11:46:32Z	2018-06-18T18:20:56Z	public							p20.F1														Pseudomonas sp. 286																																																																		p20.F1		Pseudomonas sp. 286									
SAMEA104472139	9554922	Pseudomonas viridiflava		Sample from Pseudomonas viridiflava		ERC000011	2018-06-26T11:46:32Z	2018-06-18T18:20:56Z			SAMEA104472139							MAX PLANCK INSTITUTE FOR DEVELOPMENTAL BIOLOGY	2018-06-26T11:46:32Z	2018-06-18T18:20:56Z	public							p20.F2														Pseudomonas sp. 286																																																																		p20.F2		Pseudomonas sp. 286									
SAMEA104472140	9554923	Pseudomonas viridiflava		Sample from Pseudomonas viridiflava		ERC000011	2018-06-26T11:46:33Z	2018-06-18T18:20:56Z			SAMEA104472140							MAX PLANCK INSTITUTE FOR DEVELOPMENTAL BIOLOGY	2018-06-26T11:46:33Z	2018-06-18T18:20:56Z	public							p20.F3														Pseudomonas sp. 286																																																																		p20.F3		Pseudomonas sp. 286									
SAMEA104472141	9554924	Pseudomonas viridiflava		Sample from Pseudomonas viridiflava		ERC000011	2018-06-26T11:46:33Z	2018-06-18T18:20:56Z			SAMEA104472141							MAX PLANCK INSTITUTE FOR DEVELOPMENTAL BIOLOGY	2018-06-26T11:46:33Z	2018-06-18T18:20:56Z	public							p20.F4														Pseudomonas sp. 286																																																																		p20.F4		Pseudomonas sp. 286									
SAMEA104472142	9554925	Pseudomonas viridiflava		Sample from Pseudomonas viridiflava		ERC000011	2018-06-26T11:46:33Z	2018-06-18T18:20:56Z			SAMEA104472142							MAX PLANCK INSTITUTE FOR DEVELOPMENTAL BIOLOGY	2018-06-26T11:46:33Z	2018-06-18T18:20:56Z	public							p20.F5														Pseudomonas sp. 286																																																																		p20.F5		Pseudomonas sp. 286									
SAMEA104472143	9554926	Pseudomonas viridiflava		Sample from Pseudomonas viridiflava		ERC000011	2018-06-26T11:46:33Z	2018-06-18T18:20:56Z			SAMEA104472143							MAX PLANCK INSTITUTE FOR DEVELOPMENTAL BIOLOGY	2018-06-26T11:46:33Z	2018-06-18T18:20:56Z	public							p20.F8														Pseudomonas sp. 286																																																																		p20.F8		Pseudomonas sp. 286									
SAMEA104472144	9554927	Pseudomonas viridiflava		Sample from Pseudomonas viridiflava		ERC000011	2018-06-26T11:46:34Z	2018-06-18T18:20:56Z			SAMEA104472144							MAX PLANCK INSTITUTE FOR DEVELOPMENTAL BIOLOGY	2018-06-26T11:46:34Z	2018-06-18T18:20:56Z	public							p20.F9														Pseudomonas sp. 286																																																																		p20.F9		Pseudomonas sp. 286									
SAMEA104472145	9554928	Pseudomonas viridiflava		Sample from Pseudomonas viridiflava		ERC000011	2018-06-26T11:46:34Z	2018-06-18T18:20:56Z			SAMEA104472145							MAX PLANCK INSTITUTE FOR DEVELOPMENTAL BIOLOGY	2018-06-26T11:46:34Z	2018-06-18T18:20:56Z	public							p20.G10														Pseudomonas sp. 286																																																																		p20.G10		Pseudomonas sp. 286									
SAMEA104472146	9554929	Pseudomonas viridiflava		Sample from Pseudomonas viridiflava		ERC000011	2018-06-26T11:46:34Z	2018-06-18T18:20:56Z			SAMEA104472146							MAX PLANCK INSTITUTE FOR DEVELOPMENTAL BIOLOGY	2018-06-26T11:46:34Z	2018-06-18T18:20:56Z	public							p20.G11														Pseudomonas sp. 286																																																																		p20.G11		Pseudomonas sp. 286									
SAMEA104472147	9554930	Pseudomonas viridiflava		Sample from Pseudomonas viridiflava		ERC000011	2018-06-26T11:46:35Z	2018-06-18T18:20:56Z			SAMEA104472147							MAX PLANCK INSTITUTE FOR DEVELOPMENTAL BIOLOGY	2018-06-26T11:46:35Z	2018-06-18T18:20:56Z	public							p20.G12														Pseudomonas sp. 286																																																																		p20.G12		Pseudomonas sp. 286									
SAMEA104472148	9554931	Pseudomonas viridiflava		Sample from Pseudomonas viridiflava		ERC000011	2018-06-26T11:46:35Z	2018-06-18T18:20:56Z			SAMEA104472148							MAX PLANCK INSTITUTE FOR DEVELOPMENTAL BIOLOGY	2018-06-26T11:46:35Z	2018-06-18T18:20:56Z	public							p20.G1														Pseudomonas sp. 286																																																																		p20.G1		Pseudomonas sp. 286									
SAMEA104472149	9554932	Pseudomonas viridiflava		Sample from Pseudomonas viridiflava		ERC000011	2018-06-26T11:46:35Z	2018-06-18T18:20:56Z			SAMEA104472149							MAX PLANCK INSTITUTE FOR DEVELOPMENTAL BIOLOGY	2018-06-26T11:46:35Z	2018-06-18T18:20:56Z	public							p20.G2														Pseudomonas sp. 286																																																																		p20.G2		Pseudomonas sp. 286									
SAMEA104472150	9554933	Pseudomonas viridiflava		Sample from Pseudomonas viridiflava		ERC000011	2018-06-26T11:46:36Z	2018-06-18T18:20:56Z			SAMEA104472150							MAX PLANCK INSTITUTE FOR DEVELOPMENTAL BIOLOGY	2018-06-26T11:46:36Z	2018-06-18T18:20:56Z	public							p20.G3														Pseudomonas sp. 286																																																																		p20.G3		Pseudomonas sp. 286									
SAMEA104472151	9554934	Pseudomonas viridiflava		Sample from Pseudomonas viridiflava		ERC000011	2018-06-26T11:46:36Z	2018-06-18T18:20:56Z			SAMEA104472151							MAX PLANCK INSTITUTE FOR DEVELOPMENTAL BIOLOGY	2018-06-26T11:46:36Z	2018-06-18T18:20:56Z	public							p20.G4														Pseudomonas sp. 286																																																																		p20.G4		Pseudomonas sp. 286									
SAMEA104472152	9554935	Pseudomonas viridiflava		Sample from Pseudomonas viridiflava		ERC000011	2018-06-26T11:46:36Z	2018-06-18T18:20:56Z			SAMEA104472152							MAX PLANCK INSTITUTE FOR DEVELOPMENTAL BIOLOGY	2018-06-26T11:46:36Z	2018-06-18T18:20:56Z	public							p20.G5														Pseudomonas sp. 286																																																																		p20.G5		Pseudomonas sp. 286									
SAMEA104472153	9554936	Pseudomonas viridiflava		Sample from Pseudomonas viridiflava		ERC000011	2018-06-26T11:46:36Z	2018-06-18T18:20:56Z			SAMEA104472153							MAX PLANCK INSTITUTE FOR DEVELOPMENTAL BIOLOGY	2018-06-26T11:46:36Z	2018-06-18T18:20:56Z	public							p20.G7														Pseudomonas sp. 286																																																																		p20.G7		Pseudomonas sp. 286									
SAMEA104472154	9554937	Pseudomonas viridiflava		Sample from Pseudomonas viridiflava		ERC000011	2018-06-26T11:46:37Z	2018-06-18T18:20:56Z			SAMEA104472154							MAX PLANCK INSTITUTE FOR DEVELOPMENTAL BIOLOGY	2018-06-26T11:46:37Z	2018-06-18T18:20:56Z	public							p20.G8														Pseudomonas sp. 286																																																																		p20.G8		Pseudomonas sp. 286									
SAMEA104472155	9554938	Pseudomonas viridiflava		Sample from Pseudomonas viridiflava		ERC000011	2018-06-26T11:46:37Z	2018-06-18T18:20:56Z			SAMEA104472155							MAX PLANCK INSTITUTE FOR DEVELOPMENTAL BIOLOGY	2018-06-26T11:46:37Z	2018-06-18T18:20:56Z	public							p20.G9														Pseudomonas sp. 286																																																																		p20.G9		Pseudomonas sp. 286									
SAMEA104472156	9554939	Pseudomonas viridiflava		Sample from Pseudomonas viridiflava		ERC000011	2018-06-26T11:46:37Z	2018-06-18T18:20:56Z			SAMEA104472156							MAX PLANCK INSTITUTE FOR DEVELOPMENTAL BIOLOGY	2018-06-26T11:46:37Z	2018-06-18T18:20:56Z	public							p20.H10														Pseudomonas sp. 286																																																																		p20.H10		Pseudomonas sp. 286									
SAMEA104472157	9554940	Pseudomonas viridiflava		Sample from Pseudomonas viridiflava		ERC000011	2018-06-26T11:46:38Z	2018-06-18T18:20:56Z			SAMEA104472157							MAX PLANCK INSTITUTE FOR DEVELOPMENTAL BIOLOGY	2018-06-26T11:46:38Z	2018-06-18T18:20:56Z	public							p20.H11														Pseudomonas sp. 286																																																																		p20.H11		Pseudomonas sp. 286									
SAMEA104472158	9554941	Pseudomonas viridiflava		Sample from Pseudomonas viridiflava		ERC000011	2018-06-26T11:46:38Z	2018-06-18T18:20:56Z			SAMEA104472158							MAX PLANCK INSTITUTE FOR DEVELOPMENTAL BIOLOGY	2018-06-26T11:46:38Z	2018-06-18T18:20:56Z	public							p20.H12														Pseudomonas sp. 286																																																																		p20.H12		Pseudomonas sp. 286									
SAMEA104472159	9554942	Pseudomonas viridiflava		Sample from Pseudomonas viridiflava		ERC000011	2018-06-26T11:46:38Z	2018-06-18T18:20:56Z			SAMEA104472159							MAX PLANCK INSTITUTE FOR DEVELOPMENTAL BIOLOGY	2018-06-26T11:46:38Z	2018-06-18T18:20:56Z	public							p20.H1														Pseudomonas sp. 286																																																																		p20.H1		Pseudomonas sp. 286									
SAMEA104472160	9554943	Pseudomonas viridiflava		Sample from Pseudomonas viridiflava		ERC000011	2018-06-26T11:46:38Z	2018-06-18T18:20:56Z			SAMEA104472160							MAX PLANCK INSTITUTE FOR DEVELOPMENTAL BIOLOGY	2018-06-26T11:46:38Z	2018-06-18T18:20:56Z	public							p20.H2														Pseudomonas sp. 286																																																																		p20.H2		Pseudomonas sp. 286									
SAMEA104472161	9554944	Pseudomonas viridiflava		Sample from Pseudomonas viridiflava		ERC000011	2018-06-26T11:46:39Z	2018-06-18T18:20:56Z			SAMEA104472161							MAX PLANCK INSTITUTE FOR DEVELOPMENTAL BIOLOGY	2018-06-26T11:46:39Z	2018-06-18T18:20:56Z	public							p20.H3														Pseudomonas sp. 286																																																																		p20.H3		Pseudomonas sp. 286									
SAMEA104472162	9554945	Pseudomonas viridiflava		Sample from Pseudomonas viridiflava		ERC000011	2018-06-26T11:46:39Z	2018-06-18T18:20:56Z			SAMEA104472162							MAX PLANCK INSTITUTE FOR DEVELOPMENTAL BIOLOGY	2018-06-26T11:46:39Z	2018-06-18T18:20:56Z	public							p20.H4														Pseudomonas sp. 286																																																																		p20.H4		Pseudomonas sp. 286									
SAMEA104472163	9554946	Pseudomonas viridiflava		Sample from Pseudomonas viridiflava		ERC000011	2018-06-26T11:46:39Z	2018-06-18T18:20:56Z			SAMEA104472163							MAX PLANCK INSTITUTE FOR DEVELOPMENTAL BIOLOGY	2018-06-26T11:46:39Z	2018-06-18T18:20:56Z	public							p20.H5														Pseudomonas sp. 286																																																																		p20.H5		Pseudomonas sp. 286									
SAMEA104472164	9554947	Pseudomonas viridiflava		Sample from Pseudomonas viridiflava		ERC000011	2018-06-26T11:46:40Z	2018-06-18T18:20:56Z			SAMEA104472164							MAX PLANCK INSTITUTE FOR DEVELOPMENTAL BIOLOGY	2018-06-26T11:46:40Z	2018-06-18T18:20:56Z	public							p20.H7														Pseudomonas sp. 286																																																																		p20.H7		Pseudomonas sp. 286									
SAMEA104472165	9554948	Pseudomonas viridiflava		Sample from Pseudomonas viridiflava		ERC000011	2018-06-26T11:46:40Z	2018-06-18T18:20:56Z			SAMEA104472165							MAX PLANCK INSTITUTE FOR DEVELOPMENTAL BIOLOGY	2018-06-26T11:46:40Z	2018-06-18T18:20:56Z	public							p20.H8														Pseudomonas sp. 286																																																																		p20.H8		Pseudomonas sp. 286									
SAMEA104472166	9554949	Pseudomonas viridiflava		Sample from Pseudomonas viridiflava		ERC000011	2018-06-26T11:46:40Z	2018-06-18T18:20:56Z			SAMEA104472166							MAX PLANCK INSTITUTE FOR DEVELOPMENTAL BIOLOGY	2018-06-26T11:46:40Z	2018-06-18T18:20:56Z	public							p20.H9														Pseudomonas sp. 286																																																																		p20.H9		Pseudomonas sp. 286									
SAMEA104472167	9554950	Pseudomonas viridiflava		Sample from Pseudomonas viridiflava		ERC000011	2018-06-26T11:46:40Z	2018-06-18T18:20:56Z			SAMEA104472167							MAX PLANCK INSTITUTE FOR DEVELOPMENTAL BIOLOGY	2018-06-26T11:46:40Z	2018-06-18T18:20:56Z	public							p21.A10														Pseudomonas sp. 286																																																																		p21.A10		Pseudomonas sp. 286									
SAMEA104472168	9554951	Pseudomonas viridiflava		Sample from Pseudomonas viridiflava		ERC000011	2018-06-26T11:46:41Z	2018-06-18T18:20:56Z			SAMEA104472168							MAX PLANCK INSTITUTE FOR DEVELOPMENTAL BIOLOGY	2018-06-26T11:46:41Z	2018-06-18T18:20:56Z	public							p21.A11														Pseudomonas sp. 286																																																																		p21.A11		Pseudomonas sp. 286									
SAMEA104472169	9554952	Pseudomonas viridiflava		Sample from Pseudomonas viridiflava		ERC000011	2018-06-26T11:46:41Z	2018-06-18T18:20:56Z			SAMEA104472169							MAX PLANCK INSTITUTE FOR DEVELOPMENTAL BIOLOGY	2018-06-26T11:46:41Z	2018-06-18T18:20:56Z	public							p21.A12														Pseudomonas sp. 286																																																																		p21.A12		Pseudomonas sp. 286									
SAMEA104472170	9554953	Pseudomonas viridiflava		Sample from Pseudomonas viridiflava		ERC000011	2018-06-26T11:46:41Z	2018-06-18T18:20:56Z			SAMEA104472170							MAX PLANCK INSTITUTE FOR DEVELOPMENTAL BIOLOGY	2018-06-26T11:46:41Z	2018-06-18T18:20:56Z	public							p21.A1														Pseudomonas sp. 286																																																																		p21.A1		Pseudomonas sp. 286									
SAMEA104472171	9554954	Pseudomonas viridiflava		Sample from Pseudomonas viridiflava		ERC000011	2018-06-26T11:46:41Z	2018-06-18T18:20:56Z			SAMEA104472171							MAX PLANCK INSTITUTE FOR DEVELOPMENTAL BIOLOGY	2018-06-26T11:46:41Z	2018-06-18T18:20:56Z	public							p21.A2														Pseudomonas sp. 286																																																																		p21.A2		Pseudomonas sp. 286									
SAMEA104472172	9554955	Pseudomonas viridiflava		Sample from Pseudomonas viridiflava		ERC000011	2018-06-26T11:46:42Z	2018-06-18T18:20:56Z			SAMEA104472172							MAX PLANCK INSTITUTE FOR DEVELOPMENTAL BIOLOGY	2018-06-26T11:46:42Z	2018-06-18T18:20:56Z	public							p21.A3														Pseudomonas sp. 286																																																																		p21.A3		Pseudomonas sp. 286									
SAMEA104472173	9554956	Pseudomonas viridiflava		Sample from Pseudomonas viridiflava		ERC000011	2018-06-26T11:46:42Z	2018-06-18T18:20:54Z			SAMEA104472173							MAX PLANCK INSTITUTE FOR DEVELOPMENTAL BIOLOGY	2018-06-26T11:46:42Z	2018-06-18T18:20:54Z	public							p21.A4														Pseudomonas sp. 286																																																																		p21.A4		Pseudomonas sp. 286									
SAMEA104472174	9554957	Pseudomonas viridiflava		Sample from Pseudomonas viridiflava		ERC000011	2018-06-26T11:46:42Z	2018-06-18T18:20:56Z			SAMEA104472174							MAX PLANCK INSTITUTE FOR DEVELOPMENTAL BIOLOGY	2018-06-26T11:46:42Z	2018-06-18T18:20:56Z	public							p21.A5														Pseudomonas sp. 286																																																																		p21.A5		Pseudomonas sp. 286									
SAMEA104472175	9554958	Pseudomonas viridiflava		Sample from Pseudomonas viridiflava		ERC000011	2018-06-26T11:46:42Z	2018-06-18T18:20:56Z			SAMEA104472175							MAX PLANCK INSTITUTE FOR DEVELOPMENTAL BIOLOGY	2018-06-26T11:46:42Z	2018-06-18T18:20:56Z	public							p21.A7														Pseudomonas sp. 286																																																																		p21.A7		Pseudomonas sp. 286									
SAMEA104472176	9554959	Pseudomonas viridiflava		Sample from Pseudomonas viridiflava		ERC000011	2018-06-26T11:46:43Z	2018-06-18T18:20:56Z			SAMEA104472176							MAX PLANCK INSTITUTE FOR DEVELOPMENTAL BIOLOGY	2018-06-26T11:46:43Z	2018-06-18T18:20:56Z	public							p21.A8														Pseudomonas sp. 286																																																																		p21.A8		Pseudomonas sp. 286									
SAMEA104472177	9554960	Pseudomonas viridiflava		Sample from Pseudomonas viridiflava		ERC000011	2018-06-26T11:46:43Z	2018-06-18T18:20:56Z			SAMEA104472177							MAX PLANCK INSTITUTE FOR DEVELOPMENTAL BIOLOGY	2018-06-26T11:46:43Z	2018-06-18T18:20:56Z	public							p21.A9														Pseudomonas sp. 286																																																																		p21.A9		Pseudomonas sp. 286									
SAMEA104472178	9554961	Pseudomonas viridiflava		Sample from Pseudomonas viridiflava		ERC000011	2018-06-26T11:46:43Z	2018-06-18T18:20:56Z			SAMEA104472178							MAX PLANCK INSTITUTE FOR DEVELOPMENTAL BIOLOGY	2018-06-26T11:46:43Z	2018-06-18T18:20:56Z	public							p21.B10														Pseudomonas sp. 286																																																																		p21.B10		Pseudomonas sp. 286									
SAMEA104472179	9554962	Pseudomonas viridiflava		Sample from Pseudomonas viridiflava		ERC000011	2018-06-26T11:46:44Z	2018-06-18T18:20:56Z			SAMEA104472179							MAX PLANCK INSTITUTE FOR DEVELOPMENTAL BIOLOGY	2018-06-26T11:46:44Z	2018-06-18T18:20:56Z	public							p21.B11														Pseudomonas sp. 286																																																																		p21.B11		Pseudomonas sp. 286									
SAMEA104472180	9554963	Pseudomonas viridiflava		Sample from Pseudomonas viridiflava		ERC000011	2018-06-26T11:46:44Z	2018-06-18T18:20:56Z			SAMEA104472180							MAX PLANCK INSTITUTE FOR DEVELOPMENTAL BIOLOGY	2018-06-26T11:46:44Z	2018-06-18T18:20:56Z	public							p21.B12														Pseudomonas sp. 286																																																																		p21.B12		Pseudomonas sp. 286									
SAMEA104472181	9554964	Pseudomonas viridiflava		Sample from Pseudomonas viridiflava		ERC000011	2018-06-26T11:46:44Z	2018-06-18T18:20:56Z			SAMEA104472181							MAX PLANCK INSTITUTE FOR DEVELOPMENTAL BIOLOGY	2018-06-26T11:46:44Z	2018-06-18T18:20:56Z	public							p21.B1														Pseudomonas sp. 286																																																																		p21.B1		Pseudomonas sp. 286									
SAMEA104472182	9554965	Pseudomonas viridiflava		Sample from Pseudomonas viridiflava		ERC000011	2018-06-26T11:46:44Z	2018-06-18T18:20:56Z			SAMEA104472182							MAX PLANCK INSTITUTE FOR DEVELOPMENTAL BIOLOGY	2018-06-26T11:46:44Z	2018-06-18T18:20:56Z	public							p21.B2														Pseudomonas sp. 286																																																																		p21.B2		Pseudomonas sp. 286									
SAMEA104472183	9554966	Pseudomonas viridiflava		Sample from Pseudomonas viridiflava		ERC000011	2018-06-26T11:46:45Z	2018-06-18T18:20:56Z			SAMEA104472183							MAX PLANCK INSTITUTE FOR DEVELOPMENTAL BIOLOGY	2018-06-26T11:46:45Z	2018-06-18T18:20:56Z	public							p21.B3														Pseudomonas sp. 286																																																																		p21.B3		Pseudomonas sp. 286									
SAMEA104472184	9554967	Pseudomonas viridiflava		Sample from Pseudomonas viridiflava		ERC000011	2018-06-26T11:46:45Z	2018-06-18T18:20:56Z			SAMEA104472184							MAX PLANCK INSTITUTE FOR DEVELOPMENTAL BIOLOGY	2018-06-26T11:46:45Z	2018-06-18T18:20:56Z	public							p21.B4														Pseudomonas sp. 286																																																																		p21.B4		Pseudomonas sp. 286									
SAMEA104472185	9554968	Pseudomonas viridiflava		Sample from Pseudomonas viridiflava		ERC000011	2018-06-26T11:46:46Z	2018-06-18T18:20:56Z			SAMEA104472185							MAX PLANCK INSTITUTE FOR DEVELOPMENTAL BIOLOGY	2018-06-26T11:46:46Z	2018-06-18T18:20:56Z	public							p21.B5														Pseudomonas sp. 286																																																																		p21.B5		Pseudomonas sp. 286									
SAMEA104472186	9554969	Pseudomonas viridiflava		Sample from Pseudomonas viridiflava		ERC000011	2018-06-26T11:46:46Z	2018-06-18T18:20:56Z			SAMEA104472186							MAX PLANCK INSTITUTE FOR DEVELOPMENTAL BIOLOGY	2018-06-26T11:46:46Z	2018-06-18T18:20:56Z	public							p21.B7														Pseudomonas sp. 286																																																																		p21.B7		Pseudomonas sp. 286									
SAMEA104472187	9554970	Pseudomonas viridiflava		Sample from Pseudomonas viridiflava		ERC000011	2018-06-26T11:46:46Z	2018-06-18T18:20:56Z			SAMEA104472187							MAX PLANCK INSTITUTE FOR DEVELOPMENTAL BIOLOGY	2018-06-26T11:46:46Z	2018-06-18T18:20:56Z	public							p21.B8														Pseudomonas sp. 286																																																																		p21.B8		Pseudomonas sp. 286									
SAMEA104472188	9554971	Pseudomonas viridiflava		Sample from Pseudomonas viridiflava		ERC000011	2018-06-26T11:46:47Z	2018-06-18T18:20:56Z			SAMEA104472188							MAX PLANCK INSTITUTE FOR DEVELOPMENTAL BIOLOGY	2018-06-26T11:46:47Z	2018-06-18T18:20:56Z	public							p21.B9														Pseudomonas sp. 286																																																																		p21.B9		Pseudomonas sp. 286									
SAMEA104472189	9554972	Pseudomonas viridiflava		Sample from Pseudomonas viridiflava		ERC000011	2018-06-26T11:46:47Z	2018-06-18T18:20:56Z			SAMEA104472189							MAX PLANCK INSTITUTE FOR DEVELOPMENTAL BIOLOGY	2018-06-26T11:46:47Z	2018-06-18T18:20:56Z	public							p21.C10														Pseudomonas sp. 286																																																																		p21.C10		Pseudomonas sp. 286									
SAMEA104472190	9554973	Pseudomonas viridiflava		Sample from Pseudomonas viridiflava		ERC000011	2018-06-26T11:46:47Z	2018-06-18T18:20:56Z			SAMEA104472190							MAX PLANCK INSTITUTE FOR DEVELOPMENTAL BIOLOGY	2018-06-26T11:46:47Z	2018-06-18T18:20:56Z	public							p21.C11														Pseudomonas sp. 286																																																																		p21.C11		Pseudomonas sp. 286									
SAMEA104472191	9554974	Pseudomonas viridiflava		Sample from Pseudomonas viridiflava		ERC000011	2018-06-26T11:46:49Z	2018-06-18T18:20:56Z			SAMEA104472191							MAX PLANCK INSTITUTE FOR DEVELOPMENTAL BIOLOGY	2018-06-26T11:46:49Z	2018-06-18T18:20:56Z	public							p21.C12														Pseudomonas sp. 286																																																																		p21.C12		Pseudomonas sp. 286									
SAMEA104472192	9554975	Pseudomonas viridiflava		Sample from Pseudomonas viridiflava		ERC000011	2018-06-26T11:46:49Z	2018-06-18T18:20:55Z			SAMEA104472192							MAX PLANCK INSTITUTE FOR DEVELOPMENTAL BIOLOGY	2018-06-26T11:46:49Z	2018-06-18T18:20:55Z	public							p21.C1														Pseudomonas sp. 286																																																																		p21.C1		Pseudomonas sp. 286									
SAMEA104472193	9554976	Pseudomonas viridiflava		Sample from Pseudomonas viridiflava		ERC000011	2018-06-26T11:46:49Z	2018-06-18T18:20:55Z			SAMEA104472193							MAX PLANCK INSTITUTE FOR DEVELOPMENTAL BIOLOGY	2018-06-26T11:46:49Z	2018-06-18T18:20:55Z	public							p21.C2														Pseudomonas sp. 286																																																																		p21.C2		Pseudomonas sp. 286									
SAMEA104472194	9554977	Pseudomonas viridiflava		Sample from Pseudomonas viridiflava		ERC000011	2018-06-26T11:46:50Z	2018-06-18T18:20:55Z			SAMEA104472194							MAX PLANCK INSTITUTE FOR DEVELOPMENTAL BIOLOGY	2018-06-26T11:46:50Z	2018-06-18T18:20:55Z	public							p21.C3														Pseudomonas sp. 286																																																																		p21.C3		Pseudomonas sp. 286									
SAMEA104472195	9554978	Pseudomonas viridiflava		Sample from Pseudomonas viridiflava		ERC000011	2018-06-26T11:46:50Z	2018-06-18T18:20:54Z			SAMEA104472195							MAX PLANCK INSTITUTE FOR DEVELOPMENTAL BIOLOGY	2018-06-26T11:46:50Z	2018-06-18T18:20:54Z	public							p21.C4														Pseudomonas sp. 286																																																																		p21.C4		Pseudomonas sp. 286									
SAMEA104472196	9554979	Pseudomonas viridiflava		Sample from Pseudomonas viridiflava		ERC000011	2018-06-26T11:46:50Z	2018-06-18T18:20:54Z			SAMEA104472196							MAX PLANCK INSTITUTE FOR DEVELOPMENTAL BIOLOGY	2018-06-26T11:46:50Z	2018-06-18T18:20:54Z	public							p21.C5														Pseudomonas sp. 286																																																																		p21.C5		Pseudomonas sp. 286									
SAMEA104472197	9554980	Pseudomonas viridiflava		Sample from Pseudomonas viridiflava		ERC000011	2018-06-26T11:46:51Z	2018-06-18T18:20:54Z			SAMEA104472197							MAX PLANCK INSTITUTE FOR DEVELOPMENTAL BIOLOGY	2018-06-26T11:46:51Z	2018-06-18T18:20:54Z	public							p21.C7														Pseudomonas sp. 286																																																																		p21.C7		Pseudomonas sp. 286									
SAMEA104472198	9554981	Pseudomonas viridiflava		Sample from Pseudomonas viridiflava		ERC000011	2018-06-26T11:46:51Z	2018-06-18T18:20:54Z			SAMEA104472198							MAX PLANCK INSTITUTE FOR DEVELOPMENTAL BIOLOGY	2018-06-26T11:46:51Z	2018-06-18T18:20:54Z	public							p21.C8														Pseudomonas sp. 286																																																																		p21.C8		Pseudomonas sp. 286									
SAMEA104472199	9554982	Pseudomonas viridiflava		Sample from Pseudomonas viridiflava		ERC000011	2018-06-26T11:46:53Z	2018-06-18T18:20:54Z			SAMEA104472199							MAX PLANCK INSTITUTE FOR DEVELOPMENTAL BIOLOGY	2018-06-26T11:46:53Z	2018-06-18T18:20:54Z	public							p21.C9														Pseudomonas sp. 286																																																																		p21.C9		Pseudomonas sp. 286									
SAMEA104472200	9554983	Pseudomonas viridiflava		Sample from Pseudomonas viridiflava		ERC000011	2018-06-26T11:46:54Z	2018-06-18T18:20:54Z			SAMEA104472200							MAX PLANCK INSTITUTE FOR DEVELOPMENTAL BIOLOGY	2018-06-26T11:46:54Z	2018-06-18T18:20:54Z	public							p21.D10														Pseudomonas sp. 286																																																																		p21.D10		Pseudomonas sp. 286									
SAMEA104472201	9554984	Pseudomonas viridiflava		Sample from Pseudomonas viridiflava		ERC000011	2018-06-26T11:46:55Z	2018-06-18T18:20:54Z			SAMEA104472201							MAX PLANCK INSTITUTE FOR DEVELOPMENTAL BIOLOGY	2018-06-26T11:46:55Z	2018-06-18T18:20:54Z	public							p21.D11														Pseudomonas sp. 286																																																																		p21.D11		Pseudomonas sp. 286									
SAMEA104472202	9554985	Pseudomonas viridiflava		Sample from Pseudomonas viridiflava		ERC000011	2018-06-26T11:46:57Z	2018-06-18T18:20:54Z			SAMEA104472202							MAX PLANCK INSTITUTE FOR DEVELOPMENTAL BIOLOGY	2018-06-26T11:46:57Z	2018-06-18T18:20:54Z	public							p21.D1														Pseudomonas sp. 286																																																																		p21.D1		Pseudomonas sp. 286									
SAMEA104472203	9554986	Pseudomonas viridiflava		Sample from Pseudomonas viridiflava		ERC000011	2018-06-26T11:46:58Z	2018-06-18T18:20:54Z			SAMEA104472203							MAX PLANCK INSTITUTE FOR DEVELOPMENTAL BIOLOGY	2018-06-26T11:46:58Z	2018-06-18T18:20:54Z	public							p21.D2														Pseudomonas sp. 286																																																																		p21.D2		Pseudomonas sp. 286									
SAMEA104472204	9554987	Pseudomonas viridiflava		Sample from Pseudomonas viridiflava		ERC000011	2018-06-26T11:47:00Z	2018-06-18T18:20:54Z			SAMEA104472204							MAX PLANCK INSTITUTE FOR DEVELOPMENTAL BIOLOGY	2018-06-26T11:47:00Z	2018-06-18T18:20:54Z	public							p21.D3														Pseudomonas sp. 286																																																																		p21.D3		Pseudomonas sp. 286									
SAMEA104472205	9554988	Pseudomonas viridiflava		Sample from Pseudomonas viridiflava		ERC000011	2018-06-26T11:47:02Z	2018-06-18T18:20:54Z			SAMEA104472205							MAX PLANCK INSTITUTE FOR DEVELOPMENTAL BIOLOGY	2018-06-26T11:47:02Z	2018-06-18T18:20:54Z	public							p21.D4														Pseudomonas sp. 286																																																																		p21.D4		Pseudomonas sp. 286									
SAMEA104472206	9554989	Pseudomonas viridiflava		Sample from Pseudomonas viridiflava		ERC000011	2018-06-26T11:47:03Z	2018-06-18T18:20:54Z			SAMEA104472206							MAX PLANCK INSTITUTE FOR DEVELOPMENTAL BIOLOGY	2018-06-26T11:47:03Z	2018-06-18T18:20:54Z	public							p21.D5														Pseudomonas sp. 286																																																																		p21.D5		Pseudomonas sp. 286									
SAMEA104472207	9554990	Pseudomonas viridiflava		Sample from Pseudomonas viridiflava		ERC000011	2018-06-26T11:47:04Z	2018-06-18T18:20:54Z			SAMEA104472207							MAX PLANCK INSTITUTE FOR DEVELOPMENTAL BIOLOGY	2018-06-26T11:47:04Z	2018-06-18T18:20:54Z	public							p21.D7														Pseudomonas sp. 286																																																																		p21.D7		Pseudomonas sp. 286									
SAMEA104472208	9554991	Pseudomonas viridiflava		Sample from Pseudomonas viridiflava		ERC000011	2018-06-26T11:47:04Z	2018-06-18T18:20:54Z			SAMEA104472208							MAX PLANCK INSTITUTE FOR DEVELOPMENTAL BIOLOGY	2018-06-26T11:47:04Z	2018-06-18T18:20:54Z	public							p21.D8														Pseudomonas sp. 286																																																																		p21.D8		Pseudomonas sp. 286									
SAMEA104472209	9554992	Pseudomonas viridiflava		Sample from Pseudomonas viridiflava		ERC000011	2018-06-26T11:47:04Z	2018-06-18T18:20:54Z			SAMEA104472209							MAX PLANCK INSTITUTE FOR DEVELOPMENTAL BIOLOGY	2018-06-26T11:47:04Z	2018-06-18T18:20:54Z	public							p21.D9														Pseudomonas sp. 286																																																																		p21.D9		Pseudomonas sp. 286									
SAMEA104472210	9554993	Pseudomonas viridiflava		Sample from Pseudomonas viridiflava		ERC000011	2018-06-26T11:47:05Z	2018-06-18T18:20:54Z			SAMEA104472210							MAX PLANCK INSTITUTE FOR DEVELOPMENTAL BIOLOGY	2018-06-26T11:47:05Z	2018-06-18T18:20:54Z	public							p21.E10														Pseudomonas sp. 286																																																																		p21.E10		Pseudomonas sp. 286									
SAMEA104472211	9554994	Pseudomonas viridiflava		Sample from Pseudomonas viridiflava		ERC000011	2018-06-26T11:47:05Z	2018-06-18T18:20:54Z			SAMEA104472211							MAX PLANCK INSTITUTE FOR DEVELOPMENTAL BIOLOGY	2018-06-26T11:47:05Z	2018-06-18T18:20:54Z	public							p21.E11														Pseudomonas sp. 286																																																																		p21.E11		Pseudomonas sp. 286									
SAMEA104472212	9554995	Pseudomonas viridiflava		Sample from Pseudomonas viridiflava		ERC000011	2018-06-26T11:47:05Z	2018-06-18T18:20:54Z			SAMEA104472212							MAX PLANCK INSTITUTE FOR DEVELOPMENTAL BIOLOGY	2018-06-26T11:47:05Z	2018-06-18T18:20:54Z	public							p21.E12														Pseudomonas sp. 286																																																																		p21.E12		Pseudomonas sp. 286									
SAMEA104472213	9554996	Pseudomonas viridiflava		Sample from Pseudomonas viridiflava		ERC000011	2018-06-26T11:47:06Z	2018-06-18T18:20:54Z			SAMEA104472213							MAX PLANCK INSTITUTE FOR DEVELOPMENTAL BIOLOGY	2018-06-26T11:47:06Z	2018-06-18T18:20:54Z	public							p21.E1														Pseudomonas sp. 286																																																																		p21.E1		Pseudomonas sp. 286									
SAMEA104472214	9554997	Pseudomonas viridiflava		Sample from Pseudomonas viridiflava		ERC000011	2018-06-26T11:47:06Z	2018-06-18T18:20:54Z			SAMEA104472214							MAX PLANCK INSTITUTE FOR DEVELOPMENTAL BIOLOGY	2018-06-26T11:47:06Z	2018-06-18T18:20:54Z	public							p21.E2														Pseudomonas sp. 286																																																																		p21.E2		Pseudomonas sp. 286									
SAMEA104472215	9554998	Pseudomonas viridiflava		Sample from Pseudomonas viridiflava		ERC000011	2018-06-26T11:47:06Z	2018-06-18T18:20:54Z			SAMEA104472215							MAX PLANCK INSTITUTE FOR DEVELOPMENTAL BIOLOGY	2018-06-26T11:47:06Z	2018-06-18T18:20:54Z	public							p21.E3														Pseudomonas sp. 286																																																																		p21.E3		Pseudomonas sp. 286									
SAMEA104472216	9554999	Pseudomonas viridiflava		Sample from Pseudomonas viridiflava		ERC000011	2018-06-26T11:47:07Z	2018-06-18T18:20:54Z			SAMEA104472216							MAX PLANCK INSTITUTE FOR DEVELOPMENTAL BIOLOGY	2018-06-26T11:47:07Z	2018-06-18T18:20:54Z	public							p21.E4														Pseudomonas sp. 286																																																																		p21.E4		Pseudomonas sp. 286									
SAMEA104472217	9555000	Pseudomonas viridiflava		Sample from Pseudomonas viridiflava		ERC000011	2018-06-26T11:47:07Z	2018-06-18T18:20:54Z			SAMEA104472217							MAX PLANCK INSTITUTE FOR DEVELOPMENTAL BIOLOGY	2018-06-26T11:47:07Z	2018-06-18T18:20:54Z	public							p21.E5														Pseudomonas sp. 286																																																																		p21.E5		Pseudomonas sp. 286									
SAMEA104472218	9555001	Pseudomonas viridiflava		Sample from Pseudomonas viridiflava		ERC000011	2018-06-26T11:47:07Z	2018-06-18T18:20:54Z			SAMEA104472218							MAX PLANCK INSTITUTE FOR DEVELOPMENTAL BIOLOGY	2018-06-26T11:47:07Z	2018-06-18T18:20:54Z	public							p21.E7														Pseudomonas sp. 286																																																																		p21.E7		Pseudomonas sp. 286									
SAMEA104472219	9555002	Pseudomonas viridiflava		Sample from Pseudomonas viridiflava		ERC000011	2018-06-26T11:47:08Z	2018-06-18T18:20:54Z			SAMEA104472219							MAX PLANCK INSTITUTE FOR DEVELOPMENTAL BIOLOGY	2018-06-26T11:47:08Z	2018-06-18T18:20:54Z	public							p21.E8														Pseudomonas sp. 286																																																																		p21.E8		Pseudomonas sp. 286									
SAMEA104472220	9555003	Pseudomonas viridiflava		Sample from Pseudomonas viridiflava		ERC000011	2018-06-26T11:47:08Z	2018-06-18T18:20:54Z			SAMEA104472220							MAX PLANCK INSTITUTE FOR DEVELOPMENTAL BIOLOGY	2018-06-26T11:47:08Z	2018-06-18T18:20:54Z	public							p21.E9														Pseudomonas sp. 286																																																																		p21.E9		Pseudomonas sp. 286									
SAMEA104472221	9555004	Pseudomonas viridiflava		Sample from Pseudomonas viridiflava		ERC000011	2018-06-26T11:47:09Z	2018-06-18T18:20:54Z			SAMEA104472221							MAX PLANCK INSTITUTE FOR DEVELOPMENTAL BIOLOGY	2018-06-26T11:47:09Z	2018-06-18T18:20:54Z	public							p21.F10														Pseudomonas sp. 286																																																																		p21.F10		Pseudomonas sp. 286									
SAMEA104472222	9555005	Pseudomonas viridiflava		Sample from Pseudomonas viridiflava		ERC000011	2018-06-26T11:47:09Z	2018-06-18T18:20:54Z			SAMEA104472222							MAX PLANCK INSTITUTE FOR DEVELOPMENTAL BIOLOGY	2018-06-26T11:47:09Z	2018-06-18T18:20:54Z	public							p21.F11														Pseudomonas sp. 286																																																																		p21.F11		Pseudomonas sp. 286									
SAMEA104472223	9555006	Pseudomonas viridiflava		Sample from Pseudomonas viridiflava		ERC000011	2018-06-26T11:47:09Z	2018-06-18T18:20:54Z			SAMEA104472223							MAX PLANCK INSTITUTE FOR DEVELOPMENTAL BIOLOGY	2018-06-26T11:47:09Z	2018-06-18T18:20:54Z	public							p21.F12														Pseudomonas sp. 286																																																																		p21.F12		Pseudomonas sp. 286									
SAMEA104472224	9555007	Pseudomonas viridiflava		Sample from Pseudomonas viridiflava		ERC000011	2018-06-26T11:47:11Z	2018-06-18T18:20:54Z			SAMEA104472224							MAX PLANCK INSTITUTE FOR DEVELOPMENTAL BIOLOGY	2018-06-26T11:47:11Z	2018-06-18T18:20:54Z	public							p21.F1														Pseudomonas sp. 286																																																																		p21.F1		Pseudomonas sp. 286									
SAMEA104472225	9555008	Pseudomonas viridiflava		Sample from Pseudomonas viridiflava		ERC000011	2018-06-26T11:47:11Z	2018-06-18T18:20:54Z			SAMEA104472225							MAX PLANCK INSTITUTE FOR DEVELOPMENTAL BIOLOGY	2018-06-26T11:47:11Z	2018-06-18T18:20:54Z	public							p21.F2														Pseudomonas sp. 286																																																																		p21.F2		Pseudomonas sp. 286									
SAMEA104472226	9555009	Pseudomonas viridiflava		Sample from Pseudomonas viridiflava		ERC000011	2018-06-26T11:47:12Z	2018-06-18T18:20:54Z			SAMEA104472226							MAX PLANCK INSTITUTE FOR DEVELOPMENTAL BIOLOGY	2018-06-26T11:47:12Z	2018-06-18T18:20:54Z	public							p21.F3														Pseudomonas sp. 286																																																																		p21.F3		Pseudomonas sp. 286									
SAMEA104472227	9555010	Pseudomonas viridiflava		Sample from Pseudomonas viridiflava		ERC000011	2018-06-26T11:47:13Z	2018-06-18T18:20:54Z			SAMEA104472227							MAX PLANCK INSTITUTE FOR DEVELOPMENTAL BIOLOGY	2018-06-26T11:47:13Z	2018-06-18T18:20:54Z	public							p21.F4														Pseudomonas sp. 286																																																																		p21.F4		Pseudomonas sp. 286									
SAMEA104472228	9555011	Pseudomonas viridiflava		Sample from Pseudomonas viridiflava		ERC000011	2018-06-26T11:47:15Z	2018-06-18T18:20:54Z			SAMEA104472228							MAX PLANCK INSTITUTE FOR DEVELOPMENTAL BIOLOGY	2018-06-26T11:47:15Z	2018-06-18T18:20:54Z	public							p21.F5														Pseudomonas sp. 286																																																																		p21.F5		Pseudomonas sp. 286									
SAMEA104472229	9555012	Pseudomonas viridiflava		Sample from Pseudomonas viridiflava		ERC000011	2018-06-26T11:47:18Z	2018-06-18T18:20:54Z			SAMEA104472229							MAX PLANCK INSTITUTE FOR DEVELOPMENTAL BIOLOGY	2018-06-26T11:47:18Z	2018-06-18T18:20:54Z	public							p21.F7														Pseudomonas sp. 286																																																																		p21.F7		Pseudomonas sp. 286									
SAMEA104472230	9555013	Pseudomonas viridiflava		Sample from Pseudomonas viridiflava		ERC000011	2018-06-26T11:47:23Z	2018-06-18T18:20:54Z			SAMEA104472230							MAX PLANCK INSTITUTE FOR DEVELOPMENTAL BIOLOGY	2018-06-26T11:47:23Z	2018-06-18T18:20:54Z	public							p21.F8														Pseudomonas sp. 286																																																																		p21.F8		Pseudomonas sp. 286									
SAMEA104472231	9555014	Pseudomonas viridiflava		Sample from Pseudomonas viridiflava		ERC000011	2018-06-26T11:47:25Z	2018-06-18T18:20:54Z			SAMEA104472231							MAX PLANCK INSTITUTE FOR DEVELOPMENTAL BIOLOGY	2018-06-26T11:47:25Z	2018-06-18T18:20:54Z	public							p21.F9														Pseudomonas sp. 286																																																																		p21.F9		Pseudomonas sp. 286									
SAMEA104472232	9555015	Pseudomonas viridiflava		Sample from Pseudomonas viridiflava		ERC000011	2018-06-26T11:47:28Z	2018-06-18T18:20:54Z			SAMEA104472232							MAX PLANCK INSTITUTE FOR DEVELOPMENTAL BIOLOGY	2018-06-26T11:47:28Z	2018-06-18T18:20:54Z	public							p21.G10														Pseudomonas sp. 286																																																																		p21.G10		Pseudomonas sp. 286									
SAMEA104472233	9555016	Pseudomonas viridiflava		Sample from Pseudomonas viridiflava		ERC000011	2018-06-26T11:47:31Z	2018-06-18T18:20:54Z			SAMEA104472233							MAX PLANCK INSTITUTE FOR DEVELOPMENTAL BIOLOGY	2018-06-26T11:47:31Z	2018-06-18T18:20:54Z	public							p21.G11														Pseudomonas sp. 286																																																																		p21.G11		Pseudomonas sp. 286									
SAMEA104472234	9555017	Pseudomonas viridiflava		Sample from Pseudomonas viridiflava		ERC000011	2018-06-26T11:47:33Z	2018-06-18T18:20:54Z			SAMEA104472234							MAX PLANCK INSTITUTE FOR DEVELOPMENTAL BIOLOGY	2018-06-26T11:47:33Z	2018-06-18T18:20:54Z	public							p21.G12														Pseudomonas sp. 286																																																																		p21.G12		Pseudomonas sp. 286									
SAMEA104472235	9555018	Pseudomonas viridiflava		Sample from Pseudomonas viridiflava		ERC000011	2018-06-26T11:47:36Z	2018-06-18T18:20:54Z			SAMEA104472235							MAX PLANCK INSTITUTE FOR DEVELOPMENTAL BIOLOGY	2018-06-26T11:47:36Z	2018-06-18T18:20:54Z	public							p21.G1														Pseudomonas sp. 286																																																																		p21.G1		Pseudomonas sp. 286									
SAMEA104472236	9555019	Pseudomonas viridiflava		Sample from Pseudomonas viridiflava		ERC000011	2018-06-26T11:47:38Z	2018-06-18T18:20:54Z			SAMEA104472236							MAX PLANCK INSTITUTE FOR DEVELOPMENTAL BIOLOGY	2018-06-26T11:47:38Z	2018-06-18T18:20:54Z	public							p21.G2														Pseudomonas sp. 286																																																																		p21.G2		Pseudomonas sp. 286									
SAMEA104472237	9555020	Pseudomonas viridiflava		Sample from Pseudomonas viridiflava		ERC000011	2018-06-26T11:47:42Z	2018-06-18T18:20:54Z			SAMEA104472237							MAX PLANCK INSTITUTE FOR DEVELOPMENTAL BIOLOGY	2018-06-26T11:47:42Z	2018-06-18T18:20:54Z	public							p21.G3														Pseudomonas sp. 286																																																																		p21.G3		Pseudomonas sp. 286									
SAMEA104472238	9555021	Pseudomonas viridiflava		Sample from Pseudomonas viridiflava		ERC000011	2018-06-26T11:47:45Z	2018-06-18T18:20:54Z			SAMEA104472238							MAX PLANCK INSTITUTE FOR DEVELOPMENTAL BIOLOGY	2018-06-26T11:47:45Z	2018-06-18T18:20:54Z	public							p21.G4														Pseudomonas sp. 286																																																																		p21.G4		Pseudomonas sp. 286									
SAMEA104472239	9555022	Pseudomonas viridiflava		Sample from Pseudomonas viridiflava		ERC000011	2018-06-26T11:47:46Z	2018-06-18T18:20:54Z			SAMEA104472239							MAX PLANCK INSTITUTE FOR DEVELOPMENTAL BIOLOGY	2018-06-26T11:47:46Z	2018-06-18T18:20:54Z	public							p21.G5														Pseudomonas sp. 286																																																																		p21.G5		Pseudomonas sp. 286									
SAMEA104472240	9555023	Pseudomonas viridiflava		Sample from Pseudomonas viridiflava		ERC000011	2018-06-26T11:47:47Z	2018-06-18T18:20:54Z			SAMEA104472240							MAX PLANCK INSTITUTE FOR DEVELOPMENTAL BIOLOGY	2018-06-26T11:47:47Z	2018-06-18T18:20:54Z	public							p21.G7														Pseudomonas sp. 286																																																																		p21.G7		Pseudomonas sp. 286									
SAMEA104472241	9555024	Pseudomonas viridiflava		Sample from Pseudomonas viridiflava		ERC000011	2018-06-26T11:47:48Z	2018-06-18T18:20:54Z			SAMEA104472241							MAX PLANCK INSTITUTE FOR DEVELOPMENTAL BIOLOGY	2018-06-26T11:47:48Z	2018-06-18T18:20:54Z	public							p21.G8														Pseudomonas sp. 286																																																																		p21.G8		Pseudomonas sp. 286									
SAMEA104472242	9555025	Pseudomonas viridiflava		Sample from Pseudomonas viridiflava		ERC000011	2018-06-26T11:47:48Z	2018-06-18T18:20:54Z			SAMEA104472242							MAX PLANCK INSTITUTE FOR DEVELOPMENTAL BIOLOGY	2018-06-26T11:47:48Z	2018-06-18T18:20:54Z	public							p21.G9														Pseudomonas sp. 286																																																																		p21.G9		Pseudomonas sp. 286									
SAMEA104472243	9555026	Pseudomonas viridiflava		Sample from Pseudomonas viridiflava		ERC000011	2018-06-26T11:47:49Z	2018-06-18T18:20:54Z			SAMEA104472243							MAX PLANCK INSTITUTE FOR DEVELOPMENTAL BIOLOGY	2018-06-26T11:47:49Z	2018-06-18T18:20:54Z	public							p21.H10														Pseudomonas sp. 286																																																																		p21.H10		Pseudomonas sp. 286									
SAMEA104472244	9555027	Pseudomonas viridiflava		Sample from Pseudomonas viridiflava		ERC000011	2018-06-26T11:47:49Z	2018-06-18T18:20:54Z			SAMEA104472244							MAX PLANCK INSTITUTE FOR DEVELOPMENTAL BIOLOGY	2018-06-26T11:47:49Z	2018-06-18T18:20:54Z	public							p21.H11														Pseudomonas sp. 286																																																																		p21.H11		Pseudomonas sp. 286									
SAMEA104472245	9555028	Pseudomonas viridiflava		Sample from Pseudomonas viridiflava		ERC000011	2018-06-26T11:47:50Z	2018-06-18T18:20:54Z			SAMEA104472245							MAX PLANCK INSTITUTE FOR DEVELOPMENTAL BIOLOGY	2018-06-26T11:47:50Z	2018-06-18T18:20:54Z	public							p21.H12														Pseudomonas sp. 286																																																																		p21.H12		Pseudomonas sp. 286									
SAMEA104472246	9555029	Pseudomonas viridiflava		Sample from Pseudomonas viridiflava		ERC000011	2018-06-26T11:47:51Z	2018-06-18T18:20:54Z			SAMEA104472246							MAX PLANCK INSTITUTE FOR DEVELOPMENTAL BIOLOGY	2018-06-26T11:47:51Z	2018-06-18T18:20:54Z	public							p21.H1														Pseudomonas sp. 286																																																																		p21.H1		Pseudomonas sp. 286									
SAMEA104472247	9555030	Pseudomonas viridiflava		Sample from Pseudomonas viridiflava		ERC000011	2018-06-26T11:47:52Z	2018-06-18T18:20:54Z			SAMEA104472247							MAX PLANCK INSTITUTE FOR DEVELOPMENTAL BIOLOGY	2018-06-26T11:47:52Z	2018-06-18T18:20:54Z	public							p21.H2														Pseudomonas sp. 286																																																																		p21.H2		Pseudomonas sp. 286									
SAMEA104472248	9555031	Pseudomonas viridiflava		Sample from Pseudomonas viridiflava		ERC000011	2018-06-26T11:47:53Z	2018-06-18T18:20:53Z			SAMEA104472248							MAX PLANCK INSTITUTE FOR DEVELOPMENTAL BIOLOGY	2018-06-26T11:47:53Z	2018-06-18T18:20:53Z	public							p21.H3														Pseudomonas sp. 286																																																																		p21.H3		Pseudomonas sp. 286									
SAMEA104472249	9555032	Pseudomonas viridiflava		Sample from Pseudomonas viridiflava		ERC000011	2018-06-26T11:47:54Z	2018-06-18T18:20:54Z			SAMEA104472249							MAX PLANCK INSTITUTE FOR DEVELOPMENTAL BIOLOGY	2018-06-26T11:47:54Z	2018-06-18T18:20:54Z	public							p21.H4														Pseudomonas sp. 286																																																																		p21.H4		Pseudomonas sp. 286									
SAMEA104472250	9555033	Pseudomonas viridiflava		Sample from Pseudomonas viridiflava		ERC000011	2018-06-26T11:47:54Z	2018-06-18T18:20:54Z			SAMEA104472250							MAX PLANCK INSTITUTE FOR DEVELOPMENTAL BIOLOGY	2018-06-26T11:47:54Z	2018-06-18T18:20:54Z	public							p21.H5														Pseudomonas sp. 286																																																																		p21.H5		Pseudomonas sp. 286									
SAMEA104472251	9555034	Pseudomonas viridiflava		Sample from Pseudomonas viridiflava		ERC000011	2018-06-26T11:47:55Z	2018-06-18T18:20:54Z			SAMEA104472251							MAX PLANCK INSTITUTE FOR DEVELOPMENTAL BIOLOGY	2018-06-26T11:47:55Z	2018-06-18T18:20:54Z	public							p21.H7														Pseudomonas sp. 286																																																																		p21.H7		Pseudomonas sp. 286									
SAMEA104472252	9555035	Pseudomonas viridiflava		Sample from Pseudomonas viridiflava		ERC000011	2018-06-26T11:47:55Z	2018-06-18T18:20:54Z			SAMEA104472252							MAX PLANCK INSTITUTE FOR DEVELOPMENTAL BIOLOGY	2018-06-26T11:47:55Z	2018-06-18T18:20:54Z	public							p21.H8														Pseudomonas sp. 286																																																																		p21.H8		Pseudomonas sp. 286									
SAMEA104472253	9555036	Pseudomonas viridiflava		Sample from Pseudomonas viridiflava		ERC000011	2018-06-26T11:47:55Z	2018-06-18T18:20:54Z			SAMEA104472253							MAX PLANCK INSTITUTE FOR DEVELOPMENTAL BIOLOGY	2018-06-26T11:47:55Z	2018-06-18T18:20:54Z	public							p21.H9														Pseudomonas sp. 286																																																																		p21.H9		Pseudomonas sp. 286									
SAMEA104472254	9555037	Pseudomonas viridiflava		Sample from Pseudomonas viridiflava		ERC000011	2018-06-26T11:47:56Z	2018-06-18T18:20:54Z			SAMEA104472254							MAX PLANCK INSTITUTE FOR DEVELOPMENTAL BIOLOGY	2018-06-26T11:47:56Z	2018-06-18T18:20:54Z	public							p22.A1														Pseudomonas sp. 286																																																																		p22.A1		Pseudomonas sp. 286									
SAMEA104472255	9555038	Pseudomonas viridiflava		Sample from Pseudomonas viridiflava		ERC000011	2018-06-26T11:47:56Z	2018-06-18T18:20:54Z			SAMEA104472255							MAX PLANCK INSTITUTE FOR DEVELOPMENTAL BIOLOGY	2018-06-26T11:47:56Z	2018-06-18T18:20:54Z	public							p22.A2														Pseudomonas sp. 286																																																																		p22.A2		Pseudomonas sp. 286									
SAMEA104472256	9555039	Pseudomonas viridiflava		Sample from Pseudomonas viridiflava		ERC000011	2018-06-26T11:47:56Z	2018-06-18T18:20:53Z			SAMEA104472256							MAX PLANCK INSTITUTE FOR DEVELOPMENTAL BIOLOGY	2018-06-26T11:47:56Z	2018-06-18T18:20:53Z	public							p22.A3														Pseudomonas sp. 286																																																																		p22.A3		Pseudomonas sp. 286									
SAMEA104472257	9555040	Pseudomonas viridiflava		Sample from Pseudomonas viridiflava		ERC000011	2018-06-26T11:47:57Z	2018-06-18T18:20:53Z			SAMEA104472257							MAX PLANCK INSTITUTE FOR DEVELOPMENTAL BIOLOGY	2018-06-26T11:47:57Z	2018-06-18T18:20:53Z	public							p22.A4														Pseudomonas sp. 286																																																																		p22.A4		Pseudomonas sp. 286									
SAMEA104472258	9555041	Pseudomonas viridiflava		Sample from Pseudomonas viridiflava		ERC000011	2018-06-26T11:47:57Z	2018-06-18T18:20:53Z			SAMEA104472258							MAX PLANCK INSTITUTE FOR DEVELOPMENTAL BIOLOGY	2018-06-26T11:47:57Z	2018-06-18T18:20:53Z	public							p22.A5														Pseudomonas sp. 286																																																																		p22.A5		Pseudomonas sp. 286									
SAMEA104472259	9555042	Pseudomonas viridiflava		Sample from Pseudomonas viridiflava		ERC000011	2018-06-26T11:47:57Z	2018-06-18T18:20:53Z			SAMEA104472259							MAX PLANCK INSTITUTE FOR DEVELOPMENTAL BIOLOGY	2018-06-26T11:47:57Z	2018-06-18T18:20:53Z	public							p22.A7														Pseudomonas sp. 286																																																																		p22.A7		Pseudomonas sp. 286									
SAMEA104472260	9555043	Pseudomonas viridiflava		Sample from Pseudomonas viridiflava		ERC000011	2018-06-26T11:47:58Z	2018-06-18T18:20:53Z			SAMEA104472260							MAX PLANCK INSTITUTE FOR DEVELOPMENTAL BIOLOGY	2018-06-26T11:47:58Z	2018-06-18T18:20:53Z	public							p22.A8														Pseudomonas sp. 286																																																																		p22.A8		Pseudomonas sp. 286									
SAMEA104472261	9555044	Pseudomonas viridiflava		Sample from Pseudomonas viridiflava		ERC000011	2018-06-26T11:47:58Z	2018-06-18T18:20:53Z			SAMEA104472261							MAX PLANCK INSTITUTE FOR DEVELOPMENTAL BIOLOGY	2018-06-26T11:47:58Z	2018-06-18T18:20:53Z	public							p22.B1														Pseudomonas sp. 286																																																																		p22.B1		Pseudomonas sp. 286									
SAMEA104472262	9555045	Pseudomonas viridiflava		Sample from Pseudomonas viridiflava		ERC000011	2018-06-26T11:47:59Z	2018-06-18T18:20:53Z			SAMEA104472262							MAX PLANCK INSTITUTE FOR DEVELOPMENTAL BIOLOGY	2018-06-26T11:47:59Z	2018-06-18T18:20:53Z	public							p22.B2														Pseudomonas sp. 286																																																																		p22.B2		Pseudomonas sp. 286									
SAMEA104472263	9555046	Pseudomonas viridiflava		Sample from Pseudomonas viridiflava		ERC000011	2018-06-26T11:48:00Z	2018-06-18T18:20:53Z			SAMEA104472263							MAX PLANCK INSTITUTE FOR DEVELOPMENTAL BIOLOGY	2018-06-26T11:48:00Z	2018-06-18T18:20:53Z	public							p22.B3														Pseudomonas sp. 286																																																																		p22.B3		Pseudomonas sp. 286									
SAMEA104472264	9555047	Pseudomonas viridiflava		Sample from Pseudomonas viridiflava		ERC000011	2018-06-26T11:48:01Z	2018-06-18T18:20:53Z			SAMEA104472264							MAX PLANCK INSTITUTE FOR DEVELOPMENTAL BIOLOGY	2018-06-26T11:48:01Z	2018-06-18T18:20:53Z	public							p22.B4														Pseudomonas sp. 286																																																																		p22.B4		Pseudomonas sp. 286									
SAMEA104472265	9555048	Pseudomonas viridiflava		Sample from Pseudomonas viridiflava		ERC000011	2018-06-26T11:48:06Z	2018-06-18T18:20:53Z			SAMEA104472265							MAX PLANCK INSTITUTE FOR DEVELOPMENTAL BIOLOGY	2018-06-26T11:48:06Z	2018-06-18T18:20:53Z	public							p22.B5														Pseudomonas sp. 286																																																																		p22.B5		Pseudomonas sp. 286									
SAMEA104472266	9555049	Pseudomonas viridiflava		Sample from Pseudomonas viridiflava		ERC000011	2018-06-26T11:48:13Z	2018-06-18T18:20:53Z			SAMEA104472266							MAX PLANCK INSTITUTE FOR DEVELOPMENTAL BIOLOGY	2018-06-26T11:48:13Z	2018-06-18T18:20:53Z	public							p22.B7														Pseudomonas sp. 286																																																																		p22.B7		Pseudomonas sp. 286									
SAMEA104472267	9555050	Pseudomonas viridiflava		Sample from Pseudomonas viridiflava		ERC000011	2018-06-26T11:48:15Z	2018-06-18T18:20:53Z			SAMEA104472267							MAX PLANCK INSTITUTE FOR DEVELOPMENTAL BIOLOGY	2018-06-26T11:48:15Z	2018-06-18T18:20:53Z	public							p22.B8														Pseudomonas sp. 286																																																																		p22.B8		Pseudomonas sp. 286									
SAMEA104472268	9555051	Pseudomonas viridiflava		Sample from Pseudomonas viridiflava		ERC000011	2018-06-26T11:48:20Z	2018-06-18T18:20:53Z			SAMEA104472268							MAX PLANCK INSTITUTE FOR DEVELOPMENTAL BIOLOGY	2018-06-26T11:48:20Z	2018-06-18T18:20:53Z	public							p22.C1														Pseudomonas sp. 286																																																																		p22.C1		Pseudomonas sp. 286									
SAMEA104472269	9555052	Pseudomonas viridiflava		Sample from Pseudomonas viridiflava		ERC000011	2018-06-26T11:48:23Z	2018-06-18T18:20:53Z			SAMEA104472269							MAX PLANCK INSTITUTE FOR DEVELOPMENTAL BIOLOGY	2018-06-26T11:48:23Z	2018-06-18T18:20:53Z	public							p22.C2														Pseudomonas sp. 286																																																																		p22.C2		Pseudomonas sp. 286									
SAMEA104472270	9555053	Pseudomonas viridiflava		Sample from Pseudomonas viridiflava		ERC000011	2018-06-26T11:48:25Z	2018-06-18T18:20:53Z			SAMEA104472270							MAX PLANCK INSTITUTE FOR DEVELOPMENTAL BIOLOGY	2018-06-26T11:48:25Z	2018-06-18T18:20:53Z	public							p22.C3														Pseudomonas sp. 286																																																																		p22.C3		Pseudomonas sp. 286									
SAMEA104472271	9555054	Pseudomonas viridiflava		Sample from Pseudomonas viridiflava		ERC000011	2018-06-26T11:48:29Z	2018-06-18T18:20:53Z			SAMEA104472271							MAX PLANCK INSTITUTE FOR DEVELOPMENTAL BIOLOGY	2018-06-26T11:48:29Z	2018-06-18T18:20:53Z	public							p22.C4														Pseudomonas sp. 286																																																																		p22.C4		Pseudomonas sp. 286									
SAMEA104472272	9555055	Pseudomonas viridiflava		Sample from Pseudomonas viridiflava		ERC000011	2018-06-26T11:48:34Z	2018-06-18T18:20:53Z			SAMEA104472272							MAX PLANCK INSTITUTE FOR DEVELOPMENTAL BIOLOGY	2018-06-26T11:48:34Z	2018-06-18T18:20:53Z	public							p22.C5														Pseudomonas sp. 286																																																																		p22.C5		Pseudomonas sp. 286									
SAMEA104472273	9555056	Pseudomonas viridiflava		Sample from Pseudomonas viridiflava		ERC000011	2018-06-26T11:48:38Z	2018-06-18T18:20:53Z			SAMEA104472273							MAX PLANCK INSTITUTE FOR DEVELOPMENTAL BIOLOGY	2018-06-26T11:48:38Z	2018-06-18T18:20:53Z	public							p22.C7														Pseudomonas sp. 286																																																																		p22.C7		Pseudomonas sp. 286									
SAMEA104472274	9555057	Pseudomonas viridiflava		Sample from Pseudomonas viridiflava		ERC000011	2018-06-26T11:48:43Z	2018-06-18T18:20:53Z			SAMEA104472274							MAX PLANCK INSTITUTE FOR DEVELOPMENTAL BIOLOGY	2018-06-26T11:48:43Z	2018-06-18T18:20:53Z	public							p22.C8														Pseudomonas sp. 286																																																																		p22.C8		Pseudomonas sp. 286									
SAMEA104472275	9555058	Pseudomonas viridiflava		Sample from Pseudomonas viridiflava		ERC000011	2018-06-26T11:48:48Z	2018-06-18T18:20:53Z			SAMEA104472275							MAX PLANCK INSTITUTE FOR DEVELOPMENTAL BIOLOGY	2018-06-26T11:48:48Z	2018-06-18T18:20:53Z	public							p22.D1														Pseudomonas sp. 286																																																																		p22.D1		Pseudomonas sp. 286									
SAMEA104472276	9555059	Pseudomonas viridiflava		Sample from Pseudomonas viridiflava		ERC000011	2018-06-26T11:48:50Z	2018-06-18T18:20:53Z			SAMEA104472276							MAX PLANCK INSTITUTE FOR DEVELOPMENTAL BIOLOGY	2018-06-26T11:48:50Z	2018-06-18T18:20:53Z	public							p22.D2														Pseudomonas sp. 286																																																																		p22.D2		Pseudomonas sp. 286									
SAMEA104472277	9555060	Pseudomonas viridiflava		Sample from Pseudomonas viridiflava		ERC000011	2018-06-26T11:48:53Z	2018-06-18T18:20:53Z			SAMEA104472277							MAX PLANCK INSTITUTE FOR DEVELOPMENTAL BIOLOGY	2018-06-26T11:48:53Z	2018-06-18T18:20:53Z	public							p22.D3														Pseudomonas sp. 286																																																																		p22.D3		Pseudomonas sp. 286									
SAMEA104472278	9555061	Pseudomonas viridiflava		Sample from Pseudomonas viridiflava		ERC000011	2018-06-26T11:48:58Z	2018-06-18T18:20:53Z			SAMEA104472278							MAX PLANCK INSTITUTE FOR DEVELOPMENTAL BIOLOGY	2018-06-26T11:48:58Z	2018-06-18T18:20:53Z	public							p22.D4														Pseudomonas sp. 286																																																																		p22.D4		Pseudomonas sp. 286									
SAMEA104472279	9555062	Pseudomonas viridiflava		Sample from Pseudomonas viridiflava		ERC000011	2018-06-26T11:49:02Z	2018-06-18T18:20:53Z			SAMEA104472279							MAX PLANCK INSTITUTE FOR DEVELOPMENTAL BIOLOGY	2018-06-26T11:49:02Z	2018-06-18T18:20:53Z	public							p22.D5														Pseudomonas sp. 286																																																																		p22.D5		Pseudomonas sp. 286									
SAMEA104472280	9555063	Pseudomonas viridiflava		Sample from Pseudomonas viridiflava		ERC000011	2018-06-26T11:49:05Z	2018-06-18T18:20:53Z			SAMEA104472280							MAX PLANCK INSTITUTE FOR DEVELOPMENTAL BIOLOGY	2018-06-26T11:49:05Z	2018-06-18T18:20:53Z	public							p22.D7														Pseudomonas sp. 286																																																																		p22.D7		Pseudomonas sp. 286									
SAMEA104472281	9555064	Pseudomonas viridiflava		Sample from Pseudomonas viridiflava		ERC000011	2018-06-26T11:49:07Z	2018-06-18T18:20:53Z			SAMEA104472281							MAX PLANCK INSTITUTE FOR DEVELOPMENTAL BIOLOGY	2018-06-26T11:49:07Z	2018-06-18T18:20:53Z	public							p22.D8														Pseudomonas sp. 286																																																																		p22.D8		Pseudomonas sp. 286									
SAMEA104472282	9555065	Pseudomonas viridiflava		Sample from Pseudomonas viridiflava		ERC000011	2018-06-26T11:49:09Z	2018-06-18T18:20:53Z			SAMEA104472282							MAX PLANCK INSTITUTE FOR DEVELOPMENTAL BIOLOGY	2018-06-26T11:49:09Z	2018-06-18T18:20:53Z	public							p22.E1														Pseudomonas sp. 286																																																																		p22.E1		Pseudomonas sp. 286									
SAMEA104472283	9555066	Pseudomonas viridiflava		Sample from Pseudomonas viridiflava		ERC000011	2018-06-26T11:49:11Z	2018-06-18T18:20:53Z			SAMEA104472283							MAX PLANCK INSTITUTE FOR DEVELOPMENTAL BIOLOGY	2018-06-26T11:49:11Z	2018-06-18T18:20:53Z	public							p22.E2														Pseudomonas sp. 286																																																																		p22.E2		Pseudomonas sp. 286									
SAMEA104472284	9555067	Pseudomonas viridiflava		Sample from Pseudomonas viridiflava		ERC000011	2018-06-26T11:49:12Z	2018-06-18T18:20:53Z			SAMEA104472284							MAX PLANCK INSTITUTE FOR DEVELOPMENTAL BIOLOGY	2018-06-26T11:49:12Z	2018-06-18T18:20:53Z	public							p22.E3														Pseudomonas sp. 286																																																																		p22.E3		Pseudomonas sp. 286									
SAMEA104472285	9555068	Pseudomonas viridiflava		Sample from Pseudomonas viridiflava		ERC000011	2018-06-26T11:49:14Z	2018-06-18T18:20:53Z			SAMEA104472285							MAX PLANCK INSTITUTE FOR DEVELOPMENTAL BIOLOGY	2018-06-26T11:49:14Z	2018-06-18T18:20:53Z	public							p22.E4														Pseudomonas sp. 286																																																																		p22.E4		Pseudomonas sp. 286									
SAMEA104472286	9555069	Pseudomonas viridiflava		Sample from Pseudomonas viridiflava		ERC000011	2018-06-26T11:49:17Z	2018-06-18T18:20:53Z			SAMEA104472286							MAX PLANCK INSTITUTE FOR DEVELOPMENTAL BIOLOGY	2018-06-26T11:49:17Z	2018-06-18T18:20:53Z	public							p22.E5														Pseudomonas sp. 286																																																																		p22.E5		Pseudomonas sp. 286									
SAMEA104472287	9555070	Pseudomonas viridiflava		Sample from Pseudomonas viridiflava		ERC000011	2018-06-26T11:49:19Z	2018-06-18T18:20:53Z			SAMEA104472287							MAX PLANCK INSTITUTE FOR DEVELOPMENTAL BIOLOGY	2018-06-26T11:49:19Z	2018-06-18T18:20:53Z	public							p22.E7														Pseudomonas sp. 286																																																																		p22.E7		Pseudomonas sp. 286									
SAMEA104472288	9555071	Pseudomonas viridiflava		Sample from Pseudomonas viridiflava		ERC000011	2018-06-26T11:49:20Z	2018-06-18T18:20:53Z			SAMEA104472288							MAX PLANCK INSTITUTE FOR DEVELOPMENTAL BIOLOGY	2018-06-26T11:49:20Z	2018-06-18T18:20:53Z	public							p22.F1														Pseudomonas sp. 286																																																																		p22.F1		Pseudomonas sp. 286									
SAMEA104472289	9555072	Pseudomonas viridiflava		Sample from Pseudomonas viridiflava		ERC000011	2018-06-26T11:49:21Z	2018-06-18T18:20:53Z			SAMEA104472289							MAX PLANCK INSTITUTE FOR DEVELOPMENTAL BIOLOGY	2018-06-26T11:49:21Z	2018-06-18T18:20:53Z	public							p22.F2														Pseudomonas sp. 286																																																																		p22.F2		Pseudomonas sp. 286									
SAMEA104472290	9555073	Pseudomonas viridiflava		Sample from Pseudomonas viridiflava		ERC000011	2018-06-26T11:49:21Z	2018-06-18T18:20:53Z			SAMEA104472290							MAX PLANCK INSTITUTE FOR DEVELOPMENTAL BIOLOGY	2018-06-26T11:49:21Z	2018-06-18T18:20:53Z	public							p22.F3														Pseudomonas sp. 286																																																																		p22.F3		Pseudomonas sp. 286									
SAMEA104472291	9555074	Pseudomonas viridiflava		Sample from Pseudomonas viridiflava		ERC000011	2018-06-26T11:49:22Z	2018-06-18T18:20:44Z			SAMEA104472291							MAX PLANCK INSTITUTE FOR DEVELOPMENTAL BIOLOGY	2018-06-26T11:49:22Z	2018-06-18T18:20:44Z	public							p22.F4														Pseudomonas sp. 286																																																																		p22.F4		Pseudomonas sp. 286									
SAMEA104472292	9555075	Pseudomonas viridiflava		Sample from Pseudomonas viridiflava		ERC000011	2018-06-26T11:49:25Z	2018-06-18T18:20:53Z			SAMEA104472292							MAX PLANCK INSTITUTE FOR DEVELOPMENTAL BIOLOGY	2018-06-26T11:49:25Z	2018-06-18T18:20:53Z	public							p22.F5														Pseudomonas sp. 286																																																																		p22.F5		Pseudomonas sp. 286									
SAMEA104472293	9555076	Pseudomonas viridiflava		Sample from Pseudomonas viridiflava		ERC000011	2018-06-26T11:49:25Z	2018-06-18T18:20:53Z			SAMEA104472293							MAX PLANCK INSTITUTE FOR DEVELOPMENTAL BIOLOGY	2018-06-26T11:49:25Z	2018-06-18T18:20:53Z	public							p22.F7														Pseudomonas sp. 286																																																																		p22.F7		Pseudomonas sp. 286									
SAMEA104472294	9555077	Pseudomonas viridiflava		Sample from Pseudomonas viridiflava		ERC000011	2018-06-26T11:49:26Z	2018-06-18T18:20:53Z			SAMEA104472294							MAX PLANCK INSTITUTE FOR DEVELOPMENTAL BIOLOGY	2018-06-26T11:49:26Z	2018-06-18T18:20:53Z	public							p22.G1														Pseudomonas sp. 286																																																																		p22.G1		Pseudomonas sp. 286									
SAMEA104472295	9555078	Pseudomonas viridiflava		Sample from Pseudomonas viridiflava		ERC000011	2018-06-26T11:49:26Z	2018-06-18T18:20:53Z			SAMEA104472295							MAX PLANCK INSTITUTE FOR DEVELOPMENTAL BIOLOGY	2018-06-26T11:49:26Z	2018-06-18T18:20:53Z	public							p22.G2														Pseudomonas sp. 286																																																																		p22.G2		Pseudomonas sp. 286									
SAMEA104472296	9555079	Pseudomonas viridiflava		Sample from Pseudomonas viridiflava		ERC000011	2018-06-26T11:49:27Z	2018-06-18T18:20:53Z			SAMEA104472296							MAX PLANCK INSTITUTE FOR DEVELOPMENTAL BIOLOGY	2018-06-26T11:49:27Z	2018-06-18T18:20:53Z	public							p22.G3														Pseudomonas sp. 286																																																																		p22.G3		Pseudomonas sp. 286									
SAMEA104472297	9555080	Pseudomonas viridiflava		Sample from Pseudomonas viridiflava		ERC000011	2018-06-26T11:49:27Z	2018-06-18T18:20:53Z			SAMEA104472297							MAX PLANCK INSTITUTE FOR DEVELOPMENTAL BIOLOGY	2018-06-26T11:49:27Z	2018-06-18T18:20:53Z	public							p22.G4														Pseudomonas sp. 286																																																																		p22.G4		Pseudomonas sp. 286									
SAMEA104472298	9555081	Pseudomonas viridiflava		Sample from Pseudomonas viridiflava		ERC000011	2018-06-26T11:49:27Z	2018-06-18T18:20:53Z			SAMEA104472298							MAX PLANCK INSTITUTE FOR DEVELOPMENTAL BIOLOGY	2018-06-26T11:49:27Z	2018-06-18T18:20:53Z	public							p22.G5														Pseudomonas sp. 286																																																																		p22.G5		Pseudomonas sp. 286									
SAMEA104472299	9555082	Pseudomonas viridiflava		Sample from Pseudomonas viridiflava		ERC000011	2018-06-26T11:49:28Z	2018-06-18T18:20:53Z			SAMEA104472299							MAX PLANCK INSTITUTE FOR DEVELOPMENTAL BIOLOGY	2018-06-26T11:49:28Z	2018-06-18T18:20:53Z	public							p22.G7														Pseudomonas sp. 286																																																																		p22.G7		Pseudomonas sp. 286									
SAMEA104472300	9555083	Pseudomonas viridiflava		Sample from Pseudomonas viridiflava		ERC000011	2018-06-26T11:49:28Z	2018-06-18T18:20:53Z			SAMEA104472300							MAX PLANCK INSTITUTE FOR DEVELOPMENTAL BIOLOGY	2018-06-26T11:49:28Z	2018-06-18T18:20:53Z	public							p22.H1														Pseudomonas sp. 286																																																																		p22.H1		Pseudomonas sp. 286									
SAMEA104472301	9555084	Pseudomonas viridiflava		Sample from Pseudomonas viridiflava		ERC000011	2018-06-26T11:49:29Z	2018-06-18T18:20:53Z			SAMEA104472301							MAX PLANCK INSTITUTE FOR DEVELOPMENTAL BIOLOGY	2018-06-26T11:49:29Z	2018-06-18T18:20:53Z	public							p22.H2														Pseudomonas sp. 286																																																																		p22.H2		Pseudomonas sp. 286									
SAMEA104472302	9555085	Pseudomonas viridiflava		Sample from Pseudomonas viridiflava		ERC000011	2018-06-26T11:49:29Z	2018-06-18T18:20:53Z			SAMEA104472302							MAX PLANCK INSTITUTE FOR DEVELOPMENTAL BIOLOGY	2018-06-26T11:49:29Z	2018-06-18T18:20:53Z	public							p22.H3														Pseudomonas sp. 286																																																																		p22.H3		Pseudomonas sp. 286									
SAMEA104472303	9555086	Pseudomonas viridiflava		Sample from Pseudomonas viridiflava		ERC000011	2018-06-26T11:49:29Z	2018-06-18T18:20:53Z			SAMEA104472303							MAX PLANCK INSTITUTE FOR DEVELOPMENTAL BIOLOGY	2018-06-26T11:49:29Z	2018-06-18T18:20:53Z	public							p22.H4														Pseudomonas sp. 286																																																																		p22.H4		Pseudomonas sp. 286									
SAMEA104472304	9555087	Pseudomonas viridiflava		Sample from Pseudomonas viridiflava		ERC000011	2018-06-26T11:49:30Z	2018-06-18T18:20:44Z			SAMEA104472304							MAX PLANCK INSTITUTE FOR DEVELOPMENTAL BIOLOGY	2018-06-26T11:49:30Z	2018-06-18T18:20:44Z	public							p22.H5														Pseudomonas sp. 286																																																																		p22.H5		Pseudomonas sp. 286									
SAMEA104472305	9555088	Pseudomonas viridiflava		Sample from Pseudomonas viridiflava		ERC000011	2018-06-26T11:49:30Z	2018-06-18T18:20:44Z			SAMEA104472305							MAX PLANCK INSTITUTE FOR DEVELOPMENTAL BIOLOGY	2018-06-26T11:49:30Z	2018-06-18T18:20:44Z	public							p23.A1														Pseudomonas sp. 286																																																																		p23.A1		Pseudomonas sp. 286									
SAMEA104472306	9555089	Pseudomonas viridiflava		Sample from Pseudomonas viridiflava		ERC000011	2018-06-26T11:49:30Z	2018-06-18T18:20:44Z			SAMEA104472306							MAX PLANCK INSTITUTE FOR DEVELOPMENTAL BIOLOGY	2018-06-26T11:49:30Z	2018-06-18T18:20:44Z	public							p23.A2														Pseudomonas sp. 286																																																																		p23.A2		Pseudomonas sp. 286									
SAMEA104472307	9555090	Pseudomonas viridiflava		Sample from Pseudomonas viridiflava		ERC000011	2018-06-26T11:49:31Z	2018-06-18T18:20:44Z			SAMEA104472307							MAX PLANCK INSTITUTE FOR DEVELOPMENTAL BIOLOGY	2018-06-26T11:49:31Z	2018-06-18T18:20:44Z	public							p23.A3														Pseudomonas sp. 286																																																																		p23.A3		Pseudomonas sp. 286									
SAMEA104472308	9555091	Pseudomonas viridiflava		Sample from Pseudomonas viridiflava		ERC000011	2018-06-26T11:49:31Z	2018-06-18T18:20:44Z			SAMEA104472308							MAX PLANCK INSTITUTE FOR DEVELOPMENTAL BIOLOGY	2018-06-26T11:49:31Z	2018-06-18T18:20:44Z	public							p23.A4														Pseudomonas sp. 286																																																																		p23.A4		Pseudomonas sp. 286									
SAMEA104472309	9555092	Pseudomonas viridiflava		Sample from Pseudomonas viridiflava		ERC000011	2018-06-26T11:49:31Z	2018-06-18T18:20:44Z			SAMEA104472309							MAX PLANCK INSTITUTE FOR DEVELOPMENTAL BIOLOGY	2018-06-26T11:49:31Z	2018-06-18T18:20:44Z	public							p23.A5														Pseudomonas sp. 286																																																																		p23.A5		Pseudomonas sp. 286									
SAMEA104472310	9555093	Pseudomonas viridiflava		Sample from Pseudomonas viridiflava		ERC000011	2018-06-26T11:49:32Z	2018-06-18T18:20:44Z			SAMEA104472310							MAX PLANCK INSTITUTE FOR DEVELOPMENTAL BIOLOGY	2018-06-26T11:49:32Z	2018-06-18T18:20:44Z	public							p23.A6														Pseudomonas sp. 286																																																																		p23.A6		Pseudomonas sp. 286									
SAMEA104472311	9555094	Pseudomonas viridiflava		Sample from Pseudomonas viridiflava		ERC000011	2018-06-26T11:49:32Z	2018-06-18T18:20:44Z			SAMEA104472311							MAX PLANCK INSTITUTE FOR DEVELOPMENTAL BIOLOGY	2018-06-26T11:49:32Z	2018-06-18T18:20:44Z	public							p23.A7														Pseudomonas sp. 286																																																																		p23.A7		Pseudomonas sp. 286									
SAMEA104472312	9555095	Pseudomonas viridiflava		Sample from Pseudomonas viridiflava		ERC000011	2018-06-26T11:49:32Z	2018-06-18T18:20:44Z			SAMEA104472312							MAX PLANCK INSTITUTE FOR DEVELOPMENTAL BIOLOGY	2018-06-26T11:49:32Z	2018-06-18T18:20:44Z	public							p23.A8														Pseudomonas sp. 286																																																																		p23.A8		Pseudomonas sp. 286									
SAMEA104472313	9555096	Pseudomonas viridiflava		Sample from Pseudomonas viridiflava		ERC000011	2018-06-26T11:49:33Z	2018-06-18T18:20:44Z			SAMEA104472313							MAX PLANCK INSTITUTE FOR DEVELOPMENTAL BIOLOGY	2018-06-26T11:49:33Z	2018-06-18T18:20:44Z	public							p23.A9														Pseudomonas sp. 286																																																																		p23.A9		Pseudomonas sp. 286									
SAMEA104472314	9555097	Pseudomonas viridiflava		Sample from Pseudomonas viridiflava		ERC000011	2018-06-26T11:49:33Z	2018-06-18T18:20:44Z			SAMEA104472314							MAX PLANCK INSTITUTE FOR DEVELOPMENTAL BIOLOGY	2018-06-26T11:49:33Z	2018-06-18T18:20:44Z	public							p23.B1														Pseudomonas sp. 286																																																																		p23.B1		Pseudomonas sp. 286									
SAMEA104472315	9555098	Pseudomonas viridiflava		Sample from Pseudomonas viridiflava		ERC000011	2018-06-26T11:49:33Z	2018-06-18T18:20:44Z			SAMEA104472315							MAX PLANCK INSTITUTE FOR DEVELOPMENTAL BIOLOGY	2018-06-26T11:49:33Z	2018-06-18T18:20:44Z	public							p23.B2														Pseudomonas sp. 286																																																																		p23.B2		Pseudomonas sp. 286									
SAMEA104472316	9555099	Pseudomonas viridiflava		Sample from Pseudomonas viridiflava		ERC000011	2018-06-26T11:49:34Z	2018-06-18T18:20:44Z			SAMEA104472316							MAX PLANCK INSTITUTE FOR DEVELOPMENTAL BIOLOGY	2018-06-26T11:49:34Z	2018-06-18T18:20:44Z	public							p23.B3														Pseudomonas sp. 286																																																																		p23.B3		Pseudomonas sp. 286									
SAMEA104472317	9555100	Pseudomonas viridiflava		Sample from Pseudomonas viridiflava		ERC000011	2018-06-26T11:49:34Z	2018-06-18T18:20:44Z			SAMEA104472317							MAX PLANCK INSTITUTE FOR DEVELOPMENTAL BIOLOGY	2018-06-26T11:49:34Z	2018-06-18T18:20:44Z	public							p23.B4														Pseudomonas sp. 286																																																																		p23.B4		Pseudomonas sp. 286									
SAMEA104472318	9555101	Pseudomonas viridiflava		Sample from Pseudomonas viridiflava		ERC000011	2018-06-26T11:49:34Z	2018-06-18T18:20:44Z			SAMEA104472318							MAX PLANCK INSTITUTE FOR DEVELOPMENTAL BIOLOGY	2018-06-26T11:49:34Z	2018-06-18T18:20:44Z	public							p23.B5														Pseudomonas sp. 286																																																																		p23.B5		Pseudomonas sp. 286									
SAMEA104472319	9555102	Pseudomonas viridiflava		Sample from Pseudomonas viridiflava		ERC000011	2018-06-26T11:49:35Z	2018-06-18T18:20:44Z			SAMEA104472319							MAX PLANCK INSTITUTE FOR DEVELOPMENTAL BIOLOGY	2018-06-26T11:49:35Z	2018-06-18T18:20:44Z	public							p23.B6														Pseudomonas sp. 286																																																																		p23.B6		Pseudomonas sp. 286									
SAMEA104472320	9555103	Pseudomonas viridiflava		Sample from Pseudomonas viridiflava		ERC000011	2018-06-26T11:49:35Z	2018-06-18T18:20:44Z			SAMEA104472320							MAX PLANCK INSTITUTE FOR DEVELOPMENTAL BIOLOGY	2018-06-26T11:49:35Z	2018-06-18T18:20:44Z	public							p23.B7														Pseudomonas sp. 286																																																																		p23.B7		Pseudomonas sp. 286									
SAMEA104472321	9555104	Pseudomonas viridiflava		Sample from Pseudomonas viridiflava		ERC000011	2018-06-26T11:49:35Z	2018-06-18T18:20:44Z			SAMEA104472321							MAX PLANCK INSTITUTE FOR DEVELOPMENTAL BIOLOGY	2018-06-26T11:49:35Z	2018-06-18T18:20:44Z	public							p23.B8														Pseudomonas sp. 286																																																																		p23.B8		Pseudomonas sp. 286									
SAMEA104472322	9555105	Pseudomonas viridiflava		Sample from Pseudomonas viridiflava		ERC000011	2018-06-26T11:49:36Z	2018-06-18T18:20:44Z			SAMEA104472322							MAX PLANCK INSTITUTE FOR DEVELOPMENTAL BIOLOGY	2018-06-26T11:49:36Z	2018-06-18T18:20:44Z	public							p23.B9														Pseudomonas sp. 286																																																																		p23.B9		Pseudomonas sp. 286									
SAMEA104472323	9555106	Pseudomonas viridiflava		Sample from Pseudomonas viridiflava		ERC000011	2018-06-26T11:49:36Z	2018-06-18T18:20:44Z			SAMEA104472323							MAX PLANCK INSTITUTE FOR DEVELOPMENTAL BIOLOGY	2018-06-26T11:49:36Z	2018-06-18T18:20:44Z	public							p23.C1														Pseudomonas sp. 286																																																																		p23.C1		Pseudomonas sp. 286									
SAMEA104472324	9555107	Pseudomonas viridiflava		Sample from Pseudomonas viridiflava		ERC000011	2018-06-26T11:49:36Z	2018-06-18T18:20:44Z			SAMEA104472324							MAX PLANCK INSTITUTE FOR DEVELOPMENTAL BIOLOGY	2018-06-26T11:49:36Z	2018-06-18T18:20:44Z	public							p23.C2														Pseudomonas sp. 286																																																																		p23.C2		Pseudomonas sp. 286									
SAMEA104472325	9555108	Pseudomonas viridiflava		Sample from Pseudomonas viridiflava		ERC000011	2018-06-26T11:49:36Z	2018-06-18T18:20:44Z			SAMEA104472325							MAX PLANCK INSTITUTE FOR DEVELOPMENTAL BIOLOGY	2018-06-26T11:49:36Z	2018-06-18T18:20:44Z	public							p23.C3														Pseudomonas sp. 286																																																																		p23.C3		Pseudomonas sp. 286									
SAMEA104472326	9555109	Pseudomonas viridiflava		Sample from Pseudomonas viridiflava		ERC000011	2018-06-26T11:49:37Z	2018-06-18T18:20:44Z			SAMEA104472326							MAX PLANCK INSTITUTE FOR DEVELOPMENTAL BIOLOGY	2018-06-26T11:49:37Z	2018-06-18T18:20:44Z	public							p23.C4														Pseudomonas sp. 286																																																																		p23.C4		Pseudomonas sp. 286									
SAMEA104472327	9555110	Pseudomonas viridiflava		Sample from Pseudomonas viridiflava		ERC000011	2018-06-26T11:49:37Z	2018-06-18T18:20:44Z			SAMEA104472327							MAX PLANCK INSTITUTE FOR DEVELOPMENTAL BIOLOGY	2018-06-26T11:49:37Z	2018-06-18T18:20:44Z	public							p23.C5														Pseudomonas sp. 286																																																																		p23.C5		Pseudomonas sp. 286									
SAMEA104472328	9555111	Pseudomonas viridiflava		Sample from Pseudomonas viridiflava		ERC000011	2018-06-26T11:49:37Z	2018-06-18T18:20:44Z			SAMEA104472328							MAX PLANCK INSTITUTE FOR DEVELOPMENTAL BIOLOGY	2018-06-26T11:49:37Z	2018-06-18T18:20:44Z	public							p23.C6														Pseudomonas sp. 286																																																																		p23.C6		Pseudomonas sp. 286									
SAMEA104472329	9555112	Pseudomonas viridiflava		Sample from Pseudomonas viridiflava		ERC000011	2018-06-26T11:49:37Z	2018-06-18T18:20:44Z			SAMEA104472329							MAX PLANCK INSTITUTE FOR DEVELOPMENTAL BIOLOGY	2018-06-26T11:49:37Z	2018-06-18T18:20:44Z	public							p23.C7														Pseudomonas sp. 286																																																																		p23.C7		Pseudomonas sp. 286									
SAMEA104472330	9555113	Pseudomonas viridiflava		Sample from Pseudomonas viridiflava		ERC000011	2018-06-26T11:49:38Z	2018-06-18T18:20:44Z			SAMEA104472330							MAX PLANCK INSTITUTE FOR DEVELOPMENTAL BIOLOGY	2018-06-26T11:49:38Z	2018-06-18T18:20:44Z	public							p23.C8														Pseudomonas sp. 286																																																																		p23.C8		Pseudomonas sp. 286									
SAMEA104472331	9555114	Pseudomonas viridiflava		Sample from Pseudomonas viridiflava		ERC000011	2018-06-26T11:49:38Z	2018-06-18T18:20:44Z			SAMEA104472331							MAX PLANCK INSTITUTE FOR DEVELOPMENTAL BIOLOGY	2018-06-26T11:49:38Z	2018-06-18T18:20:44Z	public							p23.C9														Pseudomonas sp. 286																																																																		p23.C9		Pseudomonas sp. 286									
SAMEA104472332	9555115	Pseudomonas viridiflava		Sample from Pseudomonas viridiflava		ERC000011	2018-06-26T11:49:38Z	2018-06-18T18:20:44Z			SAMEA104472332							MAX PLANCK INSTITUTE FOR DEVELOPMENTAL BIOLOGY	2018-06-26T11:49:38Z	2018-06-18T18:20:44Z	public							p23.D1														Pseudomonas sp. 286																																																																		p23.D1		Pseudomonas sp. 286									
SAMEA104472333	9555116	Pseudomonas viridiflava		Sample from Pseudomonas viridiflava		ERC000011	2018-06-26T11:49:38Z	2018-06-18T18:20:44Z			SAMEA104472333							MAX PLANCK INSTITUTE FOR DEVELOPMENTAL BIOLOGY	2018-06-26T11:49:38Z	2018-06-18T18:20:44Z	public							p23.D2														Pseudomonas sp. 286																																																																		p23.D2		Pseudomonas sp. 286									
SAMEA104472334	9555117	Pseudomonas viridiflava		Sample from Pseudomonas viridiflava		ERC000011	2018-06-26T11:49:39Z	2018-06-18T18:20:42Z			SAMEA104472334							MAX PLANCK INSTITUTE FOR DEVELOPMENTAL BIOLOGY	2018-06-26T11:49:39Z	2018-06-18T18:20:42Z	public							p23.D3														Pseudomonas sp. 286																																																																		p23.D3		Pseudomonas sp. 286									
SAMEA104472335	9555118	Pseudomonas viridiflava		Sample from Pseudomonas viridiflava		ERC000011	2018-06-26T11:49:39Z	2018-06-18T18:20:44Z			SAMEA104472335							MAX PLANCK INSTITUTE FOR DEVELOPMENTAL BIOLOGY	2018-06-26T11:49:39Z	2018-06-18T18:20:44Z	public							p23.D4														Pseudomonas sp. 286																																																																		p23.D4		Pseudomonas sp. 286									
SAMEA104472336	9555119	Pseudomonas viridiflava		Sample from Pseudomonas viridiflava		ERC000011	2018-06-26T11:49:39Z	2018-06-18T18:20:44Z			SAMEA104472336							MAX PLANCK INSTITUTE FOR DEVELOPMENTAL BIOLOGY	2018-06-26T11:49:39Z	2018-06-18T18:20:44Z	public							p23.D5														Pseudomonas sp. 286																																																																		p23.D5		Pseudomonas sp. 286									
SAMEA104472337	9555120	Pseudomonas viridiflava		Sample from Pseudomonas viridiflava		ERC000011	2018-06-26T11:49:39Z	2018-06-18T18:20:44Z			SAMEA104472337							MAX PLANCK INSTITUTE FOR DEVELOPMENTAL BIOLOGY	2018-06-26T11:49:39Z	2018-06-18T18:20:44Z	public							p23.D6														Pseudomonas sp. 286																																																																		p23.D6		Pseudomonas sp. 286									
SAMEA104472338	9555121	Pseudomonas viridiflava		Sample from Pseudomonas viridiflava		ERC000011	2018-06-26T11:49:40Z	2018-06-18T18:20:44Z			SAMEA104472338							MAX PLANCK INSTITUTE FOR DEVELOPMENTAL BIOLOGY	2018-06-26T11:49:40Z	2018-06-18T18:20:44Z	public							p23.D7														Pseudomonas sp. 286																																																																		p23.D7		Pseudomonas sp. 286									
SAMEA104472339	9555122	Pseudomonas viridiflava		Sample from Pseudomonas viridiflava		ERC000011	2018-06-26T11:49:40Z	2018-06-18T18:20:44Z			SAMEA104472339							MAX PLANCK INSTITUTE FOR DEVELOPMENTAL BIOLOGY	2018-06-26T11:49:40Z	2018-06-18T18:20:44Z	public							p23.D8														Pseudomonas sp. 286																																																																		p23.D8		Pseudomonas sp. 286									
SAMEA104472340	9555123	Pseudomonas viridiflava		Sample from Pseudomonas viridiflava		ERC000011	2018-06-26T11:49:40Z	2018-06-18T18:20:44Z			SAMEA104472340							MAX PLANCK INSTITUTE FOR DEVELOPMENTAL BIOLOGY	2018-06-26T11:49:40Z	2018-06-18T18:20:44Z	public							p23.D9														Pseudomonas sp. 286																																																																		p23.D9		Pseudomonas sp. 286									
SAMEA104472341	9555124	Pseudomonas viridiflava		Sample from Pseudomonas viridiflava		ERC000011	2018-06-26T11:49:40Z	2018-06-18T18:20:43Z			SAMEA104472341							MAX PLANCK INSTITUTE FOR DEVELOPMENTAL BIOLOGY	2018-06-26T11:49:40Z	2018-06-18T18:20:43Z	public							p23.E1														Pseudomonas sp. 286																																																																		p23.E1		Pseudomonas sp. 286									
SAMEA104472342	9555125	Pseudomonas viridiflava		Sample from Pseudomonas viridiflava		ERC000011	2018-06-26T11:49:41Z	2018-06-18T18:20:43Z			SAMEA104472342							MAX PLANCK INSTITUTE FOR DEVELOPMENTAL BIOLOGY	2018-06-26T11:49:41Z	2018-06-18T18:20:43Z	public							p23.E2														Pseudomonas sp. 286																																																																		p23.E2		Pseudomonas sp. 286									
SAMEA104472343	9555126	Pseudomonas viridiflava		Sample from Pseudomonas viridiflava		ERC000011	2018-06-26T11:49:41Z	2018-06-18T18:20:43Z			SAMEA104472343							MAX PLANCK INSTITUTE FOR DEVELOPMENTAL BIOLOGY	2018-06-26T11:49:41Z	2018-06-18T18:20:43Z	public							p23.E5														Pseudomonas sp. 286																																																																		p23.E5		Pseudomonas sp. 286									
SAMEA104472344	9555127	Pseudomonas viridiflava		Sample from Pseudomonas viridiflava		ERC000011	2018-06-26T11:49:41Z	2018-06-18T18:20:43Z			SAMEA104472344							MAX PLANCK INSTITUTE FOR DEVELOPMENTAL BIOLOGY	2018-06-26T11:49:41Z	2018-06-18T18:20:43Z	public							p23.E6														Pseudomonas sp. 286																																																																		p23.E6		Pseudomonas sp. 286									
SAMEA104472345	9555128	Pseudomonas viridiflava		Sample from Pseudomonas viridiflava		ERC000011	2018-06-26T11:49:41Z	2018-06-18T18:20:43Z			SAMEA104472345							MAX PLANCK INSTITUTE FOR DEVELOPMENTAL BIOLOGY	2018-06-26T11:49:41Z	2018-06-18T18:20:43Z	public							p23.E7														Pseudomonas sp. 286																																																																		p23.E7		Pseudomonas sp. 286									
SAMEA104472346	9555129	Pseudomonas viridiflava		Sample from Pseudomonas viridiflava		ERC000011	2018-06-26T11:49:42Z	2018-06-18T18:20:43Z			SAMEA104472346							MAX PLANCK INSTITUTE FOR DEVELOPMENTAL BIOLOGY	2018-06-26T11:49:42Z	2018-06-18T18:20:43Z	public							p23.E9														Pseudomonas sp. 286																																																																		p23.E9		Pseudomonas sp. 286									
SAMEA104472347	9555130	Pseudomonas viridiflava		Sample from Pseudomonas viridiflava		ERC000011	2018-06-26T11:49:42Z	2018-06-18T18:20:43Z			SAMEA104472347							MAX PLANCK INSTITUTE FOR DEVELOPMENTAL BIOLOGY	2018-06-26T11:49:42Z	2018-06-18T18:20:43Z	public							p23.F1														Pseudomonas sp. 286																																																																		p23.F1		Pseudomonas sp. 286									
SAMEA104472348	9555131	Pseudomonas viridiflava		Sample from Pseudomonas viridiflava		ERC000011	2018-06-26T11:49:42Z	2018-06-18T18:20:43Z			SAMEA104472348							MAX PLANCK INSTITUTE FOR DEVELOPMENTAL BIOLOGY	2018-06-26T11:49:42Z	2018-06-18T18:20:43Z	public							p23.F2														Pseudomonas sp. 286																																																																		p23.F2		Pseudomonas sp. 286									
SAMEA104472349	9555132	Pseudomonas viridiflava		Sample from Pseudomonas viridiflava		ERC000011	2018-06-26T11:49:43Z	2018-06-18T18:20:43Z			SAMEA104472349							MAX PLANCK INSTITUTE FOR DEVELOPMENTAL BIOLOGY	2018-06-26T11:49:43Z	2018-06-18T18:20:43Z	public							p23.F4														Pseudomonas sp. 286																																																																		p23.F4		Pseudomonas sp. 286									
SAMEA104472350	9555133	Pseudomonas viridiflava		Sample from Pseudomonas viridiflava		ERC000011	2018-06-26T11:49:43Z	2018-06-18T18:20:43Z			SAMEA104472350							MAX PLANCK INSTITUTE FOR DEVELOPMENTAL BIOLOGY	2018-06-26T11:49:43Z	2018-06-18T18:20:43Z	public							p23.F5														Pseudomonas sp. 286																																																																		p23.F5		Pseudomonas sp. 286									
SAMEA104472351	9555134	Pseudomonas viridiflava		Sample from Pseudomonas viridiflava		ERC000011	2018-06-26T11:49:43Z	2018-06-18T18:20:43Z			SAMEA104472351							MAX PLANCK INSTITUTE FOR DEVELOPMENTAL BIOLOGY	2018-06-26T11:49:43Z	2018-06-18T18:20:43Z	public							p23.F6														Pseudomonas sp. 286																																																																		p23.F6		Pseudomonas sp. 286									
SAMEA104472352	9555135	Pseudomonas viridiflava		Sample from Pseudomonas viridiflava		ERC000011	2018-06-26T11:49:43Z	2018-06-18T18:20:43Z			SAMEA104472352							MAX PLANCK INSTITUTE FOR DEVELOPMENTAL BIOLOGY	2018-06-26T11:49:43Z	2018-06-18T18:20:43Z	public							p23.F9														Pseudomonas sp. 286																																																																		p23.F9		Pseudomonas sp. 286									
SAMEA104472353	9555136	Pseudomonas viridiflava		Sample from Pseudomonas viridiflava		ERC000011	2018-06-26T11:49:44Z	2018-06-18T18:20:43Z			SAMEA104472353							MAX PLANCK INSTITUTE FOR DEVELOPMENTAL BIOLOGY	2018-06-26T11:49:44Z	2018-06-18T18:20:43Z	public							p23.G1														Pseudomonas sp. 286																																																																		p23.G1		Pseudomonas sp. 286									
SAMEA104472354	9555137	Pseudomonas viridiflava		Sample from Pseudomonas viridiflava		ERC000011	2018-06-26T11:49:44Z	2018-06-18T18:20:43Z			SAMEA104472354							MAX PLANCK INSTITUTE FOR DEVELOPMENTAL BIOLOGY	2018-06-26T11:49:44Z	2018-06-18T18:20:43Z	public							p23.G2														Pseudomonas sp. 286																																																																		p23.G2		Pseudomonas sp. 286									
SAMEA104472355	9555138	Pseudomonas viridiflava		Sample from Pseudomonas viridiflava		ERC000011	2018-06-26T11:49:44Z	2018-06-18T18:20:43Z			SAMEA104472355							MAX PLANCK INSTITUTE FOR DEVELOPMENTAL BIOLOGY	2018-06-26T11:49:44Z	2018-06-18T18:20:43Z	public							p23.G3														Pseudomonas sp. 286																																																																		p23.G3		Pseudomonas sp. 286									
SAMEA104472356	9555139	Pseudomonas viridiflava		Sample from Pseudomonas viridiflava		ERC000011	2018-06-26T11:49:44Z	2018-06-18T18:20:43Z			SAMEA104472356							MAX PLANCK INSTITUTE FOR DEVELOPMENTAL BIOLOGY	2018-06-26T11:49:44Z	2018-06-18T18:20:43Z	public							p23.G5														Pseudomonas sp. 286																																																																		p23.G5		Pseudomonas sp. 286									
SAMEA104472357	9555140	Pseudomonas viridiflava		Sample from Pseudomonas viridiflava		ERC000011	2018-06-26T11:49:45Z	2018-06-18T18:20:43Z			SAMEA104472357							MAX PLANCK INSTITUTE FOR DEVELOPMENTAL BIOLOGY	2018-06-26T11:49:45Z	2018-06-18T18:20:43Z	public							p23.G6														Pseudomonas sp. 286																																																																		p23.G6		Pseudomonas sp. 286									
SAMEA104472358	9555141	Pseudomonas viridiflava		Sample from Pseudomonas viridiflava		ERC000011	2018-06-26T11:49:45Z	2018-06-18T18:20:43Z			SAMEA104472358							MAX PLANCK INSTITUTE FOR DEVELOPMENTAL BIOLOGY	2018-06-26T11:49:45Z	2018-06-18T18:20:43Z	public							p23.G7														Pseudomonas sp. 286																																																																		p23.G7		Pseudomonas sp. 286									
SAMEA104472359	9555142	Pseudomonas viridiflava		Sample from Pseudomonas viridiflava		ERC000011	2018-06-26T11:49:45Z	2018-06-18T18:20:43Z			SAMEA104472359							MAX PLANCK INSTITUTE FOR DEVELOPMENTAL BIOLOGY	2018-06-26T11:49:45Z	2018-06-18T18:20:43Z	public							p23.G9														Pseudomonas sp. 286																																																																		p23.G9		Pseudomonas sp. 286									
SAMEA104472360	9555143	Pseudomonas viridiflava		Sample from Pseudomonas viridiflava		ERC000011	2018-06-26T11:49:45Z	2018-06-18T18:20:43Z			SAMEA104472360							MAX PLANCK INSTITUTE FOR DEVELOPMENTAL BIOLOGY	2018-06-26T11:49:45Z	2018-06-18T18:20:43Z	public							p23.H1														Pseudomonas sp. 286																																																																		p23.H1		Pseudomonas sp. 286									
SAMEA104472361	9555144	Pseudomonas viridiflava		Sample from Pseudomonas viridiflava		ERC000011	2018-06-26T11:49:46Z	2018-06-18T18:20:43Z			SAMEA104472361							MAX PLANCK INSTITUTE FOR DEVELOPMENTAL BIOLOGY	2018-06-26T11:49:46Z	2018-06-18T18:20:43Z	public							p23.H2														Pseudomonas sp. 286																																																																		p23.H2		Pseudomonas sp. 286									
SAMEA104472362	9555145	Pseudomonas viridiflava		Sample from Pseudomonas viridiflava		ERC000011	2018-06-26T11:49:46Z	2018-06-18T18:20:43Z			SAMEA104472362							MAX PLANCK INSTITUTE FOR DEVELOPMENTAL BIOLOGY	2018-06-26T11:49:46Z	2018-06-18T18:20:43Z	public							p23.H3														Pseudomonas sp. 286																																																																		p23.H3		Pseudomonas sp. 286									
SAMEA104472363	9555146	Pseudomonas viridiflava		Sample from Pseudomonas viridiflava		ERC000011	2018-06-26T11:49:46Z	2018-06-18T18:20:43Z			SAMEA104472363							MAX PLANCK INSTITUTE FOR DEVELOPMENTAL BIOLOGY	2018-06-26T11:49:46Z	2018-06-18T18:20:43Z	public							p23.H5														Pseudomonas sp. 286																																																																		p23.H5		Pseudomonas sp. 286									
SAMEA104472364	9555147	Pseudomonas viridiflava		Sample from Pseudomonas viridiflava		ERC000011	2018-06-26T11:49:46Z	2018-06-18T18:20:43Z			SAMEA104472364							MAX PLANCK INSTITUTE FOR DEVELOPMENTAL BIOLOGY	2018-06-26T11:49:46Z	2018-06-18T18:20:43Z	public							p23.H6														Pseudomonas sp. 286																																																																		p23.H6		Pseudomonas sp. 286									
SAMEA104472365	9555148	Pseudomonas viridiflava		Sample from Pseudomonas viridiflava		ERC000011	2018-06-26T11:49:47Z	2018-06-18T18:20:43Z			SAMEA104472365							MAX PLANCK INSTITUTE FOR DEVELOPMENTAL BIOLOGY	2018-06-26T11:49:47Z	2018-06-18T18:20:43Z	public							p23.H7														Pseudomonas sp. 286																																																																		p23.H7		Pseudomonas sp. 286									
SAMEA104472366	9555149	Pseudomonas viridiflava		Sample from Pseudomonas viridiflava		ERC000011	2018-06-26T11:49:47Z	2018-06-18T18:20:43Z			SAMEA104472366							MAX PLANCK INSTITUTE FOR DEVELOPMENTAL BIOLOGY	2018-06-26T11:49:47Z	2018-06-18T18:20:43Z	public							p23.H9														Pseudomonas sp. 286																																																																		p23.H9		Pseudomonas sp. 286									
SAMEA104472367	9555150	Pseudomonas viridiflava		Sample from Pseudomonas viridiflava		ERC000011	2018-06-26T11:49:47Z	2018-06-18T18:20:43Z			SAMEA104472367							MAX PLANCK INSTITUTE FOR DEVELOPMENTAL BIOLOGY	2018-06-26T11:49:47Z	2018-06-18T18:20:43Z	public							p24.A10														Pseudomonas sp. 286																																																																		p24.A10		Pseudomonas sp. 286									
SAMEA104472368	9555151	Pseudomonas viridiflava		Sample from Pseudomonas viridiflava		ERC000011	2018-06-26T11:49:48Z	2018-06-18T18:20:43Z			SAMEA104472368							MAX PLANCK INSTITUTE FOR DEVELOPMENTAL BIOLOGY	2018-06-26T11:49:48Z	2018-06-18T18:20:43Z	public							p24.A11														Pseudomonas sp. 286																																																																		p24.A11		Pseudomonas sp. 286									
SAMEA104472369	9555152	Pseudomonas viridiflava		Sample from Pseudomonas viridiflava		ERC000011	2018-06-26T11:49:48Z	2018-06-18T18:20:43Z			SAMEA104472369							MAX PLANCK INSTITUTE FOR DEVELOPMENTAL BIOLOGY	2018-06-26T11:49:48Z	2018-06-18T18:20:43Z	public							p24.A12														Pseudomonas sp. 286																																																																		p24.A12		Pseudomonas sp. 286									
SAMEA104472370	9555153	Pseudomonas viridiflava		Sample from Pseudomonas viridiflava		ERC000011	2018-06-26T11:49:48Z	2018-06-18T18:20:43Z			SAMEA104472370							MAX PLANCK INSTITUTE FOR DEVELOPMENTAL BIOLOGY	2018-06-26T11:49:48Z	2018-06-18T18:20:43Z	public							p24.A1														Pseudomonas sp. 286																																																																		p24.A1		Pseudomonas sp. 286									
SAMEA104472371	9555154	Pseudomonas viridiflava		Sample from Pseudomonas viridiflava		ERC000011	2018-06-26T11:49:48Z	2018-06-18T18:20:43Z			SAMEA104472371							MAX PLANCK INSTITUTE FOR DEVELOPMENTAL BIOLOGY	2018-06-26T11:49:48Z	2018-06-18T18:20:43Z	public							p24.A3														Pseudomonas sp. 286																																																																		p24.A3		Pseudomonas sp. 286									
SAMEA104472372	9555155	Pseudomonas viridiflava		Sample from Pseudomonas viridiflava		ERC000011	2018-06-26T11:49:49Z	2018-06-18T18:20:43Z			SAMEA104472372							MAX PLANCK INSTITUTE FOR DEVELOPMENTAL BIOLOGY	2018-06-26T11:49:49Z	2018-06-18T18:20:43Z	public							p24.A4														Pseudomonas sp. 286																																																																		p24.A4		Pseudomonas sp. 286									
SAMEA104472373	9555156	Pseudomonas viridiflava		Sample from Pseudomonas viridiflava		ERC000011	2018-06-26T11:49:49Z	2018-06-18T18:20:43Z			SAMEA104472373							MAX PLANCK INSTITUTE FOR DEVELOPMENTAL BIOLOGY	2018-06-26T11:49:49Z	2018-06-18T18:20:43Z	public							p24.A5														Pseudomonas sp. 286																																																																		p24.A5		Pseudomonas sp. 286									
SAMEA104472374	9555157	Pseudomonas viridiflava		Sample from Pseudomonas viridiflava		ERC000011	2018-06-26T11:49:49Z	2018-06-18T18:20:43Z			SAMEA104472374							MAX PLANCK INSTITUTE FOR DEVELOPMENTAL BIOLOGY	2018-06-26T11:49:49Z	2018-06-18T18:20:43Z	public							p24.A7														Pseudomonas sp. 286																																																																		p24.A7		Pseudomonas sp. 286									
SAMEA104472375	9555158	Pseudomonas viridiflava		Sample from Pseudomonas viridiflava		ERC000011	2018-06-26T11:49:49Z	2018-06-18T18:20:43Z			SAMEA104472375							MAX PLANCK INSTITUTE FOR DEVELOPMENTAL BIOLOGY	2018-06-26T11:49:49Z	2018-06-18T18:20:43Z	public							p24.A8														Pseudomonas sp. 286																																																																		p24.A8		Pseudomonas sp. 286									
SAMEA104472376	9555159	Pseudomonas viridiflava		Sample from Pseudomonas viridiflava		ERC000011	2018-06-26T11:49:50Z	2018-06-18T18:20:43Z			SAMEA104472376							MAX PLANCK INSTITUTE FOR DEVELOPMENTAL BIOLOGY	2018-06-26T11:49:50Z	2018-06-18T18:20:43Z	public							p24.A9														Pseudomonas sp. 286																																																																		p24.A9		Pseudomonas sp. 286									
SAMEA104472377	9555160	Pseudomonas viridiflava		Sample from Pseudomonas viridiflava		ERC000011	2018-06-26T11:49:50Z	2018-06-18T18:20:43Z			SAMEA104472377							MAX PLANCK INSTITUTE FOR DEVELOPMENTAL BIOLOGY	2018-06-26T11:49:50Z	2018-06-18T18:20:43Z	public							p24.B10														Pseudomonas sp. 286																																																																		p24.B10		Pseudomonas sp. 286									
SAMEA104472378	9555161	Pseudomonas viridiflava		Sample from Pseudomonas viridiflava		ERC000011	2018-06-26T11:49:50Z	2018-06-18T18:20:43Z			SAMEA104472378							MAX PLANCK INSTITUTE FOR DEVELOPMENTAL BIOLOGY	2018-06-26T11:49:50Z	2018-06-18T18:20:43Z	public							p24.B11														Pseudomonas sp. 286																																																																		p24.B11		Pseudomonas sp. 286									
SAMEA104472379	9555162	Pseudomonas viridiflava		Sample from Pseudomonas viridiflava		ERC000011	2018-06-26T11:49:50Z	2018-06-18T18:20:43Z			SAMEA104472379							MAX PLANCK INSTITUTE FOR DEVELOPMENTAL BIOLOGY	2018-06-26T11:49:50Z	2018-06-18T18:20:43Z	public							p24.B12														Pseudomonas sp. 286																																																																		p24.B12		Pseudomonas sp. 286									
SAMEA104472380	9555163	Pseudomonas viridiflava		Sample from Pseudomonas viridiflava		ERC000011	2018-06-26T11:49:51Z	2018-06-18T18:20:42Z			SAMEA104472380							MAX PLANCK INSTITUTE FOR DEVELOPMENTAL BIOLOGY	2018-06-26T11:49:51Z	2018-06-18T18:20:42Z	public							p24.B1														Pseudomonas sp. 286																																																																		p24.B1		Pseudomonas sp. 286									
SAMEA104472381	9555164	Pseudomonas viridiflava		Sample from Pseudomonas viridiflava		ERC000011	2018-06-26T11:49:51Z	2018-06-18T18:20:42Z			SAMEA104472381							MAX PLANCK INSTITUTE FOR DEVELOPMENTAL BIOLOGY	2018-06-26T11:49:51Z	2018-06-18T18:20:42Z	public							p24.B3														Pseudomonas sp. 286																																																																		p24.B3		Pseudomonas sp. 286									
SAMEA104472382	9555165	Pseudomonas viridiflava		Sample from Pseudomonas viridiflava		ERC000011	2018-06-26T11:49:51Z	2018-06-18T18:20:42Z			SAMEA104472382							MAX PLANCK INSTITUTE FOR DEVELOPMENTAL BIOLOGY	2018-06-26T11:49:51Z	2018-06-18T18:20:42Z	public							p24.B4														Pseudomonas sp. 286																																																																		p24.B4		Pseudomonas sp. 286									
SAMEA104472383	9555166	Pseudomonas viridiflava		Sample from Pseudomonas viridiflava		ERC000011	2018-06-26T11:49:51Z	2018-06-18T18:20:42Z			SAMEA104472383							MAX PLANCK INSTITUTE FOR DEVELOPMENTAL BIOLOGY	2018-06-26T11:49:51Z	2018-06-18T18:20:42Z	public							p24.B5														Pseudomonas sp. 286																																																																		p24.B5		Pseudomonas sp. 286									
SAMEA104472384	9555167	Pseudomonas viridiflava		Sample from Pseudomonas viridiflava		ERC000011	2018-06-26T11:49:52Z	2018-06-18T18:20:42Z			SAMEA104472384							MAX PLANCK INSTITUTE FOR DEVELOPMENTAL BIOLOGY	2018-06-26T11:49:52Z	2018-06-18T18:20:42Z	public							p24.B7														Pseudomonas sp. 286																																																																		p24.B7		Pseudomonas sp. 286									
SAMEA104472385	9555168	Pseudomonas viridiflava		Sample from Pseudomonas viridiflava		ERC000011	2018-06-26T11:49:52Z	2018-06-18T18:20:42Z			SAMEA104472385							MAX PLANCK INSTITUTE FOR DEVELOPMENTAL BIOLOGY	2018-06-26T11:49:52Z	2018-06-18T18:20:42Z	public							p24.B8														Pseudomonas sp. 286																																																																		p24.B8		Pseudomonas sp. 286									
SAMEA104472386	9555169	Pseudomonas viridiflava		Sample from Pseudomonas viridiflava		ERC000011	2018-06-26T11:49:52Z	2018-06-18T18:20:42Z			SAMEA104472386							MAX PLANCK INSTITUTE FOR DEVELOPMENTAL BIOLOGY	2018-06-26T11:49:52Z	2018-06-18T18:20:42Z	public							p24.B9														Pseudomonas sp. 286																																																																		p24.B9		Pseudomonas sp. 286									
SAMEA104472387	9555170	Pseudomonas viridiflava		Sample from Pseudomonas viridiflava		ERC000011	2018-06-26T11:49:53Z	2018-06-18T18:20:42Z			SAMEA104472387							MAX PLANCK INSTITUTE FOR DEVELOPMENTAL BIOLOGY	2018-06-26T11:49:53Z	2018-06-18T18:20:42Z	public							p24.C10														Pseudomonas sp. 286																																																																		p24.C10		Pseudomonas sp. 286									
SAMEA104472388	9555171	Pseudomonas viridiflava		Sample from Pseudomonas viridiflava		ERC000011	2018-06-26T11:49:53Z	2018-06-18T18:20:42Z			SAMEA104472388							MAX PLANCK INSTITUTE FOR DEVELOPMENTAL BIOLOGY	2018-06-26T11:49:53Z	2018-06-18T18:20:42Z	public							p24.C11														Pseudomonas sp. 286																																																																		p24.C11		Pseudomonas sp. 286									
SAMEA104472389	9555172	Pseudomonas viridiflava		Sample from Pseudomonas viridiflava		ERC000011	2018-06-26T11:49:53Z	2018-06-18T18:20:42Z			SAMEA104472389							MAX PLANCK INSTITUTE FOR DEVELOPMENTAL BIOLOGY	2018-06-26T11:49:53Z	2018-06-18T18:20:42Z	public							p24.C12														Pseudomonas sp. 286																																																																		p24.C12		Pseudomonas sp. 286									
SAMEA104472390	9555173	Pseudomonas viridiflava		Sample from Pseudomonas viridiflava		ERC000011	2018-06-26T11:49:54Z	2018-06-18T18:20:42Z			SAMEA104472390							MAX PLANCK INSTITUTE FOR DEVELOPMENTAL BIOLOGY	2018-06-26T11:49:54Z	2018-06-18T18:20:42Z	public							p24.C1														Pseudomonas sp. 286																																																																		p24.C1		Pseudomonas sp. 286									
SAMEA104472391	9555174	Pseudomonas viridiflava		Sample from Pseudomonas viridiflava		ERC000011	2018-06-26T11:49:54Z	2018-06-18T18:20:42Z			SAMEA104472391							MAX PLANCK INSTITUTE FOR DEVELOPMENTAL BIOLOGY	2018-06-26T11:49:54Z	2018-06-18T18:20:42Z	public							p24.C2														Pseudomonas sp. 286																																																																		p24.C2		Pseudomonas sp. 286									
SAMEA104472392	9555175	Pseudomonas viridiflava		Sample from Pseudomonas viridiflava		ERC000011	2018-06-26T11:49:55Z	2018-06-18T18:20:42Z			SAMEA104472392							MAX PLANCK INSTITUTE FOR DEVELOPMENTAL BIOLOGY	2018-06-26T11:49:55Z	2018-06-18T18:20:42Z	public							p24.C3														Pseudomonas sp. 286																																																																		p24.C3		Pseudomonas sp. 286									
SAMEA104472393	9555176	Pseudomonas viridiflava		Sample from Pseudomonas viridiflava		ERC000011	2018-06-26T11:49:55Z	2018-06-18T18:20:42Z			SAMEA104472393							MAX PLANCK INSTITUTE FOR DEVELOPMENTAL BIOLOGY	2018-06-26T11:49:55Z	2018-06-18T18:20:42Z	public							p24.C4														Pseudomonas sp. 286																																																																		p24.C4		Pseudomonas sp. 286									
SAMEA104472394	9555177	Pseudomonas viridiflava		Sample from Pseudomonas viridiflava		ERC000011	2018-06-26T11:49:55Z	2018-06-18T18:20:42Z			SAMEA104472394							MAX PLANCK INSTITUTE FOR DEVELOPMENTAL BIOLOGY	2018-06-26T11:49:55Z	2018-06-18T18:20:42Z	public							p24.C5														Pseudomonas sp. 286																																																																		p24.C5		Pseudomonas sp. 286									
SAMEA104472395	9555178	Pseudomonas viridiflava		Sample from Pseudomonas viridiflava		ERC000011	2018-06-26T11:49:55Z	2018-06-18T18:20:42Z			SAMEA104472395							MAX PLANCK INSTITUTE FOR DEVELOPMENTAL BIOLOGY	2018-06-26T11:49:55Z	2018-06-18T18:20:42Z	public							p24.C7														Pseudomonas sp. 286																																																																		p24.C7		Pseudomonas sp. 286									
SAMEA104472396	9555179	Pseudomonas viridiflava		Sample from Pseudomonas viridiflava		ERC000011	2018-06-26T11:49:56Z	2018-06-18T18:20:42Z			SAMEA104472396							MAX PLANCK INSTITUTE FOR DEVELOPMENTAL BIOLOGY	2018-06-26T11:49:56Z	2018-06-18T18:20:42Z	public							p24.C8														Pseudomonas sp. 286																																																																		p24.C8		Pseudomonas sp. 286									
SAMEA104472397	9555180	Pseudomonas viridiflava		Sample from Pseudomonas viridiflava		ERC000011	2018-06-26T11:49:56Z	2018-06-18T18:20:42Z			SAMEA104472397							MAX PLANCK INSTITUTE FOR DEVELOPMENTAL BIOLOGY	2018-06-26T11:49:56Z	2018-06-18T18:20:42Z	public							p24.C9														Pseudomonas sp. 286																																																																		p24.C9		Pseudomonas sp. 286									
SAMEA104472398	9555181	Pseudomonas viridiflava		Sample from Pseudomonas viridiflava		ERC000011	2018-06-26T11:49:56Z	2018-06-18T18:20:42Z			SAMEA104472398							MAX PLANCK INSTITUTE FOR DEVELOPMENTAL BIOLOGY	2018-06-26T11:49:56Z	2018-06-18T18:20:42Z	public							p24.D10														Pseudomonas sp. 286																																																																		p24.D10		Pseudomonas sp. 286									
SAMEA104472399	9555182	Pseudomonas viridiflava		Sample from Pseudomonas viridiflava		ERC000011	2018-06-26T11:49:57Z	2018-06-18T18:20:42Z			SAMEA104472399							MAX PLANCK INSTITUTE FOR DEVELOPMENTAL BIOLOGY	2018-06-26T11:49:57Z	2018-06-18T18:20:42Z	public							p24.D11														Pseudomonas sp. 286																																																																		p24.D11		Pseudomonas sp. 286									
SAMEA104472400	9555183	Pseudomonas viridiflava		Sample from Pseudomonas viridiflava		ERC000011	2018-06-26T11:49:57Z	2018-06-18T18:20:42Z			SAMEA104472400							MAX PLANCK INSTITUTE FOR DEVELOPMENTAL BIOLOGY	2018-06-26T11:49:57Z	2018-06-18T18:20:42Z	public							p24.D12														Pseudomonas sp. 286																																																																		p24.D12		Pseudomonas sp. 286									
SAMEA104472401	9555184	Pseudomonas viridiflava		Sample from Pseudomonas viridiflava		ERC000011	2018-06-26T11:49:57Z	2018-06-18T18:20:42Z			SAMEA104472401							MAX PLANCK INSTITUTE FOR DEVELOPMENTAL BIOLOGY	2018-06-26T11:49:57Z	2018-06-18T18:20:42Z	public							p24.D1														Pseudomonas sp. 286																																																																		p24.D1		Pseudomonas sp. 286									
SAMEA104472402	9555185	Pseudomonas viridiflava		Sample from Pseudomonas viridiflava		ERC000011	2018-06-26T11:49:58Z	2018-06-18T18:20:42Z			SAMEA104472402							MAX PLANCK INSTITUTE FOR DEVELOPMENTAL BIOLOGY	2018-06-26T11:49:58Z	2018-06-18T18:20:42Z	public							p24.D2														Pseudomonas sp. 286																																																																		p24.D2		Pseudomonas sp. 286									
SAMEA104472403	9555186	Pseudomonas viridiflava		Sample from Pseudomonas viridiflava		ERC000011	2018-06-26T11:49:58Z	2018-06-18T18:20:42Z			SAMEA104472403							MAX PLANCK INSTITUTE FOR DEVELOPMENTAL BIOLOGY	2018-06-26T11:49:58Z	2018-06-18T18:20:42Z	public							p24.D3														Pseudomonas sp. 286																																																																		p24.D3		Pseudomonas sp. 286									
SAMEA104472404	9555187	Pseudomonas viridiflava		Sample from Pseudomonas viridiflava		ERC000011	2018-06-26T11:49:58Z	2018-06-18T18:20:42Z			SAMEA104472404							MAX PLANCK INSTITUTE FOR DEVELOPMENTAL BIOLOGY	2018-06-26T11:49:58Z	2018-06-18T18:20:42Z	public							p24.D4														Pseudomonas sp. 286																																																																		p24.D4		Pseudomonas sp. 286									
SAMEA104472405	9555188	Pseudomonas viridiflava		Sample from Pseudomonas viridiflava		ERC000011	2018-06-26T11:49:58Z	2018-06-18T18:20:42Z			SAMEA104472405							MAX PLANCK INSTITUTE FOR DEVELOPMENTAL BIOLOGY	2018-06-26T11:49:58Z	2018-06-18T18:20:42Z	public							p24.D5														Pseudomonas sp. 286																																																																		p24.D5		Pseudomonas sp. 286									
SAMEA104472406	9555189	Pseudomonas viridiflava		Sample from Pseudomonas viridiflava		ERC000011	2018-06-26T11:49:59Z	2018-06-18T18:20:42Z			SAMEA104472406							MAX PLANCK INSTITUTE FOR DEVELOPMENTAL BIOLOGY	2018-06-26T11:49:59Z	2018-06-18T18:20:42Z	public							p24.D7														Pseudomonas sp. 286																																																																		p24.D7		Pseudomonas sp. 286									
SAMEA104472407	9555190	Pseudomonas viridiflava		Sample from Pseudomonas viridiflava		ERC000011	2018-06-26T11:49:59Z	2018-06-18T18:20:42Z			SAMEA104472407							MAX PLANCK INSTITUTE FOR DEVELOPMENTAL BIOLOGY	2018-06-26T11:49:59Z	2018-06-18T18:20:42Z	public							p24.D8														Pseudomonas sp. 286																																																																		p24.D8		Pseudomonas sp. 286									
SAMEA104472408	9555191	Pseudomonas viridiflava		Sample from Pseudomonas viridiflava		ERC000011	2018-06-26T11:49:59Z	2018-06-18T18:20:42Z			SAMEA104472408							MAX PLANCK INSTITUTE FOR DEVELOPMENTAL BIOLOGY	2018-06-26T11:49:59Z	2018-06-18T18:20:42Z	public							p24.D9														Pseudomonas sp. 286																																																																		p24.D9		Pseudomonas sp. 286									
SAMEA104472409	9555192	Pseudomonas viridiflava		Sample from Pseudomonas viridiflava		ERC000011	2018-06-26T11:50:00Z	2018-06-18T18:20:42Z			SAMEA104472409							MAX PLANCK INSTITUTE FOR DEVELOPMENTAL BIOLOGY	2018-06-26T11:50:00Z	2018-06-18T18:20:42Z	public							p24.E10														Pseudomonas sp. 286																																																																		p24.E10		Pseudomonas sp. 286									
SAMEA104472410	9555193	Pseudomonas viridiflava		Sample from Pseudomonas viridiflava		ERC000011	2018-06-26T11:50:00Z	2018-06-18T18:20:42Z			SAMEA104472410							MAX PLANCK INSTITUTE FOR DEVELOPMENTAL BIOLOGY	2018-06-26T11:50:00Z	2018-06-18T18:20:42Z	public							p24.E11														Pseudomonas sp. 286																																																																		p24.E11		Pseudomonas sp. 286									
SAMEA104472411	9555194	Pseudomonas viridiflava		Sample from Pseudomonas viridiflava		ERC000011	2018-06-26T11:50:00Z	2018-06-18T18:20:42Z			SAMEA104472411							MAX PLANCK INSTITUTE FOR DEVELOPMENTAL BIOLOGY	2018-06-26T11:50:00Z	2018-06-18T18:20:42Z	public							p24.E12														Pseudomonas sp. 286																																																																		p24.E12		Pseudomonas sp. 286									
SAMEA104472412	9555195	Pseudomonas viridiflava		Sample from Pseudomonas viridiflava		ERC000011	2018-06-26T11:50:01Z	2018-06-18T18:20:42Z			SAMEA104472412							MAX PLANCK INSTITUTE FOR DEVELOPMENTAL BIOLOGY	2018-06-26T11:50:01Z	2018-06-18T18:20:42Z	public							p24.E1														Pseudomonas sp. 286																																																																		p24.E1		Pseudomonas sp. 286									
SAMEA104472413	9555196	Pseudomonas viridiflava		Sample from Pseudomonas viridiflava		ERC000011	2018-06-26T11:50:01Z	2018-06-18T18:20:42Z			SAMEA104472413							MAX PLANCK INSTITUTE FOR DEVELOPMENTAL BIOLOGY	2018-06-26T11:50:01Z	2018-06-18T18:20:42Z	public							p24.E2														Pseudomonas sp. 286																																																																		p24.E2		Pseudomonas sp. 286									
SAMEA104472414	9555197	Pseudomonas viridiflava		Sample from Pseudomonas viridiflava		ERC000011	2018-06-26T11:50:01Z	2018-06-18T18:20:42Z			SAMEA104472414							MAX PLANCK INSTITUTE FOR DEVELOPMENTAL BIOLOGY	2018-06-26T11:50:01Z	2018-06-18T18:20:42Z	public							p24.E3														Pseudomonas sp. 286																																																																		p24.E3		Pseudomonas sp. 286									
SAMEA104472415	9555198	Pseudomonas viridiflava		Sample from Pseudomonas viridiflava		ERC000011	2018-06-26T11:50:02Z	2018-06-18T18:20:42Z			SAMEA104472415							MAX PLANCK INSTITUTE FOR DEVELOPMENTAL BIOLOGY	2018-06-26T11:50:02Z	2018-06-18T18:20:42Z	public							p24.E4														Pseudomonas sp. 286																																																																		p24.E4		Pseudomonas sp. 286									
SAMEA104472416	9555199	Pseudomonas viridiflava		Sample from Pseudomonas viridiflava		ERC000011	2018-06-26T11:50:02Z	2018-06-18T18:20:42Z			SAMEA104472416							MAX PLANCK INSTITUTE FOR DEVELOPMENTAL BIOLOGY	2018-06-26T11:50:02Z	2018-06-18T18:20:42Z	public							p24.E5														Pseudomonas sp. 286																																																																		p24.E5		Pseudomonas sp. 286									
SAMEA104472417	9555200	Pseudomonas viridiflava		Sample from Pseudomonas viridiflava		ERC000011	2018-06-26T11:50:02Z	2018-06-18T18:20:42Z			SAMEA104472417							MAX PLANCK INSTITUTE FOR DEVELOPMENTAL BIOLOGY	2018-06-26T11:50:02Z	2018-06-18T18:20:42Z	public							p24.E7														Pseudomonas sp. 286																																																																		p24.E7		Pseudomonas sp. 286									
SAMEA104472418	9555201	Pseudomonas viridiflava		Sample from Pseudomonas viridiflava		ERC000011	2018-06-26T11:50:02Z	2018-06-18T18:20:42Z			SAMEA104472418							MAX PLANCK INSTITUTE FOR DEVELOPMENTAL BIOLOGY	2018-06-26T11:50:02Z	2018-06-18T18:20:42Z	public							p24.E8														Pseudomonas sp. 286																																																																		p24.E8		Pseudomonas sp. 286									
SAMEA104472419	9555202	Pseudomonas viridiflava		Sample from Pseudomonas viridiflava		ERC000011	2018-06-26T11:50:03Z	2018-06-18T18:20:42Z			SAMEA104472419							MAX PLANCK INSTITUTE FOR DEVELOPMENTAL BIOLOGY	2018-06-26T11:50:03Z	2018-06-18T18:20:42Z	public							p24.E9														Pseudomonas sp. 286																																																																		p24.E9		Pseudomonas sp. 286									
SAMEA104472420	9555203	Pseudomonas viridiflava		Sample from Pseudomonas viridiflava		ERC000011	2018-06-26T11:50:03Z	2018-06-18T18:20:42Z			SAMEA104472420							MAX PLANCK INSTITUTE FOR DEVELOPMENTAL BIOLOGY	2018-06-26T11:50:03Z	2018-06-18T18:20:42Z	public							p24.F10														Pseudomonas sp. 286																																																																		p24.F10		Pseudomonas sp. 286									
SAMEA104472421	9555204	Pseudomonas viridiflava		Sample from Pseudomonas viridiflava		ERC000011	2018-06-26T11:50:03Z	2018-06-18T18:20:42Z			SAMEA104472421							MAX PLANCK INSTITUTE FOR DEVELOPMENTAL BIOLOGY	2018-06-26T11:50:03Z	2018-06-18T18:20:42Z	public							p24.F11														Pseudomonas sp. 286																																																																		p24.F11		Pseudomonas sp. 286									
SAMEA104472422	9555205	Pseudomonas viridiflava		Sample from Pseudomonas viridiflava		ERC000011	2018-06-26T11:50:04Z	2018-06-18T18:20:42Z			SAMEA104472422							MAX PLANCK INSTITUTE FOR DEVELOPMENTAL BIOLOGY	2018-06-26T11:50:04Z	2018-06-18T18:20:42Z	public							p24.F12														Pseudomonas sp. 286																																																																		p24.F12		Pseudomonas sp. 286									
SAMEA104472423	9555206	Pseudomonas viridiflava		Sample from Pseudomonas viridiflava		ERC000011	2018-06-26T11:50:04Z	2018-06-18T18:20:42Z			SAMEA104472423							MAX PLANCK INSTITUTE FOR DEVELOPMENTAL BIOLOGY	2018-06-26T11:50:04Z	2018-06-18T18:20:42Z	public							p24.F1														Pseudomonas sp. 286																																																																		p24.F1		Pseudomonas sp. 286									
SAMEA104472424	9555207	Pseudomonas viridiflava		Sample from Pseudomonas viridiflava		ERC000011	2018-06-26T11:50:04Z	2018-06-18T18:20:42Z			SAMEA104472424							MAX PLANCK INSTITUTE FOR DEVELOPMENTAL BIOLOGY	2018-06-26T11:50:04Z	2018-06-18T18:20:42Z	public							p24.F2														Pseudomonas sp. 286																																																																		p24.F2		Pseudomonas sp. 286									
SAMEA104472425	9555208	Pseudomonas viridiflava		Sample from Pseudomonas viridiflava		ERC000011	2018-06-26T11:50:04Z	2018-06-18T18:20:42Z			SAMEA104472425							MAX PLANCK INSTITUTE FOR DEVELOPMENTAL BIOLOGY	2018-06-26T11:50:04Z	2018-06-18T18:20:42Z	public							p24.F3														Pseudomonas sp. 286																																																																		p24.F3		Pseudomonas sp. 286									
SAMEA104472426	9555209	Pseudomonas viridiflava		Sample from Pseudomonas viridiflava		ERC000011	2018-06-26T11:50:05Z	2018-06-18T18:20:42Z			SAMEA104472426							MAX PLANCK INSTITUTE FOR DEVELOPMENTAL BIOLOGY	2018-06-26T11:50:05Z	2018-06-18T18:20:42Z	public							p24.F4														Pseudomonas sp. 286																																																																		p24.F4		Pseudomonas sp. 286									
SAMEA104472427	9555210	Pseudomonas viridiflava		Sample from Pseudomonas viridiflava		ERC000011	2018-06-26T11:50:05Z	2018-06-18T18:20:42Z			SAMEA104472427							MAX PLANCK INSTITUTE FOR DEVELOPMENTAL BIOLOGY	2018-06-26T11:50:05Z	2018-06-18T18:20:42Z	public							p24.F5														Pseudomonas sp. 286																																																																		p24.F5		Pseudomonas sp. 286									
SAMEA104472428	9555211	Pseudomonas viridiflava		Sample from Pseudomonas viridiflava		ERC000011	2018-06-26T11:50:05Z	2018-06-18T18:20:42Z			SAMEA104472428							MAX PLANCK INSTITUTE FOR DEVELOPMENTAL BIOLOGY	2018-06-26T11:50:05Z	2018-06-18T18:20:42Z	public							p24.F7														Pseudomonas sp. 286																																																																		p24.F7		Pseudomonas sp. 286									
SAMEA104472429	9555212	Pseudomonas viridiflava		Sample from Pseudomonas viridiflava		ERC000011	2018-06-26T11:50:06Z	2018-06-18T18:20:42Z			SAMEA104472429							MAX PLANCK INSTITUTE FOR DEVELOPMENTAL BIOLOGY	2018-06-26T11:50:06Z	2018-06-18T18:20:42Z	public							p24.F8														Pseudomonas sp. 286																																																																		p24.F8		Pseudomonas sp. 286									
SAMEA104472430	9555213	Pseudomonas viridiflava		Sample from Pseudomonas viridiflava		ERC000011	2018-06-26T11:50:06Z	2018-06-18T18:20:42Z			SAMEA104472430							MAX PLANCK INSTITUTE FOR DEVELOPMENTAL BIOLOGY	2018-06-26T11:50:06Z	2018-06-18T18:20:42Z	public							p24.F9														Pseudomonas sp. 286																																																																		p24.F9		Pseudomonas sp. 286									
SAMEA104472431	9555214	Pseudomonas viridiflava		Sample from Pseudomonas viridiflava		ERC000011	2018-06-26T11:50:06Z	2018-06-18T18:20:42Z			SAMEA104472431							MAX PLANCK INSTITUTE FOR DEVELOPMENTAL BIOLOGY	2018-06-26T11:50:06Z	2018-06-18T18:20:42Z	public							p24.G10														Pseudomonas sp. 286																																																																		p24.G10		Pseudomonas sp. 286									
SAMEA104472432	9555215	Pseudomonas viridiflava		Sample from Pseudomonas viridiflava		ERC000011	2018-06-26T11:50:06Z	2018-06-18T18:20:42Z			SAMEA104472432							MAX PLANCK INSTITUTE FOR DEVELOPMENTAL BIOLOGY	2018-06-26T11:50:06Z	2018-06-18T18:20:42Z	public							p24.G11														Pseudomonas sp. 286																																																																		p24.G11		Pseudomonas sp. 286									
SAMEA104472433	9555216	Pseudomonas viridiflava		Sample from Pseudomonas viridiflava		ERC000011	2018-06-26T11:50:07Z	2018-06-18T18:20:32Z			SAMEA104472433							MAX PLANCK INSTITUTE FOR DEVELOPMENTAL BIOLOGY	2018-06-26T11:50:07Z	2018-06-18T18:20:32Z	public							p24.G12														Pseudomonas sp. 286																																																																		p24.G12		Pseudomonas sp. 286									
SAMEA104472434	9555217	Pseudomonas viridiflava		Sample from Pseudomonas viridiflava		ERC000011	2018-06-26T11:50:07Z	2018-06-18T18:20:42Z			SAMEA104472434							MAX PLANCK INSTITUTE FOR DEVELOPMENTAL BIOLOGY	2018-06-26T11:50:07Z	2018-06-18T18:20:42Z	public							p24.G1														Pseudomonas sp. 286																																																																		p24.G1		Pseudomonas sp. 286									
SAMEA104472435	9555218	Pseudomonas viridiflava		Sample from Pseudomonas viridiflava		ERC000011	2018-06-26T11:50:07Z	2018-06-18T18:20:42Z			SAMEA104472435							MAX PLANCK INSTITUTE FOR DEVELOPMENTAL BIOLOGY	2018-06-26T11:50:07Z	2018-06-18T18:20:42Z	public							p24.G2														Pseudomonas sp. 286																																																																		p24.G2		Pseudomonas sp. 286									
SAMEA104472436	9555219	Pseudomonas viridiflava		Sample from Pseudomonas viridiflava		ERC000011	2018-06-26T11:50:07Z	2018-06-18T18:20:42Z			SAMEA104472436							MAX PLANCK INSTITUTE FOR DEVELOPMENTAL BIOLOGY	2018-06-26T11:50:07Z	2018-06-18T18:20:42Z	public							p24.G3														Pseudomonas sp. 286																																																																		p24.G3		Pseudomonas sp. 286									
SAMEA104472437	9555220	Pseudomonas viridiflava		Sample from Pseudomonas viridiflava		ERC000011	2018-06-26T11:50:08Z	2018-06-18T18:20:42Z			SAMEA104472437							MAX PLANCK INSTITUTE FOR DEVELOPMENTAL BIOLOGY	2018-06-26T11:50:08Z	2018-06-18T18:20:42Z	public							p24.G4														Pseudomonas sp. 286																																																																		p24.G4		Pseudomonas sp. 286									
SAMEA104472438	9555221	Pseudomonas viridiflava		Sample from Pseudomonas viridiflava		ERC000011	2018-06-26T11:50:08Z	2018-06-18T18:20:42Z			SAMEA104472438							MAX PLANCK INSTITUTE FOR DEVELOPMENTAL BIOLOGY	2018-06-26T11:50:08Z	2018-06-18T18:20:42Z	public							p24.G5														Pseudomonas sp. 286																																																																		p24.G5		Pseudomonas sp. 286									
SAMEA104472439	9555222	Pseudomonas viridiflava		Sample from Pseudomonas viridiflava		ERC000011	2018-06-26T11:50:08Z	2018-06-18T18:20:42Z			SAMEA104472439							MAX PLANCK INSTITUTE FOR DEVELOPMENTAL BIOLOGY	2018-06-26T11:50:08Z	2018-06-18T18:20:42Z	public							p24.G7														Pseudomonas sp. 286																																																																		p24.G7		Pseudomonas sp. 286									
SAMEA104472440	9555223	Pseudomonas viridiflava		Sample from Pseudomonas viridiflava		ERC000011	2018-06-26T11:50:08Z	2018-06-18T18:20:42Z			SAMEA104472440							MAX PLANCK INSTITUTE FOR DEVELOPMENTAL BIOLOGY	2018-06-26T11:50:08Z	2018-06-18T18:20:42Z	public							p24.G8														Pseudomonas sp. 286																																																																		p24.G8		Pseudomonas sp. 286									
SAMEA104472441	9555224	Pseudomonas viridiflava		Sample from Pseudomonas viridiflava		ERC000011	2018-06-26T11:50:09Z	2018-06-18T18:20:42Z			SAMEA104472441							MAX PLANCK INSTITUTE FOR DEVELOPMENTAL BIOLOGY	2018-06-26T11:50:09Z	2018-06-18T18:20:42Z	public							p24.G9														Pseudomonas sp. 286																																																																		p24.G9		Pseudomonas sp. 286									
SAMEA104472442	9555225	Pseudomonas viridiflava		Sample from Pseudomonas viridiflava		ERC000011	2018-06-26T11:50:09Z	2018-06-18T18:20:42Z			SAMEA104472442							MAX PLANCK INSTITUTE FOR DEVELOPMENTAL BIOLOGY	2018-06-26T11:50:09Z	2018-06-18T18:20:42Z	public							p24.H10														Pseudomonas sp. 286																																																																		p24.H10		Pseudomonas sp. 286									
SAMEA104472443	9555226	Pseudomonas viridiflava		Sample from Pseudomonas viridiflava		ERC000011	2018-06-26T11:50:09Z	2018-06-18T18:20:42Z			SAMEA104472443							MAX PLANCK INSTITUTE FOR DEVELOPMENTAL BIOLOGY	2018-06-26T11:50:09Z	2018-06-18T18:20:42Z	public							p24.H11														Pseudomonas sp. 286																																																																		p24.H11		Pseudomonas sp. 286									
SAMEA104472444	9555227	Pseudomonas viridiflava		Sample from Pseudomonas viridiflava		ERC000011	2018-06-26T11:50:09Z	2018-06-18T18:20:42Z			SAMEA104472444							MAX PLANCK INSTITUTE FOR DEVELOPMENTAL BIOLOGY	2018-06-26T11:50:09Z	2018-06-18T18:20:42Z	public							p24.H1														Pseudomonas sp. 286																																																																		p24.H1		Pseudomonas sp. 286									
SAMEA104472445	9555228	Pseudomonas viridiflava		Sample from Pseudomonas viridiflava		ERC000011	2018-06-26T11:50:10Z	2018-06-18T18:20:42Z			SAMEA104472445							MAX PLANCK INSTITUTE FOR DEVELOPMENTAL BIOLOGY	2018-06-26T11:50:10Z	2018-06-18T18:20:42Z	public							p24.H2														Pseudomonas sp. 286																																																																		p24.H2		Pseudomonas sp. 286									
SAMEA104472446	9555229	Pseudomonas viridiflava		Sample from Pseudomonas viridiflava		ERC000011	2018-06-26T11:50:10Z	2018-06-18T18:20:42Z			SAMEA104472446							MAX PLANCK INSTITUTE FOR DEVELOPMENTAL BIOLOGY	2018-06-26T11:50:10Z	2018-06-18T18:20:42Z	public							p24.H3														Pseudomonas sp. 286																																																																		p24.H3		Pseudomonas sp. 286									
SAMEA104472447	9555230	Pseudomonas viridiflava		Sample from Pseudomonas viridiflava		ERC000011	2018-06-26T11:50:10Z	2018-06-18T18:20:42Z			SAMEA104472447							MAX PLANCK INSTITUTE FOR DEVELOPMENTAL BIOLOGY	2018-06-26T11:50:10Z	2018-06-18T18:20:42Z	public							p24.H4														Pseudomonas sp. 286																																																																		p24.H4		Pseudomonas sp. 286									
SAMEA104472448	9555231	Pseudomonas viridiflava		Sample from Pseudomonas viridiflava		ERC000011	2018-06-26T11:50:10Z	2018-06-18T18:20:42Z			SAMEA104472448							MAX PLANCK INSTITUTE FOR DEVELOPMENTAL BIOLOGY	2018-06-26T11:50:10Z	2018-06-18T18:20:42Z	public							p24.H5														Pseudomonas sp. 286																																																																		p24.H5		Pseudomonas sp. 286									
SAMEA104472449	9555232	Pseudomonas viridiflava		Sample from Pseudomonas viridiflava		ERC000011	2018-06-26T11:50:11Z	2018-06-18T18:20:42Z			SAMEA104472449							MAX PLANCK INSTITUTE FOR DEVELOPMENTAL BIOLOGY	2018-06-26T11:50:11Z	2018-06-18T18:20:42Z	public							p24.H6														Pseudomonas sp. 286																																																																		p24.H6		Pseudomonas sp. 286									
SAMEA104472450	9555233	Pseudomonas viridiflava		Sample from Pseudomonas viridiflava		ERC000011	2018-06-26T11:50:11Z	2018-06-18T18:20:42Z			SAMEA104472450							MAX PLANCK INSTITUTE FOR DEVELOPMENTAL BIOLOGY	2018-06-26T11:50:11Z	2018-06-18T18:20:42Z	public							p24.H7														Pseudomonas sp. 286																																																																		p24.H7		Pseudomonas sp. 286									
SAMEA104472451	9555234	Pseudomonas viridiflava		Sample from Pseudomonas viridiflava		ERC000011	2018-06-26T11:50:11Z	2018-06-18T18:20:42Z			SAMEA104472451							MAX PLANCK INSTITUTE FOR DEVELOPMENTAL BIOLOGY	2018-06-26T11:50:11Z	2018-06-18T18:20:42Z	public							p24.H8														Pseudomonas sp. 286																																																																		p24.H8		Pseudomonas sp. 286									
SAMEA104472452	9555235	Pseudomonas viridiflava		Sample from Pseudomonas viridiflava		ERC000011	2018-06-26T11:50:11Z	2018-06-18T18:20:42Z			SAMEA104472452							MAX PLANCK INSTITUTE FOR DEVELOPMENTAL BIOLOGY	2018-06-26T11:50:11Z	2018-06-18T18:20:42Z	public							p24.H9														Pseudomonas sp. 286																																																																		p24.H9		Pseudomonas sp. 286									
SAMEA104472453	9555236	Pseudomonas viridiflava		Sample from Pseudomonas viridiflava		ERC000011	2018-06-26T11:50:12Z	2018-06-18T18:20:42Z			SAMEA104472453							MAX PLANCK INSTITUTE FOR DEVELOPMENTAL BIOLOGY	2018-06-26T11:50:12Z	2018-06-18T18:20:42Z	public							p25.A10														Pseudomonas sp. 286																																																																		p25.A10		Pseudomonas sp. 286									
SAMEA104472454	9555237	Pseudomonas viridiflava		Sample from Pseudomonas viridiflava		ERC000011	2018-06-26T11:50:12Z	2018-06-18T18:20:42Z			SAMEA104472454							MAX PLANCK INSTITUTE FOR DEVELOPMENTAL BIOLOGY	2018-06-26T11:50:12Z	2018-06-18T18:20:42Z	public							p25.A11														Pseudomonas sp. 286																																																																		p25.A11		Pseudomonas sp. 286									
SAMEA104472455	9555238	Pseudomonas viridiflava		Sample from Pseudomonas viridiflava		ERC000011	2018-06-26T11:50:12Z	2018-06-18T18:20:42Z			SAMEA104472455							MAX PLANCK INSTITUTE FOR DEVELOPMENTAL BIOLOGY	2018-06-26T11:50:12Z	2018-06-18T18:20:42Z	public							p25.A12														Pseudomonas sp. 286																																																																		p25.A12		Pseudomonas sp. 286									
SAMEA104472456	9555239	Pseudomonas viridiflava		Sample from Pseudomonas viridiflava		ERC000011	2018-06-26T11:50:12Z	2018-06-18T18:20:42Z			SAMEA104472456							MAX PLANCK INSTITUTE FOR DEVELOPMENTAL BIOLOGY	2018-06-26T11:50:12Z	2018-06-18T18:20:42Z	public							p25.A1														Pseudomonas sp. 286																																																																		p25.A1		Pseudomonas sp. 286									
SAMEA104472457	9555240	Pseudomonas viridiflava		Sample from Pseudomonas viridiflava		ERC000011	2018-06-26T11:50:13Z	2018-06-18T18:20:42Z			SAMEA104472457							MAX PLANCK INSTITUTE FOR DEVELOPMENTAL BIOLOGY	2018-06-26T11:50:13Z	2018-06-18T18:20:42Z	public							p25.A2														Pseudomonas sp. 286																																																																		p25.A2		Pseudomonas sp. 286									
SAMEA104472458	9555241	Pseudomonas viridiflava		Sample from Pseudomonas viridiflava		ERC000011	2018-06-26T11:50:13Z	2018-06-18T18:20:42Z			SAMEA104472458							MAX PLANCK INSTITUTE FOR DEVELOPMENTAL BIOLOGY	2018-06-26T11:50:13Z	2018-06-18T18:20:42Z	public							p25.A3														Pseudomonas sp. 286																																																																		p25.A3		Pseudomonas sp. 286									
SAMEA104472459	9555242	Pseudomonas viridiflava		Sample from Pseudomonas viridiflava		ERC000011	2018-06-26T11:50:13Z	2018-06-18T18:20:42Z			SAMEA104472459							MAX PLANCK INSTITUTE FOR DEVELOPMENTAL BIOLOGY	2018-06-26T11:50:13Z	2018-06-18T18:20:42Z	public							p25.A4														Pseudomonas sp. 286																																																																		p25.A4		Pseudomonas sp. 286									
SAMEA104472460	9555243	Pseudomonas viridiflava		Sample from Pseudomonas viridiflava		ERC000011	2018-06-26T11:50:13Z	2018-06-18T18:20:42Z			SAMEA104472460							MAX PLANCK INSTITUTE FOR DEVELOPMENTAL BIOLOGY	2018-06-26T11:50:13Z	2018-06-18T18:20:42Z	public							p25.A5														Pseudomonas sp. 286																																																																		p25.A5		Pseudomonas sp. 286									
SAMEA104472461	9555244	Pseudomonas viridiflava		Sample from Pseudomonas viridiflava		ERC000011	2018-06-26T11:50:14Z	2018-06-18T18:20:42Z			SAMEA104472461							MAX PLANCK INSTITUTE FOR DEVELOPMENTAL BIOLOGY	2018-06-26T11:50:14Z	2018-06-18T18:20:42Z	public							p25.A7														Pseudomonas sp. 286																																																																		p25.A7		Pseudomonas sp. 286									
SAMEA104472462	9555245	Pseudomonas viridiflava		Sample from Pseudomonas viridiflava		ERC000011	2018-06-26T11:50:14Z	2018-06-18T18:20:32Z			SAMEA104472462							MAX PLANCK INSTITUTE FOR DEVELOPMENTAL BIOLOGY	2018-06-26T11:50:14Z	2018-06-18T18:20:32Z	public							p25.A8														Pseudomonas sp. 286																																																																		p25.A8		Pseudomonas sp. 286									
SAMEA104472463	9555246	Pseudomonas viridiflava		Sample from Pseudomonas viridiflava		ERC000011	2018-06-26T11:50:14Z	2018-06-18T18:20:32Z			SAMEA104472463							MAX PLANCK INSTITUTE FOR DEVELOPMENTAL BIOLOGY	2018-06-26T11:50:14Z	2018-06-18T18:20:32Z	public							p25.A9														Pseudomonas sp. 286																																																																		p25.A9		Pseudomonas sp. 286									
SAMEA104472464	9555247	Pseudomonas viridiflava		Sample from Pseudomonas viridiflava		ERC000011	2018-06-26T11:50:14Z	2018-06-18T18:20:32Z			SAMEA104472464							MAX PLANCK INSTITUTE FOR DEVELOPMENTAL BIOLOGY	2018-06-26T11:50:14Z	2018-06-18T18:20:32Z	public							p25.B10														Pseudomonas sp. 286																																																																		p25.B10		Pseudomonas sp. 286									
SAMEA104472465	9555248	Pseudomonas viridiflava		Sample from Pseudomonas viridiflava		ERC000011	2018-06-26T11:50:15Z	2018-06-18T18:20:32Z			SAMEA104472465							MAX PLANCK INSTITUTE FOR DEVELOPMENTAL BIOLOGY	2018-06-26T11:50:15Z	2018-06-18T18:20:32Z	public							p25.B11														Pseudomonas sp. 286																																																																		p25.B11		Pseudomonas sp. 286									
SAMEA104472466	9555249	Pseudomonas viridiflava		Sample from Pseudomonas viridiflava		ERC000011	2018-06-26T11:50:15Z	2018-06-18T18:20:32Z			SAMEA104472466							MAX PLANCK INSTITUTE FOR DEVELOPMENTAL BIOLOGY	2018-06-26T11:50:15Z	2018-06-18T18:20:32Z	public							p25.B12														Pseudomonas sp. 286																																																																		p25.B12		Pseudomonas sp. 286									
SAMEA104472467	9555250	Pseudomonas viridiflava		Sample from Pseudomonas viridiflava		ERC000011	2018-06-26T11:50:15Z	2018-06-18T18:20:32Z			SAMEA104472467							MAX PLANCK INSTITUTE FOR DEVELOPMENTAL BIOLOGY	2018-06-26T11:50:15Z	2018-06-18T18:20:32Z	public							p25.B1														Pseudomonas sp. 286																																																																		p25.B1		Pseudomonas sp. 286									
SAMEA104472468	9555251	Pseudomonas viridiflava		Sample from Pseudomonas viridiflava		ERC000011	2018-06-26T11:50:15Z	2018-06-18T18:20:32Z			SAMEA104472468							MAX PLANCK INSTITUTE FOR DEVELOPMENTAL BIOLOGY	2018-06-26T11:50:15Z	2018-06-18T18:20:32Z	public							p25.B2														Pseudomonas sp. 286																																																																		p25.B2		Pseudomonas sp. 286									
SAMEA104472469	9555252	Pseudomonas viridiflava		Sample from Pseudomonas viridiflava		ERC000011	2018-06-26T11:50:16Z	2018-06-18T18:20:32Z			SAMEA104472469							MAX PLANCK INSTITUTE FOR DEVELOPMENTAL BIOLOGY	2018-06-26T11:50:16Z	2018-06-18T18:20:32Z	public							p25.B3														Pseudomonas sp. 286																																																																		p25.B3		Pseudomonas sp. 286									
SAMEA104472470	9555253	Pseudomonas viridiflava		Sample from Pseudomonas viridiflava		ERC000011	2018-06-26T11:50:16Z	2018-06-18T18:20:32Z			SAMEA104472470							MAX PLANCK INSTITUTE FOR DEVELOPMENTAL BIOLOGY	2018-06-26T11:50:16Z	2018-06-18T18:20:32Z	public							p25.B4														Pseudomonas sp. 286																																																																		p25.B4		Pseudomonas sp. 286									
SAMEA104472471	9555254	Pseudomonas viridiflava		Sample from Pseudomonas viridiflava		ERC000011	2018-06-26T11:50:16Z	2018-06-18T18:20:32Z			SAMEA104472471							MAX PLANCK INSTITUTE FOR DEVELOPMENTAL BIOLOGY	2018-06-26T11:50:16Z	2018-06-18T18:20:32Z	public							p25.B5														Pseudomonas sp. 286																																																																		p25.B5		Pseudomonas sp. 286									
SAMEA104472472	9555255	Pseudomonas viridiflava		Sample from Pseudomonas viridiflava		ERC000011	2018-06-26T11:50:17Z	2018-06-18T18:20:32Z			SAMEA104472472							MAX PLANCK INSTITUTE FOR DEVELOPMENTAL BIOLOGY	2018-06-26T11:50:17Z	2018-06-18T18:20:32Z	public							p25.B7														Pseudomonas sp. 286																																																																		p25.B7		Pseudomonas sp. 286									
SAMEA104472473	9555256	Pseudomonas viridiflava		Sample from Pseudomonas viridiflava		ERC000011	2018-06-26T11:50:17Z	2018-06-18T18:20:32Z			SAMEA104472473							MAX PLANCK INSTITUTE FOR DEVELOPMENTAL BIOLOGY	2018-06-26T11:50:17Z	2018-06-18T18:20:32Z	public							p25.B8														Pseudomonas sp. 286																																																																		p25.B8		Pseudomonas sp. 286									
SAMEA104472474	9555257	Pseudomonas viridiflava		Sample from Pseudomonas viridiflava		ERC000011	2018-06-26T11:50:17Z	2018-06-18T18:20:32Z			SAMEA104472474							MAX PLANCK INSTITUTE FOR DEVELOPMENTAL BIOLOGY	2018-06-26T11:50:17Z	2018-06-18T18:20:32Z	public							p25.B9														Pseudomonas sp. 286																																																																		p25.B9		Pseudomonas sp. 286									
SAMEA104472475	9555258	Pseudomonas viridiflava		Sample from Pseudomonas viridiflava		ERC000011	2018-06-26T11:50:18Z	2018-06-18T18:20:32Z			SAMEA104472475							MAX PLANCK INSTITUTE FOR DEVELOPMENTAL BIOLOGY	2018-06-26T11:50:18Z	2018-06-18T18:20:32Z	public							p25.C10														Pseudomonas sp. 286																																																																		p25.C10		Pseudomonas sp. 286									
SAMEA104472476	9555259	Pseudomonas viridiflava		Sample from Pseudomonas viridiflava		ERC000011	2018-06-26T11:50:18Z	2018-06-18T18:20:32Z			SAMEA104472476							MAX PLANCK INSTITUTE FOR DEVELOPMENTAL BIOLOGY	2018-06-26T11:50:18Z	2018-06-18T18:20:32Z	public							p25.C11														Pseudomonas sp. 286																																																																		p25.C11		Pseudomonas sp. 286									
SAMEA104472477	9555260	Pseudomonas viridiflava		Sample from Pseudomonas viridiflava		ERC000011	2018-06-26T11:50:18Z	2018-06-18T18:20:32Z			SAMEA104472477							MAX PLANCK INSTITUTE FOR DEVELOPMENTAL BIOLOGY	2018-06-26T11:50:18Z	2018-06-18T18:20:32Z	public							p25.C12														Pseudomonas sp. 286																																																																		p25.C12		Pseudomonas sp. 286									
SAMEA104472478	9555261	Pseudomonas viridiflava		Sample from Pseudomonas viridiflava		ERC000011	2018-06-26T11:50:18Z	2018-06-18T18:20:32Z			SAMEA104472478							MAX PLANCK INSTITUTE FOR DEVELOPMENTAL BIOLOGY	2018-06-26T11:50:18Z	2018-06-18T18:20:32Z	public							p25.C1														Pseudomonas sp. 286																																																																		p25.C1		Pseudomonas sp. 286									
SAMEA104472479	9555262	Pseudomonas viridiflava		Sample from Pseudomonas viridiflava		ERC000011	2018-06-26T11:50:19Z	2018-06-18T18:20:32Z			SAMEA104472479							MAX PLANCK INSTITUTE FOR DEVELOPMENTAL BIOLOGY	2018-06-26T11:50:19Z	2018-06-18T18:20:32Z	public							p25.C2														Pseudomonas sp. 286																																																																		p25.C2		Pseudomonas sp. 286									
SAMEA104472480	9555263	Pseudomonas viridiflava		Sample from Pseudomonas viridiflava		ERC000011	2018-06-26T11:50:19Z	2018-06-18T18:20:32Z			SAMEA104472480							MAX PLANCK INSTITUTE FOR DEVELOPMENTAL BIOLOGY	2018-06-26T11:50:19Z	2018-06-18T18:20:32Z	public							p25.C3														Pseudomonas sp. 286																																																																		p25.C3		Pseudomonas sp. 286									
SAMEA104472481	9555264	Pseudomonas viridiflava		Sample from Pseudomonas viridiflava		ERC000011	2018-06-26T11:50:19Z	2018-06-18T18:20:28Z			SAMEA104472481							MAX PLANCK INSTITUTE FOR DEVELOPMENTAL BIOLOGY	2018-06-26T11:50:19Z	2018-06-18T18:20:28Z	public							p25.C4														Pseudomonas sp. 286																																																																		p25.C4		Pseudomonas sp. 286									
SAMEA104472482	9555265	Pseudomonas viridiflava		Sample from Pseudomonas viridiflava		ERC000011	2018-06-26T11:50:19Z	2018-06-18T18:20:32Z			SAMEA104472482							MAX PLANCK INSTITUTE FOR DEVELOPMENTAL BIOLOGY	2018-06-26T11:50:19Z	2018-06-18T18:20:32Z	public							p25.C5														Pseudomonas sp. 286																																																																		p25.C5		Pseudomonas sp. 286									
SAMEA104472483	9555266	Pseudomonas viridiflava		Sample from Pseudomonas viridiflava		ERC000011	2018-06-26T11:50:20Z	2018-06-18T18:20:32Z			SAMEA104472483							MAX PLANCK INSTITUTE FOR DEVELOPMENTAL BIOLOGY	2018-06-26T11:50:20Z	2018-06-18T18:20:32Z	public							p25.C7														Pseudomonas sp. 286																																																																		p25.C7		Pseudomonas sp. 286									
SAMEA104472484	9555267	Pseudomonas viridiflava		Sample from Pseudomonas viridiflava		ERC000011	2018-06-26T11:50:20Z	2018-06-18T18:20:32Z			SAMEA104472484							MAX PLANCK INSTITUTE FOR DEVELOPMENTAL BIOLOGY	2018-06-26T11:50:20Z	2018-06-18T18:20:32Z	public							p25.C8														Pseudomonas sp. 286																																																																		p25.C8		Pseudomonas sp. 286									
SAMEA104472485	9555268	Pseudomonas viridiflava		Sample from Pseudomonas viridiflava		ERC000011	2018-06-26T11:50:20Z	2018-06-18T18:20:32Z			SAMEA104472485							MAX PLANCK INSTITUTE FOR DEVELOPMENTAL BIOLOGY	2018-06-26T11:50:20Z	2018-06-18T18:20:32Z	public							p25.C9														Pseudomonas sp. 286																																																																		p25.C9		Pseudomonas sp. 286									
SAMEA104472486	9555269	Pseudomonas viridiflava		Sample from Pseudomonas viridiflava		ERC000011	2018-06-26T11:50:21Z	2018-06-18T18:20:32Z			SAMEA104472486							MAX PLANCK INSTITUTE FOR DEVELOPMENTAL BIOLOGY	2018-06-26T11:50:21Z	2018-06-18T18:20:32Z	public							p25.D10														Pseudomonas sp. 286																																																																		p25.D10		Pseudomonas sp. 286									
SAMEA104472487	9555270	Pseudomonas viridiflava		Sample from Pseudomonas viridiflava		ERC000011	2018-06-26T11:50:21Z	2018-06-18T18:20:32Z			SAMEA104472487							MAX PLANCK INSTITUTE FOR DEVELOPMENTAL BIOLOGY	2018-06-26T11:50:21Z	2018-06-18T18:20:32Z	public							p25.D11														Pseudomonas sp. 286																																																																		p25.D11		Pseudomonas sp. 286									
SAMEA104472488	9555271	Pseudomonas viridiflava		Sample from Pseudomonas viridiflava		ERC000011	2018-06-26T11:50:21Z	2018-06-18T18:20:32Z			SAMEA104472488							MAX PLANCK INSTITUTE FOR DEVELOPMENTAL BIOLOGY	2018-06-26T11:50:21Z	2018-06-18T18:20:32Z	public							p25.D12														Pseudomonas sp. 286																																																																		p25.D12		Pseudomonas sp. 286									
SAMEA104472489	9555272	Pseudomonas viridiflava		Sample from Pseudomonas viridiflava		ERC000011	2018-06-26T11:50:21Z	2018-06-18T18:20:32Z			SAMEA104472489							MAX PLANCK INSTITUTE FOR DEVELOPMENTAL BIOLOGY	2018-06-26T11:50:21Z	2018-06-18T18:20:32Z	public							p25.D1														Pseudomonas sp. 286																																																																		p25.D1		Pseudomonas sp. 286									
SAMEA104472490	9555273	Pseudomonas viridiflava		Sample from Pseudomonas viridiflava		ERC000011	2018-06-26T11:50:22Z	2018-06-18T18:20:32Z			SAMEA104472490							MAX PLANCK INSTITUTE FOR DEVELOPMENTAL BIOLOGY	2018-06-26T11:50:22Z	2018-06-18T18:20:32Z	public							p25.D2														Pseudomonas sp. 286																																																																		p25.D2		Pseudomonas sp. 286									
SAMEA104472491	9555274	Pseudomonas viridiflava		Sample from Pseudomonas viridiflava		ERC000011	2018-06-26T11:50:22Z	2018-06-18T18:20:32Z			SAMEA104472491							MAX PLANCK INSTITUTE FOR DEVELOPMENTAL BIOLOGY	2018-06-26T11:50:22Z	2018-06-18T18:20:32Z	public							p25.D3														Pseudomonas sp. 286																																																																		p25.D3		Pseudomonas sp. 286									
SAMEA104472492	9555275	Pseudomonas viridiflava		Sample from Pseudomonas viridiflava		ERC000011	2018-06-26T11:50:22Z	2018-06-18T18:20:32Z			SAMEA104472492							MAX PLANCK INSTITUTE FOR DEVELOPMENTAL BIOLOGY	2018-06-26T11:50:22Z	2018-06-18T18:20:32Z	public							p25.D4														Pseudomonas sp. 286																																																																		p25.D4		Pseudomonas sp. 286									
SAMEA104472493	9555276	Pseudomonas viridiflava		Sample from Pseudomonas viridiflava		ERC000011	2018-06-26T11:50:22Z	2018-06-18T18:20:29Z			SAMEA104472493							MAX PLANCK INSTITUTE FOR DEVELOPMENTAL BIOLOGY	2018-06-26T11:50:22Z	2018-06-18T18:20:29Z	public							p25.D5														Pseudomonas sp. 286																																																																		p25.D5		Pseudomonas sp. 286									
SAMEA104472494	9555277	Pseudomonas viridiflava		Sample from Pseudomonas viridiflava		ERC000011	2018-06-26T11:50:23Z	2018-06-18T18:20:29Z			SAMEA104472494							MAX PLANCK INSTITUTE FOR DEVELOPMENTAL BIOLOGY	2018-06-26T11:50:23Z	2018-06-18T18:20:29Z	public							p25.D7														Pseudomonas sp. 286																																																																		p25.D7		Pseudomonas sp. 286									
SAMEA104472495	9555278	Pseudomonas viridiflava		Sample from Pseudomonas viridiflava		ERC000011	2018-06-26T11:50:23Z	2018-06-18T18:20:29Z			SAMEA104472495							MAX PLANCK INSTITUTE FOR DEVELOPMENTAL BIOLOGY	2018-06-26T11:50:23Z	2018-06-18T18:20:29Z	public							p25.D8														Pseudomonas sp. 286																																																																		p25.D8		Pseudomonas sp. 286									
SAMEA104472496	9555279	Pseudomonas viridiflava		Sample from Pseudomonas viridiflava		ERC000011	2018-06-26T11:50:23Z	2018-06-18T18:20:29Z			SAMEA104472496							MAX PLANCK INSTITUTE FOR DEVELOPMENTAL BIOLOGY	2018-06-26T11:50:23Z	2018-06-18T18:20:29Z	public							p25.D9														Pseudomonas sp. 286																																																																		p25.D9		Pseudomonas sp. 286									
SAMEA104472497	9555280	Pseudomonas viridiflava		Sample from Pseudomonas viridiflava		ERC000011	2018-06-26T11:50:23Z	2018-06-18T18:20:29Z			SAMEA104472497							MAX PLANCK INSTITUTE FOR DEVELOPMENTAL BIOLOGY	2018-06-26T11:50:23Z	2018-06-18T18:20:29Z	public							p25.E10														Pseudomonas sp. 286																																																																		p25.E10		Pseudomonas sp. 286									
SAMEA104472498	9555281	Pseudomonas viridiflava		Sample from Pseudomonas viridiflava		ERC000011	2018-06-26T11:50:24Z	2018-06-18T18:20:29Z			SAMEA104472498							MAX PLANCK INSTITUTE FOR DEVELOPMENTAL BIOLOGY	2018-06-26T11:50:24Z	2018-06-18T18:20:29Z	public							p25.E11														Pseudomonas sp. 286																																																																		p25.E11		Pseudomonas sp. 286									
SAMEA104472499	9555282	Pseudomonas viridiflava		Sample from Pseudomonas viridiflava		ERC000011	2018-06-26T11:50:24Z	2018-06-18T18:20:29Z			SAMEA104472499							MAX PLANCK INSTITUTE FOR DEVELOPMENTAL BIOLOGY	2018-06-26T11:50:24Z	2018-06-18T18:20:29Z	public							p25.E12														Pseudomonas sp. 286																																																																		p25.E12		Pseudomonas sp. 286									
SAMEA104472500	9555283	Pseudomonas viridiflava		Sample from Pseudomonas viridiflava		ERC000011	2018-06-26T11:50:24Z	2018-06-18T18:20:29Z			SAMEA104472500							MAX PLANCK INSTITUTE FOR DEVELOPMENTAL BIOLOGY	2018-06-26T11:50:24Z	2018-06-18T18:20:29Z	public							p25.E1														Pseudomonas sp. 286																																																																		p25.E1		Pseudomonas sp. 286									
SAMEA104472501	9555284	Pseudomonas viridiflava		Sample from Pseudomonas viridiflava		ERC000011	2018-06-26T11:50:24Z	2018-06-18T18:20:29Z			SAMEA104472501							MAX PLANCK INSTITUTE FOR DEVELOPMENTAL BIOLOGY	2018-06-26T11:50:24Z	2018-06-18T18:20:29Z	public							p25.E2														Pseudomonas sp. 286																																																																		p25.E2		Pseudomonas sp. 286									
SAMEA104472502	9555285	Pseudomonas viridiflava		Sample from Pseudomonas viridiflava		ERC000011	2018-06-26T11:50:25Z	2018-06-18T18:20:29Z			SAMEA104472502							MAX PLANCK INSTITUTE FOR DEVELOPMENTAL BIOLOGY	2018-06-26T11:50:25Z	2018-06-18T18:20:29Z	public							p25.E3														Pseudomonas sp. 286																																																																		p25.E3		Pseudomonas sp. 286									
SAMEA104472503	9555286	Pseudomonas viridiflava		Sample from Pseudomonas viridiflava		ERC000011	2018-06-26T11:50:25Z	2018-06-18T18:20:29Z			SAMEA104472503							MAX PLANCK INSTITUTE FOR DEVELOPMENTAL BIOLOGY	2018-06-26T11:50:25Z	2018-06-18T18:20:29Z	public							p25.E4														Pseudomonas sp. 286																																																																		p25.E4		Pseudomonas sp. 286									
SAMEA104472504	9555287	Pseudomonas viridiflava		Sample from Pseudomonas viridiflava		ERC000011	2018-06-26T11:50:25Z	2018-06-18T18:20:29Z			SAMEA104472504							MAX PLANCK INSTITUTE FOR DEVELOPMENTAL BIOLOGY	2018-06-26T11:50:25Z	2018-06-18T18:20:29Z	public							p25.E5														Pseudomonas sp. 286																																																																		p25.E5		Pseudomonas sp. 286									
SAMEA104472505	9555288	Pseudomonas viridiflava		Sample from Pseudomonas viridiflava		ERC000011	2018-06-26T11:50:25Z	2018-06-18T18:20:29Z			SAMEA104472505							MAX PLANCK INSTITUTE FOR DEVELOPMENTAL BIOLOGY	2018-06-26T11:50:25Z	2018-06-18T18:20:29Z	public							p25.E7														Pseudomonas sp. 286																																																																		p25.E7		Pseudomonas sp. 286									
SAMEA104472506	9555289	Pseudomonas viridiflava		Sample from Pseudomonas viridiflava		ERC000011	2018-06-26T11:50:26Z	2018-06-18T18:20:28Z			SAMEA104472506							MAX PLANCK INSTITUTE FOR DEVELOPMENTAL BIOLOGY	2018-06-26T11:50:26Z	2018-06-18T18:20:28Z	public							p25.E8														Pseudomonas sp. 286																																																																		p25.E8		Pseudomonas sp. 286									
SAMEA104472507	9555290	Pseudomonas viridiflava		Sample from Pseudomonas viridiflava		ERC000011	2018-06-26T11:50:26Z	2018-06-18T18:20:28Z			SAMEA104472507							MAX PLANCK INSTITUTE FOR DEVELOPMENTAL BIOLOGY	2018-06-26T11:50:26Z	2018-06-18T18:20:28Z	public							p25.E9														Pseudomonas sp. 286																																																																		p25.E9		Pseudomonas sp. 286									
SAMEA104472508	9555291	Pseudomonas viridiflava		Sample from Pseudomonas viridiflava		ERC000011	2018-06-26T11:50:26Z	2018-06-18T18:20:28Z			SAMEA104472508							MAX PLANCK INSTITUTE FOR DEVELOPMENTAL BIOLOGY	2018-06-26T11:50:26Z	2018-06-18T18:20:28Z	public							p25.F10														Pseudomonas sp. 286																																																																		p25.F10		Pseudomonas sp. 286									
SAMEA104472509	9555292	Pseudomonas viridiflava		Sample from Pseudomonas viridiflava		ERC000011	2018-06-26T11:50:26Z	2018-06-18T18:20:28Z			SAMEA104472509							MAX PLANCK INSTITUTE FOR DEVELOPMENTAL BIOLOGY	2018-06-26T11:50:26Z	2018-06-18T18:20:28Z	public							p25.F11														Pseudomonas sp. 286																																																																		p25.F11		Pseudomonas sp. 286									
SAMEA104472510	9555293	Pseudomonas viridiflava		Sample from Pseudomonas viridiflava		ERC000011	2018-06-26T11:50:27Z	2018-06-18T18:20:28Z			SAMEA104472510							MAX PLANCK INSTITUTE FOR DEVELOPMENTAL BIOLOGY	2018-06-26T11:50:27Z	2018-06-18T18:20:28Z	public							p25.F12														Pseudomonas sp. 286																																																																		p25.F12		Pseudomonas sp. 286									
SAMEA104472511	9555294	Pseudomonas viridiflava		Sample from Pseudomonas viridiflava		ERC000011	2018-06-26T11:50:27Z	2018-06-18T18:20:28Z			SAMEA104472511							MAX PLANCK INSTITUTE FOR DEVELOPMENTAL BIOLOGY	2018-06-26T11:50:27Z	2018-06-18T18:20:28Z	public							p25.F1														Pseudomonas sp. 286																																																																		p25.F1		Pseudomonas sp. 286									
SAMEA104472512	9555295	Pseudomonas viridiflava		Sample from Pseudomonas viridiflava		ERC000011	2018-06-26T11:50:27Z	2018-06-18T18:20:28Z			SAMEA104472512							MAX PLANCK INSTITUTE FOR DEVELOPMENTAL BIOLOGY	2018-06-26T11:50:27Z	2018-06-18T18:20:28Z	public							p25.F2														Pseudomonas sp. 286																																																																		p25.F2		Pseudomonas sp. 286									
SAMEA104472513	9555296	Pseudomonas viridiflava		Sample from Pseudomonas viridiflava		ERC000011	2018-06-26T11:50:27Z	2018-06-18T18:20:28Z			SAMEA104472513							MAX PLANCK INSTITUTE FOR DEVELOPMENTAL BIOLOGY	2018-06-26T11:50:27Z	2018-06-18T18:20:28Z	public							p25.F3														Pseudomonas sp. 286																																																																		p25.F3		Pseudomonas sp. 286									
SAMEA104472514	9555297	Pseudomonas viridiflava		Sample from Pseudomonas viridiflava		ERC000011	2018-06-26T11:50:28Z	2018-06-18T18:20:28Z			SAMEA104472514							MAX PLANCK INSTITUTE FOR DEVELOPMENTAL BIOLOGY	2018-06-26T11:50:28Z	2018-06-18T18:20:28Z	public							p25.F4														Pseudomonas sp. 286																																																																		p25.F4		Pseudomonas sp. 286									
SAMEA104472515	9555298	Pseudomonas viridiflava		Sample from Pseudomonas viridiflava		ERC000011	2018-06-26T11:50:28Z	2018-06-18T18:20:28Z			SAMEA104472515							MAX PLANCK INSTITUTE FOR DEVELOPMENTAL BIOLOGY	2018-06-26T11:50:28Z	2018-06-18T18:20:28Z	public							p25.F5														Pseudomonas sp. 286																																																																		p25.F5		Pseudomonas sp. 286									
SAMEA104472516	9555299	Pseudomonas viridiflava		Sample from Pseudomonas viridiflava		ERC000011	2018-06-26T11:50:28Z	2018-06-18T18:20:28Z			SAMEA104472516							MAX PLANCK INSTITUTE FOR DEVELOPMENTAL BIOLOGY	2018-06-26T11:50:28Z	2018-06-18T18:20:28Z	public							p25.F7														Pseudomonas sp. 286																																																																		p25.F7		Pseudomonas sp. 286									
SAMEA104472517	9555300	Pseudomonas viridiflava		Sample from Pseudomonas viridiflava		ERC000011	2018-06-26T11:50:28Z	2018-06-18T18:20:28Z			SAMEA104472517							MAX PLANCK INSTITUTE FOR DEVELOPMENTAL BIOLOGY	2018-06-26T11:50:28Z	2018-06-18T18:20:28Z	public							p25.F8														Pseudomonas sp. 286																																																																		p25.F8		Pseudomonas sp. 286									
SAMEA104472518	9555301	Pseudomonas viridiflava		Sample from Pseudomonas viridiflava		ERC000011	2018-06-26T11:50:29Z	2018-06-18T18:20:28Z			SAMEA104472518							MAX PLANCK INSTITUTE FOR DEVELOPMENTAL BIOLOGY	2018-06-26T11:50:29Z	2018-06-18T18:20:28Z	public							p25.F9														Pseudomonas sp. 286																																																																		p25.F9		Pseudomonas sp. 286									
SAMEA104472519	9555302	Pseudomonas viridiflava		Sample from Pseudomonas viridiflava		ERC000011	2018-06-26T11:50:29Z	2018-06-18T18:20:28Z			SAMEA104472519							MAX PLANCK INSTITUTE FOR DEVELOPMENTAL BIOLOGY	2018-06-26T11:50:29Z	2018-06-18T18:20:28Z	public							p25.G10														Pseudomonas sp. 286																																																																		p25.G10		Pseudomonas sp. 286									
SAMEA104472520	9555303	Pseudomonas viridiflava		Sample from Pseudomonas viridiflava		ERC000011	2018-06-26T11:50:29Z	2018-06-18T18:20:28Z			SAMEA104472520							MAX PLANCK INSTITUTE FOR DEVELOPMENTAL BIOLOGY	2018-06-26T11:50:29Z	2018-06-18T18:20:28Z	public							p25.G11														Pseudomonas sp. 286																																																																		p25.G11		Pseudomonas sp. 286									
SAMEA104472521	9555304	Pseudomonas viridiflava		Sample from Pseudomonas viridiflava		ERC000011	2018-06-26T11:50:30Z	2018-06-18T18:20:28Z			SAMEA104472521							MAX PLANCK INSTITUTE FOR DEVELOPMENTAL BIOLOGY	2018-06-26T11:50:30Z	2018-06-18T18:20:28Z	public							p25.G12														Pseudomonas sp. 286																																																																		p25.G12		Pseudomonas sp. 286									
SAMEA104472522	9555305	Pseudomonas viridiflava		Sample from Pseudomonas viridiflava		ERC000011	2018-06-26T11:50:30Z	2018-06-18T18:20:28Z			SAMEA104472522							MAX PLANCK INSTITUTE FOR DEVELOPMENTAL BIOLOGY	2018-06-26T11:50:30Z	2018-06-18T18:20:28Z	public							p25.G1														Pseudomonas sp. 286																																																																		p25.G1		Pseudomonas sp. 286									
SAMEA104472523	9555306	Pseudomonas viridiflava		Sample from Pseudomonas viridiflava		ERC000011	2018-06-26T11:50:30Z	2018-06-18T18:20:28Z			SAMEA104472523							MAX PLANCK INSTITUTE FOR DEVELOPMENTAL BIOLOGY	2018-06-26T11:50:30Z	2018-06-18T18:20:28Z	public							p25.G2														Pseudomonas sp. 286																																																																		p25.G2		Pseudomonas sp. 286									
SAMEA104472524	9555307	Pseudomonas viridiflava		Sample from Pseudomonas viridiflava		ERC000011	2018-06-26T11:50:30Z	2018-06-18T18:20:28Z			SAMEA104472524							MAX PLANCK INSTITUTE FOR DEVELOPMENTAL BIOLOGY	2018-06-26T11:50:30Z	2018-06-18T18:20:28Z	public							p25.G3														Pseudomonas sp. 286																																																																		p25.G3		Pseudomonas sp. 286									
SAMEA104472525	9555308	Pseudomonas viridiflava		Sample from Pseudomonas viridiflava		ERC000011	2018-06-26T11:50:31Z	2018-06-18T18:20:28Z			SAMEA104472525							MAX PLANCK INSTITUTE FOR DEVELOPMENTAL BIOLOGY	2018-06-26T11:50:31Z	2018-06-18T18:20:28Z	public							p25.G4														Pseudomonas sp. 286																																																																		p25.G4		Pseudomonas sp. 286									
SAMEA104472526	9555309	Pseudomonas viridiflava		Sample from Pseudomonas viridiflava		ERC000011	2018-06-26T11:50:31Z	2018-06-18T18:20:28Z			SAMEA104472526							MAX PLANCK INSTITUTE FOR DEVELOPMENTAL BIOLOGY	2018-06-26T11:50:31Z	2018-06-18T18:20:28Z	public							p25.G5														Pseudomonas sp. 286																																																																		p25.G5		Pseudomonas sp. 286									
SAMEA104472527	9555310	Pseudomonas viridiflava		Sample from Pseudomonas viridiflava		ERC000011	2018-06-26T11:50:31Z	2018-06-18T18:20:28Z			SAMEA104472527							MAX PLANCK INSTITUTE FOR DEVELOPMENTAL BIOLOGY	2018-06-26T11:50:31Z	2018-06-18T18:20:28Z	public							p25.G7														Pseudomonas sp. 286																																																																		p25.G7		Pseudomonas sp. 286									
SAMEA104472528	9555311	Pseudomonas viridiflava		Sample from Pseudomonas viridiflava		ERC000011	2018-06-26T11:50:31Z	2018-06-18T18:20:28Z			SAMEA104472528							MAX PLANCK INSTITUTE FOR DEVELOPMENTAL BIOLOGY	2018-06-26T11:50:31Z	2018-06-18T18:20:28Z	public							p25.G8														Pseudomonas sp. 286																																																																		p25.G8		Pseudomonas sp. 286									
SAMEA104472529	9555312	Pseudomonas viridiflava		Sample from Pseudomonas viridiflava		ERC000011	2018-06-26T11:50:32Z	2018-06-18T18:20:28Z			SAMEA104472529							MAX PLANCK INSTITUTE FOR DEVELOPMENTAL BIOLOGY	2018-06-26T11:50:32Z	2018-06-18T18:20:28Z	public							p25.G9														Pseudomonas sp. 286																																																																		p25.G9		Pseudomonas sp. 286									
SAMEA104472530	9555313	Pseudomonas viridiflava		Sample from Pseudomonas viridiflava		ERC000011	2018-06-26T11:50:32Z	2018-06-18T18:20:28Z			SAMEA104472530							MAX PLANCK INSTITUTE FOR DEVELOPMENTAL BIOLOGY	2018-06-26T11:50:32Z	2018-06-18T18:20:28Z	public							p25.H10														Pseudomonas sp. 286																																																																		p25.H10		Pseudomonas sp. 286									
SAMEA104472531	9555314	Pseudomonas viridiflava		Sample from Pseudomonas viridiflava		ERC000011	2018-06-26T11:50:32Z	2018-06-18T18:20:28Z			SAMEA104472531							MAX PLANCK INSTITUTE FOR DEVELOPMENTAL BIOLOGY	2018-06-26T11:50:32Z	2018-06-18T18:20:28Z	public							p25.H11														Pseudomonas sp. 286																																																																		p25.H11		Pseudomonas sp. 286									
SAMEA104472532	9555315	Pseudomonas viridiflava		Sample from Pseudomonas viridiflava		ERC000011	2018-06-26T11:50:33Z	2018-06-18T18:20:28Z			SAMEA104472532							MAX PLANCK INSTITUTE FOR DEVELOPMENTAL BIOLOGY	2018-06-26T11:50:33Z	2018-06-18T18:20:28Z	public							p25.H12														Pseudomonas sp. 286																																																																		p25.H12		Pseudomonas sp. 286									
SAMEA104472533	9555316	Pseudomonas viridiflava		Sample from Pseudomonas viridiflava		ERC000011	2018-06-26T11:50:33Z	2018-06-18T18:20:28Z			SAMEA104472533							MAX PLANCK INSTITUTE FOR DEVELOPMENTAL BIOLOGY	2018-06-26T11:50:33Z	2018-06-18T18:20:28Z	public							p25.H1														Pseudomonas sp. 286																																																																		p25.H1		Pseudomonas sp. 286									
SAMEA104472534	9555317	Pseudomonas viridiflava		Sample from Pseudomonas viridiflava		ERC000011	2018-06-26T11:50:33Z	2018-06-18T18:20:28Z			SAMEA104472534							MAX PLANCK INSTITUTE FOR DEVELOPMENTAL BIOLOGY	2018-06-26T11:50:33Z	2018-06-18T18:20:28Z	public							p25.H2														Pseudomonas sp. 286																																																																		p25.H2		Pseudomonas sp. 286									
SAMEA104472535	9555318	Pseudomonas viridiflava		Sample from Pseudomonas viridiflava		ERC000011	2018-06-26T11:50:33Z	2018-06-18T18:20:28Z			SAMEA104472535							MAX PLANCK INSTITUTE FOR DEVELOPMENTAL BIOLOGY	2018-06-26T11:50:33Z	2018-06-18T18:20:28Z	public							p25.H3														Pseudomonas sp. 286																																																																		p25.H3		Pseudomonas sp. 286									
SAMEA104472536	9555319	Pseudomonas viridiflava		Sample from Pseudomonas viridiflava		ERC000011	2018-06-26T11:50:34Z	2018-06-18T18:20:28Z			SAMEA104472536							MAX PLANCK INSTITUTE FOR DEVELOPMENTAL BIOLOGY	2018-06-26T11:50:34Z	2018-06-18T18:20:28Z	public							p25.H4														Pseudomonas sp. 286																																																																		p25.H4		Pseudomonas sp. 286									
SAMEA104472537	9555320	Pseudomonas viridiflava		Sample from Pseudomonas viridiflava		ERC000011	2018-06-26T11:50:34Z	2018-06-18T18:20:28Z			SAMEA104472537							MAX PLANCK INSTITUTE FOR DEVELOPMENTAL BIOLOGY	2018-06-26T11:50:34Z	2018-06-18T18:20:28Z	public							p25.H5														Pseudomonas sp. 286																																																																		p25.H5		Pseudomonas sp. 286									
SAMEA104472538	9555321	Pseudomonas viridiflava		Sample from Pseudomonas viridiflava		ERC000011	2018-06-26T11:50:34Z	2018-06-18T18:20:28Z			SAMEA104472538							MAX PLANCK INSTITUTE FOR DEVELOPMENTAL BIOLOGY	2018-06-26T11:50:34Z	2018-06-18T18:20:28Z	public							p25.H7														Pseudomonas sp. 286																																																																		p25.H7		Pseudomonas sp. 286									
SAMEA104472539	9555322	Pseudomonas viridiflava		Sample from Pseudomonas viridiflava		ERC000011	2018-06-26T11:50:34Z	2018-06-18T18:20:28Z			SAMEA104472539							MAX PLANCK INSTITUTE FOR DEVELOPMENTAL BIOLOGY	2018-06-26T11:50:34Z	2018-06-18T18:20:28Z	public							p25.H8														Pseudomonas sp. 286																																																																		p25.H8		Pseudomonas sp. 286									
SAMEA104472540	9555323	Pseudomonas viridiflava		Sample from Pseudomonas viridiflava		ERC000011	2018-06-26T11:50:35Z	2018-06-18T18:20:28Z			SAMEA104472540							MAX PLANCK INSTITUTE FOR DEVELOPMENTAL BIOLOGY	2018-06-26T11:50:35Z	2018-06-18T18:20:28Z	public							p25.H9														Pseudomonas sp. 286																																																																		p25.H9		Pseudomonas sp. 286									
SAMEA104472541	9555324	Pseudomonas viridiflava		Sample from Pseudomonas viridiflava		ERC000011	2018-06-26T11:50:35Z	2018-06-18T18:20:28Z			SAMEA104472541							MAX PLANCK INSTITUTE FOR DEVELOPMENTAL BIOLOGY	2018-06-26T11:50:35Z	2018-06-18T18:20:28Z	public							p26.A10														Pseudomonas sp. 286																																																																		p26.A10		Pseudomonas sp. 286									
SAMEA104472542	9555325	Pseudomonas viridiflava		Sample from Pseudomonas viridiflava		ERC000011	2018-06-26T11:50:35Z	2018-06-18T18:20:28Z			SAMEA104472542							MAX PLANCK INSTITUTE FOR DEVELOPMENTAL BIOLOGY	2018-06-26T11:50:35Z	2018-06-18T18:20:28Z	public							p26.A1														Pseudomonas sp. 286																																																																		p26.A1		Pseudomonas sp. 286									
SAMEA104472543	9555326	Pseudomonas viridiflava		Sample from Pseudomonas viridiflava		ERC000011	2018-06-26T11:50:36Z	2018-06-18T18:20:28Z			SAMEA104472543							MAX PLANCK INSTITUTE FOR DEVELOPMENTAL BIOLOGY	2018-06-26T11:50:36Z	2018-06-18T18:20:28Z	public							p26.A2														Pseudomonas sp. 286																																																																		p26.A2		Pseudomonas sp. 286									
SAMEA104472544	9555327	Pseudomonas viridiflava		Sample from Pseudomonas viridiflava		ERC000011	2018-06-26T11:50:36Z	2018-06-18T18:20:28Z			SAMEA104472544							MAX PLANCK INSTITUTE FOR DEVELOPMENTAL BIOLOGY	2018-06-26T11:50:36Z	2018-06-18T18:20:28Z	public							p26.A4														Pseudomonas sp. 286																																																																		p26.A4		Pseudomonas sp. 286									
SAMEA104472545	9555328	Pseudomonas viridiflava		Sample from Pseudomonas viridiflava		ERC000011	2018-06-26T11:50:36Z	2018-06-18T18:20:28Z			SAMEA104472545							MAX PLANCK INSTITUTE FOR DEVELOPMENTAL BIOLOGY	2018-06-26T11:50:36Z	2018-06-18T18:20:28Z	public							p26.A5														Pseudomonas sp. 286																																																																		p26.A5		Pseudomonas sp. 286									
SAMEA104472546	9555329	Pseudomonas viridiflava		Sample from Pseudomonas viridiflava		ERC000011	2018-06-26T11:50:36Z	2018-06-18T18:20:28Z			SAMEA104472546							MAX PLANCK INSTITUTE FOR DEVELOPMENTAL BIOLOGY	2018-06-26T11:50:36Z	2018-06-18T18:20:28Z	public							p26.A7														Pseudomonas sp. 286																																																																		p26.A7		Pseudomonas sp. 286									
SAMEA104472547	9555330	Pseudomonas viridiflava		Sample from Pseudomonas viridiflava		ERC000011	2018-06-26T11:50:37Z	2018-06-18T18:20:28Z			SAMEA104472547							MAX PLANCK INSTITUTE FOR DEVELOPMENTAL BIOLOGY	2018-06-26T11:50:37Z	2018-06-18T18:20:28Z	public							p26.A8														Pseudomonas sp. 286																																																																		p26.A8		Pseudomonas sp. 286									
SAMEA104472548	9555331	Pseudomonas viridiflava		Sample from Pseudomonas viridiflava		ERC000011	2018-06-26T11:50:37Z	2018-06-18T18:20:28Z			SAMEA104472548							MAX PLANCK INSTITUTE FOR DEVELOPMENTAL BIOLOGY	2018-06-26T11:50:37Z	2018-06-18T18:20:28Z	public							p26.A9														Pseudomonas sp. 286																																																																		p26.A9		Pseudomonas sp. 286									
SAMEA104472549	9555332	Pseudomonas viridiflava		Sample from Pseudomonas viridiflava		ERC000011	2018-06-26T11:50:37Z	2018-06-18T18:20:28Z			SAMEA104472549							MAX PLANCK INSTITUTE FOR DEVELOPMENTAL BIOLOGY	2018-06-26T11:50:37Z	2018-06-18T18:20:28Z	public							p26.B10														Pseudomonas sp. 286																																																																		p26.B10		Pseudomonas sp. 286									
SAMEA104472550	9555333	Pseudomonas viridiflava		Sample from Pseudomonas viridiflava		ERC000011	2018-06-26T11:50:37Z	2018-06-18T18:20:28Z			SAMEA104472550							MAX PLANCK INSTITUTE FOR DEVELOPMENTAL BIOLOGY	2018-06-26T11:50:37Z	2018-06-18T18:20:28Z	public							p26.B1														Pseudomonas sp. 286																																																																		p26.B1		Pseudomonas sp. 286									
SAMEA104472551	9555334	Pseudomonas viridiflava		Sample from Pseudomonas viridiflava		ERC000011	2018-06-26T11:50:38Z	2018-06-18T18:20:28Z			SAMEA104472551							MAX PLANCK INSTITUTE FOR DEVELOPMENTAL BIOLOGY	2018-06-26T11:50:38Z	2018-06-18T18:20:28Z	public							p26.B2														Pseudomonas sp. 286																																																																		p26.B2		Pseudomonas sp. 286									
SAMEA104472552	9555335	Pseudomonas viridiflava		Sample from Pseudomonas viridiflava		ERC000011	2018-06-26T11:50:38Z	2018-06-18T18:20:28Z			SAMEA104472552							MAX PLANCK INSTITUTE FOR DEVELOPMENTAL BIOLOGY	2018-06-26T11:50:38Z	2018-06-18T18:20:28Z	public							p26.B3														Pseudomonas sp. 286																																																																		p26.B3		Pseudomonas sp. 286									
SAMEA104472553	9555336	Pseudomonas viridiflava		Sample from Pseudomonas viridiflava		ERC000011	2018-06-26T11:50:38Z	2018-06-18T18:20:28Z			SAMEA104472553							MAX PLANCK INSTITUTE FOR DEVELOPMENTAL BIOLOGY	2018-06-26T11:50:38Z	2018-06-18T18:20:28Z	public							p26.B4														Pseudomonas sp. 286																																																																		p26.B4		Pseudomonas sp. 286									
SAMEA104472554	9555337	Pseudomonas viridiflava		Sample from Pseudomonas viridiflava		ERC000011	2018-06-26T11:50:38Z	2018-06-18T18:20:28Z			SAMEA104472554							MAX PLANCK INSTITUTE FOR DEVELOPMENTAL BIOLOGY	2018-06-26T11:50:38Z	2018-06-18T18:20:28Z	public							p26.B5														Pseudomonas sp. 286																																																																		p26.B5		Pseudomonas sp. 286									
SAMEA104472555	9555338	Pseudomonas viridiflava		Sample from Pseudomonas viridiflava		ERC000011	2018-06-26T11:50:39Z	2018-06-18T18:20:28Z			SAMEA104472555							MAX PLANCK INSTITUTE FOR DEVELOPMENTAL BIOLOGY	2018-06-26T11:50:39Z	2018-06-18T18:20:28Z	public							p26.B6														Pseudomonas sp. 286																																																																		p26.B6		Pseudomonas sp. 286									
SAMEA104472556	9555339	Pseudomonas viridiflava		Sample from Pseudomonas viridiflava		ERC000011	2018-06-26T11:50:39Z	2018-06-18T18:20:28Z			SAMEA104472556							MAX PLANCK INSTITUTE FOR DEVELOPMENTAL BIOLOGY	2018-06-26T11:50:39Z	2018-06-18T18:20:28Z	public							p26.B7														Pseudomonas sp. 286																																																																		p26.B7		Pseudomonas sp. 286									
SAMEA104472557	9555340	Pseudomonas viridiflava		Sample from Pseudomonas viridiflava		ERC000011	2018-06-26T11:50:39Z	2018-06-18T18:20:28Z			SAMEA104472557							MAX PLANCK INSTITUTE FOR DEVELOPMENTAL BIOLOGY	2018-06-26T11:50:39Z	2018-06-18T18:20:28Z	public							p26.B8														Pseudomonas sp. 286																																																																		p26.B8		Pseudomonas sp. 286									
SAMEA104472558	9555341	Pseudomonas viridiflava		Sample from Pseudomonas viridiflava		ERC000011	2018-06-26T11:50:39Z	2018-06-18T18:20:28Z			SAMEA104472558							MAX PLANCK INSTITUTE FOR DEVELOPMENTAL BIOLOGY	2018-06-26T11:50:39Z	2018-06-18T18:20:28Z	public							p26.C10														Pseudomonas sp. 286																																																																		p26.C10		Pseudomonas sp. 286									
SAMEA104472559	9555342	Pseudomonas viridiflava		Sample from Pseudomonas viridiflava		ERC000011	2018-06-26T11:50:40Z	2018-06-18T18:20:28Z			SAMEA104472559							MAX PLANCK INSTITUTE FOR DEVELOPMENTAL BIOLOGY	2018-06-26T11:50:40Z	2018-06-18T18:20:28Z	public							p26.C1														Pseudomonas sp. 286																																																																		p26.C1		Pseudomonas sp. 286									
SAMEA104472560	9555343	Pseudomonas viridiflava		Sample from Pseudomonas viridiflava		ERC000011	2018-06-26T11:50:40Z	2018-06-18T18:20:28Z			SAMEA104472560							MAX PLANCK INSTITUTE FOR DEVELOPMENTAL BIOLOGY	2018-06-26T11:50:40Z	2018-06-18T18:20:28Z	public							p26.C2														Pseudomonas sp. 286																																																																		p26.C2		Pseudomonas sp. 286									
SAMEA104472561	9555344	Pseudomonas viridiflava		Sample from Pseudomonas viridiflava		ERC000011	2018-06-26T11:50:40Z	2018-06-18T18:20:28Z			SAMEA104472561							MAX PLANCK INSTITUTE FOR DEVELOPMENTAL BIOLOGY	2018-06-26T11:50:40Z	2018-06-18T18:20:28Z	public							p26.C3														Pseudomonas sp. 286																																																																		p26.C3		Pseudomonas sp. 286									
SAMEA104472562	9555345	Pseudomonas viridiflava		Sample from Pseudomonas viridiflava		ERC000011	2018-06-26T11:50:41Z	2018-06-18T18:20:28Z			SAMEA104472562							MAX PLANCK INSTITUTE FOR DEVELOPMENTAL BIOLOGY	2018-06-26T11:50:41Z	2018-06-18T18:20:28Z	public							p26.C4														Pseudomonas sp. 286																																																																		p26.C4		Pseudomonas sp. 286									
SAMEA104472563	9555346	Pseudomonas viridiflava		Sample from Pseudomonas viridiflava		ERC000011	2018-06-26T11:50:41Z	2018-06-18T18:20:28Z			SAMEA104472563							MAX PLANCK INSTITUTE FOR DEVELOPMENTAL BIOLOGY	2018-06-26T11:50:41Z	2018-06-18T18:20:28Z	public							p26.C5														Pseudomonas sp. 286																																																																		p26.C5		Pseudomonas sp. 286									
SAMEA104472564	9555347	Pseudomonas viridiflava		Sample from Pseudomonas viridiflava		ERC000011	2018-06-26T11:50:41Z	2018-06-18T18:20:27Z			SAMEA104472564							MAX PLANCK INSTITUTE FOR DEVELOPMENTAL BIOLOGY	2018-06-26T11:50:41Z	2018-06-18T18:20:27Z	public							p26.C7														Pseudomonas sp. 286																																																																		p26.C7		Pseudomonas sp. 286									
SAMEA104472565	9555348	Pseudomonas viridiflava		Sample from Pseudomonas viridiflava		ERC000011	2018-06-26T11:50:41Z	2018-06-18T18:20:28Z			SAMEA104472565							MAX PLANCK INSTITUTE FOR DEVELOPMENTAL BIOLOGY	2018-06-26T11:50:41Z	2018-06-18T18:20:28Z	public							p26.C9														Pseudomonas sp. 286																																																																		p26.C9		Pseudomonas sp. 286									
SAMEA104472566	9555349	Pseudomonas viridiflava		Sample from Pseudomonas viridiflava		ERC000011	2018-06-26T11:50:42Z	2018-06-18T18:20:28Z			SAMEA104472566							MAX PLANCK INSTITUTE FOR DEVELOPMENTAL BIOLOGY	2018-06-26T11:50:42Z	2018-06-18T18:20:28Z	public							p26.D1														Pseudomonas sp. 286																																																																		p26.D1		Pseudomonas sp. 286									
SAMEA104472567	9555350	Pseudomonas viridiflava		Sample from Pseudomonas viridiflava		ERC000011	2018-06-26T11:50:42Z	2018-06-18T18:20:28Z			SAMEA104472567							MAX PLANCK INSTITUTE FOR DEVELOPMENTAL BIOLOGY	2018-06-26T11:50:42Z	2018-06-18T18:20:28Z	public							p26.D2														Pseudomonas sp. 286																																																																		p26.D2		Pseudomonas sp. 286									
SAMEA104472568	9555351	Pseudomonas viridiflava		Sample from Pseudomonas viridiflava		ERC000011	2018-06-26T11:50:42Z	2018-06-18T18:20:28Z			SAMEA104472568							MAX PLANCK INSTITUTE FOR DEVELOPMENTAL BIOLOGY	2018-06-26T11:50:42Z	2018-06-18T18:20:28Z	public							p26.D3														Pseudomonas sp. 286																																																																		p26.D3		Pseudomonas sp. 286									
SAMEA104472569	9555352	Pseudomonas viridiflava		Sample from Pseudomonas viridiflava		ERC000011	2018-06-26T11:50:42Z	2018-06-18T18:20:28Z			SAMEA104472569							MAX PLANCK INSTITUTE FOR DEVELOPMENTAL BIOLOGY	2018-06-26T11:50:42Z	2018-06-18T18:20:28Z	public							p26.D4														Pseudomonas sp. 286																																																																		p26.D4		Pseudomonas sp. 286									
SAMEA104472570	9555353	Pseudomonas viridiflava		Sample from Pseudomonas viridiflava		ERC000011	2018-06-26T11:50:43Z	2018-06-18T18:20:28Z			SAMEA104472570							MAX PLANCK INSTITUTE FOR DEVELOPMENTAL BIOLOGY	2018-06-26T11:50:43Z	2018-06-18T18:20:28Z	public							p26.D5														Pseudomonas sp. 286																																																																		p26.D5		Pseudomonas sp. 286									
SAMEA104472571	9555354	Pseudomonas viridiflava		Sample from Pseudomonas viridiflava		ERC000011	2018-06-26T11:50:43Z	2018-06-18T18:20:28Z			SAMEA104472571							MAX PLANCK INSTITUTE FOR DEVELOPMENTAL BIOLOGY	2018-06-26T11:50:43Z	2018-06-18T18:20:28Z	public							p26.D6														Pseudomonas sp. 286																																																																		p26.D6		Pseudomonas sp. 286									
SAMEA104472572	9555355	Pseudomonas viridiflava		Sample from Pseudomonas viridiflava		ERC000011	2018-06-26T11:50:43Z	2018-06-18T18:20:28Z			SAMEA104472572							MAX PLANCK INSTITUTE FOR DEVELOPMENTAL BIOLOGY	2018-06-26T11:50:43Z	2018-06-18T18:20:28Z	public							p26.D7														Pseudomonas sp. 286																																																																		p26.D7		Pseudomonas sp. 286									
SAMEA104472573	9555356	Pseudomonas viridiflava		Sample from Pseudomonas viridiflava		ERC000011	2018-06-26T11:50:44Z	2018-06-18T18:20:28Z			SAMEA104472573							MAX PLANCK INSTITUTE FOR DEVELOPMENTAL BIOLOGY	2018-06-26T11:50:44Z	2018-06-18T18:20:28Z	public							p26.D8														Pseudomonas sp. 286																																																																		p26.D8		Pseudomonas sp. 286									
SAMEA104472574	9555357	Pseudomonas viridiflava		Sample from Pseudomonas viridiflava		ERC000011	2018-06-26T11:50:44Z	2018-06-18T18:20:28Z			SAMEA104472574							MAX PLANCK INSTITUTE FOR DEVELOPMENTAL BIOLOGY	2018-06-26T11:50:44Z	2018-06-18T18:20:28Z	public							p26.D9														Pseudomonas sp. 286																																																																		p26.D9		Pseudomonas sp. 286									
SAMEA104472575	9555358	Pseudomonas viridiflava		Sample from Pseudomonas viridiflava		ERC000011	2018-06-26T11:50:44Z	2018-06-18T18:20:28Z			SAMEA104472575							MAX PLANCK INSTITUTE FOR DEVELOPMENTAL BIOLOGY	2018-06-26T11:50:44Z	2018-06-18T18:20:28Z	public							p26.E10														Pseudomonas sp. 286																																																																		p26.E10		Pseudomonas sp. 286									
SAMEA104472576	9555359	Pseudomonas viridiflava		Sample from Pseudomonas viridiflava		ERC000011	2018-06-26T11:50:44Z	2018-06-18T18:20:28Z			SAMEA104472576							MAX PLANCK INSTITUTE FOR DEVELOPMENTAL BIOLOGY	2018-06-26T11:50:44Z	2018-06-18T18:20:28Z	public							p26.E1														Pseudomonas sp. 286																																																																		p26.E1		Pseudomonas sp. 286									
SAMEA104472577	9555360	Pseudomonas viridiflava		Sample from Pseudomonas viridiflava		ERC000011	2018-06-26T11:50:45Z	2018-06-18T18:20:28Z			SAMEA104472577							MAX PLANCK INSTITUTE FOR DEVELOPMENTAL BIOLOGY	2018-06-26T11:50:45Z	2018-06-18T18:20:28Z	public							p26.E2														Pseudomonas sp. 286																																																																		p26.E2		Pseudomonas sp. 286									
SAMEA104472578	9555361	Pseudomonas viridiflava		Sample from Pseudomonas viridiflava		ERC000011	2018-06-26T11:50:45Z	2018-06-18T18:20:28Z			SAMEA104472578							MAX PLANCK INSTITUTE FOR DEVELOPMENTAL BIOLOGY	2018-06-26T11:50:45Z	2018-06-18T18:20:28Z	public							p26.E3														Pseudomonas sp. 286																																																																		p26.E3		Pseudomonas sp. 286									
SAMEA104472579	9555362	Pseudomonas viridiflava		Sample from Pseudomonas viridiflava		ERC000011	2018-06-26T11:50:45Z	2018-06-18T18:20:28Z			SAMEA104472579							MAX PLANCK INSTITUTE FOR DEVELOPMENTAL BIOLOGY	2018-06-26T11:50:45Z	2018-06-18T18:20:28Z	public							p26.E4														Pseudomonas sp. 286																																																																		p26.E4		Pseudomonas sp. 286									
SAMEA104472580	9555363	Pseudomonas viridiflava		Sample from Pseudomonas viridiflava		ERC000011	2018-06-26T11:50:45Z	2018-06-18T18:20:28Z			SAMEA104472580							MAX PLANCK INSTITUTE FOR DEVELOPMENTAL BIOLOGY	2018-06-26T11:50:45Z	2018-06-18T18:20:28Z	public							p26.E5														Pseudomonas sp. 286																																																																		p26.E5		Pseudomonas sp. 286									
SAMEA104472581	9555364	Pseudomonas viridiflava		Sample from Pseudomonas viridiflava		ERC000011	2018-06-26T11:50:46Z	2018-06-18T18:20:28Z			SAMEA104472581							MAX PLANCK INSTITUTE FOR DEVELOPMENTAL BIOLOGY	2018-06-26T11:50:46Z	2018-06-18T18:20:28Z	public							p26.E6														Pseudomonas sp. 286																																																																		p26.E6		Pseudomonas sp. 286									
SAMEA104472582	9555365	Pseudomonas viridiflava		Sample from Pseudomonas viridiflava		ERC000011	2018-06-26T11:50:46Z	2018-06-18T18:20:28Z			SAMEA104472582							MAX PLANCK INSTITUTE FOR DEVELOPMENTAL BIOLOGY	2018-06-26T11:50:46Z	2018-06-18T18:20:28Z	public							p26.E7														Pseudomonas sp. 286																																																																		p26.E7		Pseudomonas sp. 286									
SAMEA104472583	9555366	Pseudomonas viridiflava		Sample from Pseudomonas viridiflava		ERC000011	2018-06-26T11:50:46Z	2018-06-18T18:20:28Z			SAMEA104472583							MAX PLANCK INSTITUTE FOR DEVELOPMENTAL BIOLOGY	2018-06-26T11:50:46Z	2018-06-18T18:20:28Z	public							p26.E8														Pseudomonas sp. 286																																																																		p26.E8		Pseudomonas sp. 286									
SAMEA104472584	9555367	Pseudomonas viridiflava		Sample from Pseudomonas viridiflava		ERC000011	2018-06-26T11:50:46Z	2018-06-18T18:20:28Z			SAMEA104472584							MAX PLANCK INSTITUTE FOR DEVELOPMENTAL BIOLOGY	2018-06-26T11:50:46Z	2018-06-18T18:20:28Z	public							p26.E9														Pseudomonas sp. 286																																																																		p26.E9		Pseudomonas sp. 286									
SAMEA104472585	9555368	Pseudomonas viridiflava		Sample from Pseudomonas viridiflava		ERC000011	2018-06-26T11:50:47Z	2018-06-18T18:20:28Z			SAMEA104472585							MAX PLANCK INSTITUTE FOR DEVELOPMENTAL BIOLOGY	2018-06-26T11:50:47Z	2018-06-18T18:20:28Z	public							p26.F10														Pseudomonas sp. 286																																																																		p26.F10		Pseudomonas sp. 286									
SAMEA104472586	9555369	Pseudomonas viridiflava		Sample from Pseudomonas viridiflava		ERC000011	2018-06-26T11:50:47Z	2018-06-18T18:20:28Z			SAMEA104472586							MAX PLANCK INSTITUTE FOR DEVELOPMENTAL BIOLOGY	2018-06-26T11:50:47Z	2018-06-18T18:20:28Z	public							p26.F1														Pseudomonas sp. 286																																																																		p26.F1		Pseudomonas sp. 286									
SAMEA104472587	9555370	Pseudomonas viridiflava		Sample from Pseudomonas viridiflava		ERC000011	2018-06-26T11:50:47Z	2018-06-18T18:20:28Z			SAMEA104472587							MAX PLANCK INSTITUTE FOR DEVELOPMENTAL BIOLOGY	2018-06-26T11:50:47Z	2018-06-18T18:20:28Z	public							p26.F2														Pseudomonas sp. 286																																																																		p26.F2		Pseudomonas sp. 286									
SAMEA104472588	9555371	Pseudomonas viridiflava		Sample from Pseudomonas viridiflava		ERC000011	2018-06-26T11:50:47Z	2018-06-18T18:20:28Z			SAMEA104472588							MAX PLANCK INSTITUTE FOR DEVELOPMENTAL BIOLOGY	2018-06-26T11:50:47Z	2018-06-18T18:20:28Z	public							p26.F3														Pseudomonas sp. 286																																																																		p26.F3		Pseudomonas sp. 286									
SAMEA104472589	9555372	Pseudomonas viridiflava		Sample from Pseudomonas viridiflava		ERC000011	2018-06-26T11:50:48Z	2018-06-18T18:20:28Z			SAMEA104472589							MAX PLANCK INSTITUTE FOR DEVELOPMENTAL BIOLOGY	2018-06-26T11:50:48Z	2018-06-18T18:20:28Z	public							p26.F4														Pseudomonas sp. 286																																																																		p26.F4		Pseudomonas sp. 286									
SAMEA104472590	9555373	Pseudomonas viridiflava		Sample from Pseudomonas viridiflava		ERC000011	2018-06-26T11:50:48Z	2018-06-18T18:20:27Z			SAMEA104472590							MAX PLANCK INSTITUTE FOR DEVELOPMENTAL BIOLOGY	2018-06-26T11:50:48Z	2018-06-18T18:20:27Z	public							p26.F5														Pseudomonas sp. 286																																																																		p26.F5		Pseudomonas sp. 286									
SAMEA104472591	9555374	Pseudomonas viridiflava		Sample from Pseudomonas viridiflava		ERC000011	2018-06-26T11:50:48Z	2018-06-18T18:20:27Z			SAMEA104472591							MAX PLANCK INSTITUTE FOR DEVELOPMENTAL BIOLOGY	2018-06-26T11:50:48Z	2018-06-18T18:20:27Z	public							p26.F6														Pseudomonas sp. 286																																																																		p26.F6		Pseudomonas sp. 286									
SAMEA104472592	9555375	Pseudomonas viridiflava		Sample from Pseudomonas viridiflava		ERC000011	2018-06-26T11:50:49Z	2018-06-18T18:20:27Z			SAMEA104472592							MAX PLANCK INSTITUTE FOR DEVELOPMENTAL BIOLOGY	2018-06-26T11:50:49Z	2018-06-18T18:20:27Z	public							p26.F7														Pseudomonas sp. 286																																																																		p26.F7		Pseudomonas sp. 286									
SAMEA104472593	9555376	Pseudomonas viridiflava		Sample from Pseudomonas viridiflava		ERC000011	2018-06-26T11:50:49Z	2018-06-18T18:20:27Z			SAMEA104472593							MAX PLANCK INSTITUTE FOR DEVELOPMENTAL BIOLOGY	2018-06-26T11:50:49Z	2018-06-18T18:20:27Z	public							p26.F8														Pseudomonas sp. 286																																																																		p26.F8		Pseudomonas sp. 286									
SAMEA104472594	9555377	Pseudomonas viridiflava		Sample from Pseudomonas viridiflava		ERC000011	2018-06-26T11:50:49Z	2018-06-18T18:20:27Z			SAMEA104472594							MAX PLANCK INSTITUTE FOR DEVELOPMENTAL BIOLOGY	2018-06-26T11:50:49Z	2018-06-18T18:20:27Z	public							p26.F9														Pseudomonas sp. 286																																																																		p26.F9		Pseudomonas sp. 286									
SAMEA104472595	9555378	Pseudomonas viridiflava		Sample from Pseudomonas viridiflava		ERC000011	2018-06-26T11:50:49Z	2018-06-18T18:20:27Z			SAMEA104472595							MAX PLANCK INSTITUTE FOR DEVELOPMENTAL BIOLOGY	2018-06-26T11:50:49Z	2018-06-18T18:20:27Z	public							p26.G10														Pseudomonas sp. 286																																																																		p26.G10		Pseudomonas sp. 286									
SAMEA104472596	9555379	Pseudomonas viridiflava		Sample from Pseudomonas viridiflava		ERC000011	2018-06-26T11:50:50Z	2018-06-18T18:20:27Z			SAMEA104472596							MAX PLANCK INSTITUTE FOR DEVELOPMENTAL BIOLOGY	2018-06-26T11:50:50Z	2018-06-18T18:20:27Z	public							p26.G1														Pseudomonas sp. 286																																																																		p26.G1		Pseudomonas sp. 286									
SAMEA104472597	9555380	Pseudomonas viridiflava		Sample from Pseudomonas viridiflava		ERC000011	2018-06-26T11:50:50Z	2018-06-18T18:20:27Z			SAMEA104472597							MAX PLANCK INSTITUTE FOR DEVELOPMENTAL BIOLOGY	2018-06-26T11:50:50Z	2018-06-18T18:20:27Z	public							p26.G2														Pseudomonas sp. 286																																																																		p26.G2		Pseudomonas sp. 286									
SAMEA104472598	9555381	Pseudomonas viridiflava		Sample from Pseudomonas viridiflava		ERC000011	2018-06-26T11:50:50Z	2018-06-18T18:20:27Z			SAMEA104472598							MAX PLANCK INSTITUTE FOR DEVELOPMENTAL BIOLOGY	2018-06-26T11:50:50Z	2018-06-18T18:20:27Z	public							p26.G3														Pseudomonas sp. 286																																																																		p26.G3		Pseudomonas sp. 286									
SAMEA104472599	9555382	Pseudomonas viridiflava		Sample from Pseudomonas viridiflava		ERC000011	2018-06-26T11:50:50Z	2018-06-18T18:20:27Z			SAMEA104472599							MAX PLANCK INSTITUTE FOR DEVELOPMENTAL BIOLOGY	2018-06-26T11:50:50Z	2018-06-18T18:20:27Z	public							p26.G4														Pseudomonas sp. 286																																																																		p26.G4		Pseudomonas sp. 286									
SAMEA104472600	9555383	Pseudomonas viridiflava		Sample from Pseudomonas viridiflava		ERC000011	2018-06-26T11:50:51Z	2018-06-18T18:20:27Z			SAMEA104472600							MAX PLANCK INSTITUTE FOR DEVELOPMENTAL BIOLOGY	2018-06-26T11:50:51Z	2018-06-18T18:20:27Z	public							p26.G5														Pseudomonas sp. 286																																																																		p26.G5		Pseudomonas sp. 286									
SAMEA104472601	9555384	Pseudomonas viridiflava		Sample from Pseudomonas viridiflava		ERC000011	2018-06-26T11:50:51Z	2018-06-18T18:20:27Z			SAMEA104472601							MAX PLANCK INSTITUTE FOR DEVELOPMENTAL BIOLOGY	2018-06-26T11:50:51Z	2018-06-18T18:20:27Z	public							p26.G6														Pseudomonas sp. 286																																																																		p26.G6		Pseudomonas sp. 286									
SAMEA104472602	9555385	Pseudomonas viridiflava		Sample from Pseudomonas viridiflava		ERC000011	2018-06-26T11:50:51Z	2018-06-18T18:20:27Z			SAMEA104472602							MAX PLANCK INSTITUTE FOR DEVELOPMENTAL BIOLOGY	2018-06-26T11:50:51Z	2018-06-18T18:20:27Z	public							p26.G7														Pseudomonas sp. 286																																																																		p26.G7		Pseudomonas sp. 286									
SAMEA104472603	9555386	Pseudomonas viridiflava		Sample from Pseudomonas viridiflava		ERC000011	2018-06-26T11:50:51Z	2018-06-18T18:20:27Z			SAMEA104472603							MAX PLANCK INSTITUTE FOR DEVELOPMENTAL BIOLOGY	2018-06-26T11:50:51Z	2018-06-18T18:20:27Z	public							p26.G8														Pseudomonas sp. 286																																																																		p26.G8		Pseudomonas sp. 286									
SAMEA104472604	9555387	Pseudomonas viridiflava		Sample from Pseudomonas viridiflava		ERC000011	2018-06-26T11:50:52Z	2018-06-18T18:20:27Z			SAMEA104472604							MAX PLANCK INSTITUTE FOR DEVELOPMENTAL BIOLOGY	2018-06-26T11:50:52Z	2018-06-18T18:20:27Z	public							p26.G9														Pseudomonas sp. 286																																																																		p26.G9		Pseudomonas sp. 286									
SAMEA104472605	9555388	Pseudomonas viridiflava		Sample from Pseudomonas viridiflava		ERC000011	2018-06-26T11:50:52Z	2018-06-18T18:20:27Z			SAMEA104472605							MAX PLANCK INSTITUTE FOR DEVELOPMENTAL BIOLOGY	2018-06-26T11:50:52Z	2018-06-18T18:20:27Z	public							p26.H1														Pseudomonas sp. 286																																																																		p26.H1		Pseudomonas sp. 286									
SAMEA104472606	9555389	Pseudomonas viridiflava		Sample from Pseudomonas viridiflava		ERC000011	2018-06-26T11:50:53Z	2018-06-18T18:20:27Z			SAMEA104472606							MAX PLANCK INSTITUTE FOR DEVELOPMENTAL BIOLOGY	2018-06-26T11:50:53Z	2018-06-18T18:20:27Z	public							p26.H2														Pseudomonas sp. 286																																																																		p26.H2		Pseudomonas sp. 286									
SAMEA104472607	9555390	Pseudomonas viridiflava		Sample from Pseudomonas viridiflava		ERC000011	2018-06-26T11:50:53Z	2018-06-18T18:20:27Z			SAMEA104472607							MAX PLANCK INSTITUTE FOR DEVELOPMENTAL BIOLOGY	2018-06-26T11:50:53Z	2018-06-18T18:20:27Z	public							p26.H3														Pseudomonas sp. 286																																																																		p26.H3		Pseudomonas sp. 286									
SAMEA104472608	9555391	Pseudomonas viridiflava		Sample from Pseudomonas viridiflava		ERC000011	2018-06-26T11:50:53Z	2018-06-18T18:20:27Z			SAMEA104472608							MAX PLANCK INSTITUTE FOR DEVELOPMENTAL BIOLOGY	2018-06-26T11:50:53Z	2018-06-18T18:20:27Z	public							p26.H4														Pseudomonas sp. 286																																																																		p26.H4		Pseudomonas sp. 286									
SAMEA104472609	9555392	Pseudomonas viridiflava		Sample from Pseudomonas viridiflava		ERC000011	2018-06-26T11:50:54Z	2018-06-18T18:20:27Z			SAMEA104472609							MAX PLANCK INSTITUTE FOR DEVELOPMENTAL BIOLOGY	2018-06-26T11:50:54Z	2018-06-18T18:20:27Z	public							p26.H5														Pseudomonas sp. 286																																																																		p26.H5		Pseudomonas sp. 286									
SAMEA104472610	9555393	Pseudomonas viridiflava		Sample from Pseudomonas viridiflava		ERC000011	2018-06-26T11:50:54Z	2018-06-18T18:20:27Z			SAMEA104472610							MAX PLANCK INSTITUTE FOR DEVELOPMENTAL BIOLOGY	2018-06-26T11:50:54Z	2018-06-18T18:20:27Z	public							p26.H6														Pseudomonas sp. 286																																																																		p26.H6		Pseudomonas sp. 286									
SAMEA104472611	9555394	Pseudomonas viridiflava		Sample from Pseudomonas viridiflava		ERC000011	2018-06-26T11:50:54Z	2018-06-18T18:20:27Z			SAMEA104472611							MAX PLANCK INSTITUTE FOR DEVELOPMENTAL BIOLOGY	2018-06-26T11:50:54Z	2018-06-18T18:20:27Z	public							p26.H7														Pseudomonas sp. 286																																																																		p26.H7		Pseudomonas sp. 286									
SAMEA104472612	9555395	Pseudomonas viridiflava		Sample from Pseudomonas viridiflava		ERC000011	2018-06-26T11:50:54Z	2018-06-18T18:20:27Z			SAMEA104472612							MAX PLANCK INSTITUTE FOR DEVELOPMENTAL BIOLOGY	2018-06-26T11:50:54Z	2018-06-18T18:20:27Z	public							p26.H8														Pseudomonas sp. 286																																																																		p26.H8		Pseudomonas sp. 286									
SAMEA104472613	9555396	Pseudomonas viridiflava		Sample from Pseudomonas viridiflava		ERC000011	2018-06-26T11:50:55Z	2018-06-18T18:20:27Z			SAMEA104472613							MAX PLANCK INSTITUTE FOR DEVELOPMENTAL BIOLOGY	2018-06-26T11:50:55Z	2018-06-18T18:20:27Z	public							p26.H9														Pseudomonas sp. 286																																																																		p26.H9		Pseudomonas sp. 286									
SAMEA104472614	9555397	Pseudomonas viridiflava		Sample from Pseudomonas viridiflava		ERC000011	2018-06-26T11:50:55Z	2018-06-18T18:20:27Z			SAMEA104472614							MAX PLANCK INSTITUTE FOR DEVELOPMENTAL BIOLOGY	2018-06-26T11:50:55Z	2018-06-18T18:20:27Z	public							p27.A1														Pseudomonas sp. 286																																																																		p27.A1		Pseudomonas sp. 286									
SAMEA104472615	9555398	Pseudomonas viridiflava		Sample from Pseudomonas viridiflava		ERC000011	2018-06-26T11:50:55Z	2018-06-18T18:20:27Z			SAMEA104472615							MAX PLANCK INSTITUTE FOR DEVELOPMENTAL BIOLOGY	2018-06-26T11:50:55Z	2018-06-18T18:20:27Z	public							p27.A2														Pseudomonas sp. 286																																																																		p27.A2		Pseudomonas sp. 286									
SAMEA104472616	9555399	Pseudomonas viridiflava		Sample from Pseudomonas viridiflava		ERC000011	2018-06-26T11:50:56Z	2018-06-18T18:20:27Z			SAMEA104472616							MAX PLANCK INSTITUTE FOR DEVELOPMENTAL BIOLOGY	2018-06-26T11:50:56Z	2018-06-18T18:20:27Z	public							p27.A3														Pseudomonas sp. 286																																																																		p27.A3		Pseudomonas sp. 286									
SAMEA104472617	9555400	Pseudomonas viridiflava		Sample from Pseudomonas viridiflava		ERC000011	2018-06-26T11:50:56Z	2018-06-18T18:20:27Z			SAMEA104472617							MAX PLANCK INSTITUTE FOR DEVELOPMENTAL BIOLOGY	2018-06-26T11:50:56Z	2018-06-18T18:20:27Z	public							p27.A6														Pseudomonas sp. 286																																																																		p27.A6		Pseudomonas sp. 286									
SAMEA104472618	9555401	Pseudomonas viridiflava		Sample from Pseudomonas viridiflava		ERC000011	2018-06-26T11:50:56Z	2018-06-18T18:20:27Z			SAMEA104472618							MAX PLANCK INSTITUTE FOR DEVELOPMENTAL BIOLOGY	2018-06-26T11:50:56Z	2018-06-18T18:20:27Z	public							p27.A7														Pseudomonas sp. 286																																																																		p27.A7		Pseudomonas sp. 286									
SAMEA104472619	9555402	Pseudomonas viridiflava		Sample from Pseudomonas viridiflava		ERC000011	2018-06-26T11:50:56Z	2018-06-18T18:20:27Z			SAMEA104472619							MAX PLANCK INSTITUTE FOR DEVELOPMENTAL BIOLOGY	2018-06-26T11:50:56Z	2018-06-18T18:20:27Z	public							p27.B1														Pseudomonas sp. 286																																																																		p27.B1		Pseudomonas sp. 286									
SAMEA104472620	9555403	Pseudomonas viridiflava		Sample from Pseudomonas viridiflava		ERC000011	2018-06-26T11:50:57Z	2018-06-18T18:20:27Z			SAMEA104472620							MAX PLANCK INSTITUTE FOR DEVELOPMENTAL BIOLOGY	2018-06-26T11:50:57Z	2018-06-18T18:20:27Z	public							p27.B2														Pseudomonas sp. 286																																																																		p27.B2		Pseudomonas sp. 286									
SAMEA104472621	9555404	Pseudomonas viridiflava		Sample from Pseudomonas viridiflava		ERC000011	2018-06-26T11:50:57Z	2018-06-18T18:20:27Z			SAMEA104472621							MAX PLANCK INSTITUTE FOR DEVELOPMENTAL BIOLOGY	2018-06-26T11:50:57Z	2018-06-18T18:20:27Z	public							p27.B3														Pseudomonas sp. 286																																																																		p27.B3		Pseudomonas sp. 286									
SAMEA104472622	9555405	Pseudomonas viridiflava		Sample from Pseudomonas viridiflava		ERC000011	2018-06-26T11:50:57Z	2018-06-18T18:20:27Z			SAMEA104472622							MAX PLANCK INSTITUTE FOR DEVELOPMENTAL BIOLOGY	2018-06-26T11:50:57Z	2018-06-18T18:20:27Z	public							p27.B4														Pseudomonas sp. 286																																																																		p27.B4		Pseudomonas sp. 286									
SAMEA104472623	9555406	Pseudomonas viridiflava		Sample from Pseudomonas viridiflava		ERC000011	2018-06-26T11:50:57Z	2018-06-18T18:20:27Z			SAMEA104472623							MAX PLANCK INSTITUTE FOR DEVELOPMENTAL BIOLOGY	2018-06-26T11:50:57Z	2018-06-18T18:20:27Z	public							p27.B6														Pseudomonas sp. 286																																																																		p27.B6		Pseudomonas sp. 286									
SAMEA104472624	9555407	Pseudomonas viridiflava		Sample from Pseudomonas viridiflava		ERC000011	2018-06-26T11:50:58Z	2018-06-18T18:20:27Z			SAMEA104472624							MAX PLANCK INSTITUTE FOR DEVELOPMENTAL BIOLOGY	2018-06-26T11:50:58Z	2018-06-18T18:20:27Z	public							p27.B7														Pseudomonas sp. 286																																																																		p27.B7		Pseudomonas sp. 286									
SAMEA104472625	9555408	Pseudomonas viridiflava		Sample from Pseudomonas viridiflava		ERC000011	2018-06-26T11:50:58Z	2018-06-18T18:20:27Z			SAMEA104472625							MAX PLANCK INSTITUTE FOR DEVELOPMENTAL BIOLOGY	2018-06-26T11:50:58Z	2018-06-18T18:20:27Z	public							p27.C5														Pseudomonas sp. 286																																																																		p27.C5		Pseudomonas sp. 286									
SAMEA104472626	9555409	Pseudomonas viridiflava		Sample from Pseudomonas viridiflava		ERC000011	2018-06-26T11:50:58Z	2018-06-18T18:20:27Z			SAMEA104472626							MAX PLANCK INSTITUTE FOR DEVELOPMENTAL BIOLOGY	2018-06-26T11:50:58Z	2018-06-18T18:20:27Z	public							p27.C6														Pseudomonas sp. 286																																																																		p27.C6		Pseudomonas sp. 286									
SAMEA104472627	9555410	Pseudomonas viridiflava		Sample from Pseudomonas viridiflava		ERC000011	2018-06-26T11:50:59Z	2018-06-18T18:20:27Z			SAMEA104472627							MAX PLANCK INSTITUTE FOR DEVELOPMENTAL BIOLOGY	2018-06-26T11:50:59Z	2018-06-18T18:20:27Z	public							p27.D5														Pseudomonas sp. 286																																																																		p27.D5		Pseudomonas sp. 286									
SAMEA104472628	9555411	Pseudomonas viridiflava		Sample from Pseudomonas viridiflava		ERC000011	2018-06-26T11:50:59Z	2018-06-18T18:20:27Z			SAMEA104472628							MAX PLANCK INSTITUTE FOR DEVELOPMENTAL BIOLOGY	2018-06-26T11:50:59Z	2018-06-18T18:20:27Z	public							p27.D6														Pseudomonas sp. 286																																																																		p27.D6		Pseudomonas sp. 286									
SAMEA104472629	9555412	Pseudomonas viridiflava		Sample from Pseudomonas viridiflava		ERC000011	2018-06-26T11:50:59Z	2018-06-18T18:20:27Z			SAMEA104472629							MAX PLANCK INSTITUTE FOR DEVELOPMENTAL BIOLOGY	2018-06-26T11:50:59Z	2018-06-18T18:20:27Z	public							p27.E1														Pseudomonas sp. 286																																																																		p27.E1		Pseudomonas sp. 286									
SAMEA104472630	9555413	Pseudomonas viridiflava		Sample from Pseudomonas viridiflava		ERC000011	2018-06-26T11:51:00Z	2018-06-18T18:20:27Z			SAMEA104472630							MAX PLANCK INSTITUTE FOR DEVELOPMENTAL BIOLOGY	2018-06-26T11:51:00Z	2018-06-18T18:20:27Z	public							p27.E2														Pseudomonas sp. 286																																																																		p27.E2		Pseudomonas sp. 286									
SAMEA104472631	9555414	Pseudomonas viridiflava		Sample from Pseudomonas viridiflava		ERC000011	2018-06-26T11:51:00Z	2018-06-18T18:20:27Z			SAMEA104472631							MAX PLANCK INSTITUTE FOR DEVELOPMENTAL BIOLOGY	2018-06-26T11:51:00Z	2018-06-18T18:20:27Z	public							p27.E5														Pseudomonas sp. 286																																																																		p27.E5		Pseudomonas sp. 286									
SAMEA104472632	9555415	Pseudomonas viridiflava		Sample from Pseudomonas viridiflava		ERC000011	2018-06-26T11:51:00Z	2018-06-18T18:20:27Z			SAMEA104472632							MAX PLANCK INSTITUTE FOR DEVELOPMENTAL BIOLOGY	2018-06-26T11:51:00Z	2018-06-18T18:20:27Z	public							p27.E6														Pseudomonas sp. 286																																																																		p27.E6		Pseudomonas sp. 286									
SAMEA104472633	9555416	Pseudomonas viridiflava		Sample from Pseudomonas viridiflava		ERC000011	2018-06-26T11:51:00Z	2018-06-18T18:20:27Z			SAMEA104472633							MAX PLANCK INSTITUTE FOR DEVELOPMENTAL BIOLOGY	2018-06-26T11:51:00Z	2018-06-18T18:20:27Z	public							p27.F2														Pseudomonas sp. 286																																																																		p27.F2		Pseudomonas sp. 286									
SAMEA104472634	9555417	Pseudomonas viridiflava		Sample from Pseudomonas viridiflava		ERC000011	2018-06-26T11:51:01Z	2018-06-18T18:20:20Z			SAMEA104472634							MAX PLANCK INSTITUTE FOR DEVELOPMENTAL BIOLOGY	2018-06-26T11:51:01Z	2018-06-18T18:20:20Z	public							p27.F3														Pseudomonas sp. 286																																																																		p27.F3		Pseudomonas sp. 286									
SAMEA104472635	9555418	Pseudomonas viridiflava		Sample from Pseudomonas viridiflava		ERC000011	2018-06-26T11:51:01Z	2018-06-18T18:20:27Z			SAMEA104472635							MAX PLANCK INSTITUTE FOR DEVELOPMENTAL BIOLOGY	2018-06-26T11:51:01Z	2018-06-18T18:20:27Z	public							p27.F4														Pseudomonas sp. 286																																																																		p27.F4		Pseudomonas sp. 286									
SAMEA104472636	9555419	Pseudomonas viridiflava		Sample from Pseudomonas viridiflava		ERC000011	2018-06-26T11:51:01Z	2018-06-18T18:20:27Z			SAMEA104472636							MAX PLANCK INSTITUTE FOR DEVELOPMENTAL BIOLOGY	2018-06-26T11:51:01Z	2018-06-18T18:20:27Z	public							p27.F5														Pseudomonas sp. 286																																																																		p27.F5		Pseudomonas sp. 286									
SAMEA104472637	9555420	Pseudomonas viridiflava		Sample from Pseudomonas viridiflava		ERC000011	2018-06-26T11:51:02Z	2018-06-18T18:20:27Z			SAMEA104472637							MAX PLANCK INSTITUTE FOR DEVELOPMENTAL BIOLOGY	2018-06-26T11:51:02Z	2018-06-18T18:20:27Z	public							p27.F6														Pseudomonas sp. 286																																																																		p27.F6		Pseudomonas sp. 286									
SAMEA104472638	9555421	Pseudomonas viridiflava		Sample from Pseudomonas viridiflava		ERC000011	2018-06-26T11:51:02Z	2018-06-18T18:20:27Z			SAMEA104472638							MAX PLANCK INSTITUTE FOR DEVELOPMENTAL BIOLOGY	2018-06-26T11:51:02Z	2018-06-18T18:20:27Z	public							p27.G3														Pseudomonas sp. 286																																																																		p27.G3		Pseudomonas sp. 286									
SAMEA104472639	9555422	Pseudomonas viridiflava		Sample from Pseudomonas viridiflava		ERC000011	2018-06-26T11:51:02Z	2018-06-18T18:20:27Z			SAMEA104472639							MAX PLANCK INSTITUTE FOR DEVELOPMENTAL BIOLOGY	2018-06-26T11:51:02Z	2018-06-18T18:20:27Z	public							p27.G5														Pseudomonas sp. 286																																																																		p27.G5		Pseudomonas sp. 286									
SAMEA104472640	9555423	Pseudomonas viridiflava		Sample from Pseudomonas viridiflava		ERC000011	2018-06-26T11:51:03Z	2018-06-18T18:20:27Z			SAMEA104472640							MAX PLANCK INSTITUTE FOR DEVELOPMENTAL BIOLOGY	2018-06-26T11:51:03Z	2018-06-18T18:20:27Z	public							p27.G6														Pseudomonas sp. 286																																																																		p27.G6		Pseudomonas sp. 286									
SAMEA104472641	9555424	Pseudomonas viridiflava		Sample from Pseudomonas viridiflava		ERC000011	2018-06-26T11:51:03Z	2018-06-18T18:20:27Z			SAMEA104472641							MAX PLANCK INSTITUTE FOR DEVELOPMENTAL BIOLOGY	2018-06-26T11:51:03Z	2018-06-18T18:20:27Z	public							p27.H4														Pseudomonas sp. 286																																																																		p27.H4		Pseudomonas sp. 286									
SAMEA104472642	9555425	Pseudomonas viridiflava		Sample from Pseudomonas viridiflava		ERC000011	2018-06-26T11:51:03Z	2018-06-18T18:20:27Z			SAMEA104472642							MAX PLANCK INSTITUTE FOR DEVELOPMENTAL BIOLOGY	2018-06-26T11:51:03Z	2018-06-18T18:20:27Z	public							p27.H5														Pseudomonas sp. 286																																																																		p27.H5		Pseudomonas sp. 286									
SAMEA104472643	9555426	Pseudomonas viridiflava		Sample from Pseudomonas viridiflava		ERC000011	2018-06-26T11:51:04Z	2018-06-18T18:20:27Z			SAMEA104472643							MAX PLANCK INSTITUTE FOR DEVELOPMENTAL BIOLOGY	2018-06-26T11:51:04Z	2018-06-18T18:20:27Z	public							p2.A10														Pseudomonas sp. 286																																																																		p2.A10		Pseudomonas sp. 286									
SAMEA104472644	9555427	Pseudomonas viridiflava		Sample from Pseudomonas viridiflava		ERC000011	2018-06-26T11:51:04Z	2018-06-18T18:20:27Z			SAMEA104472644							MAX PLANCK INSTITUTE FOR DEVELOPMENTAL BIOLOGY	2018-06-26T11:51:04Z	2018-06-18T18:20:27Z	public							p2.A11														Pseudomonas sp. 286																																																																		p2.A11		Pseudomonas sp. 286									
SAMEA104472645	9555428	Pseudomonas viridiflava		Sample from Pseudomonas viridiflava		ERC000011	2018-06-26T11:51:04Z	2018-06-18T18:20:27Z			SAMEA104472645							MAX PLANCK INSTITUTE FOR DEVELOPMENTAL BIOLOGY	2018-06-26T11:51:04Z	2018-06-18T18:20:27Z	public							p2.A1														Pseudomonas sp. 286																																																																		p2.A1		Pseudomonas sp. 286									
SAMEA104472646	9555429	Pseudomonas viridiflava		Sample from Pseudomonas viridiflava		ERC000011	2018-06-26T11:51:04Z	2018-06-18T18:20:27Z			SAMEA104472646							MAX PLANCK INSTITUTE FOR DEVELOPMENTAL BIOLOGY	2018-06-26T11:51:04Z	2018-06-18T18:20:27Z	public							p2.A2														Pseudomonas sp. 286																																																																		p2.A2		Pseudomonas sp. 286									
SAMEA104472647	9555430	Pseudomonas viridiflava		Sample from Pseudomonas viridiflava		ERC000011	2018-06-26T11:51:05Z	2018-06-18T18:20:27Z			SAMEA104472647							MAX PLANCK INSTITUTE FOR DEVELOPMENTAL BIOLOGY	2018-06-26T11:51:05Z	2018-06-18T18:20:27Z	public							p2.A5														Pseudomonas sp. 286																																																																		p2.A5		Pseudomonas sp. 286									
SAMEA104472648	9555431	Pseudomonas viridiflava		Sample from Pseudomonas viridiflava		ERC000011	2018-06-26T11:51:05Z	2018-06-18T18:20:27Z			SAMEA104472648							MAX PLANCK INSTITUTE FOR DEVELOPMENTAL BIOLOGY	2018-06-26T11:51:05Z	2018-06-18T18:20:27Z	public							p2.A6														Pseudomonas sp. 286																																																																		p2.A6		Pseudomonas sp. 286									
SAMEA104472649	9555432	Pseudomonas viridiflava		Sample from Pseudomonas viridiflava		ERC000011	2018-06-26T11:51:05Z	2018-06-18T18:20:27Z			SAMEA104472649							MAX PLANCK INSTITUTE FOR DEVELOPMENTAL BIOLOGY	2018-06-26T11:51:05Z	2018-06-18T18:20:27Z	public							p2.A7														Pseudomonas sp. 286																																																																		p2.A7		Pseudomonas sp. 286									
SAMEA104472650	9555433	Pseudomonas viridiflava		Sample from Pseudomonas viridiflava		ERC000011	2018-06-26T11:51:06Z	2018-06-18T18:20:27Z			SAMEA104472650							MAX PLANCK INSTITUTE FOR DEVELOPMENTAL BIOLOGY	2018-06-26T11:51:06Z	2018-06-18T18:20:27Z	public							p2.A8														Pseudomonas sp. 286																																																																		p2.A8		Pseudomonas sp. 286									
SAMEA104472651	9555434	Pseudomonas viridiflava		Sample from Pseudomonas viridiflava		ERC000011	2018-06-26T11:51:07Z	2018-06-18T18:20:27Z			SAMEA104472651							MAX PLANCK INSTITUTE FOR DEVELOPMENTAL BIOLOGY	2018-06-26T11:51:07Z	2018-06-18T18:20:27Z	public							p2.A9														Pseudomonas sp. 286																																																																		p2.A9		Pseudomonas sp. 286									
SAMEA104472652	9555435	Pseudomonas viridiflava		Sample from Pseudomonas viridiflava		ERC000011	2018-06-26T11:51:07Z	2018-06-18T18:20:27Z			SAMEA104472652							MAX PLANCK INSTITUTE FOR DEVELOPMENTAL BIOLOGY	2018-06-26T11:51:07Z	2018-06-18T18:20:27Z	public							p2.B10														Pseudomonas sp. 286																																																																		p2.B10		Pseudomonas sp. 286									
SAMEA104472653	9555436	Pseudomonas viridiflava		Sample from Pseudomonas viridiflava		ERC000011	2018-06-26T11:51:07Z	2018-06-18T18:20:27Z			SAMEA104472653							MAX PLANCK INSTITUTE FOR DEVELOPMENTAL BIOLOGY	2018-06-26T11:51:07Z	2018-06-18T18:20:27Z	public							p2.B1														Pseudomonas sp. 286																																																																		p2.B1		Pseudomonas sp. 286									
SAMEA104472654	9555437	Pseudomonas viridiflava		Sample from Pseudomonas viridiflava		ERC000011	2018-06-26T11:51:07Z	2018-06-18T18:20:21Z			SAMEA104472654							MAX PLANCK INSTITUTE FOR DEVELOPMENTAL BIOLOGY	2018-06-26T11:51:07Z	2018-06-18T18:20:21Z	public							p2.B2														Pseudomonas sp. 286																																																																		p2.B2		Pseudomonas sp. 286									
SAMEA104472655	9555438	Pseudomonas viridiflava		Sample from Pseudomonas viridiflava		ERC000011	2018-06-26T11:51:08Z	2018-06-18T18:20:20Z			SAMEA104472655							MAX PLANCK INSTITUTE FOR DEVELOPMENTAL BIOLOGY	2018-06-26T11:51:08Z	2018-06-18T18:20:20Z	public							p2.B3														Pseudomonas sp. 286																																																																		p2.B3		Pseudomonas sp. 286									
SAMEA104472656	9555439	Pseudomonas viridiflava		Sample from Pseudomonas viridiflava		ERC000011	2018-06-26T11:51:08Z	2018-06-18T18:20:20Z			SAMEA104472656							MAX PLANCK INSTITUTE FOR DEVELOPMENTAL BIOLOGY	2018-06-26T11:51:08Z	2018-06-18T18:20:20Z	public							p2.B4														Pseudomonas sp. 286																																																																		p2.B4		Pseudomonas sp. 286									
SAMEA104472657	9555440	Pseudomonas viridiflava		Sample from Pseudomonas viridiflava		ERC000011	2018-06-26T11:51:08Z	2018-06-18T18:20:20Z			SAMEA104472657							MAX PLANCK INSTITUTE FOR DEVELOPMENTAL BIOLOGY	2018-06-26T11:51:08Z	2018-06-18T18:20:20Z	public							p2.B5														Pseudomonas sp. 286																																																																		p2.B5		Pseudomonas sp. 286									
SAMEA104472658	9555441	Pseudomonas viridiflava		Sample from Pseudomonas viridiflava		ERC000011	2018-06-26T11:51:08Z	2018-06-18T18:20:20Z			SAMEA104472658							MAX PLANCK INSTITUTE FOR DEVELOPMENTAL BIOLOGY	2018-06-26T11:51:08Z	2018-06-18T18:20:20Z	public							p2.B6														Pseudomonas sp. 286																																																																		p2.B6		Pseudomonas sp. 286									
SAMEA104472659	9555442	Pseudomonas viridiflava		Sample from Pseudomonas viridiflava		ERC000011	2018-06-26T11:51:09Z	2018-06-18T18:20:20Z			SAMEA104472659							MAX PLANCK INSTITUTE FOR DEVELOPMENTAL BIOLOGY	2018-06-26T11:51:09Z	2018-06-18T18:20:20Z	public							p2.B7														Pseudomonas sp. 286																																																																		p2.B7		Pseudomonas sp. 286									
SAMEA104472660	9555443	Pseudomonas viridiflava		Sample from Pseudomonas viridiflava		ERC000011	2018-06-26T11:51:09Z	2018-06-18T18:20:20Z			SAMEA104472660							MAX PLANCK INSTITUTE FOR DEVELOPMENTAL BIOLOGY	2018-06-26T11:51:09Z	2018-06-18T18:20:20Z	public							p2.B8														Pseudomonas sp. 286																																																																		p2.B8		Pseudomonas sp. 286									
SAMEA104472661	9555444	Pseudomonas viridiflava		Sample from Pseudomonas viridiflava		ERC000011	2018-06-26T11:51:09Z	2018-06-18T18:20:20Z			SAMEA104472661							MAX PLANCK INSTITUTE FOR DEVELOPMENTAL BIOLOGY	2018-06-26T11:51:09Z	2018-06-18T18:20:20Z	public							p2.B9														Pseudomonas sp. 286																																																																		p2.B9		Pseudomonas sp. 286									
SAMEA104472662	9555445	Pseudomonas viridiflava		Sample from Pseudomonas viridiflava		ERC000011	2018-06-26T11:51:10Z	2018-06-18T18:20:20Z			SAMEA104472662							MAX PLANCK INSTITUTE FOR DEVELOPMENTAL BIOLOGY	2018-06-26T11:51:10Z	2018-06-18T18:20:20Z	public							p2.C10														Pseudomonas sp. 286																																																																		p2.C10		Pseudomonas sp. 286									
SAMEA104472663	9555446	Pseudomonas viridiflava		Sample from Pseudomonas viridiflava		ERC000011	2018-06-26T11:51:10Z	2018-06-18T18:20:20Z			SAMEA104472663							MAX PLANCK INSTITUTE FOR DEVELOPMENTAL BIOLOGY	2018-06-26T11:51:10Z	2018-06-18T18:20:20Z	public							p2.C11														Pseudomonas sp. 286																																																																		p2.C11		Pseudomonas sp. 286									
SAMEA104472664	9555447	Pseudomonas viridiflava		Sample from Pseudomonas viridiflava		ERC000011	2018-06-26T11:51:10Z	2018-06-18T18:20:20Z			SAMEA104472664							MAX PLANCK INSTITUTE FOR DEVELOPMENTAL BIOLOGY	2018-06-26T11:51:10Z	2018-06-18T18:20:20Z	public							p2.C1														Pseudomonas sp. 286																																																																		p2.C1		Pseudomonas sp. 286									
SAMEA104472665	9555448	Pseudomonas viridiflava		Sample from Pseudomonas viridiflava		ERC000011	2018-06-26T11:51:10Z	2018-06-18T18:20:20Z			SAMEA104472665							MAX PLANCK INSTITUTE FOR DEVELOPMENTAL BIOLOGY	2018-06-26T11:51:10Z	2018-06-18T18:20:20Z	public							p2.C2														Pseudomonas sp. 286																																																																		p2.C2		Pseudomonas sp. 286									
SAMEA104472666	9555449	Pseudomonas viridiflava		Sample from Pseudomonas viridiflava		ERC000011	2018-06-26T11:51:11Z	2018-06-18T18:20:20Z			SAMEA104472666							MAX PLANCK INSTITUTE FOR DEVELOPMENTAL BIOLOGY	2018-06-26T11:51:11Z	2018-06-18T18:20:20Z	public							p2.C3														Pseudomonas sp. 286																																																																		p2.C3		Pseudomonas sp. 286									
SAMEA104472667	9555450	Pseudomonas viridiflava		Sample from Pseudomonas viridiflava		ERC000011	2018-06-26T11:51:11Z	2018-06-18T18:20:20Z			SAMEA104472667							MAX PLANCK INSTITUTE FOR DEVELOPMENTAL BIOLOGY	2018-06-26T11:51:11Z	2018-06-18T18:20:20Z	public							p2.C4														Pseudomonas sp. 286																																																																		p2.C4		Pseudomonas sp. 286									
SAMEA104472668	9555451	Pseudomonas viridiflava		Sample from Pseudomonas viridiflava		ERC000011	2018-06-26T11:51:11Z	2018-06-18T18:20:20Z			SAMEA104472668							MAX PLANCK INSTITUTE FOR DEVELOPMENTAL BIOLOGY	2018-06-26T11:51:11Z	2018-06-18T18:20:20Z	public							p2.C5														Pseudomonas sp. 286																																																																		p2.C5		Pseudomonas sp. 286									
SAMEA104472669	9555452	Pseudomonas viridiflava		Sample from Pseudomonas viridiflava		ERC000011	2018-06-26T11:51:12Z	2018-06-18T18:20:20Z			SAMEA104472669							MAX PLANCK INSTITUTE FOR DEVELOPMENTAL BIOLOGY	2018-06-26T11:51:12Z	2018-06-18T18:20:20Z	public							p2.C6														Pseudomonas sp. 286																																																																		p2.C6		Pseudomonas sp. 286									
SAMEA104472670	9555453	Pseudomonas viridiflava		Sample from Pseudomonas viridiflava		ERC000011	2018-06-26T11:51:12Z	2018-06-18T18:20:20Z			SAMEA104472670							MAX PLANCK INSTITUTE FOR DEVELOPMENTAL BIOLOGY	2018-06-26T11:51:12Z	2018-06-18T18:20:20Z	public							p2.C7														Pseudomonas sp. 286																																																																		p2.C7		Pseudomonas sp. 286									
SAMEA104472671	9555454	Pseudomonas viridiflava		Sample from Pseudomonas viridiflava		ERC000011	2018-06-26T11:51:12Z	2018-06-18T18:20:20Z			SAMEA104472671							MAX PLANCK INSTITUTE FOR DEVELOPMENTAL BIOLOGY	2018-06-26T11:51:12Z	2018-06-18T18:20:20Z	public							p2.C8														Pseudomonas sp. 286																																																																		p2.C8		Pseudomonas sp. 286									
SAMEA104472672	9555455	Pseudomonas viridiflava		Sample from Pseudomonas viridiflava		ERC000011	2018-06-26T11:51:13Z	2018-06-18T18:20:20Z			SAMEA104472672							MAX PLANCK INSTITUTE FOR DEVELOPMENTAL BIOLOGY	2018-06-26T11:51:13Z	2018-06-18T18:20:20Z	public							p2.C9														Pseudomonas sp. 286																																																																		p2.C9		Pseudomonas sp. 286									
SAMEA104472673	9555456	Pseudomonas viridiflava		Sample from Pseudomonas viridiflava		ERC000011	2018-06-26T11:51:14Z	2018-06-18T18:20:19Z			SAMEA104472673							MAX PLANCK INSTITUTE FOR DEVELOPMENTAL BIOLOGY	2018-06-26T11:51:14Z	2018-06-18T18:20:19Z	public							p2.D10														Pseudomonas sp. 286																																																																		p2.D10		Pseudomonas sp. 286									
SAMEA104472674	9555457	Pseudomonas viridiflava		Sample from Pseudomonas viridiflava		ERC000011	2018-06-26T11:51:14Z	2018-06-18T18:20:20Z			SAMEA104472674							MAX PLANCK INSTITUTE FOR DEVELOPMENTAL BIOLOGY	2018-06-26T11:51:14Z	2018-06-18T18:20:20Z	public							p2.D1														Pseudomonas sp. 286																																																																		p2.D1		Pseudomonas sp. 286									
SAMEA104472675	9555458	Pseudomonas viridiflava		Sample from Pseudomonas viridiflava		ERC000011	2018-06-26T11:51:14Z	2018-06-18T18:20:20Z			SAMEA104472675							MAX PLANCK INSTITUTE FOR DEVELOPMENTAL BIOLOGY	2018-06-26T11:51:14Z	2018-06-18T18:20:20Z	public							p2.D2														Pseudomonas sp. 286																																																																		p2.D2		Pseudomonas sp. 286									
SAMEA104472676	9555459	Pseudomonas viridiflava		Sample from Pseudomonas viridiflava		ERC000011	2018-06-26T11:51:14Z	2018-06-18T18:20:20Z			SAMEA104472676							MAX PLANCK INSTITUTE FOR DEVELOPMENTAL BIOLOGY	2018-06-26T11:51:14Z	2018-06-18T18:20:20Z	public							p2.D3														Pseudomonas sp. 286																																																																		p2.D3		Pseudomonas sp. 286									
SAMEA104472677	9555460	Pseudomonas viridiflava		Sample from Pseudomonas viridiflava		ERC000011	2018-06-26T11:51:15Z	2018-06-18T18:20:20Z			SAMEA104472677							MAX PLANCK INSTITUTE FOR DEVELOPMENTAL BIOLOGY	2018-06-26T11:51:15Z	2018-06-18T18:20:20Z	public							p2.D4														Pseudomonas sp. 286																																																																		p2.D4		Pseudomonas sp. 286									
SAMEA104472678	9555461	Pseudomonas viridiflava		Sample from Pseudomonas viridiflava		ERC000011	2018-06-26T11:51:15Z	2018-06-18T18:20:20Z			SAMEA104472678							MAX PLANCK INSTITUTE FOR DEVELOPMENTAL BIOLOGY	2018-06-26T11:51:15Z	2018-06-18T18:20:20Z	public							p2.D5														Pseudomonas sp. 286																																																																		p2.D5		Pseudomonas sp. 286									
SAMEA104472679	9555462	Pseudomonas viridiflava		Sample from Pseudomonas viridiflava		ERC000011	2018-06-26T11:51:15Z	2018-06-18T18:20:20Z			SAMEA104472679							MAX PLANCK INSTITUTE FOR DEVELOPMENTAL BIOLOGY	2018-06-26T11:51:15Z	2018-06-18T18:20:20Z	public							p2.D6														Pseudomonas sp. 286																																																																		p2.D6		Pseudomonas sp. 286									
SAMEA104472680	9555463	Pseudomonas viridiflava		Sample from Pseudomonas viridiflava		ERC000011	2018-06-26T11:51:15Z	2018-06-18T18:20:20Z			SAMEA104472680							MAX PLANCK INSTITUTE FOR DEVELOPMENTAL BIOLOGY	2018-06-26T11:51:15Z	2018-06-18T18:20:20Z	public							p2.D7														Pseudomonas sp. 286																																																																		p2.D7		Pseudomonas sp. 286									
SAMEA104472681	9555464	Pseudomonas viridiflava		Sample from Pseudomonas viridiflava		ERC000011	2018-06-26T11:51:16Z	2018-06-18T18:20:20Z			SAMEA104472681							MAX PLANCK INSTITUTE FOR DEVELOPMENTAL BIOLOGY	2018-06-26T11:51:16Z	2018-06-18T18:20:20Z	public							p2.D8														Pseudomonas sp. 286																																																																		p2.D8		Pseudomonas sp. 286									
SAMEA104472682	9555465	Pseudomonas viridiflava		Sample from Pseudomonas viridiflava		ERC000011	2018-06-26T11:51:16Z	2018-06-18T18:20:20Z			SAMEA104472682							MAX PLANCK INSTITUTE FOR DEVELOPMENTAL BIOLOGY	2018-06-26T11:51:16Z	2018-06-18T18:20:20Z	public							p2.D9														Pseudomonas sp. 286																																																																		p2.D9		Pseudomonas sp. 286									
SAMEA104472683	9555466	Pseudomonas viridiflava		Sample from Pseudomonas viridiflava		ERC000011	2018-06-26T11:51:16Z	2018-06-18T18:20:20Z			SAMEA104472683							MAX PLANCK INSTITUTE FOR DEVELOPMENTAL BIOLOGY	2018-06-26T11:51:16Z	2018-06-18T18:20:20Z	public							p2.E10														Pseudomonas sp. 286																																																																		p2.E10		Pseudomonas sp. 286									
SAMEA104472684	9555467	Pseudomonas viridiflava		Sample from Pseudomonas viridiflava		ERC000011	2018-06-26T11:51:17Z	2018-06-18T18:20:20Z			SAMEA104472684							MAX PLANCK INSTITUTE FOR DEVELOPMENTAL BIOLOGY	2018-06-26T11:51:17Z	2018-06-18T18:20:20Z	public							p2.E1														Pseudomonas sp. 286																																																																		p2.E1		Pseudomonas sp. 286									
SAMEA104472685	9555468	Pseudomonas viridiflava		Sample from Pseudomonas viridiflava		ERC000011	2018-06-26T11:51:17Z	2018-06-18T18:20:20Z			SAMEA104472685							MAX PLANCK INSTITUTE FOR DEVELOPMENTAL BIOLOGY	2018-06-26T11:51:17Z	2018-06-18T18:20:20Z	public							p2.E2														Pseudomonas sp. 286																																																																		p2.E2		Pseudomonas sp. 286									
SAMEA104472686	9555469	Pseudomonas viridiflava		Sample from Pseudomonas viridiflava		ERC000011	2018-06-26T11:51:17Z	2018-06-18T18:20:20Z			SAMEA104472686							MAX PLANCK INSTITUTE FOR DEVELOPMENTAL BIOLOGY	2018-06-26T11:51:17Z	2018-06-18T18:20:20Z	public							p2.E3														Pseudomonas sp. 286																																																																		p2.E3		Pseudomonas sp. 286									
SAMEA104472687	9555470	Pseudomonas viridiflava		Sample from Pseudomonas viridiflava		ERC000011	2018-06-26T11:51:17Z	2018-06-18T18:20:20Z			SAMEA104472687							MAX PLANCK INSTITUTE FOR DEVELOPMENTAL BIOLOGY	2018-06-26T11:51:17Z	2018-06-18T18:20:20Z	public							p2.E4														Pseudomonas sp. 286																																																																		p2.E4		Pseudomonas sp. 286									
SAMEA104472688	9555471	Pseudomonas viridiflava		Sample from Pseudomonas viridiflava		ERC000011	2018-06-26T11:51:18Z	2018-06-18T18:20:20Z			SAMEA104472688							MAX PLANCK INSTITUTE FOR DEVELOPMENTAL BIOLOGY	2018-06-26T11:51:18Z	2018-06-18T18:20:20Z	public							p2.E6														Pseudomonas sp. 286																																																																		p2.E6		Pseudomonas sp. 286									
SAMEA104472689	9555472	Pseudomonas viridiflava		Sample from Pseudomonas viridiflava		ERC000011	2018-06-26T11:51:18Z	2018-06-18T18:20:20Z			SAMEA104472689							MAX PLANCK INSTITUTE FOR DEVELOPMENTAL BIOLOGY	2018-06-26T11:51:18Z	2018-06-18T18:20:20Z	public							p2.E7														Pseudomonas sp. 286																																																																		p2.E7		Pseudomonas sp. 286									
SAMEA104472690	9555473	Pseudomonas viridiflava		Sample from Pseudomonas viridiflava		ERC000011	2018-06-26T11:51:18Z	2018-06-18T18:20:20Z			SAMEA104472690							MAX PLANCK INSTITUTE FOR DEVELOPMENTAL BIOLOGY	2018-06-26T11:51:18Z	2018-06-18T18:20:20Z	public							p2.E8														Pseudomonas sp. 286																																																																		p2.E8		Pseudomonas sp. 286									
SAMEA104472691	9555474	Pseudomonas viridiflava		Sample from Pseudomonas viridiflava		ERC000011	2018-06-26T11:51:18Z	2018-06-18T18:20:20Z			SAMEA104472691							MAX PLANCK INSTITUTE FOR DEVELOPMENTAL BIOLOGY	2018-06-26T11:51:18Z	2018-06-18T18:20:20Z	public							p2.E9														Pseudomonas sp. 286																																																																		p2.E9		Pseudomonas sp. 286									
SAMEA104472692	9555475	Pseudomonas viridiflava		Sample from Pseudomonas viridiflava		ERC000011	2018-06-26T11:51:19Z	2018-06-18T18:20:20Z			SAMEA104472692							MAX PLANCK INSTITUTE FOR DEVELOPMENTAL BIOLOGY	2018-06-26T11:51:19Z	2018-06-18T18:20:20Z	public							p2.F10														Pseudomonas sp. 286																																																																		p2.F10		Pseudomonas sp. 286									
SAMEA104472693	9555476	Pseudomonas viridiflava		Sample from Pseudomonas viridiflava		ERC000011	2018-06-26T11:51:19Z	2018-06-18T18:20:20Z			SAMEA104472693							MAX PLANCK INSTITUTE FOR DEVELOPMENTAL BIOLOGY	2018-06-26T11:51:19Z	2018-06-18T18:20:20Z	public							p2.F11														Pseudomonas sp. 286																																																																		p2.F11		Pseudomonas sp. 286									
SAMEA104472694	9555477	Pseudomonas viridiflava		Sample from Pseudomonas viridiflava		ERC000011	2018-06-26T11:51:19Z	2018-06-18T18:20:20Z			SAMEA104472694							MAX PLANCK INSTITUTE FOR DEVELOPMENTAL BIOLOGY	2018-06-26T11:51:19Z	2018-06-18T18:20:20Z	public							p2.F12														Pseudomonas sp. 286																																																																		p2.F12		Pseudomonas sp. 286									
SAMEA104472695	9555478	Pseudomonas viridiflava		Sample from Pseudomonas viridiflava		ERC000011	2018-06-26T11:51:19Z	2018-06-18T18:20:20Z			SAMEA104472695							MAX PLANCK INSTITUTE FOR DEVELOPMENTAL BIOLOGY	2018-06-26T11:51:19Z	2018-06-18T18:20:20Z	public							p2.F1														Pseudomonas sp. 286																																																																		p2.F1		Pseudomonas sp. 286									
SAMEA104472696	9555479	Pseudomonas viridiflava		Sample from Pseudomonas viridiflava		ERC000011	2018-06-26T11:51:20Z	2018-06-18T18:20:20Z			SAMEA104472696							MAX PLANCK INSTITUTE FOR DEVELOPMENTAL BIOLOGY	2018-06-26T11:51:20Z	2018-06-18T18:20:20Z	public							p2.F2														Pseudomonas sp. 286																																																																		p2.F2		Pseudomonas sp. 286									
SAMEA104472697	9555480	Pseudomonas viridiflava		Sample from Pseudomonas viridiflava		ERC000011	2018-06-26T11:51:20Z	2018-06-18T18:20:20Z			SAMEA104472697							MAX PLANCK INSTITUTE FOR DEVELOPMENTAL BIOLOGY	2018-06-26T11:51:20Z	2018-06-18T18:20:20Z	public							p2.F3														Pseudomonas sp. 286																																																																		p2.F3		Pseudomonas sp. 286									
SAMEA104472698	9555481	Pseudomonas viridiflava		Sample from Pseudomonas viridiflava		ERC000011	2018-06-26T11:51:20Z	2018-06-18T18:20:20Z			SAMEA104472698							MAX PLANCK INSTITUTE FOR DEVELOPMENTAL BIOLOGY	2018-06-26T11:51:20Z	2018-06-18T18:20:20Z	public							p2.F4														Pseudomonas sp. 286																																																																		p2.F4		Pseudomonas sp. 286									
SAMEA104472699	9555482	Pseudomonas viridiflava		Sample from Pseudomonas viridiflava		ERC000011	2018-06-26T11:51:20Z	2018-06-18T18:20:19Z			SAMEA104472699							MAX PLANCK INSTITUTE FOR DEVELOPMENTAL BIOLOGY	2018-06-26T11:51:20Z	2018-06-18T18:20:19Z	public							p2.F5														Pseudomonas sp. 286																																																																		p2.F5		Pseudomonas sp. 286									
SAMEA104472700	9555483	Pseudomonas viridiflava		Sample from Pseudomonas viridiflava		ERC000011	2018-06-26T11:51:21Z	2018-06-18T18:20:19Z			SAMEA104472700							MAX PLANCK INSTITUTE FOR DEVELOPMENTAL BIOLOGY	2018-06-26T11:51:21Z	2018-06-18T18:20:19Z	public							p2.F8														Pseudomonas sp. 286																																																																		p2.F8		Pseudomonas sp. 286									
SAMEA104472701	9555484	Pseudomonas viridiflava		Sample from Pseudomonas viridiflava		ERC000011	2018-06-26T11:51:21Z	2018-06-18T18:20:19Z			SAMEA104472701							MAX PLANCK INSTITUTE FOR DEVELOPMENTAL BIOLOGY	2018-06-26T11:51:21Z	2018-06-18T18:20:19Z	public							p2.F9														Pseudomonas sp. 286																																																																		p2.F9		Pseudomonas sp. 286									
SAMEA104472702	9555485	Pseudomonas viridiflava		Sample from Pseudomonas viridiflava		ERC000011	2018-06-26T11:51:21Z	2018-06-18T18:20:19Z			SAMEA104472702							MAX PLANCK INSTITUTE FOR DEVELOPMENTAL BIOLOGY	2018-06-26T11:51:21Z	2018-06-18T18:20:19Z	public							p2.G10														Pseudomonas sp. 286																																																																		p2.G10		Pseudomonas sp. 286									
SAMEA104472703	9555486	Pseudomonas viridiflava		Sample from Pseudomonas viridiflava		ERC000011	2018-06-26T11:51:21Z	2018-06-18T18:20:19Z			SAMEA104472703							MAX PLANCK INSTITUTE FOR DEVELOPMENTAL BIOLOGY	2018-06-26T11:51:21Z	2018-06-18T18:20:19Z	public							p2.G1														Pseudomonas sp. 286																																																																		p2.G1		Pseudomonas sp. 286									
SAMEA104472704	9555487	Pseudomonas viridiflava		Sample from Pseudomonas viridiflava		ERC000011	2018-06-26T11:51:22Z	2018-06-18T18:20:19Z			SAMEA104472704							MAX PLANCK INSTITUTE FOR DEVELOPMENTAL BIOLOGY	2018-06-26T11:51:22Z	2018-06-18T18:20:19Z	public							p2.G2														Pseudomonas sp. 286																																																																		p2.G2		Pseudomonas sp. 286									
SAMEA104472705	9555488	Pseudomonas viridiflava		Sample from Pseudomonas viridiflava		ERC000011	2018-06-26T11:51:22Z	2018-06-18T18:20:19Z			SAMEA104472705							MAX PLANCK INSTITUTE FOR DEVELOPMENTAL BIOLOGY	2018-06-26T11:51:22Z	2018-06-18T18:20:19Z	public							p2.G3														Pseudomonas sp. 286																																																																		p2.G3		Pseudomonas sp. 286									
SAMEA104472706	9555489	Pseudomonas viridiflava		Sample from Pseudomonas viridiflava		ERC000011	2018-06-26T11:51:22Z	2018-06-18T18:20:19Z			SAMEA104472706							MAX PLANCK INSTITUTE FOR DEVELOPMENTAL BIOLOGY	2018-06-26T11:51:22Z	2018-06-18T18:20:19Z	public							p2.G4														Pseudomonas sp. 286																																																																		p2.G4		Pseudomonas sp. 286									
SAMEA104472707	9555490	Pseudomonas viridiflava		Sample from Pseudomonas viridiflava		ERC000011	2018-06-26T11:51:22Z	2018-06-18T18:20:19Z			SAMEA104472707							MAX PLANCK INSTITUTE FOR DEVELOPMENTAL BIOLOGY	2018-06-26T11:51:22Z	2018-06-18T18:20:19Z	public							p2.G5														Pseudomonas sp. 286																																																																		p2.G5		Pseudomonas sp. 286									
SAMEA104472708	9555491	Pseudomonas viridiflava		Sample from Pseudomonas viridiflava		ERC000011	2018-06-26T11:51:23Z	2018-06-18T18:20:19Z			SAMEA104472708							MAX PLANCK INSTITUTE FOR DEVELOPMENTAL BIOLOGY	2018-06-26T11:51:23Z	2018-06-18T18:20:19Z	public							p2.G6														Pseudomonas sp. 286																																																																		p2.G6		Pseudomonas sp. 286									
SAMEA104472709	9555492	Pseudomonas viridiflava		Sample from Pseudomonas viridiflava		ERC000011	2018-06-26T11:51:23Z	2018-06-18T18:20:19Z			SAMEA104472709							MAX PLANCK INSTITUTE FOR DEVELOPMENTAL BIOLOGY	2018-06-26T11:51:23Z	2018-06-18T18:20:19Z	public							p2.G7														Pseudomonas sp. 286																																																																		p2.G7		Pseudomonas sp. 286									
SAMEA104472710	9555493	Pseudomonas viridiflava		Sample from Pseudomonas viridiflava		ERC000011	2018-06-26T11:51:23Z	2018-06-18T18:20:19Z			SAMEA104472710							MAX PLANCK INSTITUTE FOR DEVELOPMENTAL BIOLOGY	2018-06-26T11:51:23Z	2018-06-18T18:20:19Z	public							p2.G8														Pseudomonas sp. 286																																																																		p2.G8		Pseudomonas sp. 286									
SAMEA104472711	9555494	Pseudomonas viridiflava		Sample from Pseudomonas viridiflava		ERC000011	2018-06-26T11:51:23Z	2018-06-18T18:20:19Z			SAMEA104472711							MAX PLANCK INSTITUTE FOR DEVELOPMENTAL BIOLOGY	2018-06-26T11:51:23Z	2018-06-18T18:20:19Z	public							p2.G9														Pseudomonas sp. 286																																																																		p2.G9		Pseudomonas sp. 286									
SAMEA104472712	9555495	Pseudomonas viridiflava		Sample from Pseudomonas viridiflava		ERC000011	2018-06-26T11:51:24Z	2018-06-18T18:20:19Z			SAMEA104472712							MAX PLANCK INSTITUTE FOR DEVELOPMENTAL BIOLOGY	2018-06-26T11:51:24Z	2018-06-18T18:20:19Z	public							p2.H10														Pseudomonas sp. 286																																																																		p2.H10		Pseudomonas sp. 286									
SAMEA104472713	9555496	Pseudomonas viridiflava		Sample from Pseudomonas viridiflava		ERC000011	2018-06-26T11:51:24Z	2018-06-18T18:20:19Z			SAMEA104472713							MAX PLANCK INSTITUTE FOR DEVELOPMENTAL BIOLOGY	2018-06-26T11:51:24Z	2018-06-18T18:20:19Z	public							p2.H1														Pseudomonas sp. 286																																																																		p2.H1		Pseudomonas sp. 286									
SAMEA104472714	9555497	Pseudomonas viridiflava		Sample from Pseudomonas viridiflava		ERC000011	2018-06-26T11:51:24Z	2018-06-18T18:20:19Z			SAMEA104472714							MAX PLANCK INSTITUTE FOR DEVELOPMENTAL BIOLOGY	2018-06-26T11:51:24Z	2018-06-18T18:20:19Z	public							p2.H2														Pseudomonas sp. 286																																																																		p2.H2		Pseudomonas sp. 286									
SAMEA104472715	9555498	Pseudomonas viridiflava		Sample from Pseudomonas viridiflava		ERC000011	2018-06-26T11:51:24Z	2018-06-18T18:20:19Z			SAMEA104472715							MAX PLANCK INSTITUTE FOR DEVELOPMENTAL BIOLOGY	2018-06-26T11:51:24Z	2018-06-18T18:20:19Z	public							p2.H4														Pseudomonas sp. 286																																																																		p2.H4		Pseudomonas sp. 286									
SAMEA104472716	9555499	Pseudomonas viridiflava		Sample from Pseudomonas viridiflava		ERC000011	2018-06-26T11:51:25Z	2018-06-18T18:20:19Z			SAMEA104472716							MAX PLANCK INSTITUTE FOR DEVELOPMENTAL BIOLOGY	2018-06-26T11:51:25Z	2018-06-18T18:20:19Z	public							p2.H5														Pseudomonas sp. 286																																																																		p2.H5		Pseudomonas sp. 286									
SAMEA104472717	9555500	Pseudomonas viridiflava		Sample from Pseudomonas viridiflava		ERC000011	2018-06-26T11:51:25Z	2018-06-18T18:20:17Z			SAMEA104472717							MAX PLANCK INSTITUTE FOR DEVELOPMENTAL BIOLOGY	2018-06-26T11:51:25Z	2018-06-18T18:20:17Z	public							p2.H6														Pseudomonas sp. 286																																																																		p2.H6		Pseudomonas sp. 286									
SAMEA104472718	9555501	Pseudomonas viridiflava		Sample from Pseudomonas viridiflava		ERC000011	2018-06-26T11:51:25Z	2018-06-18T18:20:19Z			SAMEA104472718							MAX PLANCK INSTITUTE FOR DEVELOPMENTAL BIOLOGY	2018-06-26T11:51:25Z	2018-06-18T18:20:19Z	public							p2.H7														Pseudomonas sp. 286																																																																		p2.H7		Pseudomonas sp. 286									
SAMEA104472719	9555502	Pseudomonas viridiflava		Sample from Pseudomonas viridiflava		ERC000011	2018-06-26T11:51:25Z	2018-06-18T18:20:19Z			SAMEA104472719							MAX PLANCK INSTITUTE FOR DEVELOPMENTAL BIOLOGY	2018-06-26T11:51:25Z	2018-06-18T18:20:19Z	public							p2.H8														Pseudomonas sp. 286																																																																		p2.H8		Pseudomonas sp. 286									
SAMEA104472720	9555503	Pseudomonas viridiflava		Sample from Pseudomonas viridiflava		ERC000011	2018-06-26T11:51:26Z	2018-06-18T18:20:19Z			SAMEA104472720							MAX PLANCK INSTITUTE FOR DEVELOPMENTAL BIOLOGY	2018-06-26T11:51:26Z	2018-06-18T18:20:19Z	public							p2.H9														Pseudomonas sp. 286																																																																		p2.H9		Pseudomonas sp. 286									
SAMEA104472721	9555504	Pseudomonas viridiflava		Sample from Pseudomonas viridiflava		ERC000011	2018-06-26T11:51:26Z	2018-06-18T18:20:19Z			SAMEA104472721							MAX PLANCK INSTITUTE FOR DEVELOPMENTAL BIOLOGY	2018-06-26T11:51:26Z	2018-06-18T18:20:19Z	public							p3.A10														Pseudomonas sp. 286																																																																		p3.A10		Pseudomonas sp. 286									
SAMEA104472722	9555505	Pseudomonas viridiflava		Sample from Pseudomonas viridiflava		ERC000011	2018-06-26T11:51:26Z	2018-06-18T18:20:19Z			SAMEA104472722							MAX PLANCK INSTITUTE FOR DEVELOPMENTAL BIOLOGY	2018-06-26T11:51:26Z	2018-06-18T18:20:19Z	public							p3.A11														Pseudomonas sp. 286																																																																		p3.A11		Pseudomonas sp. 286									
SAMEA104472723	9555506	Pseudomonas viridiflava		Sample from Pseudomonas viridiflava		ERC000011	2018-06-26T11:51:27Z	2018-06-18T18:20:19Z			SAMEA104472723							MAX PLANCK INSTITUTE FOR DEVELOPMENTAL BIOLOGY	2018-06-26T11:51:27Z	2018-06-18T18:20:19Z	public							p3.A12														Pseudomonas sp. 286																																																																		p3.A12		Pseudomonas sp. 286									
SAMEA104472724	9555507	Pseudomonas viridiflava		Sample from Pseudomonas viridiflava		ERC000011	2018-06-26T11:51:27Z	2018-06-18T18:20:19Z			SAMEA104472724							MAX PLANCK INSTITUTE FOR DEVELOPMENTAL BIOLOGY	2018-06-26T11:51:27Z	2018-06-18T18:20:19Z	public							p3.A1														Pseudomonas sp. 286																																																																		p3.A1		Pseudomonas sp. 286									
SAMEA104472725	9555508	Pseudomonas viridiflava		Sample from Pseudomonas viridiflava		ERC000011	2018-06-26T11:51:27Z	2018-06-18T18:20:19Z			SAMEA104472725							MAX PLANCK INSTITUTE FOR DEVELOPMENTAL BIOLOGY	2018-06-26T11:51:27Z	2018-06-18T18:20:19Z	public							p3.A2														Pseudomonas sp. 286																																																																		p3.A2		Pseudomonas sp. 286									
SAMEA104472726	9555509	Pseudomonas viridiflava		Sample from Pseudomonas viridiflava		ERC000011	2018-06-26T11:51:28Z	2018-06-18T18:20:19Z			SAMEA104472726							MAX PLANCK INSTITUTE FOR DEVELOPMENTAL BIOLOGY	2018-06-26T11:51:28Z	2018-06-18T18:20:19Z	public							p3.A3														Pseudomonas sp. 286																																																																		p3.A3		Pseudomonas sp. 286									
SAMEA104472727	9555510	Pseudomonas viridiflava		Sample from Pseudomonas viridiflava		ERC000011	2018-06-26T11:51:28Z	2018-06-18T18:20:19Z			SAMEA104472727							MAX PLANCK INSTITUTE FOR DEVELOPMENTAL BIOLOGY	2018-06-26T11:51:28Z	2018-06-18T18:20:19Z	public							p3.A4														Pseudomonas sp. 286																																																																		p3.A4		Pseudomonas sp. 286									
SAMEA104472728	9555511	Pseudomonas viridiflava		Sample from Pseudomonas viridiflava		ERC000011	2018-06-26T11:51:28Z	2018-06-18T18:20:19Z			SAMEA104472728							MAX PLANCK INSTITUTE FOR DEVELOPMENTAL BIOLOGY	2018-06-26T11:51:28Z	2018-06-18T18:20:19Z	public							p3.A5														Pseudomonas sp. 286																																																																		p3.A5		Pseudomonas sp. 286									
SAMEA104472729	9555512	Pseudomonas viridiflava		Sample from Pseudomonas viridiflava		ERC000011	2018-06-26T11:51:28Z	2018-06-18T18:20:17Z			SAMEA104472729							MAX PLANCK INSTITUTE FOR DEVELOPMENTAL BIOLOGY	2018-06-26T11:51:28Z	2018-06-18T18:20:17Z	public							p3.A6														Pseudomonas sp. 286																																																																		p3.A6		Pseudomonas sp. 286									
SAMEA104472730	9555513	Pseudomonas viridiflava		Sample from Pseudomonas viridiflava		ERC000011	2018-06-26T11:51:29Z	2018-06-18T18:20:17Z			SAMEA104472730							MAX PLANCK INSTITUTE FOR DEVELOPMENTAL BIOLOGY	2018-06-26T11:51:29Z	2018-06-18T18:20:17Z	public							p3.A7														Pseudomonas sp. 286																																																																		p3.A7		Pseudomonas sp. 286									
SAMEA104472731	9555514	Pseudomonas viridiflava		Sample from Pseudomonas viridiflava		ERC000011	2018-06-26T11:51:29Z	2018-06-18T18:20:17Z			SAMEA104472731							MAX PLANCK INSTITUTE FOR DEVELOPMENTAL BIOLOGY	2018-06-26T11:51:29Z	2018-06-18T18:20:17Z	public							p3.A8														Pseudomonas sp. 286																																																																		p3.A8		Pseudomonas sp. 286									
SAMEA104472732	9555515	Pseudomonas viridiflava		Sample from Pseudomonas viridiflava		ERC000011	2018-06-26T11:51:29Z	2018-06-18T18:20:17Z			SAMEA104472732							MAX PLANCK INSTITUTE FOR DEVELOPMENTAL BIOLOGY	2018-06-26T11:51:29Z	2018-06-18T18:20:17Z	public							p3.A9														Pseudomonas sp. 286																																																																		p3.A9		Pseudomonas sp. 286									
SAMEA104472733	9555516	Pseudomonas viridiflava		Sample from Pseudomonas viridiflava		ERC000011	2018-06-26T11:51:29Z	2018-06-18T18:20:17Z			SAMEA104472733							MAX PLANCK INSTITUTE FOR DEVELOPMENTAL BIOLOGY	2018-06-26T11:51:29Z	2018-06-18T18:20:17Z	public							p3.B10														Pseudomonas sp. 286																																																																		p3.B10		Pseudomonas sp. 286									
SAMEA104472734	9555517	Pseudomonas viridiflava		Sample from Pseudomonas viridiflava		ERC000011	2018-06-26T11:51:30Z	2018-06-18T18:20:17Z			SAMEA104472734							MAX PLANCK INSTITUTE FOR DEVELOPMENTAL BIOLOGY	2018-06-26T11:51:30Z	2018-06-18T18:20:17Z	public							p3.B11														Pseudomonas sp. 286																																																																		p3.B11		Pseudomonas sp. 286									
SAMEA104472735	9555518	Pseudomonas viridiflava		Sample from Pseudomonas viridiflava		ERC000011	2018-06-26T11:51:30Z	2018-06-18T18:20:17Z			SAMEA104472735							MAX PLANCK INSTITUTE FOR DEVELOPMENTAL BIOLOGY	2018-06-26T11:51:30Z	2018-06-18T18:20:17Z	public							p3.B12														Pseudomonas sp. 286																																																																		p3.B12		Pseudomonas sp. 286									
SAMEA104472736	9555519	Pseudomonas viridiflava		Sample from Pseudomonas viridiflava		ERC000011	2018-06-26T11:51:30Z	2018-06-18T18:20:17Z			SAMEA104472736							MAX PLANCK INSTITUTE FOR DEVELOPMENTAL BIOLOGY	2018-06-26T11:51:30Z	2018-06-18T18:20:17Z	public							p3.B1														Pseudomonas sp. 286																																																																		p3.B1		Pseudomonas sp. 286									
SAMEA104472737	9555520	Pseudomonas viridiflava		Sample from Pseudomonas viridiflava		ERC000011	2018-06-26T11:51:30Z	2018-06-18T18:20:17Z			SAMEA104472737							MAX PLANCK INSTITUTE FOR DEVELOPMENTAL BIOLOGY	2018-06-26T11:51:30Z	2018-06-18T18:20:17Z	public							p3.B2														Pseudomonas sp. 286																																																																		p3.B2		Pseudomonas sp. 286									
SAMEA104472738	9555521	Pseudomonas viridiflava		Sample from Pseudomonas viridiflava		ERC000011	2018-06-26T11:51:31Z	2018-06-18T18:20:17Z			SAMEA104472738							MAX PLANCK INSTITUTE FOR DEVELOPMENTAL BIOLOGY	2018-06-26T11:51:31Z	2018-06-18T18:20:17Z	public							p3.B4														Pseudomonas sp. 286																																																																		p3.B4		Pseudomonas sp. 286									
SAMEA104472739	9555522	Pseudomonas viridiflava		Sample from Pseudomonas viridiflava		ERC000011	2018-06-26T11:51:31Z	2018-06-18T18:20:17Z			SAMEA104472739							MAX PLANCK INSTITUTE FOR DEVELOPMENTAL BIOLOGY	2018-06-26T11:51:31Z	2018-06-18T18:20:17Z	public							p3.B5														Pseudomonas sp. 286																																																																		p3.B5		Pseudomonas sp. 286									
SAMEA104472740	9555523	Pseudomonas viridiflava		Sample from Pseudomonas viridiflava		ERC000011	2018-06-26T11:51:31Z	2018-06-18T18:20:17Z			SAMEA104472740							MAX PLANCK INSTITUTE FOR DEVELOPMENTAL BIOLOGY	2018-06-26T11:51:31Z	2018-06-18T18:20:17Z	public							p3.B6														Pseudomonas sp. 286																																																																		p3.B6		Pseudomonas sp. 286									
SAMEA104472741	9555524	Pseudomonas viridiflava		Sample from Pseudomonas viridiflava		ERC000011	2018-06-26T11:51:32Z	2018-06-18T18:20:17Z			SAMEA104472741							MAX PLANCK INSTITUTE FOR DEVELOPMENTAL BIOLOGY	2018-06-26T11:51:32Z	2018-06-18T18:20:17Z	public							p3.B7														Pseudomonas sp. 286																																																																		p3.B7		Pseudomonas sp. 286									
SAMEA104472742	9555525	Pseudomonas viridiflava		Sample from Pseudomonas viridiflava		ERC000011	2018-06-26T11:51:32Z	2018-06-18T18:20:17Z			SAMEA104472742							MAX PLANCK INSTITUTE FOR DEVELOPMENTAL BIOLOGY	2018-06-26T11:51:32Z	2018-06-18T18:20:17Z	public							p3.B8														Pseudomonas sp. 286																																																																		p3.B8		Pseudomonas sp. 286									
SAMEA104472743	9555526	Pseudomonas viridiflava		Sample from Pseudomonas viridiflava		ERC000011	2018-06-26T11:51:32Z	2018-06-18T18:20:17Z			SAMEA104472743							MAX PLANCK INSTITUTE FOR DEVELOPMENTAL BIOLOGY	2018-06-26T11:51:32Z	2018-06-18T18:20:17Z	public							p3.B9														Pseudomonas sp. 286																																																																		p3.B9		Pseudomonas sp. 286									
SAMEA104472744	9555527	Pseudomonas viridiflava		Sample from Pseudomonas viridiflava		ERC000011	2018-06-26T11:51:32Z	2018-06-18T18:20:17Z			SAMEA104472744							MAX PLANCK INSTITUTE FOR DEVELOPMENTAL BIOLOGY	2018-06-26T11:51:32Z	2018-06-18T18:20:17Z	public							p3.C10														Pseudomonas sp. 286																																																																		p3.C10		Pseudomonas sp. 286									
SAMEA104472745	9555528	Pseudomonas viridiflava		Sample from Pseudomonas viridiflava		ERC000011	2018-06-26T11:51:33Z	2018-06-18T18:20:17Z			SAMEA104472745							MAX PLANCK INSTITUTE FOR DEVELOPMENTAL BIOLOGY	2018-06-26T11:51:33Z	2018-06-18T18:20:17Z	public							p3.C11														Pseudomonas sp. 286																																																																		p3.C11		Pseudomonas sp. 286									
SAMEA104472746	9555529	Pseudomonas viridiflava		Sample from Pseudomonas viridiflava		ERC000011	2018-06-26T11:51:33Z	2018-06-18T18:20:17Z			SAMEA104472746							MAX PLANCK INSTITUTE FOR DEVELOPMENTAL BIOLOGY	2018-06-26T11:51:33Z	2018-06-18T18:20:17Z	public							p3.C12														Pseudomonas sp. 286																																																																		p3.C12		Pseudomonas sp. 286									
SAMEA104472747	9555530	Pseudomonas viridiflava		Sample from Pseudomonas viridiflava		ERC000011	2018-06-26T11:51:33Z	2018-06-18T18:20:17Z			SAMEA104472747							MAX PLANCK INSTITUTE FOR DEVELOPMENTAL BIOLOGY	2018-06-26T11:51:33Z	2018-06-18T18:20:17Z	public							p3.C1														Pseudomonas sp. 286																																																																		p3.C1		Pseudomonas sp. 286									
SAMEA104472748	9555531	Pseudomonas viridiflava		Sample from Pseudomonas viridiflava		ERC000011	2018-06-26T11:51:33Z	2018-06-18T18:20:17Z			SAMEA104472748							MAX PLANCK INSTITUTE FOR DEVELOPMENTAL BIOLOGY	2018-06-26T11:51:33Z	2018-06-18T18:20:17Z	public							p3.C2														Pseudomonas sp. 286																																																																		p3.C2		Pseudomonas sp. 286									
SAMEA104472749	9555532	Pseudomonas viridiflava		Sample from Pseudomonas viridiflava		ERC000011	2018-06-26T11:51:34Z	2018-06-18T18:20:17Z			SAMEA104472749							MAX PLANCK INSTITUTE FOR DEVELOPMENTAL BIOLOGY	2018-06-26T11:51:34Z	2018-06-18T18:20:17Z	public							p3.C3														Pseudomonas sp. 286																																																																		p3.C3		Pseudomonas sp. 286									
SAMEA104472750	9555533	Pseudomonas viridiflava		Sample from Pseudomonas viridiflava		ERC000011	2018-06-26T11:51:34Z	2018-06-18T18:20:17Z			SAMEA104472750							MAX PLANCK INSTITUTE FOR DEVELOPMENTAL BIOLOGY	2018-06-26T11:51:34Z	2018-06-18T18:20:17Z	public							p3.C4														Pseudomonas sp. 286																																																																		p3.C4		Pseudomonas sp. 286									
SAMEA104472751	9555534	Pseudomonas viridiflava		Sample from Pseudomonas viridiflava		ERC000011	2018-06-26T11:51:34Z	2018-06-18T18:20:17Z			SAMEA104472751							MAX PLANCK INSTITUTE FOR DEVELOPMENTAL BIOLOGY	2018-06-26T11:51:34Z	2018-06-18T18:20:17Z	public							p3.C5														Pseudomonas sp. 286																																																																		p3.C5		Pseudomonas sp. 286									
SAMEA104472752	9555535	Pseudomonas viridiflava		Sample from Pseudomonas viridiflava		ERC000011	2018-06-26T11:51:34Z	2018-06-18T18:20:17Z			SAMEA104472752							MAX PLANCK INSTITUTE FOR DEVELOPMENTAL BIOLOGY	2018-06-26T11:51:34Z	2018-06-18T18:20:17Z	public							p3.C6														Pseudomonas sp. 286																																																																		p3.C6		Pseudomonas sp. 286									
SAMEA104472753	9555536	Pseudomonas viridiflava		Sample from Pseudomonas viridiflava		ERC000011	2018-06-26T11:51:35Z	2018-06-18T18:20:17Z			SAMEA104472753							MAX PLANCK INSTITUTE FOR DEVELOPMENTAL BIOLOGY	2018-06-26T11:51:35Z	2018-06-18T18:20:17Z	public							p3.C8														Pseudomonas sp. 286																																																																		p3.C8		Pseudomonas sp. 286									
SAMEA104472754	9555537	Pseudomonas viridiflava		Sample from Pseudomonas viridiflava		ERC000011	2018-06-26T11:51:35Z	2018-06-18T18:20:17Z			SAMEA104472754							MAX PLANCK INSTITUTE FOR DEVELOPMENTAL BIOLOGY	2018-06-26T11:51:35Z	2018-06-18T18:20:17Z	public							p3.C9														Pseudomonas sp. 286																																																																		p3.C9		Pseudomonas sp. 286									
SAMEA104472755	9555538	Pseudomonas viridiflava		Sample from Pseudomonas viridiflava		ERC000011	2018-06-26T11:51:35Z	2018-06-18T18:20:15Z			SAMEA104472755							MAX PLANCK INSTITUTE FOR DEVELOPMENTAL BIOLOGY	2018-06-26T11:51:35Z	2018-06-18T18:20:15Z	public							p3.D10														Pseudomonas sp. 286																																																																		p3.D10		Pseudomonas sp. 286									
SAMEA104472756	9555539	Pseudomonas viridiflava		Sample from Pseudomonas viridiflava		ERC000011	2018-06-26T11:51:35Z	2018-06-18T18:20:17Z			SAMEA104472756							MAX PLANCK INSTITUTE FOR DEVELOPMENTAL BIOLOGY	2018-06-26T11:51:35Z	2018-06-18T18:20:17Z	public							p3.D11														Pseudomonas sp. 286																																																																		p3.D11		Pseudomonas sp. 286									
SAMEA104472757	9555540	Pseudomonas viridiflava		Sample from Pseudomonas viridiflava		ERC000011	2018-06-26T11:51:36Z	2018-06-18T18:20:17Z			SAMEA104472757							MAX PLANCK INSTITUTE FOR DEVELOPMENTAL BIOLOGY	2018-06-26T11:51:36Z	2018-06-18T18:20:17Z	public							p3.D1														Pseudomonas sp. 286																																																																		p3.D1		Pseudomonas sp. 286									
SAMEA104472758	9555541	Pseudomonas viridiflava		Sample from Pseudomonas viridiflava		ERC000011	2018-06-26T11:51:36Z	2018-06-18T18:20:17Z			SAMEA104472758							MAX PLANCK INSTITUTE FOR DEVELOPMENTAL BIOLOGY	2018-06-26T11:51:36Z	2018-06-18T18:20:17Z	public							p3.D2														Pseudomonas sp. 286																																																																		p3.D2		Pseudomonas sp. 286									
SAMEA104472759	9555542	Pseudomonas viridiflava		Sample from Pseudomonas viridiflava		ERC000011	2018-06-26T11:51:36Z	2018-06-18T18:20:17Z			SAMEA104472759							MAX PLANCK INSTITUTE FOR DEVELOPMENTAL BIOLOGY	2018-06-26T11:51:36Z	2018-06-18T18:20:17Z	public							p3.D4														Pseudomonas sp. 286																																																																		p3.D4		Pseudomonas sp. 286									
SAMEA104472760	9555543	Pseudomonas viridiflava		Sample from Pseudomonas viridiflava		ERC000011	2018-06-26T11:51:36Z	2018-06-18T18:20:17Z			SAMEA104472760							MAX PLANCK INSTITUTE FOR DEVELOPMENTAL BIOLOGY	2018-06-26T11:51:36Z	2018-06-18T18:20:17Z	public							p3.D5														Pseudomonas sp. 286																																																																		p3.D5		Pseudomonas sp. 286									
SAMEA104472761	9555544	Pseudomonas viridiflava		Sample from Pseudomonas viridiflava		ERC000011	2018-06-26T11:51:37Z	2018-06-18T18:20:17Z			SAMEA104472761							MAX PLANCK INSTITUTE FOR DEVELOPMENTAL BIOLOGY	2018-06-26T11:51:37Z	2018-06-18T18:20:17Z	public							p3.D6														Pseudomonas sp. 286																																																																		p3.D6		Pseudomonas sp. 286									
SAMEA104472762	9555545	Pseudomonas viridiflava		Sample from Pseudomonas viridiflava		ERC000011	2018-06-26T11:51:37Z	2018-06-18T18:20:17Z			SAMEA104472762							MAX PLANCK INSTITUTE FOR DEVELOPMENTAL BIOLOGY	2018-06-26T11:51:37Z	2018-06-18T18:20:17Z	public							p3.D8														Pseudomonas sp. 286																																																																		p3.D8		Pseudomonas sp. 286									
SAMEA104472763	9555546	Pseudomonas viridiflava		Sample from Pseudomonas viridiflava		ERC000011	2018-06-26T11:51:37Z	2018-06-18T18:20:17Z			SAMEA104472763							MAX PLANCK INSTITUTE FOR DEVELOPMENTAL BIOLOGY	2018-06-26T11:51:37Z	2018-06-18T18:20:17Z	public							p3.D9														Pseudomonas sp. 286																																																																		p3.D9		Pseudomonas sp. 286									
SAMEA104472764	9555547	Pseudomonas viridiflava		Sample from Pseudomonas viridiflava		ERC000011	2018-06-26T11:51:37Z	2018-06-18T18:20:17Z			SAMEA104472764							MAX PLANCK INSTITUTE FOR DEVELOPMENTAL BIOLOGY	2018-06-26T11:51:37Z	2018-06-18T18:20:17Z	public							p3.E10														Pseudomonas sp. 286																																																																		p3.E10		Pseudomonas sp. 286									
SAMEA104472765	9555548	Pseudomonas viridiflava		Sample from Pseudomonas viridiflava		ERC000011	2018-06-26T11:51:38Z	2018-06-18T18:20:17Z			SAMEA104472765							MAX PLANCK INSTITUTE FOR DEVELOPMENTAL BIOLOGY	2018-06-26T11:51:38Z	2018-06-18T18:20:17Z	public							p3.E11														Pseudomonas sp. 286																																																																		p3.E11		Pseudomonas sp. 286									
SAMEA104472766	9555549	Pseudomonas viridiflava		Sample from Pseudomonas viridiflava		ERC000011	2018-06-26T11:51:38Z	2018-06-18T18:20:17Z			SAMEA104472766							MAX PLANCK INSTITUTE FOR DEVELOPMENTAL BIOLOGY	2018-06-26T11:51:38Z	2018-06-18T18:20:17Z	public							p3.E1														Pseudomonas sp. 286																																																																		p3.E1		Pseudomonas sp. 286									
SAMEA104472767	9555550	Pseudomonas viridiflava		Sample from Pseudomonas viridiflava		ERC000011	2018-06-26T11:51:38Z	2018-06-18T18:20:17Z			SAMEA104472767							MAX PLANCK INSTITUTE FOR DEVELOPMENTAL BIOLOGY	2018-06-26T11:51:38Z	2018-06-18T18:20:17Z	public							p3.E2														Pseudomonas sp. 286																																																																		p3.E2		Pseudomonas sp. 286									
SAMEA104472768	9555551	Pseudomonas viridiflava		Sample from Pseudomonas viridiflava		ERC000011	2018-06-26T11:51:38Z	2018-06-18T18:20:17Z			SAMEA104472768							MAX PLANCK INSTITUTE FOR DEVELOPMENTAL BIOLOGY	2018-06-26T11:51:38Z	2018-06-18T18:20:17Z	public							p3.E4														Pseudomonas sp. 286																																																																		p3.E4		Pseudomonas sp. 286									
SAMEA104472769	9555552	Pseudomonas viridiflava		Sample from Pseudomonas viridiflava		ERC000011	2018-06-26T11:51:39Z	2018-06-18T18:20:17Z			SAMEA104472769							MAX PLANCK INSTITUTE FOR DEVELOPMENTAL BIOLOGY	2018-06-26T11:51:39Z	2018-06-18T18:20:17Z	public							p3.E5														Pseudomonas sp. 286																																																																		p3.E5		Pseudomonas sp. 286									
SAMEA104472770	9555553	Pseudomonas viridiflava		Sample from Pseudomonas viridiflava		ERC000011	2018-06-26T11:51:39Z	2018-06-18T18:20:17Z			SAMEA104472770							MAX PLANCK INSTITUTE FOR DEVELOPMENTAL BIOLOGY	2018-06-26T11:51:39Z	2018-06-18T18:20:17Z	public							p3.E6														Pseudomonas sp. 286																																																																		p3.E6		Pseudomonas sp. 286									
SAMEA104472771	9555554	Pseudomonas viridiflava		Sample from Pseudomonas viridiflava		ERC000011	2018-06-26T11:51:39Z	2018-06-18T18:20:17Z			SAMEA104472771							MAX PLANCK INSTITUTE FOR DEVELOPMENTAL BIOLOGY	2018-06-26T11:51:39Z	2018-06-18T18:20:17Z	public							p3.E7														Pseudomonas sp. 286																																																																		p3.E7		Pseudomonas sp. 286									
SAMEA104472772	9555555	Pseudomonas viridiflava		Sample from Pseudomonas viridiflava		ERC000011	2018-06-26T11:51:39Z	2018-06-18T18:20:17Z			SAMEA104472772							MAX PLANCK INSTITUTE FOR DEVELOPMENTAL BIOLOGY	2018-06-26T11:51:39Z	2018-06-18T18:20:17Z	public							p3.E8														Pseudomonas sp. 286																																																																		p3.E8		Pseudomonas sp. 286									
SAMEA104472773	9555556	Pseudomonas viridiflava		Sample from Pseudomonas viridiflava		ERC000011	2018-06-26T11:51:40Z	2018-06-18T18:20:17Z			SAMEA104472773							MAX PLANCK INSTITUTE FOR DEVELOPMENTAL BIOLOGY	2018-06-26T11:51:40Z	2018-06-18T18:20:17Z	public							p3.E9														Pseudomonas sp. 286																																																																		p3.E9		Pseudomonas sp. 286									
SAMEA104472774	9555557	Pseudomonas viridiflava		Sample from Pseudomonas viridiflava		ERC000011	2018-06-26T11:51:40Z	2018-06-18T18:20:17Z			SAMEA104472774							MAX PLANCK INSTITUTE FOR DEVELOPMENTAL BIOLOGY	2018-06-26T11:51:40Z	2018-06-18T18:20:17Z	public							p3.F10														Pseudomonas sp. 286																																																																		p3.F10		Pseudomonas sp. 286									
SAMEA104472775	9555558	Pseudomonas viridiflava		Sample from Pseudomonas viridiflava		ERC000011	2018-06-26T11:51:40Z	2018-06-18T18:20:17Z			SAMEA104472775							MAX PLANCK INSTITUTE FOR DEVELOPMENTAL BIOLOGY	2018-06-26T11:51:40Z	2018-06-18T18:20:17Z	public							p3.F11														Pseudomonas sp. 286																																																																		p3.F11		Pseudomonas sp. 286									
SAMEA104472776	9555559	Pseudomonas viridiflava		Sample from Pseudomonas viridiflava		ERC000011	2018-06-26T11:51:40Z	2018-06-18T18:20:17Z			SAMEA104472776							MAX PLANCK INSTITUTE FOR DEVELOPMENTAL BIOLOGY	2018-06-26T11:51:40Z	2018-06-18T18:20:17Z	public							p3.F12														Pseudomonas sp. 286																																																																		p3.F12		Pseudomonas sp. 286									
SAMEA104472777	9555560	Pseudomonas viridiflava		Sample from Pseudomonas viridiflava		ERC000011	2018-06-26T11:51:41Z	2018-06-18T18:20:17Z			SAMEA104472777							MAX PLANCK INSTITUTE FOR DEVELOPMENTAL BIOLOGY	2018-06-26T11:51:41Z	2018-06-18T18:20:17Z	public							p3.F1														Pseudomonas sp. 286																																																																		p3.F1		Pseudomonas sp. 286									
SAMEA104472778	9555561	Pseudomonas viridiflava		Sample from Pseudomonas viridiflava		ERC000011	2018-06-26T11:51:41Z	2018-06-18T18:20:17Z			SAMEA104472778							MAX PLANCK INSTITUTE FOR DEVELOPMENTAL BIOLOGY	2018-06-26T11:51:41Z	2018-06-18T18:20:17Z	public							p3.F2														Pseudomonas sp. 286																																																																		p3.F2		Pseudomonas sp. 286									
SAMEA104472779	9555562	Pseudomonas viridiflava		Sample from Pseudomonas viridiflava		ERC000011	2018-06-26T11:51:41Z	2018-06-18T18:20:17Z			SAMEA104472779							MAX PLANCK INSTITUTE FOR DEVELOPMENTAL BIOLOGY	2018-06-26T11:51:41Z	2018-06-18T18:20:17Z	public							p3.F5														Pseudomonas sp. 286																																																																		p3.F5		Pseudomonas sp. 286									
SAMEA104472780	9555563	Pseudomonas viridiflava		Sample from Pseudomonas viridiflava		ERC000011	2018-06-26T11:51:41Z	2018-06-18T18:20:17Z			SAMEA104472780							MAX PLANCK INSTITUTE FOR DEVELOPMENTAL BIOLOGY	2018-06-26T11:51:41Z	2018-06-18T18:20:17Z	public							p3.F6														Pseudomonas sp. 286																																																																		p3.F6		Pseudomonas sp. 286									
SAMEA104472781	9555564	Pseudomonas viridiflava		Sample from Pseudomonas viridiflava		ERC000011	2018-06-26T11:51:42Z	2018-06-18T18:20:17Z			SAMEA104472781							MAX PLANCK INSTITUTE FOR DEVELOPMENTAL BIOLOGY	2018-06-26T11:51:42Z	2018-06-18T18:20:17Z	public							p3.F7														Pseudomonas sp. 286																																																																		p3.F7		Pseudomonas sp. 286									
SAMEA104472782	9555565	Pseudomonas viridiflava		Sample from Pseudomonas viridiflava		ERC000011	2018-06-26T11:51:42Z	2018-06-18T18:20:17Z			SAMEA104472782							MAX PLANCK INSTITUTE FOR DEVELOPMENTAL BIOLOGY	2018-06-26T11:51:42Z	2018-06-18T18:20:17Z	public							p3.F8														Pseudomonas sp. 286																																																																		p3.F8		Pseudomonas sp. 286									
SAMEA104472783	9555566	Pseudomonas viridiflava		Sample from Pseudomonas viridiflava		ERC000011	2018-06-26T11:51:42Z	2018-06-18T18:20:17Z			SAMEA104472783							MAX PLANCK INSTITUTE FOR DEVELOPMENTAL BIOLOGY	2018-06-26T11:51:42Z	2018-06-18T18:20:17Z	public							p3.G11														Pseudomonas sp. 286																																																																		p3.G11		Pseudomonas sp. 286									
SAMEA104472784	9555567	Pseudomonas viridiflava		Sample from Pseudomonas viridiflava		ERC000011	2018-06-26T11:51:42Z	2018-06-18T18:20:17Z			SAMEA104472784							MAX PLANCK INSTITUTE FOR DEVELOPMENTAL BIOLOGY	2018-06-26T11:51:42Z	2018-06-18T18:20:17Z	public							p3.G12														Pseudomonas sp. 286																																																																		p3.G12		Pseudomonas sp. 286									
SAMEA104472785	9555568	Pseudomonas viridiflava		Sample from Pseudomonas viridiflava		ERC000011	2018-06-26T11:51:43Z	2018-06-18T18:20:15Z			SAMEA104472785							MAX PLANCK INSTITUTE FOR DEVELOPMENTAL BIOLOGY	2018-06-26T11:51:43Z	2018-06-18T18:20:15Z	public							p3.G1														Pseudomonas sp. 286																																																																		p3.G1		Pseudomonas sp. 286									
SAMEA104472786	9555569	Pseudomonas viridiflava		Sample from Pseudomonas viridiflava		ERC000011	2018-06-26T11:51:43Z	2018-06-18T18:20:15Z			SAMEA104472786							MAX PLANCK INSTITUTE FOR DEVELOPMENTAL BIOLOGY	2018-06-26T11:51:43Z	2018-06-18T18:20:15Z	public							p3.G2														Pseudomonas sp. 286																																																																		p3.G2		Pseudomonas sp. 286									
SAMEA104472787	9555570	Pseudomonas viridiflava		Sample from Pseudomonas viridiflava		ERC000011	2018-06-26T11:51:43Z	2018-06-18T18:20:15Z			SAMEA104472787							MAX PLANCK INSTITUTE FOR DEVELOPMENTAL BIOLOGY	2018-06-26T11:51:43Z	2018-06-18T18:20:15Z	public							p3.G3														Pseudomonas sp. 286																																																																		p3.G3		Pseudomonas sp. 286									
SAMEA104472788	9555571	Pseudomonas viridiflava		Sample from Pseudomonas viridiflava		ERC000011	2018-06-26T11:51:44Z	2018-06-18T18:20:15Z			SAMEA104472788							MAX PLANCK INSTITUTE FOR DEVELOPMENTAL BIOLOGY	2018-06-26T11:51:44Z	2018-06-18T18:20:15Z	public							p3.G4														Pseudomonas sp. 286																																																																		p3.G4		Pseudomonas sp. 286									
SAMEA104472789	9555572	Pseudomonas viridiflava		Sample from Pseudomonas viridiflava		ERC000011	2018-06-26T11:51:44Z	2018-06-18T18:20:15Z			SAMEA104472789							MAX PLANCK INSTITUTE FOR DEVELOPMENTAL BIOLOGY	2018-06-26T11:51:44Z	2018-06-18T18:20:15Z	public							p3.G5														Pseudomonas sp. 286																																																																		p3.G5		Pseudomonas sp. 286									
SAMEA104472790	9555573	Pseudomonas viridiflava		Sample from Pseudomonas viridiflava		ERC000011	2018-06-26T11:51:44Z	2018-06-18T18:20:15Z			SAMEA104472790							MAX PLANCK INSTITUTE FOR DEVELOPMENTAL BIOLOGY	2018-06-26T11:51:44Z	2018-06-18T18:20:15Z	public							p3.G6														Pseudomonas sp. 286																																																																		p3.G6		Pseudomonas sp. 286									
SAMEA104472791	9555574	Pseudomonas viridiflava		Sample from Pseudomonas viridiflava		ERC000011	2018-06-26T11:51:44Z	2018-06-18T18:20:14Z			SAMEA104472791							MAX PLANCK INSTITUTE FOR DEVELOPMENTAL BIOLOGY	2018-06-26T11:51:44Z	2018-06-18T18:20:14Z	public							p3.G7														Pseudomonas sp. 286																																																																		p3.G7		Pseudomonas sp. 286									
SAMEA104472792	9555575	Pseudomonas viridiflava		Sample from Pseudomonas viridiflava		ERC000011	2018-06-26T11:51:45Z	2018-06-18T18:20:15Z			SAMEA104472792							MAX PLANCK INSTITUTE FOR DEVELOPMENTAL BIOLOGY	2018-06-26T11:51:45Z	2018-06-18T18:20:15Z	public							p3.G8														Pseudomonas sp. 286																																																																		p3.G8		Pseudomonas sp. 286									
SAMEA104472793	9555576	Pseudomonas viridiflava		Sample from Pseudomonas viridiflava		ERC000011	2018-06-26T11:51:45Z	2018-06-18T18:20:15Z			SAMEA104472793							MAX PLANCK INSTITUTE FOR DEVELOPMENTAL BIOLOGY	2018-06-26T11:51:45Z	2018-06-18T18:20:15Z	public							p3.G9														Pseudomonas sp. 286																																																																		p3.G9		Pseudomonas sp. 286									
SAMEA104472794	9555577	Pseudomonas viridiflava		Sample from Pseudomonas viridiflava		ERC000011	2018-06-26T11:51:45Z	2018-06-18T18:20:15Z			SAMEA104472794							MAX PLANCK INSTITUTE FOR DEVELOPMENTAL BIOLOGY	2018-06-26T11:51:45Z	2018-06-18T18:20:15Z	public							p3.H1														Pseudomonas sp. 286																																																																		p3.H1		Pseudomonas sp. 286									
SAMEA104472795	9555578	Pseudomonas viridiflava		Sample from Pseudomonas viridiflava		ERC000011	2018-06-26T11:51:46Z	2018-06-18T18:20:15Z			SAMEA104472795							MAX PLANCK INSTITUTE FOR DEVELOPMENTAL BIOLOGY	2018-06-26T11:51:46Z	2018-06-18T18:20:15Z	public							p3.H2														Pseudomonas sp. 286																																																																		p3.H2		Pseudomonas sp. 286									
SAMEA104472796	9555579	Pseudomonas viridiflava		Sample from Pseudomonas viridiflava		ERC000011	2018-06-26T11:51:46Z	2018-06-18T18:20:15Z			SAMEA104472796							MAX PLANCK INSTITUTE FOR DEVELOPMENTAL BIOLOGY	2018-06-26T11:51:46Z	2018-06-18T18:20:15Z	public							p3.H5														Pseudomonas sp. 286																																																																		p3.H5		Pseudomonas sp. 286									
SAMEA104472797	9555580	Pseudomonas viridiflava		Sample from Pseudomonas viridiflava		ERC000011	2018-06-26T11:51:46Z	2018-06-18T18:20:15Z			SAMEA104472797							MAX PLANCK INSTITUTE FOR DEVELOPMENTAL BIOLOGY	2018-06-26T11:51:46Z	2018-06-18T18:20:15Z	public							p3.H6														Pseudomonas sp. 286																																																																		p3.H6		Pseudomonas sp. 286									
SAMEA104472798	9555581	Pseudomonas viridiflava		Sample from Pseudomonas viridiflava		ERC000011	2018-06-26T11:51:46Z	2018-06-18T18:20:15Z			SAMEA104472798							MAX PLANCK INSTITUTE FOR DEVELOPMENTAL BIOLOGY	2018-06-26T11:51:46Z	2018-06-18T18:20:15Z	public							p3.H7														Pseudomonas sp. 286																																																																		p3.H7		Pseudomonas sp. 286									
SAMEA104472799	9555582	Pseudomonas viridiflava		Sample from Pseudomonas viridiflava		ERC000011	2018-06-26T11:51:47Z	2018-06-18T18:20:15Z			SAMEA104472799							MAX PLANCK INSTITUTE FOR DEVELOPMENTAL BIOLOGY	2018-06-26T11:51:47Z	2018-06-18T18:20:15Z	public							p3.H8														Pseudomonas sp. 286																																																																		p3.H8		Pseudomonas sp. 286									
SAMEA104472800	9555583	Pseudomonas viridiflava		Sample from Pseudomonas viridiflava		ERC000011	2018-06-26T11:51:47Z	2018-06-18T18:20:15Z			SAMEA104472800							MAX PLANCK INSTITUTE FOR DEVELOPMENTAL BIOLOGY	2018-06-26T11:51:47Z	2018-06-18T18:20:15Z	public							p3.H9														Pseudomonas sp. 286																																																																		p3.H9		Pseudomonas sp. 286									
SAMEA104472801	9555584	Pseudomonas viridiflava		Sample from Pseudomonas viridiflava		ERC000011	2018-06-26T11:51:47Z	2018-06-18T18:20:15Z			SAMEA104472801							MAX PLANCK INSTITUTE FOR DEVELOPMENTAL BIOLOGY	2018-06-26T11:51:47Z	2018-06-18T18:20:15Z	public							p4.A10														Pseudomonas sp. 286																																																																		p4.A10		Pseudomonas sp. 286									
SAMEA104472802	9555585	Pseudomonas viridiflava		Sample from Pseudomonas viridiflava		ERC000011	2018-06-26T11:51:47Z	2018-06-18T18:20:15Z			SAMEA104472802							MAX PLANCK INSTITUTE FOR DEVELOPMENTAL BIOLOGY	2018-06-26T11:51:47Z	2018-06-18T18:20:15Z	public							p4.A11														Pseudomonas sp. 286																																																																		p4.A11		Pseudomonas sp. 286									
SAMEA104472803	9555586	Pseudomonas viridiflava		Sample from Pseudomonas viridiflava		ERC000011	2018-06-26T11:51:48Z	2018-06-18T18:20:15Z			SAMEA104472803							MAX PLANCK INSTITUTE FOR DEVELOPMENTAL BIOLOGY	2018-06-26T11:51:48Z	2018-06-18T18:20:15Z	public							p4.A1														Pseudomonas sp. 286																																																																		p4.A1		Pseudomonas sp. 286									
SAMEA104472804	9555587	Pseudomonas viridiflava		Sample from Pseudomonas viridiflava		ERC000011	2018-06-26T11:51:48Z	2018-06-18T18:20:15Z			SAMEA104472804							MAX PLANCK INSTITUTE FOR DEVELOPMENTAL BIOLOGY	2018-06-26T11:51:48Z	2018-06-18T18:20:15Z	public							p4.A2														Pseudomonas sp. 286																																																																		p4.A2		Pseudomonas sp. 286									
SAMEA104472805	9555588	Pseudomonas viridiflava		Sample from Pseudomonas viridiflava		ERC000011	2018-06-26T11:51:48Z	2018-06-18T18:20:15Z			SAMEA104472805							MAX PLANCK INSTITUTE FOR DEVELOPMENTAL BIOLOGY	2018-06-26T11:51:48Z	2018-06-18T18:20:15Z	public							p4.A5														Pseudomonas sp. 286																																																																		p4.A5		Pseudomonas sp. 286									
SAMEA104472806	9555589	Pseudomonas viridiflava		Sample from Pseudomonas viridiflava		ERC000011	2018-06-26T11:51:48Z	2018-06-18T18:20:15Z			SAMEA104472806							MAX PLANCK INSTITUTE FOR DEVELOPMENTAL BIOLOGY	2018-06-26T11:51:48Z	2018-06-18T18:20:15Z	public							p4.A6														Pseudomonas sp. 286																																																																		p4.A6		Pseudomonas sp. 286									
SAMEA104472807	9555590	Pseudomonas viridiflava		Sample from Pseudomonas viridiflava		ERC000011	2018-06-26T11:51:49Z	2018-06-18T18:20:15Z			SAMEA104472807							MAX PLANCK INSTITUTE FOR DEVELOPMENTAL BIOLOGY	2018-06-26T11:51:49Z	2018-06-18T18:20:15Z	public							p4.A7														Pseudomonas sp. 286																																																																		p4.A7		Pseudomonas sp. 286									
SAMEA104472808	9555591	Pseudomonas viridiflava		Sample from Pseudomonas viridiflava		ERC000011	2018-06-26T11:51:49Z	2018-06-18T18:20:15Z			SAMEA104472808							MAX PLANCK INSTITUTE FOR DEVELOPMENTAL BIOLOGY	2018-06-26T11:51:49Z	2018-06-18T18:20:15Z	public							p4.A8														Pseudomonas sp. 286																																																																		p4.A8		Pseudomonas sp. 286									
SAMEA104472809	9555592	Pseudomonas viridiflava		Sample from Pseudomonas viridiflava		ERC000011	2018-06-26T11:51:49Z	2018-06-18T18:20:15Z			SAMEA104472809							MAX PLANCK INSTITUTE FOR DEVELOPMENTAL BIOLOGY	2018-06-26T11:51:49Z	2018-06-18T18:20:15Z	public							p4.A9														Pseudomonas sp. 286																																																																		p4.A9		Pseudomonas sp. 286									
SAMEA104472810	9555593	Pseudomonas viridiflava		Sample from Pseudomonas viridiflava		ERC000011	2018-06-26T11:51:49Z	2018-06-18T18:20:15Z			SAMEA104472810							MAX PLANCK INSTITUTE FOR DEVELOPMENTAL BIOLOGY	2018-06-26T11:51:49Z	2018-06-18T18:20:15Z	public							p4.B10														Pseudomonas sp. 286																																																																		p4.B10		Pseudomonas sp. 286									
SAMEA104472811	9555594	Pseudomonas viridiflava		Sample from Pseudomonas viridiflava		ERC000011	2018-06-26T11:51:50Z	2018-06-18T18:20:15Z			SAMEA104472811							MAX PLANCK INSTITUTE FOR DEVELOPMENTAL BIOLOGY	2018-06-26T11:51:50Z	2018-06-18T18:20:15Z	public							p4.B11														Pseudomonas sp. 286																																																																		p4.B11		Pseudomonas sp. 286									
SAMEA104472812	9555595	Pseudomonas viridiflava		Sample from Pseudomonas viridiflava		ERC000011	2018-06-26T11:51:50Z	2018-06-18T18:20:15Z			SAMEA104472812							MAX PLANCK INSTITUTE FOR DEVELOPMENTAL BIOLOGY	2018-06-26T11:51:50Z	2018-06-18T18:20:15Z	public							p4.B1														Pseudomonas sp. 286																																																																		p4.B1		Pseudomonas sp. 286									
SAMEA104472813	9555596	Pseudomonas viridiflava		Sample from Pseudomonas viridiflava		ERC000011	2018-06-26T11:51:50Z	2018-06-18T18:20:15Z			SAMEA104472813							MAX PLANCK INSTITUTE FOR DEVELOPMENTAL BIOLOGY	2018-06-26T11:51:50Z	2018-06-18T18:20:15Z	public							p4.B2														Pseudomonas sp. 286																																																																		p4.B2		Pseudomonas sp. 286									
SAMEA104472814	9555597	Pseudomonas viridiflava		Sample from Pseudomonas viridiflava		ERC000011	2018-06-26T11:51:51Z	2018-06-18T18:20:15Z			SAMEA104472814							MAX PLANCK INSTITUTE FOR DEVELOPMENTAL BIOLOGY	2018-06-26T11:51:51Z	2018-06-18T18:20:15Z	public							p4.B3														Pseudomonas sp. 286																																																																		p4.B3		Pseudomonas sp. 286									
SAMEA104472815	9555598	Pseudomonas viridiflava		Sample from Pseudomonas viridiflava		ERC000011	2018-06-26T11:51:51Z	2018-06-18T18:20:15Z			SAMEA104472815							MAX PLANCK INSTITUTE FOR DEVELOPMENTAL BIOLOGY	2018-06-26T11:51:51Z	2018-06-18T18:20:15Z	public							p4.B4														Pseudomonas sp. 286																																																																		p4.B4		Pseudomonas sp. 286									
SAMEA104472816	9555599	Pseudomonas viridiflava		Sample from Pseudomonas viridiflava		ERC000011	2018-06-26T11:51:51Z	2018-06-18T18:20:15Z			SAMEA104472816							MAX PLANCK INSTITUTE FOR DEVELOPMENTAL BIOLOGY	2018-06-26T11:51:51Z	2018-06-18T18:20:15Z	public							p4.B5														Pseudomonas sp. 286																																																																		p4.B5		Pseudomonas sp. 286									
SAMEA104472817	9555600	Pseudomonas viridiflava		Sample from Pseudomonas viridiflava		ERC000011	2018-06-26T11:51:51Z	2018-06-18T18:20:15Z			SAMEA104472817							MAX PLANCK INSTITUTE FOR DEVELOPMENTAL BIOLOGY	2018-06-26T11:51:51Z	2018-06-18T18:20:15Z	public							p4.B7														Pseudomonas sp. 286																																																																		p4.B7		Pseudomonas sp. 286									
SAMEA104472818	9555601	Pseudomonas viridiflava		Sample from Pseudomonas viridiflava		ERC000011	2018-06-26T11:51:52Z	2018-06-18T18:20:15Z			SAMEA104472818							MAX PLANCK INSTITUTE FOR DEVELOPMENTAL BIOLOGY	2018-06-26T11:51:52Z	2018-06-18T18:20:15Z	public							p4.B8														Pseudomonas sp. 286																																																																		p4.B8		Pseudomonas sp. 286									
SAMEA104472819	9555602	Pseudomonas viridiflava		Sample from Pseudomonas viridiflava		ERC000011	2018-06-26T11:51:52Z	2018-06-18T18:20:15Z			SAMEA104472819							MAX PLANCK INSTITUTE FOR DEVELOPMENTAL BIOLOGY	2018-06-26T11:51:52Z	2018-06-18T18:20:15Z	public							p4.B9														Pseudomonas sp. 286																																																																		p4.B9		Pseudomonas sp. 286									
SAMEA104472820	9555603	Pseudomonas viridiflava		Sample from Pseudomonas viridiflava		ERC000011	2018-06-26T11:51:52Z	2018-06-18T18:20:15Z			SAMEA104472820							MAX PLANCK INSTITUTE FOR DEVELOPMENTAL BIOLOGY	2018-06-26T11:51:52Z	2018-06-18T18:20:15Z	public							p4.C10														Pseudomonas sp. 286																																																																		p4.C10		Pseudomonas sp. 286									
SAMEA104472821	9555604	Pseudomonas viridiflava		Sample from Pseudomonas viridiflava		ERC000011	2018-06-26T11:51:52Z	2018-06-18T18:20:15Z			SAMEA104472821							MAX PLANCK INSTITUTE FOR DEVELOPMENTAL BIOLOGY	2018-06-26T11:51:52Z	2018-06-18T18:20:15Z	public							p4.C11														Pseudomonas sp. 286																																																																		p4.C11		Pseudomonas sp. 286									
SAMEA104472822	9555605	Pseudomonas viridiflava		Sample from Pseudomonas viridiflava		ERC000011	2018-06-26T11:51:53Z	2018-06-18T18:20:14Z			SAMEA104472822							MAX PLANCK INSTITUTE FOR DEVELOPMENTAL BIOLOGY	2018-06-26T11:51:53Z	2018-06-18T18:20:14Z	public							p4.C1														Pseudomonas sp. 286																																																																		p4.C1		Pseudomonas sp. 286									
SAMEA104472823	9555606	Pseudomonas viridiflava		Sample from Pseudomonas viridiflava		ERC000011	2018-06-26T11:51:53Z	2018-06-18T18:20:14Z			SAMEA104472823							MAX PLANCK INSTITUTE FOR DEVELOPMENTAL BIOLOGY	2018-06-26T11:51:53Z	2018-06-18T18:20:14Z	public							p4.C2														Pseudomonas sp. 286																																																																		p4.C2		Pseudomonas sp. 286									
SAMEA104472824	9555607	Pseudomonas viridiflava		Sample from Pseudomonas viridiflava		ERC000011	2018-06-26T11:51:54Z	2018-06-18T18:20:14Z			SAMEA104472824							MAX PLANCK INSTITUTE FOR DEVELOPMENTAL BIOLOGY	2018-06-26T11:51:54Z	2018-06-18T18:20:14Z	public							p4.C3														Pseudomonas sp. 286																																																																		p4.C3		Pseudomonas sp. 286									
SAMEA104472825	9555608	Pseudomonas viridiflava		Sample from Pseudomonas viridiflava		ERC000011	2018-06-26T11:51:54Z	2018-06-18T18:20:14Z			SAMEA104472825							MAX PLANCK INSTITUTE FOR DEVELOPMENTAL BIOLOGY	2018-06-26T11:51:54Z	2018-06-18T18:20:14Z	public							p4.C5														Pseudomonas sp. 286																																																																		p4.C5		Pseudomonas sp. 286									
SAMEA104472826	9555609	Pseudomonas viridiflava		Sample from Pseudomonas viridiflava		ERC000011	2018-06-26T11:51:54Z	2018-06-18T18:20:14Z			SAMEA104472826							MAX PLANCK INSTITUTE FOR DEVELOPMENTAL BIOLOGY	2018-06-26T11:51:54Z	2018-06-18T18:20:14Z	public							p4.C6														Pseudomonas sp. 286																																																																		p4.C6		Pseudomonas sp. 286									
SAMEA104472827	9555610	Pseudomonas viridiflava		Sample from Pseudomonas viridiflava		ERC000011	2018-06-26T11:51:54Z	2018-06-18T18:20:14Z			SAMEA104472827							MAX PLANCK INSTITUTE FOR DEVELOPMENTAL BIOLOGY	2018-06-26T11:51:54Z	2018-06-18T18:20:14Z	public							p4.C7														Pseudomonas sp. 286																																																																		p4.C7		Pseudomonas sp. 286									
SAMEA104472828	9555611	Pseudomonas viridiflava		Sample from Pseudomonas viridiflava		ERC000011	2018-06-26T11:51:55Z	2018-06-18T18:20:14Z			SAMEA104472828							MAX PLANCK INSTITUTE FOR DEVELOPMENTAL BIOLOGY	2018-06-26T11:51:55Z	2018-06-18T18:20:14Z	public							p4.C8														Pseudomonas sp. 286																																																																		p4.C8		Pseudomonas sp. 286									
SAMEA104472829	9555612	Pseudomonas viridiflava		Sample from Pseudomonas viridiflava		ERC000011	2018-06-26T11:51:55Z	2018-06-18T18:20:14Z			SAMEA104472829							MAX PLANCK INSTITUTE FOR DEVELOPMENTAL BIOLOGY	2018-06-26T11:51:55Z	2018-06-18T18:20:14Z	public							p4.C9														Pseudomonas sp. 286																																																																		p4.C9		Pseudomonas sp. 286									
SAMEA104472830	9555613	Pseudomonas viridiflava		Sample from Pseudomonas viridiflava		ERC000011	2018-06-26T11:51:55Z	2018-06-18T18:20:14Z			SAMEA104472830							MAX PLANCK INSTITUTE FOR DEVELOPMENTAL BIOLOGY	2018-06-26T11:51:55Z	2018-06-18T18:20:14Z	public							p4.D10														Pseudomonas sp. 286																																																																		p4.D10		Pseudomonas sp. 286									
SAMEA104472831	9555614	Pseudomonas viridiflava		Sample from Pseudomonas viridiflava		ERC000011	2018-06-26T11:51:56Z	2018-06-18T18:20:14Z			SAMEA104472831							MAX PLANCK INSTITUTE FOR DEVELOPMENTAL BIOLOGY	2018-06-26T11:51:56Z	2018-06-18T18:20:14Z	public							p4.D11														Pseudomonas sp. 286																																																																		p4.D11		Pseudomonas sp. 286									
SAMEA104472832	9555615	Pseudomonas viridiflava		Sample from Pseudomonas viridiflava		ERC000011	2018-06-26T11:51:56Z	2018-06-18T18:20:14Z			SAMEA104472832							MAX PLANCK INSTITUTE FOR DEVELOPMENTAL BIOLOGY	2018-06-26T11:51:56Z	2018-06-18T18:20:14Z	public							p4.D1														Pseudomonas sp. 286																																																																		p4.D1		Pseudomonas sp. 286									
SAMEA104472833	9555616	Pseudomonas viridiflava		Sample from Pseudomonas viridiflava		ERC000011	2018-06-26T11:51:56Z	2018-06-18T18:20:14Z			SAMEA104472833							MAX PLANCK INSTITUTE FOR DEVELOPMENTAL BIOLOGY	2018-06-26T11:51:56Z	2018-06-18T18:20:14Z	public							p4.D2														Pseudomonas sp. 286																																																																		p4.D2		Pseudomonas sp. 286									
SAMEA104472834	9555617	Pseudomonas viridiflava		Sample from Pseudomonas viridiflava		ERC000011	2018-06-26T11:51:56Z	2018-06-18T18:20:14Z			SAMEA104472834							MAX PLANCK INSTITUTE FOR DEVELOPMENTAL BIOLOGY	2018-06-26T11:51:56Z	2018-06-18T18:20:14Z	public							p4.D3														Pseudomonas sp. 286																																																																		p4.D3		Pseudomonas sp. 286									
SAMEA104472835	9555618	Pseudomonas viridiflava		Sample from Pseudomonas viridiflava		ERC000011	2018-06-26T11:51:57Z	2018-06-18T18:20:14Z			SAMEA104472835							MAX PLANCK INSTITUTE FOR DEVELOPMENTAL BIOLOGY	2018-06-26T11:51:57Z	2018-06-18T18:20:14Z	public							p4.D4														Pseudomonas sp. 286																																																																		p4.D4		Pseudomonas sp. 286									
SAMEA104472836	9555619	Pseudomonas viridiflava		Sample from Pseudomonas viridiflava		ERC000011	2018-06-26T11:51:57Z	2018-06-18T18:20:14Z			SAMEA104472836							MAX PLANCK INSTITUTE FOR DEVELOPMENTAL BIOLOGY	2018-06-26T11:51:57Z	2018-06-18T18:20:14Z	public							p4.D6														Pseudomonas sp. 286																																																																		p4.D6		Pseudomonas sp. 286									
SAMEA104472837	9555620	Pseudomonas viridiflava		Sample from Pseudomonas viridiflava		ERC000011	2018-06-26T11:51:57Z	2018-06-18T18:20:14Z			SAMEA104472837							MAX PLANCK INSTITUTE FOR DEVELOPMENTAL BIOLOGY	2018-06-26T11:51:57Z	2018-06-18T18:20:14Z	public							p4.D8														Pseudomonas sp. 286																																																																		p4.D8		Pseudomonas sp. 286									
SAMEA104472838	9555621	Pseudomonas viridiflava		Sample from Pseudomonas viridiflava		ERC000011	2018-06-26T11:51:57Z	2018-06-18T18:20:14Z			SAMEA104472838							MAX PLANCK INSTITUTE FOR DEVELOPMENTAL BIOLOGY	2018-06-26T11:51:57Z	2018-06-18T18:20:14Z	public							p4.D9														Pseudomonas sp. 286																																																																		p4.D9		Pseudomonas sp. 286									
SAMEA104472839	9555622	Pseudomonas viridiflava		Sample from Pseudomonas viridiflava		ERC000011	2018-06-26T11:51:58Z	2018-06-18T18:20:14Z			SAMEA104472839							MAX PLANCK INSTITUTE FOR DEVELOPMENTAL BIOLOGY	2018-06-26T11:51:58Z	2018-06-18T18:20:14Z	public							p4.E1														Pseudomonas sp. 286																																																																		p4.E1		Pseudomonas sp. 286									
SAMEA104472840	9555623	Pseudomonas viridiflava		Sample from Pseudomonas viridiflava		ERC000011	2018-06-26T11:51:58Z	2018-06-18T18:20:14Z			SAMEA104472840							MAX PLANCK INSTITUTE FOR DEVELOPMENTAL BIOLOGY	2018-06-26T11:51:58Z	2018-06-18T18:20:14Z	public							p4.E3														Pseudomonas sp. 286																																																																		p4.E3		Pseudomonas sp. 286									
SAMEA104472841	9555624	Pseudomonas viridiflava		Sample from Pseudomonas viridiflava		ERC000011	2018-06-26T11:51:58Z	2018-06-18T18:20:14Z			SAMEA104472841							MAX PLANCK INSTITUTE FOR DEVELOPMENTAL BIOLOGY	2018-06-26T11:51:58Z	2018-06-18T18:20:14Z	public							p4.E4														Pseudomonas sp. 286																																																																		p4.E4		Pseudomonas sp. 286									
SAMEA104472842	9555625	Pseudomonas viridiflava		Sample from Pseudomonas viridiflava		ERC000011	2018-06-26T11:51:58Z	2018-06-18T18:20:14Z			SAMEA104472842							MAX PLANCK INSTITUTE FOR DEVELOPMENTAL BIOLOGY	2018-06-26T11:51:58Z	2018-06-18T18:20:14Z	public							p4.E5														Pseudomonas sp. 286																																																																		p4.E5		Pseudomonas sp. 286									
SAMEA104472843	9555626	Pseudomonas viridiflava		Sample from Pseudomonas viridiflava		ERC000011	2018-06-26T11:51:59Z	2018-06-18T18:20:14Z			SAMEA104472843							MAX PLANCK INSTITUTE FOR DEVELOPMENTAL BIOLOGY	2018-06-26T11:51:59Z	2018-06-18T18:20:14Z	public							p4.E6														Pseudomonas sp. 286																																																																		p4.E6		Pseudomonas sp. 286									
SAMEA104472844	9555627	Pseudomonas viridiflava		Sample from Pseudomonas viridiflava		ERC000011	2018-06-26T11:51:59Z	2018-06-18T18:20:14Z			SAMEA104472844							MAX PLANCK INSTITUTE FOR DEVELOPMENTAL BIOLOGY	2018-06-26T11:51:59Z	2018-06-18T18:20:14Z	public							p4.E8														Pseudomonas sp. 286																																																																		p4.E8		Pseudomonas sp. 286									
SAMEA104472845	9555628	Pseudomonas viridiflava		Sample from Pseudomonas viridiflava		ERC000011	2018-06-26T11:51:59Z	2018-06-18T18:20:14Z			SAMEA104472845							MAX PLANCK INSTITUTE FOR DEVELOPMENTAL BIOLOGY	2018-06-26T11:51:59Z	2018-06-18T18:20:14Z	public							p4.E9														Pseudomonas sp. 286																																																																		p4.E9		Pseudomonas sp. 286									
SAMEA104472846	9555629	Pseudomonas viridiflava		Sample from Pseudomonas viridiflava		ERC000011	2018-06-26T11:51:59Z	2018-06-18T18:20:14Z			SAMEA104472846							MAX PLANCK INSTITUTE FOR DEVELOPMENTAL BIOLOGY	2018-06-26T11:51:59Z	2018-06-18T18:20:14Z	public							p4.F10														Pseudomonas sp. 286																																																																		p4.F10		Pseudomonas sp. 286									
SAMEA104472847	9555630	Pseudomonas viridiflava		Sample from Pseudomonas viridiflava		ERC000011	2018-06-26T11:52:00Z	2018-06-18T18:20:14Z			SAMEA104472847							MAX PLANCK INSTITUTE FOR DEVELOPMENTAL BIOLOGY	2018-06-26T11:52:00Z	2018-06-18T18:20:14Z	public							p4.F11														Pseudomonas sp. 286																																																																		p4.F11		Pseudomonas sp. 286									
SAMEA104472848	9555631	Pseudomonas viridiflava		Sample from Pseudomonas viridiflava		ERC000011	2018-06-26T11:52:00Z	2018-06-18T18:20:14Z			SAMEA104472848							MAX PLANCK INSTITUTE FOR DEVELOPMENTAL BIOLOGY	2018-06-26T11:52:00Z	2018-06-18T18:20:14Z	public							p4.F12														Pseudomonas sp. 286																																																																		p4.F12		Pseudomonas sp. 286									
SAMEA104472849	9555632	Pseudomonas viridiflava		Sample from Pseudomonas viridiflava		ERC000011	2018-06-26T11:52:00Z	2018-06-18T18:20:14Z			SAMEA104472849							MAX PLANCK INSTITUTE FOR DEVELOPMENTAL BIOLOGY	2018-06-26T11:52:00Z	2018-06-18T18:20:14Z	public							p4.F1														Pseudomonas sp. 286																																																																		p4.F1		Pseudomonas sp. 286									
SAMEA104472850	9555633	Pseudomonas viridiflava		Sample from Pseudomonas viridiflava		ERC000011	2018-06-26T11:52:01Z	2018-06-18T18:20:14Z			SAMEA104472850							MAX PLANCK INSTITUTE FOR DEVELOPMENTAL BIOLOGY	2018-06-26T11:52:01Z	2018-06-18T18:20:14Z	public							p4.F2														Pseudomonas sp. 286																																																																		p4.F2		Pseudomonas sp. 286									
SAMEA104472851	9555634	Pseudomonas viridiflava		Sample from Pseudomonas viridiflava		ERC000011	2018-06-26T11:52:01Z	2018-06-18T18:20:14Z			SAMEA104472851							MAX PLANCK INSTITUTE FOR DEVELOPMENTAL BIOLOGY	2018-06-26T11:52:01Z	2018-06-18T18:20:14Z	public							p4.F3														Pseudomonas sp. 286																																																																		p4.F3		Pseudomonas sp. 286									
SAMEA104472852	9555635	Pseudomonas viridiflava		Sample from Pseudomonas viridiflava		ERC000011	2018-06-26T11:52:01Z	2018-06-18T18:20:14Z			SAMEA104472852							MAX PLANCK INSTITUTE FOR DEVELOPMENTAL BIOLOGY	2018-06-26T11:52:01Z	2018-06-18T18:20:14Z	public							p4.F4														Pseudomonas sp. 286																																																																		p4.F4		Pseudomonas sp. 286									
SAMEA104472853	9555636	Pseudomonas viridiflava		Sample from Pseudomonas viridiflava		ERC000011	2018-06-26T11:52:01Z	2018-06-18T18:20:14Z			SAMEA104472853							MAX PLANCK INSTITUTE FOR DEVELOPMENTAL BIOLOGY	2018-06-26T11:52:01Z	2018-06-18T18:20:14Z	public							p4.F5														Pseudomonas sp. 286																																																																		p4.F5		Pseudomonas sp. 286									
SAMEA104472854	9555637	Pseudomonas viridiflava		Sample from Pseudomonas viridiflava		ERC000011	2018-06-26T11:52:02Z	2018-06-18T18:20:14Z			SAMEA104472854							MAX PLANCK INSTITUTE FOR DEVELOPMENTAL BIOLOGY	2018-06-26T11:52:02Z	2018-06-18T18:20:14Z	public							p4.F8														Pseudomonas sp. 286																																																																		p4.F8		Pseudomonas sp. 286									
SAMEA104472855	9555638	Pseudomonas viridiflava		Sample from Pseudomonas viridiflava		ERC000011	2018-06-26T11:52:02Z	2018-06-18T18:20:14Z			SAMEA104472855							MAX PLANCK INSTITUTE FOR DEVELOPMENTAL BIOLOGY	2018-06-26T11:52:02Z	2018-06-18T18:20:14Z	public							p4.F9														Pseudomonas sp. 286																																																																		p4.F9		Pseudomonas sp. 286									
SAMEA104472856	9555639	Pseudomonas viridiflava		Sample from Pseudomonas viridiflava		ERC000011	2018-06-26T11:52:02Z	2018-06-18T18:20:14Z			SAMEA104472856							MAX PLANCK INSTITUTE FOR DEVELOPMENTAL BIOLOGY	2018-06-26T11:52:02Z	2018-06-18T18:20:14Z	public							p4.G11														Pseudomonas sp. 286																																																																		p4.G11		Pseudomonas sp. 286									
SAMEA104472857	9555640	Pseudomonas viridiflava		Sample from Pseudomonas viridiflava		ERC000011	2018-06-26T11:52:03Z	2018-06-18T18:20:14Z			SAMEA104472857							MAX PLANCK INSTITUTE FOR DEVELOPMENTAL BIOLOGY	2018-06-26T11:52:03Z	2018-06-18T18:20:14Z	public							p4.G1														Pseudomonas sp. 286																																																																		p4.G1		Pseudomonas sp. 286									
SAMEA104472858	9555641	Pseudomonas viridiflava		Sample from Pseudomonas viridiflava		ERC000011	2018-06-26T11:52:03Z	2018-06-18T18:20:14Z			SAMEA104472858							MAX PLANCK INSTITUTE FOR DEVELOPMENTAL BIOLOGY	2018-06-26T11:52:03Z	2018-06-18T18:20:14Z	public							p4.G2														Pseudomonas sp. 286																																																																		p4.G2		Pseudomonas sp. 286									
SAMEA104472859	9555642	Pseudomonas viridiflava		Sample from Pseudomonas viridiflava		ERC000011	2018-06-26T11:52:03Z	2018-06-18T18:20:14Z			SAMEA104472859							MAX PLANCK INSTITUTE FOR DEVELOPMENTAL BIOLOGY	2018-06-26T11:52:03Z	2018-06-18T18:20:14Z	public							p4.G3														Pseudomonas sp. 286																																																																		p4.G3		Pseudomonas sp. 286									
SAMEA104472860	9555643	Pseudomonas viridiflava		Sample from Pseudomonas viridiflava		ERC000011	2018-06-26T11:52:03Z	2018-06-18T18:20:14Z			SAMEA104472860							MAX PLANCK INSTITUTE FOR DEVELOPMENTAL BIOLOGY	2018-06-26T11:52:03Z	2018-06-18T18:20:14Z	public							p4.G4														Pseudomonas sp. 286																																																																		p4.G4		Pseudomonas sp. 286									
SAMEA104472861	9555644	Pseudomonas viridiflava		Sample from Pseudomonas viridiflava		ERC000011	2018-06-26T11:52:04Z	2018-06-18T18:20:14Z			SAMEA104472861							MAX PLANCK INSTITUTE FOR DEVELOPMENTAL BIOLOGY	2018-06-26T11:52:04Z	2018-06-18T18:20:14Z	public							p4.G6														Pseudomonas sp. 286																																																																		p4.G6		Pseudomonas sp. 286									
SAMEA104472862	9555645	Pseudomonas viridiflava		Sample from Pseudomonas viridiflava		ERC000011	2018-06-26T11:52:04Z	2018-06-18T18:20:14Z			SAMEA104472862							MAX PLANCK INSTITUTE FOR DEVELOPMENTAL BIOLOGY	2018-06-26T11:52:04Z	2018-06-18T18:20:14Z	public							p4.G8														Pseudomonas sp. 286																																																																		p4.G8		Pseudomonas sp. 286									
SAMEA104472863	9555646	Pseudomonas viridiflava		Sample from Pseudomonas viridiflava		ERC000011	2018-06-26T11:52:04Z	2018-06-18T18:20:14Z			SAMEA104472863							MAX PLANCK INSTITUTE FOR DEVELOPMENTAL BIOLOGY	2018-06-26T11:52:04Z	2018-06-18T18:20:14Z	public							p4.G9														Pseudomonas sp. 286																																																																		p4.G9		Pseudomonas sp. 286									
SAMEA104472864	9555647	Pseudomonas viridiflava		Sample from Pseudomonas viridiflava		ERC000011	2018-06-26T11:52:04Z	2018-06-18T18:20:14Z			SAMEA104472864							MAX PLANCK INSTITUTE FOR DEVELOPMENTAL BIOLOGY	2018-06-26T11:52:04Z	2018-06-18T18:20:14Z	public							p4.H10														Pseudomonas sp. 286																																																																		p4.H10		Pseudomonas sp. 286									
SAMEA104472865	9555648	Pseudomonas viridiflava		Sample from Pseudomonas viridiflava		ERC000011	2018-06-26T11:52:05Z	2018-06-18T18:20:14Z			SAMEA104472865							MAX PLANCK INSTITUTE FOR DEVELOPMENTAL BIOLOGY	2018-06-26T11:52:05Z	2018-06-18T18:20:14Z	public							p4.H11														Pseudomonas sp. 286																																																																		p4.H11		Pseudomonas sp. 286									
SAMEA104472866	9555649	Pseudomonas viridiflava		Sample from Pseudomonas viridiflava		ERC000011	2018-06-26T11:52:05Z	2018-06-18T18:20:14Z			SAMEA104472866							MAX PLANCK INSTITUTE FOR DEVELOPMENTAL BIOLOGY	2018-06-26T11:52:05Z	2018-06-18T18:20:14Z	public							p4.H1														Pseudomonas sp. 286																																																																		p4.H1		Pseudomonas sp. 286									
SAMEA104472867	9555650	Pseudomonas viridiflava		Sample from Pseudomonas viridiflava		ERC000011	2018-06-26T11:52:05Z	2018-06-18T18:20:14Z			SAMEA104472867							MAX PLANCK INSTITUTE FOR DEVELOPMENTAL BIOLOGY	2018-06-26T11:52:05Z	2018-06-18T18:20:14Z	public							p4.H2														Pseudomonas sp. 286																																																																		p4.H2		Pseudomonas sp. 286									
SAMEA104472868	9555651	Pseudomonas viridiflava		Sample from Pseudomonas viridiflava		ERC000011	2018-06-26T11:52:05Z	2018-06-18T18:20:14Z			SAMEA104472868							MAX PLANCK INSTITUTE FOR DEVELOPMENTAL BIOLOGY	2018-06-26T11:52:05Z	2018-06-18T18:20:14Z	public							p4.H3														Pseudomonas sp. 286																																																																		p4.H3		Pseudomonas sp. 286									
SAMEA104472869	9555652	Pseudomonas viridiflava		Sample from Pseudomonas viridiflava		ERC000011	2018-06-26T11:52:06Z	2018-06-18T18:20:14Z			SAMEA104472869							MAX PLANCK INSTITUTE FOR DEVELOPMENTAL BIOLOGY	2018-06-26T11:52:06Z	2018-06-18T18:20:14Z	public							p4.H4														Pseudomonas sp. 286																																																																		p4.H4		Pseudomonas sp. 286									
SAMEA104472870	9555653	Pseudomonas viridiflava		Sample from Pseudomonas viridiflava		ERC000011	2018-06-26T11:52:06Z	2018-06-18T18:20:14Z			SAMEA104472870							MAX PLANCK INSTITUTE FOR DEVELOPMENTAL BIOLOGY	2018-06-26T11:52:06Z	2018-06-18T18:20:14Z	public							p4.H5														Pseudomonas sp. 286																																																																		p4.H5		Pseudomonas sp. 286									
SAMEA104472871	9555654	Pseudomonas viridiflava		Sample from Pseudomonas viridiflava		ERC000011	2018-06-26T11:52:06Z	2018-06-18T18:20:14Z			SAMEA104472871							MAX PLANCK INSTITUTE FOR DEVELOPMENTAL BIOLOGY	2018-06-26T11:52:06Z	2018-06-18T18:20:14Z	public							p4.H6														Pseudomonas sp. 286																																																																		p4.H6		Pseudomonas sp. 286									
SAMEA104472872	9555655	Pseudomonas viridiflava		Sample from Pseudomonas viridiflava		ERC000011	2018-06-26T11:52:06Z	2018-06-18T18:20:14Z			SAMEA104472872							MAX PLANCK INSTITUTE FOR DEVELOPMENTAL BIOLOGY	2018-06-26T11:52:06Z	2018-06-18T18:20:14Z	public							p4.H8														Pseudomonas sp. 286																																																																		p4.H8		Pseudomonas sp. 286									
SAMEA104472873	9555656	Pseudomonas viridiflava		Sample from Pseudomonas viridiflava		ERC000011	2018-06-26T11:52:07Z	2018-06-18T18:20:14Z			SAMEA104472873							MAX PLANCK INSTITUTE FOR DEVELOPMENTAL BIOLOGY	2018-06-26T11:52:07Z	2018-06-18T18:20:14Z	public							p4.H9														Pseudomonas sp. 286																																																																		p4.H9		Pseudomonas sp. 286									
SAMEA104472874	9555657	Pseudomonas viridiflava		Sample from Pseudomonas viridiflava		ERC000011	2018-06-26T11:52:07Z	2018-06-18T18:20:07Z			SAMEA104472874							MAX PLANCK INSTITUTE FOR DEVELOPMENTAL BIOLOGY	2018-06-26T11:52:07Z	2018-06-18T18:20:07Z	public							p5.A10														Pseudomonas sp. 286																																																																		p5.A10		Pseudomonas sp. 286									
SAMEA104472875	9555658	Pseudomonas viridiflava		Sample from Pseudomonas viridiflava		ERC000011	2018-06-26T11:52:07Z	2018-06-18T18:20:14Z			SAMEA104472875							MAX PLANCK INSTITUTE FOR DEVELOPMENTAL BIOLOGY	2018-06-26T11:52:07Z	2018-06-18T18:20:14Z	public							p5.A11														Pseudomonas sp. 286																																																																		p5.A11		Pseudomonas sp. 286									
SAMEA104472876	9555659	Pseudomonas viridiflava		Sample from Pseudomonas viridiflava		ERC000011	2018-06-26T11:52:07Z	2018-06-18T18:20:14Z			SAMEA104472876							MAX PLANCK INSTITUTE FOR DEVELOPMENTAL BIOLOGY	2018-06-26T11:52:07Z	2018-06-18T18:20:14Z	public							p5.A12														Pseudomonas sp. 286																																																																		p5.A12		Pseudomonas sp. 286									
SAMEA104472877	9555660	Pseudomonas viridiflava		Sample from Pseudomonas viridiflava		ERC000011	2018-06-26T11:52:08Z	2018-06-18T18:20:14Z			SAMEA104472877							MAX PLANCK INSTITUTE FOR DEVELOPMENTAL BIOLOGY	2018-06-26T11:52:08Z	2018-06-18T18:20:14Z	public							p5.A1														Pseudomonas sp. 286																																																																		p5.A1		Pseudomonas sp. 286									
SAMEA104472878	9555661	Pseudomonas viridiflava		Sample from Pseudomonas viridiflava		ERC000011	2018-06-26T11:52:08Z	2018-06-18T18:20:14Z			SAMEA104472878							MAX PLANCK INSTITUTE FOR DEVELOPMENTAL BIOLOGY	2018-06-26T11:52:08Z	2018-06-18T18:20:14Z	public							p5.A2														Pseudomonas sp. 286																																																																		p5.A2		Pseudomonas sp. 286									
SAMEA104472879	9555662	Pseudomonas viridiflava		Sample from Pseudomonas viridiflava		ERC000011	2018-06-26T11:52:08Z	2018-06-18T18:20:14Z			SAMEA104472879							MAX PLANCK INSTITUTE FOR DEVELOPMENTAL BIOLOGY	2018-06-26T11:52:08Z	2018-06-18T18:20:14Z	public							p5.A3														Pseudomonas sp. 286																																																																		p5.A3		Pseudomonas sp. 286									
SAMEA104472880	9555663	Pseudomonas viridiflava		Sample from Pseudomonas viridiflava		ERC000011	2018-06-26T11:52:08Z	2018-06-18T18:20:07Z			SAMEA104472880							MAX PLANCK INSTITUTE FOR DEVELOPMENTAL BIOLOGY	2018-06-26T11:52:08Z	2018-06-18T18:20:07Z	public							p5.A4														Pseudomonas sp. 286																																																																		p5.A4		Pseudomonas sp. 286									
SAMEA104472881	9555664	Pseudomonas viridiflava		Sample from Pseudomonas viridiflava		ERC000011	2018-06-26T11:52:09Z	2018-06-18T18:20:07Z			SAMEA104472881							MAX PLANCK INSTITUTE FOR DEVELOPMENTAL BIOLOGY	2018-06-26T11:52:09Z	2018-06-18T18:20:07Z	public							p5.A5														Pseudomonas sp. 286																																																																		p5.A5		Pseudomonas sp. 286									
SAMEA104472882	9555665	Pseudomonas viridiflava		Sample from Pseudomonas viridiflava		ERC000011	2018-06-26T11:52:09Z	2018-06-18T18:20:07Z			SAMEA104472882							MAX PLANCK INSTITUTE FOR DEVELOPMENTAL BIOLOGY	2018-06-26T11:52:09Z	2018-06-18T18:20:07Z	public							p5.A6														Pseudomonas sp. 286																																																																		p5.A6		Pseudomonas sp. 286									
SAMEA104472883	9555666	Pseudomonas viridiflava		Sample from Pseudomonas viridiflava		ERC000011	2018-06-26T11:52:09Z	2018-06-18T18:20:07Z			SAMEA104472883							MAX PLANCK INSTITUTE FOR DEVELOPMENTAL BIOLOGY	2018-06-26T11:52:09Z	2018-06-18T18:20:07Z	public							p5.A7														Pseudomonas sp. 286																																																																		p5.A7		Pseudomonas sp. 286									
SAMEA104472884	9555667	Pseudomonas viridiflava		Sample from Pseudomonas viridiflava		ERC000011	2018-06-26T11:52:10Z	2018-06-18T18:20:07Z			SAMEA104472884							MAX PLANCK INSTITUTE FOR DEVELOPMENTAL BIOLOGY	2018-06-26T11:52:10Z	2018-06-18T18:20:07Z	public							p5.A8														Pseudomonas sp. 286																																																																		p5.A8		Pseudomonas sp. 286									
SAMEA104472885	9555668	Pseudomonas viridiflava		Sample from Pseudomonas viridiflava		ERC000011	2018-06-26T11:52:10Z	2018-06-18T18:20:07Z			SAMEA104472885							MAX PLANCK INSTITUTE FOR DEVELOPMENTAL BIOLOGY	2018-06-26T11:52:10Z	2018-06-18T18:20:07Z	public							p5.A9														Pseudomonas sp. 286																																																																		p5.A9		Pseudomonas sp. 286									
SAMEA104472886	9555669	Pseudomonas viridiflava		Sample from Pseudomonas viridiflava		ERC000011	2018-06-26T11:52:10Z	2018-06-18T18:20:07Z			SAMEA104472886							MAX PLANCK INSTITUTE FOR DEVELOPMENTAL BIOLOGY	2018-06-26T11:52:10Z	2018-06-18T18:20:07Z	public							p5.B10														Pseudomonas sp. 286																																																																		p5.B10		Pseudomonas sp. 286									
SAMEA104472887	9555670	Pseudomonas viridiflava		Sample from Pseudomonas viridiflava		ERC000011	2018-06-26T11:52:10Z	2018-06-18T18:20:07Z			SAMEA104472887							MAX PLANCK INSTITUTE FOR DEVELOPMENTAL BIOLOGY	2018-06-26T11:52:10Z	2018-06-18T18:20:07Z	public							p5.B11														Pseudomonas sp. 286																																																																		p5.B11		Pseudomonas sp. 286									
SAMEA104472888	9555671	Pseudomonas viridiflava		Sample from Pseudomonas viridiflava		ERC000011	2018-06-26T11:52:11Z	2018-06-18T18:20:07Z			SAMEA104472888							MAX PLANCK INSTITUTE FOR DEVELOPMENTAL BIOLOGY	2018-06-26T11:52:11Z	2018-06-18T18:20:07Z	public							p5.B1														Pseudomonas sp. 286																																																																		p5.B1		Pseudomonas sp. 286									
SAMEA104472889	9555672	Pseudomonas viridiflava		Sample from Pseudomonas viridiflava		ERC000011	2018-06-26T11:52:11Z	2018-06-18T18:20:07Z			SAMEA104472889							MAX PLANCK INSTITUTE FOR DEVELOPMENTAL BIOLOGY	2018-06-26T11:52:11Z	2018-06-18T18:20:07Z	public							p5.B2														Pseudomonas sp. 286																																																																		p5.B2		Pseudomonas sp. 286									
SAMEA104472890	9555673	Pseudomonas viridiflava		Sample from Pseudomonas viridiflava		ERC000011	2018-06-26T11:52:11Z	2018-06-18T18:20:07Z			SAMEA104472890							MAX PLANCK INSTITUTE FOR DEVELOPMENTAL BIOLOGY	2018-06-26T11:52:11Z	2018-06-18T18:20:07Z	public							p5.B3														Pseudomonas sp. 286																																																																		p5.B3		Pseudomonas sp. 286									
SAMEA104472891	9555674	Pseudomonas viridiflava		Sample from Pseudomonas viridiflava		ERC000011	2018-06-26T11:52:11Z	2018-06-18T18:20:07Z			SAMEA104472891							MAX PLANCK INSTITUTE FOR DEVELOPMENTAL BIOLOGY	2018-06-26T11:52:11Z	2018-06-18T18:20:07Z	public							p5.B4														Pseudomonas sp. 286																																																																		p5.B4		Pseudomonas sp. 286									
SAMEA104472892	9555675	Pseudomonas viridiflava		Sample from Pseudomonas viridiflava		ERC000011	2018-06-26T11:52:12Z	2018-06-18T18:20:07Z			SAMEA104472892							MAX PLANCK INSTITUTE FOR DEVELOPMENTAL BIOLOGY	2018-06-26T11:52:12Z	2018-06-18T18:20:07Z	public							p5.B5														Pseudomonas sp. 286																																																																		p5.B5		Pseudomonas sp. 286									
SAMEA104472893	9555676	Pseudomonas viridiflava		Sample from Pseudomonas viridiflava		ERC000011	2018-06-26T11:52:12Z	2018-06-18T18:20:07Z			SAMEA104472893							MAX PLANCK INSTITUTE FOR DEVELOPMENTAL BIOLOGY	2018-06-26T11:52:12Z	2018-06-18T18:20:07Z	public							p5.B6														Pseudomonas sp. 286																																																																		p5.B6		Pseudomonas sp. 286									
SAMEA104472894	9555677	Pseudomonas viridiflava		Sample from Pseudomonas viridiflava		ERC000011	2018-06-26T11:52:12Z	2018-06-18T18:20:07Z			SAMEA104472894							MAX PLANCK INSTITUTE FOR DEVELOPMENTAL BIOLOGY	2018-06-26T11:52:12Z	2018-06-18T18:20:07Z	public							p5.B7														Pseudomonas sp. 286																																																																		p5.B7		Pseudomonas sp. 286									
SAMEA104472895	9555678	Pseudomonas viridiflava		Sample from Pseudomonas viridiflava		ERC000011	2018-06-26T11:52:12Z	2018-06-18T18:20:07Z			SAMEA104472895							MAX PLANCK INSTITUTE FOR DEVELOPMENTAL BIOLOGY	2018-06-26T11:52:12Z	2018-06-18T18:20:07Z	public							p5.B8														Pseudomonas sp. 286																																																																		p5.B8		Pseudomonas sp. 286									
SAMEA104472896	9555679	Pseudomonas viridiflava		Sample from Pseudomonas viridiflava		ERC000011	2018-06-26T11:52:13Z	2018-06-18T18:20:07Z			SAMEA104472896							MAX PLANCK INSTITUTE FOR DEVELOPMENTAL BIOLOGY	2018-06-26T11:52:13Z	2018-06-18T18:20:07Z	public							p5.B9														Pseudomonas sp. 286																																																																		p5.B9		Pseudomonas sp. 286									
SAMEA104472897	9555680	Pseudomonas viridiflava		Sample from Pseudomonas viridiflava		ERC000011	2018-06-26T11:52:13Z	2018-06-18T18:20:07Z			SAMEA104472897							MAX PLANCK INSTITUTE FOR DEVELOPMENTAL BIOLOGY	2018-06-26T11:52:13Z	2018-06-18T18:20:07Z	public							p5.C10														Pseudomonas sp. 286																																																																		p5.C10		Pseudomonas sp. 286									
SAMEA104472898	9555681	Pseudomonas viridiflava		Sample from Pseudomonas viridiflava		ERC000011	2018-06-26T11:52:13Z	2018-06-18T18:20:07Z			SAMEA104472898							MAX PLANCK INSTITUTE FOR DEVELOPMENTAL BIOLOGY	2018-06-26T11:52:13Z	2018-06-18T18:20:07Z	public							p5.C1														Pseudomonas sp. 286																																																																		p5.C1		Pseudomonas sp. 286									
SAMEA104472899	9555682	Pseudomonas viridiflava		Sample from Pseudomonas viridiflava		ERC000011	2018-06-26T11:52:14Z	2018-06-18T18:20:07Z			SAMEA104472899							MAX PLANCK INSTITUTE FOR DEVELOPMENTAL BIOLOGY	2018-06-26T11:52:14Z	2018-06-18T18:20:07Z	public							p5.C2														Pseudomonas sp. 286																																																																		p5.C2		Pseudomonas sp. 286									
SAMEA104472900	9555683	Pseudomonas viridiflava		Sample from Pseudomonas viridiflava		ERC000011	2018-06-26T11:52:14Z	2018-06-18T18:20:07Z			SAMEA104472900							MAX PLANCK INSTITUTE FOR DEVELOPMENTAL BIOLOGY	2018-06-26T11:52:14Z	2018-06-18T18:20:07Z	public							p5.C3														Pseudomonas sp. 286																																																																		p5.C3		Pseudomonas sp. 286									
SAMEA104472901	9555684	Pseudomonas viridiflava		Sample from Pseudomonas viridiflava		ERC000011	2018-06-26T11:52:14Z	2018-06-18T18:20:07Z			SAMEA104472901							MAX PLANCK INSTITUTE FOR DEVELOPMENTAL BIOLOGY	2018-06-26T11:52:14Z	2018-06-18T18:20:07Z	public							p5.C4														Pseudomonas sp. 286																																																																		p5.C4		Pseudomonas sp. 286									
SAMEA104472902	9555685	Pseudomonas viridiflava		Sample from Pseudomonas viridiflava		ERC000011	2018-06-26T11:52:14Z	2018-06-18T18:20:07Z			SAMEA104472902							MAX PLANCK INSTITUTE FOR DEVELOPMENTAL BIOLOGY	2018-06-26T11:52:14Z	2018-06-18T18:20:07Z	public							p5.C5														Pseudomonas sp. 286																																																																		p5.C5		Pseudomonas sp. 286									
SAMEA104472903	9555686	Pseudomonas viridiflava		Sample from Pseudomonas viridiflava		ERC000011	2018-06-26T11:52:15Z	2018-06-18T18:20:07Z			SAMEA104472903							MAX PLANCK INSTITUTE FOR DEVELOPMENTAL BIOLOGY	2018-06-26T11:52:15Z	2018-06-18T18:20:07Z	public							p5.C6														Pseudomonas sp. 286																																																																		p5.C6		Pseudomonas sp. 286									
SAMEA104472904	9555687	Pseudomonas viridiflava		Sample from Pseudomonas viridiflava		ERC000011	2018-06-26T11:52:15Z	2018-06-18T18:20:07Z			SAMEA104472904							MAX PLANCK INSTITUTE FOR DEVELOPMENTAL BIOLOGY	2018-06-26T11:52:15Z	2018-06-18T18:20:07Z	public							p5.C7														Pseudomonas sp. 286																																																																		p5.C7		Pseudomonas sp. 286									
SAMEA104472905	9555688	Pseudomonas viridiflava		Sample from Pseudomonas viridiflava		ERC000011	2018-06-26T11:52:15Z	2018-06-18T18:20:07Z			SAMEA104472905							MAX PLANCK INSTITUTE FOR DEVELOPMENTAL BIOLOGY	2018-06-26T11:52:15Z	2018-06-18T18:20:07Z	public							p5.C8														Pseudomonas sp. 286																																																																		p5.C8		Pseudomonas sp. 286									
SAMEA104472906	9555689	Pseudomonas viridiflava		Sample from Pseudomonas viridiflava		ERC000011	2018-06-26T11:52:15Z	2018-06-18T18:20:07Z			SAMEA104472906							MAX PLANCK INSTITUTE FOR DEVELOPMENTAL BIOLOGY	2018-06-26T11:52:15Z	2018-06-18T18:20:07Z	public							p5.C9														Pseudomonas sp. 286																																																																		p5.C9		Pseudomonas sp. 286									
SAMEA104472907	9555690	Pseudomonas viridiflava		Sample from Pseudomonas viridiflava		ERC000011	2018-06-26T11:52:16Z	2018-06-18T18:20:07Z			SAMEA104472907							MAX PLANCK INSTITUTE FOR DEVELOPMENTAL BIOLOGY	2018-06-26T11:52:16Z	2018-06-18T18:20:07Z	public							p5.D10														Pseudomonas sp. 286																																																																		p5.D10		Pseudomonas sp. 286									
SAMEA104472908	9555691	Pseudomonas viridiflava		Sample from Pseudomonas viridiflava		ERC000011	2018-06-26T11:52:16Z	2018-06-18T18:20:07Z			SAMEA104472908							MAX PLANCK INSTITUTE FOR DEVELOPMENTAL BIOLOGY	2018-06-26T11:52:16Z	2018-06-18T18:20:07Z	public							p5.D12														Pseudomonas sp. 286																																																																		p5.D12		Pseudomonas sp. 286									
SAMEA104472909	9555692	Pseudomonas viridiflava		Sample from Pseudomonas viridiflava		ERC000011	2018-06-26T11:52:16Z	2018-06-18T18:20:07Z			SAMEA104472909							MAX PLANCK INSTITUTE FOR DEVELOPMENTAL BIOLOGY	2018-06-26T11:52:16Z	2018-06-18T18:20:07Z	public							p5.D1														Pseudomonas sp. 286																																																																		p5.D1		Pseudomonas sp. 286									
SAMEA104472910	9555693	Pseudomonas viridiflava		Sample from Pseudomonas viridiflava		ERC000011	2018-06-26T11:52:16Z	2018-06-18T18:20:07Z			SAMEA104472910							MAX PLANCK INSTITUTE FOR DEVELOPMENTAL BIOLOGY	2018-06-26T11:52:16Z	2018-06-18T18:20:07Z	public							p5.D2														Pseudomonas sp. 286																																																																		p5.D2		Pseudomonas sp. 286									
SAMEA104472911	9555694	Pseudomonas viridiflava		Sample from Pseudomonas viridiflava		ERC000011	2018-06-26T11:52:17Z	2018-06-18T18:20:07Z			SAMEA104472911							MAX PLANCK INSTITUTE FOR DEVELOPMENTAL BIOLOGY	2018-06-26T11:52:17Z	2018-06-18T18:20:07Z	public							p5.D3														Pseudomonas sp. 286																																																																		p5.D3		Pseudomonas sp. 286									
SAMEA104472912	9555695	Pseudomonas viridiflava		Sample from Pseudomonas viridiflava		ERC000011	2018-06-26T11:52:17Z	2018-06-18T18:20:07Z			SAMEA104472912							MAX PLANCK INSTITUTE FOR DEVELOPMENTAL BIOLOGY	2018-06-26T11:52:17Z	2018-06-18T18:20:07Z	public							p5.D4														Pseudomonas sp. 286																																																																		p5.D4		Pseudomonas sp. 286									
SAMEA104472913	9555696	Pseudomonas viridiflava		Sample from Pseudomonas viridiflava		ERC000011	2018-06-26T11:52:17Z	2018-06-18T18:20:07Z			SAMEA104472913							MAX PLANCK INSTITUTE FOR DEVELOPMENTAL BIOLOGY	2018-06-26T11:52:17Z	2018-06-18T18:20:07Z	public							p5.D5														Pseudomonas sp. 286																																																																		p5.D5		Pseudomonas sp. 286									
SAMEA104472914	9555697	Pseudomonas viridiflava		Sample from Pseudomonas viridiflava		ERC000011	2018-06-26T11:52:17Z	2018-06-18T18:20:07Z			SAMEA104472914							MAX PLANCK INSTITUTE FOR DEVELOPMENTAL BIOLOGY	2018-06-26T11:52:17Z	2018-06-18T18:20:07Z	public							p5.D6														Pseudomonas sp. 286																																																																		p5.D6		Pseudomonas sp. 286									
SAMEA104472915	9555698	Pseudomonas viridiflava		Sample from Pseudomonas viridiflava		ERC000011	2018-06-26T11:52:18Z	2018-06-18T18:20:07Z			SAMEA104472915							MAX PLANCK INSTITUTE FOR DEVELOPMENTAL BIOLOGY	2018-06-26T11:52:18Z	2018-06-18T18:20:07Z	public							p5.D7														Pseudomonas sp. 286																																																																		p5.D7		Pseudomonas sp. 286									
SAMEA104472916	9555699	Pseudomonas viridiflava		Sample from Pseudomonas viridiflava		ERC000011	2018-06-26T11:52:18Z	2018-06-18T18:20:07Z			SAMEA104472916							MAX PLANCK INSTITUTE FOR DEVELOPMENTAL BIOLOGY	2018-06-26T11:52:18Z	2018-06-18T18:20:07Z	public							p5.D8														Pseudomonas sp. 286																																																																		p5.D8		Pseudomonas sp. 286									
SAMEA104472917	9555700	Pseudomonas viridiflava		Sample from Pseudomonas viridiflava		ERC000011	2018-06-26T11:52:18Z	2018-06-18T18:20:07Z			SAMEA104472917							MAX PLANCK INSTITUTE FOR DEVELOPMENTAL BIOLOGY	2018-06-26T11:52:18Z	2018-06-18T18:20:07Z	public							p5.D9														Pseudomonas sp. 286																																																																		p5.D9		Pseudomonas sp. 286									
SAMEA104472918	9555701	Pseudomonas viridiflava		Sample from Pseudomonas viridiflava		ERC000011	2018-06-26T11:52:18Z	2018-06-18T18:20:07Z			SAMEA104472918							MAX PLANCK INSTITUTE FOR DEVELOPMENTAL BIOLOGY	2018-06-26T11:52:18Z	2018-06-18T18:20:07Z	public							p5.E10														Pseudomonas sp. 286																																																																		p5.E10		Pseudomonas sp. 286									
SAMEA104472919	9555702	Pseudomonas viridiflava		Sample from Pseudomonas viridiflava		ERC000011	2018-06-26T11:52:19Z	2018-06-18T18:20:07Z			SAMEA104472919							MAX PLANCK INSTITUTE FOR DEVELOPMENTAL BIOLOGY	2018-06-26T11:52:19Z	2018-06-18T18:20:07Z	public							p5.E11														Pseudomonas sp. 286																																																																		p5.E11		Pseudomonas sp. 286									
SAMEA104472920	9555703	Pseudomonas viridiflava		Sample from Pseudomonas viridiflava		ERC000011	2018-06-26T11:52:19Z	2018-06-18T18:20:07Z			SAMEA104472920							MAX PLANCK INSTITUTE FOR DEVELOPMENTAL BIOLOGY	2018-06-26T11:52:19Z	2018-06-18T18:20:07Z	public							p5.E12														Pseudomonas sp. 286																																																																		p5.E12		Pseudomonas sp. 286									
SAMEA104472921	9555704	Pseudomonas viridiflava		Sample from Pseudomonas viridiflava		ERC000011	2018-06-26T11:52:19Z	2018-06-18T18:20:07Z			SAMEA104472921							MAX PLANCK INSTITUTE FOR DEVELOPMENTAL BIOLOGY	2018-06-26T11:52:19Z	2018-06-18T18:20:07Z	public							p5.E1														Pseudomonas sp. 286																																																																		p5.E1		Pseudomonas sp. 286									
SAMEA104472922	9555705	Pseudomonas viridiflava		Sample from Pseudomonas viridiflava		ERC000011	2018-06-26T11:52:20Z	2018-06-18T18:20:07Z			SAMEA104472922							MAX PLANCK INSTITUTE FOR DEVELOPMENTAL BIOLOGY	2018-06-26T11:52:20Z	2018-06-18T18:20:07Z	public							p5.E2														Pseudomonas sp. 286																																																																		p5.E2		Pseudomonas sp. 286									
SAMEA104472923	9555706	Pseudomonas viridiflava		Sample from Pseudomonas viridiflava		ERC000011	2018-06-26T11:52:20Z	2018-06-18T18:20:07Z			SAMEA104472923							MAX PLANCK INSTITUTE FOR DEVELOPMENTAL BIOLOGY	2018-06-26T11:52:20Z	2018-06-18T18:20:07Z	public							p5.E3														Pseudomonas sp. 286																																																																		p5.E3		Pseudomonas sp. 286									
SAMEA104472924	9555707	Pseudomonas viridiflava		Sample from Pseudomonas viridiflava		ERC000011	2018-06-26T11:52:20Z	2018-06-18T18:20:07Z			SAMEA104472924							MAX PLANCK INSTITUTE FOR DEVELOPMENTAL BIOLOGY	2018-06-26T11:52:20Z	2018-06-18T18:20:07Z	public							p5.E4														Pseudomonas sp. 286																																																																		p5.E4		Pseudomonas sp. 286									
SAMEA104472925	9555708	Pseudomonas viridiflava		Sample from Pseudomonas viridiflava		ERC000011	2018-06-26T11:52:21Z	2018-06-18T18:20:06Z			SAMEA104472925							MAX PLANCK INSTITUTE FOR DEVELOPMENTAL BIOLOGY	2018-06-26T11:52:21Z	2018-06-18T18:20:06Z	public							p5.E6														Pseudomonas sp. 286																																																																		p5.E6		Pseudomonas sp. 286									
SAMEA104472926	9555709	Pseudomonas viridiflava		Sample from Pseudomonas viridiflava		ERC000011	2018-06-26T11:52:21Z	2018-06-18T18:20:07Z			SAMEA104472926							MAX PLANCK INSTITUTE FOR DEVELOPMENTAL BIOLOGY	2018-06-26T11:52:21Z	2018-06-18T18:20:07Z	public							p5.E7														Pseudomonas sp. 286																																																																		p5.E7		Pseudomonas sp. 286									
SAMEA104472927	9555710	Pseudomonas viridiflava		Sample from Pseudomonas viridiflava		ERC000011	2018-06-26T11:52:21Z	2018-06-18T18:20:07Z			SAMEA104472927							MAX PLANCK INSTITUTE FOR DEVELOPMENTAL BIOLOGY	2018-06-26T11:52:21Z	2018-06-18T18:20:07Z	public							p5.E8														Pseudomonas sp. 286																																																																		p5.E8		Pseudomonas sp. 286									
SAMEA104472928	9555711	Pseudomonas viridiflava		Sample from Pseudomonas viridiflava		ERC000011	2018-06-26T11:52:21Z	2018-06-18T18:20:07Z			SAMEA104472928							MAX PLANCK INSTITUTE FOR DEVELOPMENTAL BIOLOGY	2018-06-26T11:52:21Z	2018-06-18T18:20:07Z	public							p5.E9														Pseudomonas sp. 286																																																																		p5.E9		Pseudomonas sp. 286									
SAMEA104472929	9555712	Pseudomonas viridiflava		Sample from Pseudomonas viridiflava		ERC000011	2018-06-26T11:52:22Z	2018-06-18T18:20:07Z			SAMEA104472929							MAX PLANCK INSTITUTE FOR DEVELOPMENTAL BIOLOGY	2018-06-26T11:52:22Z	2018-06-18T18:20:07Z	public							p5.F10														Pseudomonas sp. 286																																																																		p5.F10		Pseudomonas sp. 286									
SAMEA104472930	9555713	Pseudomonas viridiflava		Sample from Pseudomonas viridiflava		ERC000011	2018-06-26T11:52:22Z	2018-06-18T18:20:07Z			SAMEA104472930							MAX PLANCK INSTITUTE FOR DEVELOPMENTAL BIOLOGY	2018-06-26T11:52:22Z	2018-06-18T18:20:07Z	public							p5.F11														Pseudomonas sp. 286																																																																		p5.F11		Pseudomonas sp. 286									
SAMEA104472931	9555714	Pseudomonas viridiflava		Sample from Pseudomonas viridiflava		ERC000011	2018-06-26T11:52:22Z	2018-06-18T18:20:07Z			SAMEA104472931							MAX PLANCK INSTITUTE FOR DEVELOPMENTAL BIOLOGY	2018-06-26T11:52:22Z	2018-06-18T18:20:07Z	public							p5.F1														Pseudomonas sp. 286																																																																		p5.F1		Pseudomonas sp. 286									
SAMEA104472932	9555715	Pseudomonas viridiflava		Sample from Pseudomonas viridiflava		ERC000011	2018-06-26T11:52:23Z	2018-06-18T18:20:07Z			SAMEA104472932							MAX PLANCK INSTITUTE FOR DEVELOPMENTAL BIOLOGY	2018-06-26T11:52:23Z	2018-06-18T18:20:07Z	public							p5.F2														Pseudomonas sp. 286																																																																		p5.F2		Pseudomonas sp. 286									
SAMEA104472933	9555716	Pseudomonas viridiflava		Sample from Pseudomonas viridiflava		ERC000011	2018-06-26T11:52:23Z	2018-06-18T18:20:07Z			SAMEA104472933							MAX PLANCK INSTITUTE FOR DEVELOPMENTAL BIOLOGY	2018-06-26T11:52:23Z	2018-06-18T18:20:07Z	public							p5.F3														Pseudomonas sp. 286																																																																		p5.F3		Pseudomonas sp. 286									
SAMEA104472934	9555717	Pseudomonas viridiflava		Sample from Pseudomonas viridiflava		ERC000011	2018-06-26T11:52:23Z	2018-06-18T18:20:07Z			SAMEA104472934							MAX PLANCK INSTITUTE FOR DEVELOPMENTAL BIOLOGY	2018-06-26T11:52:23Z	2018-06-18T18:20:07Z	public							p5.F4														Pseudomonas sp. 286																																																																		p5.F4		Pseudomonas sp. 286									
SAMEA104472935	9555718	Pseudomonas viridiflava		Sample from Pseudomonas viridiflava		ERC000011	2018-06-26T11:52:23Z	2018-06-18T18:20:06Z			SAMEA104472935							MAX PLANCK INSTITUTE FOR DEVELOPMENTAL BIOLOGY	2018-06-26T11:52:23Z	2018-06-18T18:20:06Z	public							p5.F5														Pseudomonas sp. 286																																																																		p5.F5		Pseudomonas sp. 286									
SAMEA104472936	9555719	Pseudomonas viridiflava		Sample from Pseudomonas viridiflava		ERC000011	2018-06-26T11:52:24Z	2018-06-18T18:20:06Z			SAMEA104472936							MAX PLANCK INSTITUTE FOR DEVELOPMENTAL BIOLOGY	2018-06-26T11:52:24Z	2018-06-18T18:20:06Z	public							p5.F6														Pseudomonas sp. 286																																																																		p5.F6		Pseudomonas sp. 286									
SAMEA104472937	9555720	Pseudomonas viridiflava		Sample from Pseudomonas viridiflava		ERC000011	2018-06-26T11:52:24Z	2018-06-18T18:20:06Z			SAMEA104472937							MAX PLANCK INSTITUTE FOR DEVELOPMENTAL BIOLOGY	2018-06-26T11:52:24Z	2018-06-18T18:20:06Z	public							p5.F7														Pseudomonas sp. 286																																																																		p5.F7		Pseudomonas sp. 286									
SAMEA104472938	9555721	Pseudomonas viridiflava		Sample from Pseudomonas viridiflava		ERC000011	2018-06-26T11:52:24Z	2018-06-18T18:20:06Z			SAMEA104472938							MAX PLANCK INSTITUTE FOR DEVELOPMENTAL BIOLOGY	2018-06-26T11:52:24Z	2018-06-18T18:20:06Z	public							p5.F8														Pseudomonas sp. 286																																																																		p5.F8		Pseudomonas sp. 286									
SAMEA104472939	9555722	Pseudomonas viridiflava		Sample from Pseudomonas viridiflava		ERC000011	2018-06-26T11:52:25Z	2018-06-18T18:20:06Z			SAMEA104472939							MAX PLANCK INSTITUTE FOR DEVELOPMENTAL BIOLOGY	2018-06-26T11:52:25Z	2018-06-18T18:20:06Z	public							p5.F9														Pseudomonas sp. 286																																																																		p5.F9		Pseudomonas sp. 286									
SAMEA104472940	9555723	Pseudomonas viridiflava		Sample from Pseudomonas viridiflava		ERC000011	2018-06-26T11:52:25Z	2018-06-18T18:20:06Z			SAMEA104472940							MAX PLANCK INSTITUTE FOR DEVELOPMENTAL BIOLOGY	2018-06-26T11:52:25Z	2018-06-18T18:20:06Z	public							p5.G11														Pseudomonas sp. 286																																																																		p5.G11		Pseudomonas sp. 286									
SAMEA104472941	9555724	Pseudomonas viridiflava		Sample from Pseudomonas viridiflava		ERC000011	2018-06-26T11:52:25Z	2018-06-18T18:20:06Z			SAMEA104472941							MAX PLANCK INSTITUTE FOR DEVELOPMENTAL BIOLOGY	2018-06-26T11:52:25Z	2018-06-18T18:20:06Z	public							p5.G12														Pseudomonas sp. 286																																																																		p5.G12		Pseudomonas sp. 286									
SAMEA104472942	9555725	Pseudomonas viridiflava		Sample from Pseudomonas viridiflava		ERC000011	2018-06-26T11:52:25Z	2018-06-18T18:20:06Z			SAMEA104472942							MAX PLANCK INSTITUTE FOR DEVELOPMENTAL BIOLOGY	2018-06-26T11:52:25Z	2018-06-18T18:20:06Z	public							p5.G1														Pseudomonas sp. 286																																																																		p5.G1		Pseudomonas sp. 286									
SAMEA104472943	9555726	Pseudomonas viridiflava		Sample from Pseudomonas viridiflava		ERC000011	2018-06-26T11:52:26Z	2018-06-18T18:20:06Z			SAMEA104472943							MAX PLANCK INSTITUTE FOR DEVELOPMENTAL BIOLOGY	2018-06-26T11:52:26Z	2018-06-18T18:20:06Z	public							p5.G2														Pseudomonas sp. 286																																																																		p5.G2		Pseudomonas sp. 286									
SAMEA104472944	9555727	Pseudomonas viridiflava		Sample from Pseudomonas viridiflava		ERC000011	2018-06-26T11:52:26Z	2018-06-18T18:20:06Z			SAMEA104472944							MAX PLANCK INSTITUTE FOR DEVELOPMENTAL BIOLOGY	2018-06-26T11:52:26Z	2018-06-18T18:20:06Z	public							p5.G3														Pseudomonas sp. 286																																																																		p5.G3		Pseudomonas sp. 286									
SAMEA104472945	9555728	Pseudomonas viridiflava		Sample from Pseudomonas viridiflava		ERC000011	2018-06-26T11:52:26Z	2018-06-18T18:20:06Z			SAMEA104472945							MAX PLANCK INSTITUTE FOR DEVELOPMENTAL BIOLOGY	2018-06-26T11:52:26Z	2018-06-18T18:20:06Z	public							p5.G4														Pseudomonas sp. 286																																																																		p5.G4		Pseudomonas sp. 286									
SAMEA104472946	9555729	Pseudomonas viridiflava		Sample from Pseudomonas viridiflava		ERC000011	2018-06-26T11:52:27Z	2018-06-18T18:20:06Z			SAMEA104472946							MAX PLANCK INSTITUTE FOR DEVELOPMENTAL BIOLOGY	2018-06-26T11:52:27Z	2018-06-18T18:20:06Z	public							p5.G5														Pseudomonas sp. 286																																																																		p5.G5		Pseudomonas sp. 286									
SAMEA104472947	9555730	Pseudomonas viridiflava		Sample from Pseudomonas viridiflava		ERC000011	2018-06-26T11:52:27Z	2018-06-18T18:20:06Z			SAMEA104472947							MAX PLANCK INSTITUTE FOR DEVELOPMENTAL BIOLOGY	2018-06-26T11:52:27Z	2018-06-18T18:20:06Z	public							p5.G6														Pseudomonas sp. 286																																																																		p5.G6		Pseudomonas sp. 286									
SAMEA104472948	9555731	Pseudomonas viridiflava		Sample from Pseudomonas viridiflava		ERC000011	2018-06-26T11:52:27Z	2018-06-18T18:20:06Z			SAMEA104472948							MAX PLANCK INSTITUTE FOR DEVELOPMENTAL BIOLOGY	2018-06-26T11:52:27Z	2018-06-18T18:20:06Z	public							p5.G7														Pseudomonas sp. 286																																																																		p5.G7		Pseudomonas sp. 286									
SAMEA104472949	9555732	Pseudomonas viridiflava		Sample from Pseudomonas viridiflava		ERC000011	2018-06-26T11:52:27Z	2018-06-18T18:20:06Z			SAMEA104472949							MAX PLANCK INSTITUTE FOR DEVELOPMENTAL BIOLOGY	2018-06-26T11:52:27Z	2018-06-18T18:20:06Z	public							p5.G8														Pseudomonas sp. 286																																																																		p5.G8		Pseudomonas sp. 286									
SAMEA104472950	9555733	Pseudomonas viridiflava		Sample from Pseudomonas viridiflava		ERC000011	2018-06-26T11:52:28Z	2018-06-18T18:20:06Z			SAMEA104472950							MAX PLANCK INSTITUTE FOR DEVELOPMENTAL BIOLOGY	2018-06-26T11:52:28Z	2018-06-18T18:20:06Z	public							p5.G9														Pseudomonas sp. 286																																																																		p5.G9		Pseudomonas sp. 286									
SAMEA104472951	9555734	Pseudomonas viridiflava		Sample from Pseudomonas viridiflava		ERC000011	2018-06-26T11:52:28Z	2018-06-18T18:20:06Z			SAMEA104472951							MAX PLANCK INSTITUTE FOR DEVELOPMENTAL BIOLOGY	2018-06-26T11:52:28Z	2018-06-18T18:20:06Z	public							p5.H11														Pseudomonas sp. 286																																																																		p5.H11		Pseudomonas sp. 286									
SAMEA104472952	9555735	Pseudomonas viridiflava		Sample from Pseudomonas viridiflava		ERC000011	2018-06-26T11:52:28Z	2018-06-18T18:20:06Z			SAMEA104472952							MAX PLANCK INSTITUTE FOR DEVELOPMENTAL BIOLOGY	2018-06-26T11:52:28Z	2018-06-18T18:20:06Z	public							p5.H1														Pseudomonas sp. 286																																																																		p5.H1		Pseudomonas sp. 286									
SAMEA104472953	9555736	Pseudomonas viridiflava		Sample from Pseudomonas viridiflava		ERC000011	2018-06-26T11:52:29Z	2018-06-18T18:20:06Z			SAMEA104472953							MAX PLANCK INSTITUTE FOR DEVELOPMENTAL BIOLOGY	2018-06-26T11:52:29Z	2018-06-18T18:20:06Z	public							p5.H2														Pseudomonas sp. 286																																																																		p5.H2		Pseudomonas sp. 286									
SAMEA104472954	9555737	Pseudomonas viridiflava		Sample from Pseudomonas viridiflava		ERC000011	2018-06-26T11:52:29Z	2018-06-18T18:20:06Z			SAMEA104472954							MAX PLANCK INSTITUTE FOR DEVELOPMENTAL BIOLOGY	2018-06-26T11:52:29Z	2018-06-18T18:20:06Z	public							p5.H4														Pseudomonas sp. 286																																																																		p5.H4		Pseudomonas sp. 286									
SAMEA104472955	9555738	Pseudomonas viridiflava		Sample from Pseudomonas viridiflava		ERC000011	2018-06-26T11:52:29Z	2018-06-18T18:20:06Z			SAMEA104472955							MAX PLANCK INSTITUTE FOR DEVELOPMENTAL BIOLOGY	2018-06-26T11:52:29Z	2018-06-18T18:20:06Z	public							p5.H5														Pseudomonas sp. 286																																																																		p5.H5		Pseudomonas sp. 286									
SAMEA104472956	9555739	Pseudomonas viridiflava		Sample from Pseudomonas viridiflava		ERC000011	2018-06-26T11:52:29Z	2018-06-18T18:20:06Z			SAMEA104472956							MAX PLANCK INSTITUTE FOR DEVELOPMENTAL BIOLOGY	2018-06-26T11:52:29Z	2018-06-18T18:20:06Z	public							p5.H6														Pseudomonas sp. 286																																																																		p5.H6		Pseudomonas sp. 286									
SAMEA104472957	9555740	Pseudomonas viridiflava		Sample from Pseudomonas viridiflava		ERC000011	2018-06-26T11:52:30Z	2018-06-18T18:20:06Z			SAMEA104472957							MAX PLANCK INSTITUTE FOR DEVELOPMENTAL BIOLOGY	2018-06-26T11:52:30Z	2018-06-18T18:20:06Z	public							p5.H7														Pseudomonas sp. 286																																																																		p5.H7		Pseudomonas sp. 286									
SAMEA104472958	9555741	Pseudomonas viridiflava		Sample from Pseudomonas viridiflava		ERC000011	2018-06-26T11:52:30Z	2018-06-18T18:20:06Z			SAMEA104472958							MAX PLANCK INSTITUTE FOR DEVELOPMENTAL BIOLOGY	2018-06-26T11:52:30Z	2018-06-18T18:20:06Z	public							p5.H8														Pseudomonas sp. 286																																																																		p5.H8		Pseudomonas sp. 286									
SAMEA104472959	9555742	Pseudomonas viridiflava		Sample from Pseudomonas viridiflava		ERC000011	2018-06-26T11:52:30Z	2018-06-18T18:20:06Z			SAMEA104472959							MAX PLANCK INSTITUTE FOR DEVELOPMENTAL BIOLOGY	2018-06-26T11:52:30Z	2018-06-18T18:20:06Z	public							p5.H9														Pseudomonas sp. 286																																																																		p5.H9		Pseudomonas sp. 286									
SAMEA104472960	9555743	Pseudomonas viridiflava		Sample from Pseudomonas viridiflava		ERC000011	2018-06-26T11:52:30Z	2018-06-18T18:20:06Z			SAMEA104472960							MAX PLANCK INSTITUTE FOR DEVELOPMENTAL BIOLOGY	2018-06-26T11:52:30Z	2018-06-18T18:20:06Z	public							p6.A10														Pseudomonas sp. 286																																																																		p6.A10		Pseudomonas sp. 286									
SAMEA104472961	9555744	Pseudomonas viridiflava		Sample from Pseudomonas viridiflava		ERC000011	2018-06-26T11:52:31Z	2018-06-18T18:20:06Z			SAMEA104472961							MAX PLANCK INSTITUTE FOR DEVELOPMENTAL BIOLOGY	2018-06-26T11:52:31Z	2018-06-18T18:20:06Z	public							p6.A11														Pseudomonas sp. 286																																																																		p6.A11		Pseudomonas sp. 286									
SAMEA104472962	9555745	Pseudomonas viridiflava		Sample from Pseudomonas viridiflava		ERC000011	2018-06-26T11:52:31Z	2018-06-18T18:20:06Z			SAMEA104472962							MAX PLANCK INSTITUTE FOR DEVELOPMENTAL BIOLOGY	2018-06-26T11:52:31Z	2018-06-18T18:20:06Z	public							p6.A1														Pseudomonas sp. 286																																																																		p6.A1		Pseudomonas sp. 286									
SAMEA104472963	9555746	Pseudomonas viridiflava		Sample from Pseudomonas viridiflava		ERC000011	2018-06-26T11:52:31Z	2018-06-18T18:20:06Z			SAMEA104472963							MAX PLANCK INSTITUTE FOR DEVELOPMENTAL BIOLOGY	2018-06-26T11:52:31Z	2018-06-18T18:20:06Z	public							p6.A5														Pseudomonas sp. 286																																																																		p6.A5		Pseudomonas sp. 286									
SAMEA104472964	9555747	Pseudomonas viridiflava		Sample from Pseudomonas viridiflava		ERC000011	2018-06-26T11:52:31Z	2018-06-18T18:20:06Z			SAMEA104472964							MAX PLANCK INSTITUTE FOR DEVELOPMENTAL BIOLOGY	2018-06-26T11:52:31Z	2018-06-18T18:20:06Z	public							p6.A6														Pseudomonas sp. 286																																																																		p6.A6		Pseudomonas sp. 286									
SAMEA104472965	9555748	Pseudomonas viridiflava		Sample from Pseudomonas viridiflava		ERC000011	2018-06-26T11:52:32Z	2018-06-18T18:20:06Z			SAMEA104472965							MAX PLANCK INSTITUTE FOR DEVELOPMENTAL BIOLOGY	2018-06-26T11:52:32Z	2018-06-18T18:20:06Z	public							p6.A7														Pseudomonas sp. 286																																																																		p6.A7		Pseudomonas sp. 286									
SAMEA104472966	9555749	Pseudomonas viridiflava		Sample from Pseudomonas viridiflava		ERC000011	2018-06-26T11:52:32Z	2018-06-18T18:20:06Z			SAMEA104472966							MAX PLANCK INSTITUTE FOR DEVELOPMENTAL BIOLOGY	2018-06-26T11:52:32Z	2018-06-18T18:20:06Z	public							p6.A8														Pseudomonas sp. 286																																																																		p6.A8		Pseudomonas sp. 286									
SAMEA104472967	9555750	Pseudomonas viridiflava		Sample from Pseudomonas viridiflava		ERC000011	2018-06-26T11:52:32Z	2018-06-18T18:20:06Z			SAMEA104472967							MAX PLANCK INSTITUTE FOR DEVELOPMENTAL BIOLOGY	2018-06-26T11:52:32Z	2018-06-18T18:20:06Z	public							p6.A9														Pseudomonas sp. 286																																																																		p6.A9		Pseudomonas sp. 286									
SAMEA104472968	9555751	Pseudomonas viridiflava		Sample from Pseudomonas viridiflava		ERC000011	2018-06-26T11:52:33Z	2018-06-18T18:20:06Z			SAMEA104472968							MAX PLANCK INSTITUTE FOR DEVELOPMENTAL BIOLOGY	2018-06-26T11:52:33Z	2018-06-18T18:20:06Z	public							p6.B10														Pseudomonas sp. 286																																																																		p6.B10		Pseudomonas sp. 286									
SAMEA104472969	9555752	Pseudomonas viridiflava		Sample from Pseudomonas viridiflava		ERC000011	2018-06-26T11:52:33Z	2018-06-18T18:20:06Z			SAMEA104472969							MAX PLANCK INSTITUTE FOR DEVELOPMENTAL BIOLOGY	2018-06-26T11:52:33Z	2018-06-18T18:20:06Z	public							p6.B11														Pseudomonas sp. 286																																																																		p6.B11		Pseudomonas sp. 286									
SAMEA104472970	9555753	Pseudomonas viridiflava		Sample from Pseudomonas viridiflava		ERC000011	2018-06-26T11:52:33Z	2018-06-18T18:20:06Z			SAMEA104472970							MAX PLANCK INSTITUTE FOR DEVELOPMENTAL BIOLOGY	2018-06-26T11:52:33Z	2018-06-18T18:20:06Z	public							p6.B1														Pseudomonas sp. 286																																																																		p6.B1		Pseudomonas sp. 286									
SAMEA104472971	9555754	Pseudomonas viridiflava		Sample from Pseudomonas viridiflava		ERC000011	2018-06-26T11:52:33Z	2018-06-18T18:20:06Z			SAMEA104472971							MAX PLANCK INSTITUTE FOR DEVELOPMENTAL BIOLOGY	2018-06-26T11:52:33Z	2018-06-18T18:20:06Z	public							p6.B2														Pseudomonas sp. 286																																																																		p6.B2		Pseudomonas sp. 286									
SAMEA104472972	9555755	Pseudomonas viridiflava		Sample from Pseudomonas viridiflava		ERC000011	2018-06-26T11:52:34Z	2018-06-18T18:20:06Z			SAMEA104472972							MAX PLANCK INSTITUTE FOR DEVELOPMENTAL BIOLOGY	2018-06-26T11:52:34Z	2018-06-18T18:20:06Z	public							p6.B3														Pseudomonas sp. 286																																																																		p6.B3		Pseudomonas sp. 286									
SAMEA104472973	9555756	Pseudomonas viridiflava		Sample from Pseudomonas viridiflava		ERC000011	2018-06-26T11:52:34Z	2018-06-18T18:20:06Z			SAMEA104472973							MAX PLANCK INSTITUTE FOR DEVELOPMENTAL BIOLOGY	2018-06-26T11:52:34Z	2018-06-18T18:20:06Z	public							p6.B4														Pseudomonas sp. 286																																																																		p6.B4		Pseudomonas sp. 286									
SAMEA104472974	9555757	Pseudomonas viridiflava		Sample from Pseudomonas viridiflava		ERC000011	2018-06-26T11:52:34Z	2018-06-18T18:20:06Z			SAMEA104472974							MAX PLANCK INSTITUTE FOR DEVELOPMENTAL BIOLOGY	2018-06-26T11:52:34Z	2018-06-18T18:20:06Z	public							p6.B5														Pseudomonas sp. 286																																																																		p6.B5		Pseudomonas sp. 286									
SAMEA104472975	9555758	Pseudomonas viridiflava		Sample from Pseudomonas viridiflava		ERC000011	2018-06-26T11:52:35Z	2018-06-18T18:20:06Z			SAMEA104472975							MAX PLANCK INSTITUTE FOR DEVELOPMENTAL BIOLOGY	2018-06-26T11:52:35Z	2018-06-18T18:20:06Z	public							p6.B6														Pseudomonas sp. 286																																																																		p6.B6		Pseudomonas sp. 286									
SAMEA104472976	9555759	Pseudomonas viridiflava		Sample from Pseudomonas viridiflava		ERC000011	2018-06-26T11:52:35Z	2018-06-18T18:20:06Z			SAMEA104472976							MAX PLANCK INSTITUTE FOR DEVELOPMENTAL BIOLOGY	2018-06-26T11:52:35Z	2018-06-18T18:20:06Z	public							p6.B7														Pseudomonas sp. 286																																																																		p6.B7		Pseudomonas sp. 286									
SAMEA104472977	9555760	Pseudomonas viridiflava		Sample from Pseudomonas viridiflava		ERC000011	2018-06-26T11:52:35Z	2018-06-18T18:20:06Z			SAMEA104472977							MAX PLANCK INSTITUTE FOR DEVELOPMENTAL BIOLOGY	2018-06-26T11:52:35Z	2018-06-18T18:20:06Z	public							p6.B8														Pseudomonas sp. 286																																																																		p6.B8		Pseudomonas sp. 286									
SAMEA104472978	9555761	Pseudomonas viridiflava		Sample from Pseudomonas viridiflava		ERC000011	2018-06-26T11:52:36Z	2018-06-18T18:20:06Z			SAMEA104472978							MAX PLANCK INSTITUTE FOR DEVELOPMENTAL BIOLOGY	2018-06-26T11:52:36Z	2018-06-18T18:20:06Z	public							p6.B9														Pseudomonas sp. 286																																																																		p6.B9		Pseudomonas sp. 286									
SAMEA104472979	9555762	Pseudomonas viridiflava		Sample from Pseudomonas viridiflava		ERC000011	2018-06-26T11:52:36Z	2018-06-18T18:20:06Z			SAMEA104472979							MAX PLANCK INSTITUTE FOR DEVELOPMENTAL BIOLOGY	2018-06-26T11:52:36Z	2018-06-18T18:20:06Z	public							p6.C10														Pseudomonas sp. 286																																																																		p6.C10		Pseudomonas sp. 286									
SAMEA104472980	9555763	Pseudomonas viridiflava		Sample from Pseudomonas viridiflava		ERC000011	2018-06-26T11:52:36Z	2018-06-18T18:20:06Z			SAMEA104472980							MAX PLANCK INSTITUTE FOR DEVELOPMENTAL BIOLOGY	2018-06-26T11:52:36Z	2018-06-18T18:20:06Z	public							p6.C11														Pseudomonas sp. 286																																																																		p6.C11		Pseudomonas sp. 286									
SAMEA104472981	9555764	Pseudomonas viridiflava		Sample from Pseudomonas viridiflava		ERC000011	2018-06-26T11:52:36Z	2018-06-18T18:20:06Z			SAMEA104472981							MAX PLANCK INSTITUTE FOR DEVELOPMENTAL BIOLOGY	2018-06-26T11:52:36Z	2018-06-18T18:20:06Z	public							p6.C1														Pseudomonas sp. 286																																																																		p6.C1		Pseudomonas sp. 286									
SAMEA104472982	9555765	Pseudomonas viridiflava		Sample from Pseudomonas viridiflava		ERC000011	2018-06-26T11:52:37Z	2018-06-18T18:20:06Z			SAMEA104472982							MAX PLANCK INSTITUTE FOR DEVELOPMENTAL BIOLOGY	2018-06-26T11:52:37Z	2018-06-18T18:20:06Z	public							p6.C2														Pseudomonas sp. 286																																																																		p6.C2		Pseudomonas sp. 286									
SAMEA104472983	9555766	Pseudomonas viridiflava		Sample from Pseudomonas viridiflava		ERC000011	2018-06-26T11:52:37Z	2018-06-18T18:20:06Z			SAMEA104472983							MAX PLANCK INSTITUTE FOR DEVELOPMENTAL BIOLOGY	2018-06-26T11:52:37Z	2018-06-18T18:20:06Z	public							p6.C3														Pseudomonas sp. 286																																																																		p6.C3		Pseudomonas sp. 286									
SAMEA104472984	9555767	Pseudomonas viridiflava		Sample from Pseudomonas viridiflava		ERC000011	2018-06-26T11:52:37Z	2018-06-18T18:20:06Z			SAMEA104472984							MAX PLANCK INSTITUTE FOR DEVELOPMENTAL BIOLOGY	2018-06-26T11:52:37Z	2018-06-18T18:20:06Z	public							p6.C4														Pseudomonas sp. 286																																																																		p6.C4		Pseudomonas sp. 286									
SAMEA104472985	9555768	Pseudomonas viridiflava		Sample from Pseudomonas viridiflava		ERC000011	2018-06-26T11:52:38Z	2018-06-18T18:20:06Z			SAMEA104472985							MAX PLANCK INSTITUTE FOR DEVELOPMENTAL BIOLOGY	2018-06-26T11:52:38Z	2018-06-18T18:20:06Z	public							p6.C5														Pseudomonas sp. 286																																																																		p6.C5		Pseudomonas sp. 286									
SAMEA104472986	9555769	Pseudomonas viridiflava		Sample from Pseudomonas viridiflava		ERC000011	2018-06-26T11:52:38Z	2018-06-18T18:20:06Z			SAMEA104472986							MAX PLANCK INSTITUTE FOR DEVELOPMENTAL BIOLOGY	2018-06-26T11:52:38Z	2018-06-18T18:20:06Z	public							p6.C6														Pseudomonas sp. 286																																																																		p6.C6		Pseudomonas sp. 286									
SAMEA104472987	9555770	Pseudomonas viridiflava		Sample from Pseudomonas viridiflava		ERC000011	2018-06-26T11:52:38Z	2018-06-18T18:20:06Z			SAMEA104472987							MAX PLANCK INSTITUTE FOR DEVELOPMENTAL BIOLOGY	2018-06-26T11:52:38Z	2018-06-18T18:20:06Z	public							p6.C7														Pseudomonas sp. 286																																																																		p6.C7		Pseudomonas sp. 286									
SAMEA104472988	9555771	Pseudomonas viridiflava		Sample from Pseudomonas viridiflava		ERC000011	2018-06-26T11:52:38Z	2018-06-18T18:20:06Z			SAMEA104472988							MAX PLANCK INSTITUTE FOR DEVELOPMENTAL BIOLOGY	2018-06-26T11:52:38Z	2018-06-18T18:20:06Z	public							p6.C8														Pseudomonas sp. 286																																																																		p6.C8		Pseudomonas sp. 286									
SAMEA104472989	9555772	Pseudomonas viridiflava		Sample from Pseudomonas viridiflava		ERC000011	2018-06-26T11:52:39Z	2018-06-18T18:20:06Z			SAMEA104472989							MAX PLANCK INSTITUTE FOR DEVELOPMENTAL BIOLOGY	2018-06-26T11:52:39Z	2018-06-18T18:20:06Z	public							p6.C9														Pseudomonas sp. 286																																																																		p6.C9		Pseudomonas sp. 286									
SAMEA104472990	9555773	Pseudomonas viridiflava		Sample from Pseudomonas viridiflava		ERC000011	2018-06-26T11:52:39Z	2018-06-18T18:20:06Z			SAMEA104472990							MAX PLANCK INSTITUTE FOR DEVELOPMENTAL BIOLOGY	2018-06-26T11:52:39Z	2018-06-18T18:20:06Z	public							p6.D10														Pseudomonas sp. 286																																																																		p6.D10		Pseudomonas sp. 286									
SAMEA104472991	9555774	Pseudomonas viridiflava		Sample from Pseudomonas viridiflava		ERC000011	2018-06-26T11:52:40Z	2018-06-18T18:20:06Z			SAMEA104472991							MAX PLANCK INSTITUTE FOR DEVELOPMENTAL BIOLOGY	2018-06-26T11:52:40Z	2018-06-18T18:20:06Z	public							p6.D11														Pseudomonas sp. 286																																																																		p6.D11		Pseudomonas sp. 286									
SAMEA104472992	9555775	Pseudomonas viridiflava		Sample from Pseudomonas viridiflava		ERC000011	2018-06-26T11:52:40Z	2018-06-18T18:20:06Z			SAMEA104472992							MAX PLANCK INSTITUTE FOR DEVELOPMENTAL BIOLOGY	2018-06-26T11:52:40Z	2018-06-18T18:20:06Z	public							p6.D1														Pseudomonas sp. 286																																																																		p6.D1		Pseudomonas sp. 286									
SAMEA104472993	9555776	Pseudomonas viridiflava		Sample from Pseudomonas viridiflava		ERC000011	2018-06-26T11:52:40Z	2018-06-18T18:20:06Z			SAMEA104472993							MAX PLANCK INSTITUTE FOR DEVELOPMENTAL BIOLOGY	2018-06-26T11:52:40Z	2018-06-18T18:20:06Z	public							p6.D2														Pseudomonas sp. 286																																																																		p6.D2		Pseudomonas sp. 286									
SAMEA104472994	9555777	Pseudomonas viridiflava		Sample from Pseudomonas viridiflava		ERC000011	2018-06-26T11:52:40Z	2018-06-18T18:20:06Z			SAMEA104472994							MAX PLANCK INSTITUTE FOR DEVELOPMENTAL BIOLOGY	2018-06-26T11:52:40Z	2018-06-18T18:20:06Z	public							p6.D3														Pseudomonas sp. 286																																																																		p6.D3		Pseudomonas sp. 286									
SAMEA104472995	9555778	Pseudomonas viridiflava		Sample from Pseudomonas viridiflava		ERC000011	2018-06-26T11:52:41Z	2018-06-18T18:20:06Z			SAMEA104472995							MAX PLANCK INSTITUTE FOR DEVELOPMENTAL BIOLOGY	2018-06-26T11:52:41Z	2018-06-18T18:20:06Z	public							p6.D4														Pseudomonas sp. 286																																																																		p6.D4		Pseudomonas sp. 286									
SAMEA104472996	9555779	Pseudomonas viridiflava		Sample from Pseudomonas viridiflava		ERC000011	2018-06-26T11:52:41Z	2018-06-18T18:20:06Z			SAMEA104472996							MAX PLANCK INSTITUTE FOR DEVELOPMENTAL BIOLOGY	2018-06-26T11:52:41Z	2018-06-18T18:20:06Z	public							p6.D5														Pseudomonas sp. 286																																																																		p6.D5		Pseudomonas sp. 286									
SAMEA104472997	9555780	Pseudomonas viridiflava		Sample from Pseudomonas viridiflava		ERC000011	2018-06-26T11:52:41Z	2018-06-18T18:20:06Z			SAMEA104472997							MAX PLANCK INSTITUTE FOR DEVELOPMENTAL BIOLOGY	2018-06-26T11:52:41Z	2018-06-18T18:20:06Z	public							p6.D6														Pseudomonas sp. 286																																																																		p6.D6		Pseudomonas sp. 286									
SAMEA104472998	9555781	Pseudomonas viridiflava		Sample from Pseudomonas viridiflava		ERC000011	2018-06-26T11:52:42Z	2018-06-18T18:20:06Z			SAMEA104472998							MAX PLANCK INSTITUTE FOR DEVELOPMENTAL BIOLOGY	2018-06-26T11:52:42Z	2018-06-18T18:20:06Z	public							p6.D7														Pseudomonas sp. 286																																																																		p6.D7		Pseudomonas sp. 286									
SAMEA104472999	9555782	Pseudomonas viridiflava		Sample from Pseudomonas viridiflava		ERC000011	2018-06-26T11:52:42Z	2018-06-18T18:20:06Z			SAMEA104472999							MAX PLANCK INSTITUTE FOR DEVELOPMENTAL BIOLOGY	2018-06-26T11:52:42Z	2018-06-18T18:20:06Z	public							p6.D8														Pseudomonas sp. 286																																																																		p6.D8		Pseudomonas sp. 286									
SAMEA104473000	9555783	Pseudomonas viridiflava		Sample from Pseudomonas viridiflava		ERC000011	2018-06-26T11:52:42Z	2018-06-18T18:20:06Z			SAMEA104473000							MAX PLANCK INSTITUTE FOR DEVELOPMENTAL BIOLOGY	2018-06-26T11:52:42Z	2018-06-18T18:20:06Z	public							p6.D9														Pseudomonas sp. 286																																																																		p6.D9		Pseudomonas sp. 286									
SAMEA104473001	9555784	Pseudomonas viridiflava		Sample from Pseudomonas viridiflava		ERC000011	2018-06-26T11:52:42Z	2018-06-18T18:20:06Z			SAMEA104473001							MAX PLANCK INSTITUTE FOR DEVELOPMENTAL BIOLOGY	2018-06-26T11:52:42Z	2018-06-18T18:20:06Z	public							p6.E10														Pseudomonas sp. 286																																																																		p6.E10		Pseudomonas sp. 286									
SAMEA104473002	9555785	Pseudomonas viridiflava		Sample from Pseudomonas viridiflava		ERC000011	2018-06-26T11:52:43Z	2018-06-18T18:20:06Z			SAMEA104473002							MAX PLANCK INSTITUTE FOR DEVELOPMENTAL BIOLOGY	2018-06-26T11:52:43Z	2018-06-18T18:20:06Z	public							p6.E11														Pseudomonas sp. 286																																																																		p6.E11		Pseudomonas sp. 286									
SAMEA104473003	9555786	Pseudomonas viridiflava		Sample from Pseudomonas viridiflava		ERC000011	2018-06-26T11:52:43Z	2018-06-18T18:20:06Z			SAMEA104473003							MAX PLANCK INSTITUTE FOR DEVELOPMENTAL BIOLOGY	2018-06-26T11:52:43Z	2018-06-18T18:20:06Z	public							p6.E1														Pseudomonas sp. 286																																																																		p6.E1		Pseudomonas sp. 286									
SAMEA104473004	9555787	Pseudomonas viridiflava		Sample from Pseudomonas viridiflava		ERC000011	2018-06-26T11:52:43Z	2018-06-18T18:20:06Z			SAMEA104473004							MAX PLANCK INSTITUTE FOR DEVELOPMENTAL BIOLOGY	2018-06-26T11:52:43Z	2018-06-18T18:20:06Z	public							p6.E2														Pseudomonas sp. 286																																																																		p6.E2		Pseudomonas sp. 286									
SAMEA104473005	9555788	Pseudomonas viridiflava		Sample from Pseudomonas viridiflava		ERC000011	2018-06-26T11:52:44Z	2018-06-18T18:20:06Z			SAMEA104473005							MAX PLANCK INSTITUTE FOR DEVELOPMENTAL BIOLOGY	2018-06-26T11:52:44Z	2018-06-18T18:20:06Z	public							p6.E3														Pseudomonas sp. 286																																																																		p6.E3		Pseudomonas sp. 286									
SAMEA104473006	9555789	Pseudomonas viridiflava		Sample from Pseudomonas viridiflava		ERC000011	2018-06-26T11:52:44Z	2018-06-18T18:20:06Z			SAMEA104473006							MAX PLANCK INSTITUTE FOR DEVELOPMENTAL BIOLOGY	2018-06-26T11:52:44Z	2018-06-18T18:20:06Z	public							p6.E4														Pseudomonas sp. 286																																																																		p6.E4		Pseudomonas sp. 286									
SAMEA104473007	9555790	Pseudomonas viridiflava		Sample from Pseudomonas viridiflava		ERC000011	2018-06-26T11:52:44Z	2018-06-18T18:20:06Z			SAMEA104473007							MAX PLANCK INSTITUTE FOR DEVELOPMENTAL BIOLOGY	2018-06-26T11:52:44Z	2018-06-18T18:20:06Z	public							p6.E6														Pseudomonas sp. 286																																																																		p6.E6		Pseudomonas sp. 286									
SAMEA104473008	9555791	Pseudomonas viridiflava		Sample from Pseudomonas viridiflava		ERC000011	2018-06-26T11:52:44Z	2018-06-18T18:20:06Z			SAMEA104473008							MAX PLANCK INSTITUTE FOR DEVELOPMENTAL BIOLOGY	2018-06-26T11:52:44Z	2018-06-18T18:20:06Z	public							p6.E7														Pseudomonas sp. 286																																																																		p6.E7		Pseudomonas sp. 286									
SAMEA104473009	9555792	Pseudomonas viridiflava		Sample from Pseudomonas viridiflava		ERC000011	2018-06-26T11:52:45Z	2018-06-18T18:20:06Z			SAMEA104473009							MAX PLANCK INSTITUTE FOR DEVELOPMENTAL BIOLOGY	2018-06-26T11:52:45Z	2018-06-18T18:20:06Z	public							p6.E8														Pseudomonas sp. 286																																																																		p6.E8		Pseudomonas sp. 286									
SAMEA104473010	9555793	Pseudomonas viridiflava		Sample from Pseudomonas viridiflava		ERC000011	2018-06-26T11:52:45Z	2018-06-18T18:20:06Z			SAMEA104473010							MAX PLANCK INSTITUTE FOR DEVELOPMENTAL BIOLOGY	2018-06-26T11:52:45Z	2018-06-18T18:20:06Z	public							p6.E9														Pseudomonas sp. 286																																																																		p6.E9		Pseudomonas sp. 286									
SAMEA104473011	9555794	Pseudomonas viridiflava		Sample from Pseudomonas viridiflava		ERC000011	2018-06-26T11:52:45Z	2018-06-18T18:20:06Z			SAMEA104473011							MAX PLANCK INSTITUTE FOR DEVELOPMENTAL BIOLOGY	2018-06-26T11:52:45Z	2018-06-18T18:20:06Z	public							p6.F10														Pseudomonas sp. 286																																																																		p6.F10		Pseudomonas sp. 286									
SAMEA104473012	9555795	Pseudomonas viridiflava		Sample from Pseudomonas viridiflava		ERC000011	2018-06-26T11:52:46Z	2018-06-18T18:20:06Z			SAMEA104473012							MAX PLANCK INSTITUTE FOR DEVELOPMENTAL BIOLOGY	2018-06-26T11:52:46Z	2018-06-18T18:20:06Z	public							p6.F11														Pseudomonas sp. 286																																																																		p6.F11		Pseudomonas sp. 286									
SAMEA104473013	9555796	Pseudomonas viridiflava		Sample from Pseudomonas viridiflava		ERC000011	2018-06-26T11:52:46Z	2018-06-18T18:20:06Z			SAMEA104473013							MAX PLANCK INSTITUTE FOR DEVELOPMENTAL BIOLOGY	2018-06-26T11:52:46Z	2018-06-18T18:20:06Z	public							p6.F12														Pseudomonas sp. 286																																																																		p6.F12		Pseudomonas sp. 286									
SAMEA104473014	9555797	Pseudomonas viridiflava		Sample from Pseudomonas viridiflava		ERC000011	2018-06-26T11:52:46Z	2018-06-18T18:20:06Z			SAMEA104473014							MAX PLANCK INSTITUTE FOR DEVELOPMENTAL BIOLOGY	2018-06-26T11:52:46Z	2018-06-18T18:20:06Z	public							p6.F1														Pseudomonas sp. 286																																																																		p6.F1		Pseudomonas sp. 286									
SAMEA104473015	9555798	Pseudomonas viridiflava		Sample from Pseudomonas viridiflava		ERC000011	2018-06-26T11:52:47Z	2018-06-18T18:20:06Z			SAMEA104473015							MAX PLANCK INSTITUTE FOR DEVELOPMENTAL BIOLOGY	2018-06-26T11:52:47Z	2018-06-18T18:20:06Z	public							p6.F2														Pseudomonas sp. 286																																																																		p6.F2		Pseudomonas sp. 286									
SAMEA104473016	9555799	Pseudomonas viridiflava		Sample from Pseudomonas viridiflava		ERC000011	2018-06-26T11:52:47Z	2018-06-18T18:20:06Z			SAMEA104473016							MAX PLANCK INSTITUTE FOR DEVELOPMENTAL BIOLOGY	2018-06-26T11:52:47Z	2018-06-18T18:20:06Z	public							p6.F3														Pseudomonas sp. 286																																																																		p6.F3		Pseudomonas sp. 286									
SAMEA104473017	9555800	Pseudomonas viridiflava		Sample from Pseudomonas viridiflava		ERC000011	2018-06-26T11:52:47Z	2018-06-18T18:20:06Z			SAMEA104473017							MAX PLANCK INSTITUTE FOR DEVELOPMENTAL BIOLOGY	2018-06-26T11:52:47Z	2018-06-18T18:20:06Z	public							p6.F4														Pseudomonas sp. 286																																																																		p6.F4		Pseudomonas sp. 286									
SAMEA104473018	9555801	Pseudomonas viridiflava		Sample from Pseudomonas viridiflava		ERC000011	2018-06-26T11:52:47Z	2018-06-18T18:20:05Z			SAMEA104473018							MAX PLANCK INSTITUTE FOR DEVELOPMENTAL BIOLOGY	2018-06-26T11:52:47Z	2018-06-18T18:20:05Z	public							p6.F5														Pseudomonas sp. 286																																																																		p6.F5		Pseudomonas sp. 286									
SAMEA104473019	9555802	Pseudomonas viridiflava		Sample from Pseudomonas viridiflava		ERC000011	2018-06-26T11:52:48Z	2018-06-18T18:20:06Z			SAMEA104473019							MAX PLANCK INSTITUTE FOR DEVELOPMENTAL BIOLOGY	2018-06-26T11:52:48Z	2018-06-18T18:20:06Z	public							p6.F8														Pseudomonas sp. 286																																																																		p6.F8		Pseudomonas sp. 286									
SAMEA104473020	9555803	Pseudomonas viridiflava		Sample from Pseudomonas viridiflava		ERC000011	2018-06-26T11:52:48Z	2018-06-18T18:20:06Z			SAMEA104473020							MAX PLANCK INSTITUTE FOR DEVELOPMENTAL BIOLOGY	2018-06-26T11:52:48Z	2018-06-18T18:20:06Z	public							p6.F9														Pseudomonas sp. 286																																																																		p6.F9		Pseudomonas sp. 286									
SAMEA104473021	9555804	Pseudomonas viridiflava		Sample from Pseudomonas viridiflava		ERC000011	2018-06-26T11:52:48Z	2018-06-18T18:20:06Z			SAMEA104473021							MAX PLANCK INSTITUTE FOR DEVELOPMENTAL BIOLOGY	2018-06-26T11:52:48Z	2018-06-18T18:20:06Z	public							p6.G10														Pseudomonas sp. 286																																																																		p6.G10		Pseudomonas sp. 286									
SAMEA104473022	9555805	Pseudomonas viridiflava		Sample from Pseudomonas viridiflava		ERC000011	2018-06-26T11:52:48Z	2018-06-18T18:20:06Z			SAMEA104473022							MAX PLANCK INSTITUTE FOR DEVELOPMENTAL BIOLOGY	2018-06-26T11:52:48Z	2018-06-18T18:20:06Z	public							p6.G1														Pseudomonas sp. 286																																																																		p6.G1		Pseudomonas sp. 286									
SAMEA104473023	9555806	Pseudomonas viridiflava		Sample from Pseudomonas viridiflava		ERC000011	2018-06-26T11:52:49Z	2018-06-18T18:20:06Z			SAMEA104473023							MAX PLANCK INSTITUTE FOR DEVELOPMENTAL BIOLOGY	2018-06-26T11:52:49Z	2018-06-18T18:20:06Z	public							p6.G2														Pseudomonas sp. 286																																																																		p6.G2		Pseudomonas sp. 286									
SAMEA104473024	9555807	Pseudomonas viridiflava		Sample from Pseudomonas viridiflava		ERC000011	2018-06-26T11:52:49Z	2018-06-18T18:20:06Z			SAMEA104473024							MAX PLANCK INSTITUTE FOR DEVELOPMENTAL BIOLOGY	2018-06-26T11:52:49Z	2018-06-18T18:20:06Z	public							p6.G3														Pseudomonas sp. 286																																																																		p6.G3		Pseudomonas sp. 286									
SAMEA104473025	9555808	Pseudomonas viridiflava		Sample from Pseudomonas viridiflava		ERC000011	2018-06-26T11:52:49Z	2018-06-18T18:20:06Z			SAMEA104473025							MAX PLANCK INSTITUTE FOR DEVELOPMENTAL BIOLOGY	2018-06-26T11:52:49Z	2018-06-18T18:20:06Z	public							p6.G4														Pseudomonas sp. 286																																																																		p6.G4		Pseudomonas sp. 286									
SAMEA104473026	9555809	Pseudomonas viridiflava		Sample from Pseudomonas viridiflava		ERC000011	2018-06-26T11:52:50Z	2018-06-18T18:20:06Z			SAMEA104473026							MAX PLANCK INSTITUTE FOR DEVELOPMENTAL BIOLOGY	2018-06-26T11:52:50Z	2018-06-18T18:20:06Z	public							p6.G5														Pseudomonas sp. 286																																																																		p6.G5		Pseudomonas sp. 286									
SAMEA104473027	9555810	Pseudomonas viridiflava		Sample from Pseudomonas viridiflava		ERC000011	2018-06-26T11:52:50Z	2018-06-18T18:20:06Z			SAMEA104473027							MAX PLANCK INSTITUTE FOR DEVELOPMENTAL BIOLOGY	2018-06-26T11:52:50Z	2018-06-18T18:20:06Z	public							p6.G6														Pseudomonas sp. 286																																																																		p6.G6		Pseudomonas sp. 286									
SAMEA104473028	9555811	Pseudomonas viridiflava		Sample from Pseudomonas viridiflava		ERC000011	2018-06-26T11:52:50Z	2018-06-18T18:20:06Z			SAMEA104473028							MAX PLANCK INSTITUTE FOR DEVELOPMENTAL BIOLOGY	2018-06-26T11:52:50Z	2018-06-18T18:20:06Z	public							p6.G8														Pseudomonas sp. 286																																																																		p6.G8		Pseudomonas sp. 286									
SAMEA104473029	9555812	Pseudomonas viridiflava		Sample from Pseudomonas viridiflava		ERC000011	2018-06-26T11:52:50Z	2018-06-18T18:20:06Z			SAMEA104473029							MAX PLANCK INSTITUTE FOR DEVELOPMENTAL BIOLOGY	2018-06-26T11:52:50Z	2018-06-18T18:20:06Z	public							p6.G9														Pseudomonas sp. 286																																																																		p6.G9		Pseudomonas sp. 286									
SAMEA104473030	9555813	Pseudomonas viridiflava		Sample from Pseudomonas viridiflava		ERC000011	2018-06-26T11:52:51Z	2018-06-18T18:20:06Z			SAMEA104473030							MAX PLANCK INSTITUTE FOR DEVELOPMENTAL BIOLOGY	2018-06-26T11:52:51Z	2018-06-18T18:20:06Z	public							p6.H10														Pseudomonas sp. 286																																																																		p6.H10		Pseudomonas sp. 286									
SAMEA104473031	9555814	Pseudomonas viridiflava		Sample from Pseudomonas viridiflava		ERC000011	2018-06-26T11:52:51Z	2018-06-18T18:20:06Z			SAMEA104473031							MAX PLANCK INSTITUTE FOR DEVELOPMENTAL BIOLOGY	2018-06-26T11:52:51Z	2018-06-18T18:20:06Z	public							p6.H11														Pseudomonas sp. 286																																																																		p6.H11		Pseudomonas sp. 286									
SAMEA104473032	9555815	Pseudomonas viridiflava		Sample from Pseudomonas viridiflava		ERC000011	2018-06-26T11:52:51Z	2018-06-18T18:20:06Z			SAMEA104473032							MAX PLANCK INSTITUTE FOR DEVELOPMENTAL BIOLOGY	2018-06-26T11:52:51Z	2018-06-18T18:20:06Z	public							p6.H1														Pseudomonas sp. 286																																																																		p6.H1		Pseudomonas sp. 286									
SAMEA104473033	9555816	Pseudomonas viridiflava		Sample from Pseudomonas viridiflava		ERC000011	2018-06-26T11:52:52Z	2018-06-18T18:20:06Z			SAMEA104473033							MAX PLANCK INSTITUTE FOR DEVELOPMENTAL BIOLOGY	2018-06-26T11:52:52Z	2018-06-18T18:20:06Z	public							p6.H2														Pseudomonas sp. 286																																																																		p6.H2		Pseudomonas sp. 286									
SAMEA104473034	9555817	Pseudomonas viridiflava		Sample from Pseudomonas viridiflava		ERC000011	2018-06-26T11:52:52Z	2018-06-18T18:20:06Z			SAMEA104473034							MAX PLANCK INSTITUTE FOR DEVELOPMENTAL BIOLOGY	2018-06-26T11:52:52Z	2018-06-18T18:20:06Z	public							p6.H5														Pseudomonas sp. 286																																																																		p6.H5		Pseudomonas sp. 286									
SAMEA104473035	9555818	Pseudomonas viridiflava		Sample from Pseudomonas viridiflava		ERC000011	2018-06-26T11:52:52Z	2018-06-18T18:20:06Z			SAMEA104473035							MAX PLANCK INSTITUTE FOR DEVELOPMENTAL BIOLOGY	2018-06-26T11:52:52Z	2018-06-18T18:20:06Z	public							p6.H6														Pseudomonas sp. 286																																																																		p6.H6		Pseudomonas sp. 286									
SAMEA104473036	9555819	Pseudomonas viridiflava		Sample from Pseudomonas viridiflava		ERC000011	2018-06-26T11:52:52Z	2018-06-18T18:20:06Z			SAMEA104473036							MAX PLANCK INSTITUTE FOR DEVELOPMENTAL BIOLOGY	2018-06-26T11:52:52Z	2018-06-18T18:20:06Z	public							p6.H7														Pseudomonas sp. 286																																																																		p6.H7		Pseudomonas sp. 286									
SAMEA104473037	9555820	Pseudomonas viridiflava		Sample from Pseudomonas viridiflava		ERC000011	2018-06-26T11:52:53Z	2018-06-18T18:20:06Z			SAMEA104473037							MAX PLANCK INSTITUTE FOR DEVELOPMENTAL BIOLOGY	2018-06-26T11:52:53Z	2018-06-18T18:20:06Z	public							p6.H8														Pseudomonas sp. 286																																																																		p6.H8		Pseudomonas sp. 286									
SAMEA104473038	9555821	Pseudomonas viridiflava		Sample from Pseudomonas viridiflava		ERC000011	2018-06-26T11:52:53Z	2018-06-18T18:20:06Z			SAMEA104473038							MAX PLANCK INSTITUTE FOR DEVELOPMENTAL BIOLOGY	2018-06-26T11:52:53Z	2018-06-18T18:20:06Z	public							p6.H9														Pseudomonas sp. 286																																																																		p6.H9		Pseudomonas sp. 286									
SAMEA104473039	9555822	Pseudomonas viridiflava		Sample from Pseudomonas viridiflava		ERC000011	2018-06-26T11:52:53Z	2018-06-18T18:20:05Z			SAMEA104473039							MAX PLANCK INSTITUTE FOR DEVELOPMENTAL BIOLOGY	2018-06-26T11:52:53Z	2018-06-18T18:20:05Z	public							p7.A10														Pseudomonas sp. 286																																																																		p7.A10		Pseudomonas sp. 286									
SAMEA104473040	9555823	Pseudomonas viridiflava		Sample from Pseudomonas viridiflava		ERC000011	2018-06-26T11:52:54Z	2018-06-18T18:20:05Z			SAMEA104473040							MAX PLANCK INSTITUTE FOR DEVELOPMENTAL BIOLOGY	2018-06-26T11:52:54Z	2018-06-18T18:20:05Z	public							p7.A11														Pseudomonas sp. 286																																																																		p7.A11		Pseudomonas sp. 286									
SAMEA104473041	9555824	Pseudomonas viridiflava		Sample from Pseudomonas viridiflava		ERC000011	2018-06-26T11:52:54Z	2018-06-18T18:20:05Z			SAMEA104473041							MAX PLANCK INSTITUTE FOR DEVELOPMENTAL BIOLOGY	2018-06-26T11:52:54Z	2018-06-18T18:20:05Z	public							p7.A12														Pseudomonas sp. 286																																																																		p7.A12		Pseudomonas sp. 286									
SAMEA104473042	9555825	Pseudomonas viridiflava		Sample from Pseudomonas viridiflava		ERC000011	2018-06-26T11:52:55Z	2018-06-18T18:20:05Z			SAMEA104473042							MAX PLANCK INSTITUTE FOR DEVELOPMENTAL BIOLOGY	2018-06-26T11:52:55Z	2018-06-18T18:20:05Z	public							p7.A1														Pseudomonas sp. 286																																																																		p7.A1		Pseudomonas sp. 286									
SAMEA104473043	9555826	Pseudomonas viridiflava		Sample from Pseudomonas viridiflava		ERC000011	2018-06-26T11:52:55Z	2018-06-18T18:20:05Z			SAMEA104473043							MAX PLANCK INSTITUTE FOR DEVELOPMENTAL BIOLOGY	2018-06-26T11:52:55Z	2018-06-18T18:20:05Z	public							p7.A2														Pseudomonas sp. 286																																																																		p7.A2		Pseudomonas sp. 286									
SAMEA104473044	9555827	Pseudomonas viridiflava		Sample from Pseudomonas viridiflava		ERC000011	2018-06-26T11:52:55Z	2018-06-18T18:20:05Z			SAMEA104473044							MAX PLANCK INSTITUTE FOR DEVELOPMENTAL BIOLOGY	2018-06-26T11:52:55Z	2018-06-18T18:20:05Z	public							p7.A3														Pseudomonas sp. 286																																																																		p7.A3		Pseudomonas sp. 286									
SAMEA104473045	9555828	Pseudomonas viridiflava		Sample from Pseudomonas viridiflava		ERC000011	2018-06-26T11:52:56Z	2018-06-18T18:20:05Z			SAMEA104473045							MAX PLANCK INSTITUTE FOR DEVELOPMENTAL BIOLOGY	2018-06-26T11:52:56Z	2018-06-18T18:20:05Z	public							p7.A4														Pseudomonas sp. 286																																																																		p7.A4		Pseudomonas sp. 286									
SAMEA104473046	9555829	Pseudomonas viridiflava		Sample from Pseudomonas viridiflava		ERC000011	2018-06-26T11:52:56Z	2018-06-18T18:20:05Z			SAMEA104473046							MAX PLANCK INSTITUTE FOR DEVELOPMENTAL BIOLOGY	2018-06-26T11:52:56Z	2018-06-18T18:20:05Z	public							p7.A5														Pseudomonas sp. 286																																																																		p7.A5		Pseudomonas sp. 286									
SAMEA104473047	9555830	Pseudomonas viridiflava		Sample from Pseudomonas viridiflava		ERC000011	2018-06-26T11:52:56Z	2018-06-18T18:20:05Z			SAMEA104473047							MAX PLANCK INSTITUTE FOR DEVELOPMENTAL BIOLOGY	2018-06-26T11:52:56Z	2018-06-18T18:20:05Z	public							p7.A6														Pseudomonas sp. 286																																																																		p7.A6		Pseudomonas sp. 286									
SAMEA104473048	9555831	Pseudomonas viridiflava		Sample from Pseudomonas viridiflava		ERC000011	2018-06-26T11:52:57Z	2018-06-18T18:20:05Z			SAMEA104473048							MAX PLANCK INSTITUTE FOR DEVELOPMENTAL BIOLOGY	2018-06-26T11:52:57Z	2018-06-18T18:20:05Z	public							p7.A7														Pseudomonas sp. 286																																																																		p7.A7		Pseudomonas sp. 286									
SAMEA104473049	9555832	Pseudomonas viridiflava		Sample from Pseudomonas viridiflava		ERC000011	2018-06-26T11:52:57Z	2018-06-18T18:20:05Z			SAMEA104473049							MAX PLANCK INSTITUTE FOR DEVELOPMENTAL BIOLOGY	2018-06-26T11:52:57Z	2018-06-18T18:20:05Z	public							p7.A8														Pseudomonas sp. 286																																																																		p7.A8		Pseudomonas sp. 286									
SAMEA104473050	9555833	Pseudomonas viridiflava		Sample from Pseudomonas viridiflava		ERC000011	2018-06-26T11:52:57Z	2018-06-18T18:20:05Z			SAMEA104473050							MAX PLANCK INSTITUTE FOR DEVELOPMENTAL BIOLOGY	2018-06-26T11:52:57Z	2018-06-18T18:20:05Z	public							p7.A9														Pseudomonas sp. 286																																																																		p7.A9		Pseudomonas sp. 286									
SAMEA104473051	9555834	Pseudomonas viridiflava		Sample from Pseudomonas viridiflava		ERC000011	2018-06-26T11:52:58Z	2018-06-18T18:20:05Z			SAMEA104473051							MAX PLANCK INSTITUTE FOR DEVELOPMENTAL BIOLOGY	2018-06-26T11:52:58Z	2018-06-18T18:20:05Z	public							p7.B10														Pseudomonas sp. 286																																																																		p7.B10		Pseudomonas sp. 286									
SAMEA104473052	9555835	Pseudomonas viridiflava		Sample from Pseudomonas viridiflava		ERC000011	2018-06-26T11:52:58Z	2018-06-18T18:20:05Z			SAMEA104473052							MAX PLANCK INSTITUTE FOR DEVELOPMENTAL BIOLOGY	2018-06-26T11:52:58Z	2018-06-18T18:20:05Z	public							p7.B11														Pseudomonas sp. 286																																																																		p7.B11		Pseudomonas sp. 286									
SAMEA104473053	9555836	Pseudomonas viridiflava		Sample from Pseudomonas viridiflava		ERC000011	2018-06-26T11:52:58Z	2018-06-18T18:20:05Z			SAMEA104473053							MAX PLANCK INSTITUTE FOR DEVELOPMENTAL BIOLOGY	2018-06-26T11:52:58Z	2018-06-18T18:20:05Z	public							p7.B1														Pseudomonas sp. 286																																																																		p7.B1		Pseudomonas sp. 286									
SAMEA104473054	9555837	Pseudomonas viridiflava		Sample from Pseudomonas viridiflava		ERC000011	2018-06-26T11:52:58Z	2018-06-18T18:20:05Z			SAMEA104473054							MAX PLANCK INSTITUTE FOR DEVELOPMENTAL BIOLOGY	2018-06-26T11:52:58Z	2018-06-18T18:20:05Z	public							p7.B2														Pseudomonas sp. 286																																																																		p7.B2		Pseudomonas sp. 286									
SAMEA104473055	9555838	Pseudomonas viridiflava		Sample from Pseudomonas viridiflava		ERC000011	2018-06-26T11:52:59Z	2018-06-18T18:20:05Z			SAMEA104473055							MAX PLANCK INSTITUTE FOR DEVELOPMENTAL BIOLOGY	2018-06-26T11:52:59Z	2018-06-18T18:20:05Z	public							p7.B3														Pseudomonas sp. 286																																																																		p7.B3		Pseudomonas sp. 286									
SAMEA104473056	9555839	Pseudomonas viridiflava		Sample from Pseudomonas viridiflava		ERC000011	2018-06-26T11:52:59Z	2018-06-18T18:20:05Z			SAMEA104473056							MAX PLANCK INSTITUTE FOR DEVELOPMENTAL BIOLOGY	2018-06-26T11:52:59Z	2018-06-18T18:20:05Z	public							p7.B4														Pseudomonas sp. 286																																																																		p7.B4		Pseudomonas sp. 286									
SAMEA104473057	9555840	Pseudomonas viridiflava		Sample from Pseudomonas viridiflava		ERC000011	2018-06-26T11:52:59Z	2018-06-18T18:20:05Z			SAMEA104473057							MAX PLANCK INSTITUTE FOR DEVELOPMENTAL BIOLOGY	2018-06-26T11:52:59Z	2018-06-18T18:20:05Z	public							p7.B5														Pseudomonas sp. 286																																																																		p7.B5		Pseudomonas sp. 286									
SAMEA104473058	9555841	Pseudomonas viridiflava		Sample from Pseudomonas viridiflava		ERC000011	2018-06-26T11:53:00Z	2018-06-18T18:20:05Z			SAMEA104473058							MAX PLANCK INSTITUTE FOR DEVELOPMENTAL BIOLOGY	2018-06-26T11:53:00Z	2018-06-18T18:20:05Z	public							p7.B6														Pseudomonas sp. 286																																																																		p7.B6		Pseudomonas sp. 286									
SAMEA104473059	9555842	Pseudomonas viridiflava		Sample from Pseudomonas viridiflava		ERC000011	2018-06-26T11:53:00Z	2018-06-18T18:20:05Z			SAMEA104473059							MAX PLANCK INSTITUTE FOR DEVELOPMENTAL BIOLOGY	2018-06-26T11:53:00Z	2018-06-18T18:20:05Z	public							p7.B7														Pseudomonas sp. 286																																																																		p7.B7		Pseudomonas sp. 286									
SAMEA104473060	9555843	Pseudomonas viridiflava		Sample from Pseudomonas viridiflava		ERC000011	2018-06-26T11:53:00Z	2018-06-18T18:20:05Z			SAMEA104473060							MAX PLANCK INSTITUTE FOR DEVELOPMENTAL BIOLOGY	2018-06-26T11:53:00Z	2018-06-18T18:20:05Z	public							p7.B8														Pseudomonas sp. 286																																																																		p7.B8		Pseudomonas sp. 286									
SAMEA104473061	9555844	Pseudomonas viridiflava		Sample from Pseudomonas viridiflava		ERC000011	2018-06-26T11:53:01Z	2018-06-18T18:20:05Z			SAMEA104473061							MAX PLANCK INSTITUTE FOR DEVELOPMENTAL BIOLOGY	2018-06-26T11:53:01Z	2018-06-18T18:20:05Z	public							p7.C12														Pseudomonas sp. 286																																																																		p7.C12		Pseudomonas sp. 286									
SAMEA104473062	9555845	Pseudomonas viridiflava		Sample from Pseudomonas viridiflava		ERC000011	2018-06-26T11:53:01Z	2018-06-18T18:20:05Z			SAMEA104473062							MAX PLANCK INSTITUTE FOR DEVELOPMENTAL BIOLOGY	2018-06-26T11:53:01Z	2018-06-18T18:20:05Z	public							p7.C1														Pseudomonas sp. 286																																																																		p7.C1		Pseudomonas sp. 286									
SAMEA104473063	9555846	Pseudomonas viridiflava		Sample from Pseudomonas viridiflava		ERC000011	2018-06-26T11:53:01Z	2018-06-18T18:20:05Z			SAMEA104473063							MAX PLANCK INSTITUTE FOR DEVELOPMENTAL BIOLOGY	2018-06-26T11:53:01Z	2018-06-18T18:20:05Z	public							p7.C2														Pseudomonas sp. 286																																																																		p7.C2		Pseudomonas sp. 286									
SAMEA104473064	9555847	Pseudomonas viridiflava		Sample from Pseudomonas viridiflava		ERC000011	2018-06-26T11:53:02Z	2018-06-18T18:20:05Z			SAMEA104473064							MAX PLANCK INSTITUTE FOR DEVELOPMENTAL BIOLOGY	2018-06-26T11:53:02Z	2018-06-18T18:20:05Z	public							p7.C3														Pseudomonas sp. 286																																																																		p7.C3		Pseudomonas sp. 286									
SAMEA104473065	9555848	Pseudomonas viridiflava		Sample from Pseudomonas viridiflava		ERC000011	2018-06-26T11:53:02Z	2018-06-18T18:20:05Z			SAMEA104473065							MAX PLANCK INSTITUTE FOR DEVELOPMENTAL BIOLOGY	2018-06-26T11:53:02Z	2018-06-18T18:20:05Z	public							p7.C4														Pseudomonas sp. 286																																																																		p7.C4		Pseudomonas sp. 286									
SAMEA104473066	9555849	Pseudomonas viridiflava		Sample from Pseudomonas viridiflava		ERC000011	2018-06-26T11:53:02Z	2018-06-18T18:20:05Z			SAMEA104473066							MAX PLANCK INSTITUTE FOR DEVELOPMENTAL BIOLOGY	2018-06-26T11:53:02Z	2018-06-18T18:20:05Z	public							p7.C5														Pseudomonas sp. 286																																																																		p7.C5		Pseudomonas sp. 286									
SAMEA104473067	9555850	Pseudomonas viridiflava		Sample from Pseudomonas viridiflava		ERC000011	2018-06-26T11:53:02Z	2018-06-18T18:20:05Z			SAMEA104473067							MAX PLANCK INSTITUTE FOR DEVELOPMENTAL BIOLOGY	2018-06-26T11:53:02Z	2018-06-18T18:20:05Z	public							p7.C6														Pseudomonas sp. 286																																																																		p7.C6		Pseudomonas sp. 286									
SAMEA104473068	9555851	Pseudomonas viridiflava		Sample from Pseudomonas viridiflava		ERC000011	2018-06-26T11:53:03Z	2018-06-18T18:20:05Z			SAMEA104473068							MAX PLANCK INSTITUTE FOR DEVELOPMENTAL BIOLOGY	2018-06-26T11:53:03Z	2018-06-18T18:20:05Z	public							p7.C7														Pseudomonas sp. 286																																																																		p7.C7		Pseudomonas sp. 286									
SAMEA104473069	9555852	Pseudomonas viridiflava		Sample from Pseudomonas viridiflava		ERC000011	2018-06-26T11:53:03Z	2018-06-18T18:20:05Z			SAMEA104473069							MAX PLANCK INSTITUTE FOR DEVELOPMENTAL BIOLOGY	2018-06-26T11:53:03Z	2018-06-18T18:20:05Z	public							p7.C8														Pseudomonas sp. 286																																																																		p7.C8		Pseudomonas sp. 286									
SAMEA104473070	9555853	Pseudomonas viridiflava		Sample from Pseudomonas viridiflava		ERC000011	2018-06-26T11:53:03Z	2018-06-18T18:20:05Z			SAMEA104473070							MAX PLANCK INSTITUTE FOR DEVELOPMENTAL BIOLOGY	2018-06-26T11:53:03Z	2018-06-18T18:20:05Z	public							p7.C9														Pseudomonas sp. 286																																																																		p7.C9		Pseudomonas sp. 286									
SAMEA104473071	9555854	Pseudomonas viridiflava		Sample from Pseudomonas viridiflava		ERC000011	2018-06-26T11:53:03Z	2018-06-18T18:20:05Z			SAMEA104473071							MAX PLANCK INSTITUTE FOR DEVELOPMENTAL BIOLOGY	2018-06-26T11:53:03Z	2018-06-18T18:20:05Z	public							p7.D10														Pseudomonas sp. 286																																																																		p7.D10		Pseudomonas sp. 286									
SAMEA104473072	9555855	Pseudomonas viridiflava		Sample from Pseudomonas viridiflava		ERC000011	2018-06-26T11:53:04Z	2018-06-18T18:20:05Z			SAMEA104473072							MAX PLANCK INSTITUTE FOR DEVELOPMENTAL BIOLOGY	2018-06-26T11:53:04Z	2018-06-18T18:20:05Z	public							p7.D12														Pseudomonas sp. 286																																																																		p7.D12		Pseudomonas sp. 286									
SAMEA104473073	9555856	Pseudomonas viridiflava		Sample from Pseudomonas viridiflava		ERC000011	2018-06-26T11:53:04Z	2018-06-18T18:20:05Z			SAMEA104473073							MAX PLANCK INSTITUTE FOR DEVELOPMENTAL BIOLOGY	2018-06-26T11:53:04Z	2018-06-18T18:20:05Z	public							p7.D1														Pseudomonas sp. 286																																																																		p7.D1		Pseudomonas sp. 286									
SAMEA104473074	9555857	Pseudomonas viridiflava		Sample from Pseudomonas viridiflava		ERC000011	2018-06-26T11:53:04Z	2018-06-18T18:20:05Z			SAMEA104473074							MAX PLANCK INSTITUTE FOR DEVELOPMENTAL BIOLOGY	2018-06-26T11:53:04Z	2018-06-18T18:20:05Z	public							p7.D2														Pseudomonas sp. 286																																																																		p7.D2		Pseudomonas sp. 286									
SAMEA104473075	9555858	Pseudomonas viridiflava		Sample from Pseudomonas viridiflava		ERC000011	2018-06-26T11:53:05Z	2018-06-18T18:20:05Z			SAMEA104473075							MAX PLANCK INSTITUTE FOR DEVELOPMENTAL BIOLOGY	2018-06-26T11:53:05Z	2018-06-18T18:20:05Z	public							p7.D3														Pseudomonas sp. 286																																																																		p7.D3		Pseudomonas sp. 286									
SAMEA104473076	9555859	Pseudomonas viridiflava		Sample from Pseudomonas viridiflava		ERC000011	2018-06-26T11:53:05Z	2018-06-18T18:20:05Z			SAMEA104473076							MAX PLANCK INSTITUTE FOR DEVELOPMENTAL BIOLOGY	2018-06-26T11:53:05Z	2018-06-18T18:20:05Z	public							p7.D4														Pseudomonas sp. 286																																																																		p7.D4		Pseudomonas sp. 286									
SAMEA104473077	9555860	Pseudomonas viridiflava		Sample from Pseudomonas viridiflava		ERC000011	2018-06-26T11:53:05Z	2018-06-18T18:20:05Z			SAMEA104473077							MAX PLANCK INSTITUTE FOR DEVELOPMENTAL BIOLOGY	2018-06-26T11:53:05Z	2018-06-18T18:20:05Z	public							p7.D5														Pseudomonas sp. 286																																																																		p7.D5		Pseudomonas sp. 286									
SAMEA104473078	9555861	Pseudomonas viridiflava		Sample from Pseudomonas viridiflava		ERC000011	2018-06-26T11:53:06Z	2018-06-18T18:20:05Z			SAMEA104473078							MAX PLANCK INSTITUTE FOR DEVELOPMENTAL BIOLOGY	2018-06-26T11:53:06Z	2018-06-18T18:20:05Z	public							p7.D6														Pseudomonas sp. 286																																																																		p7.D6		Pseudomonas sp. 286									
SAMEA104473079	9555862	Pseudomonas viridiflava		Sample from Pseudomonas viridiflava		ERC000011	2018-06-26T11:53:06Z	2018-06-18T18:20:05Z			SAMEA104473079							MAX PLANCK INSTITUTE FOR DEVELOPMENTAL BIOLOGY	2018-06-26T11:53:06Z	2018-06-18T18:20:05Z	public							p7.D7														Pseudomonas sp. 286																																																																		p7.D7		Pseudomonas sp. 286									
SAMEA104473080	9555863	Pseudomonas viridiflava		Sample from Pseudomonas viridiflava		ERC000011	2018-06-26T11:53:06Z	2018-06-18T18:20:05Z			SAMEA104473080							MAX PLANCK INSTITUTE FOR DEVELOPMENTAL BIOLOGY	2018-06-26T11:53:06Z	2018-06-18T18:20:05Z	public							p7.D8														Pseudomonas sp. 286																																																																		p7.D8		Pseudomonas sp. 286									
SAMEA104473081	9555864	Pseudomonas viridiflava		Sample from Pseudomonas viridiflava		ERC000011	2018-06-26T11:53:06Z	2018-06-18T18:20:05Z			SAMEA104473081							MAX PLANCK INSTITUTE FOR DEVELOPMENTAL BIOLOGY	2018-06-26T11:53:06Z	2018-06-18T18:20:05Z	public							p7.D9														Pseudomonas sp. 286																																																																		p7.D9		Pseudomonas sp. 286									
SAMEA104473082	9555865	Pseudomonas viridiflava		Sample from Pseudomonas viridiflava		ERC000011	2018-06-26T11:53:07Z	2018-06-18T18:20:05Z			SAMEA104473082							MAX PLANCK INSTITUTE FOR DEVELOPMENTAL BIOLOGY	2018-06-26T11:53:07Z	2018-06-18T18:20:05Z	public							p7.E10														Pseudomonas sp. 286																																																																		p7.E10		Pseudomonas sp. 286									
SAMEA104473083	9555866	Pseudomonas viridiflava		Sample from Pseudomonas viridiflava		ERC000011	2018-06-26T11:53:07Z	2018-06-18T18:20:05Z			SAMEA104473083							MAX PLANCK INSTITUTE FOR DEVELOPMENTAL BIOLOGY	2018-06-26T11:53:07Z	2018-06-18T18:20:05Z	public							p7.E11														Pseudomonas sp. 286																																																																		p7.E11		Pseudomonas sp. 286									
SAMEA104473084	9555867	Pseudomonas viridiflava		Sample from Pseudomonas viridiflava		ERC000011	2018-06-26T11:53:07Z	2018-06-18T18:20:05Z			SAMEA104473084							MAX PLANCK INSTITUTE FOR DEVELOPMENTAL BIOLOGY	2018-06-26T11:53:07Z	2018-06-18T18:20:05Z	public							p7.E12														Pseudomonas sp. 286																																																																		p7.E12		Pseudomonas sp. 286									
SAMEA104473085	9555868	Pseudomonas viridiflava		Sample from Pseudomonas viridiflava		ERC000011	2018-06-26T11:53:07Z	2018-06-18T18:20:05Z			SAMEA104473085							MAX PLANCK INSTITUTE FOR DEVELOPMENTAL BIOLOGY	2018-06-26T11:53:07Z	2018-06-18T18:20:05Z	public							p7.E1														Pseudomonas sp. 286																																																																		p7.E1		Pseudomonas sp. 286									
SAMEA104473086	9555869	Pseudomonas viridiflava		Sample from Pseudomonas viridiflava		ERC000011	2018-06-26T11:53:08Z	2018-06-18T18:20:05Z			SAMEA104473086							MAX PLANCK INSTITUTE FOR DEVELOPMENTAL BIOLOGY	2018-06-26T11:53:08Z	2018-06-18T18:20:05Z	public							p7.E2														Pseudomonas sp. 286																																																																		p7.E2		Pseudomonas sp. 286									
SAMEA104473087	9555870	Pseudomonas viridiflava		Sample from Pseudomonas viridiflava		ERC000011	2018-06-26T11:53:08Z	2018-06-18T18:20:05Z			SAMEA104473087							MAX PLANCK INSTITUTE FOR DEVELOPMENTAL BIOLOGY	2018-06-26T11:53:08Z	2018-06-18T18:20:05Z	public							p7.E3														Pseudomonas sp. 286																																																																		p7.E3		Pseudomonas sp. 286									
SAMEA104473088	9555871	Pseudomonas viridiflava		Sample from Pseudomonas viridiflava		ERC000011	2018-06-26T11:53:08Z	2018-06-18T18:20:05Z			SAMEA104473088							MAX PLANCK INSTITUTE FOR DEVELOPMENTAL BIOLOGY	2018-06-26T11:53:08Z	2018-06-18T18:20:05Z	public							p7.E4														Pseudomonas sp. 286																																																																		p7.E4		Pseudomonas sp. 286									
SAMEA104473089	9555872	Pseudomonas viridiflava		Sample from Pseudomonas viridiflava		ERC000011	2018-06-26T11:53:09Z	2018-06-18T18:20:05Z			SAMEA104473089							MAX PLANCK INSTITUTE FOR DEVELOPMENTAL BIOLOGY	2018-06-26T11:53:09Z	2018-06-18T18:20:05Z	public							p7.E5														Pseudomonas sp. 286																																																																		p7.E5		Pseudomonas sp. 286									
SAMEA104473090	9555873	Pseudomonas viridiflava		Sample from Pseudomonas viridiflava		ERC000011	2018-06-26T11:53:09Z	2018-06-18T18:20:05Z			SAMEA104473090							MAX PLANCK INSTITUTE FOR DEVELOPMENTAL BIOLOGY	2018-06-26T11:53:09Z	2018-06-18T18:20:05Z	public							p7.E6														Pseudomonas sp. 286																																																																		p7.E6		Pseudomonas sp. 286									
SAMEA104473091	9555874	Pseudomonas viridiflava		Sample from Pseudomonas viridiflava		ERC000011	2018-06-26T11:53:09Z	2018-06-18T18:20:05Z			SAMEA104473091							MAX PLANCK INSTITUTE FOR DEVELOPMENTAL BIOLOGY	2018-06-26T11:53:09Z	2018-06-18T18:20:05Z	public							p7.E7														Pseudomonas sp. 286																																																																		p7.E7		Pseudomonas sp. 286									
SAMEA104473092	9555875	Pseudomonas viridiflava		Sample from Pseudomonas viridiflava		ERC000011	2018-06-26T11:53:10Z	2018-06-18T18:20:05Z			SAMEA104473092							MAX PLANCK INSTITUTE FOR DEVELOPMENTAL BIOLOGY	2018-06-26T11:53:10Z	2018-06-18T18:20:05Z	public							p7.E8														Pseudomonas sp. 286																																																																		p7.E8		Pseudomonas sp. 286									
SAMEA104473093	9555876	Pseudomonas viridiflava		Sample from Pseudomonas viridiflava		ERC000011	2018-06-26T11:53:10Z	2018-06-18T18:20:05Z			SAMEA104473093							MAX PLANCK INSTITUTE FOR DEVELOPMENTAL BIOLOGY	2018-06-26T11:53:10Z	2018-06-18T18:20:05Z	public							p7.E9														Pseudomonas sp. 286																																																																		p7.E9		Pseudomonas sp. 286									
SAMEA104473094	9555877	Pseudomonas viridiflava		Sample from Pseudomonas viridiflava		ERC000011	2018-06-26T11:53:10Z	2018-06-18T18:20:05Z			SAMEA104473094							MAX PLANCK INSTITUTE FOR DEVELOPMENTAL BIOLOGY	2018-06-26T11:53:10Z	2018-06-18T18:20:05Z	public							p7.F10														Pseudomonas sp. 286																																																																		p7.F10		Pseudomonas sp. 286									
SAMEA104473095	9555878	Pseudomonas viridiflava		Sample from Pseudomonas viridiflava		ERC000011	2018-06-26T11:53:10Z	2018-06-18T18:20:05Z			SAMEA104473095							MAX PLANCK INSTITUTE FOR DEVELOPMENTAL BIOLOGY	2018-06-26T11:53:10Z	2018-06-18T18:20:05Z	public							p7.F12														Pseudomonas sp. 286																																																																		p7.F12		Pseudomonas sp. 286									
SAMEA104473096	9555879	Pseudomonas viridiflava		Sample from Pseudomonas viridiflava		ERC000011	2018-06-26T11:53:11Z	2018-06-18T18:20:05Z			SAMEA104473096							MAX PLANCK INSTITUTE FOR DEVELOPMENTAL BIOLOGY	2018-06-26T11:53:11Z	2018-06-18T18:20:05Z	public							p7.F1														Pseudomonas sp. 286																																																																		p7.F1		Pseudomonas sp. 286									
SAMEA104473097	9555880	Pseudomonas viridiflava		Sample from Pseudomonas viridiflava		ERC000011	2018-06-26T11:53:11Z	2018-06-18T18:20:05Z			SAMEA104473097							MAX PLANCK INSTITUTE FOR DEVELOPMENTAL BIOLOGY	2018-06-26T11:53:11Z	2018-06-18T18:20:05Z	public							p7.F2														Pseudomonas sp. 286																																																																		p7.F2		Pseudomonas sp. 286									
SAMEA104473098	9555881	Pseudomonas viridiflava		Sample from Pseudomonas viridiflava		ERC000011	2018-06-26T11:53:11Z	2018-06-18T18:20:05Z			SAMEA104473098							MAX PLANCK INSTITUTE FOR DEVELOPMENTAL BIOLOGY	2018-06-26T11:53:11Z	2018-06-18T18:20:05Z	public							p7.F3														Pseudomonas sp. 286																																																																		p7.F3		Pseudomonas sp. 286									
SAMEA104473099	9555882	Pseudomonas viridiflava		Sample from Pseudomonas viridiflava		ERC000011	2018-06-26T11:53:12Z	2018-06-18T18:20:05Z			SAMEA104473099							MAX PLANCK INSTITUTE FOR DEVELOPMENTAL BIOLOGY	2018-06-26T11:53:12Z	2018-06-18T18:20:05Z	public							p7.F4														Pseudomonas sp. 286																																																																		p7.F4		Pseudomonas sp. 286									
SAMEA104473100	9555883	Pseudomonas viridiflava		Sample from Pseudomonas viridiflava		ERC000011	2018-06-26T11:53:12Z	2018-06-18T18:20:05Z			SAMEA104473100							MAX PLANCK INSTITUTE FOR DEVELOPMENTAL BIOLOGY	2018-06-26T11:53:12Z	2018-06-18T18:20:05Z	public							p7.F5														Pseudomonas sp. 286																																																																		p7.F5		Pseudomonas sp. 286									
SAMEA104473101	9555884	Pseudomonas viridiflava		Sample from Pseudomonas viridiflava		ERC000011	2018-06-26T11:53:12Z	2018-06-18T18:20:05Z			SAMEA104473101							MAX PLANCK INSTITUTE FOR DEVELOPMENTAL BIOLOGY	2018-06-26T11:53:12Z	2018-06-18T18:20:05Z	public							p7.F6														Pseudomonas sp. 286																																																																		p7.F6		Pseudomonas sp. 286									
SAMEA104473102	9555885	Pseudomonas viridiflava		Sample from Pseudomonas viridiflava		ERC000011	2018-06-26T11:53:12Z	2018-06-18T18:20:05Z			SAMEA104473102							MAX PLANCK INSTITUTE FOR DEVELOPMENTAL BIOLOGY	2018-06-26T11:53:12Z	2018-06-18T18:20:05Z	public							p7.F7														Pseudomonas sp. 286																																																																		p7.F7		Pseudomonas sp. 286									
SAMEA104473103	9555886	Pseudomonas viridiflava		Sample from Pseudomonas viridiflava		ERC000011	2018-06-26T11:53:13Z	2018-06-18T18:20:05Z			SAMEA104473103							MAX PLANCK INSTITUTE FOR DEVELOPMENTAL BIOLOGY	2018-06-26T11:53:13Z	2018-06-18T18:20:05Z	public							p7.F9														Pseudomonas sp. 286																																																																		p7.F9		Pseudomonas sp. 286									
SAMEA104473104	9555887	Pseudomonas viridiflava		Sample from Pseudomonas viridiflava		ERC000011	2018-06-26T11:53:13Z	2018-06-18T18:20:05Z			SAMEA104473104							MAX PLANCK INSTITUTE FOR DEVELOPMENTAL BIOLOGY	2018-06-26T11:53:13Z	2018-06-18T18:20:05Z	public							p7.G11														Pseudomonas sp. 286																																																																		p7.G11		Pseudomonas sp. 286									
SAMEA104473105	9555888	Pseudomonas viridiflava		Sample from Pseudomonas viridiflava		ERC000011	2018-06-26T11:53:13Z	2018-06-18T18:20:05Z			SAMEA104473105							MAX PLANCK INSTITUTE FOR DEVELOPMENTAL BIOLOGY	2018-06-26T11:53:13Z	2018-06-18T18:20:05Z	public							p7.G1														Pseudomonas sp. 286																																																																		p7.G1		Pseudomonas sp. 286									
SAMEA104473106	9555889	Pseudomonas viridiflava		Sample from Pseudomonas viridiflava		ERC000011	2018-06-26T11:53:14Z	2018-06-18T18:20:05Z			SAMEA104473106							MAX PLANCK INSTITUTE FOR DEVELOPMENTAL BIOLOGY	2018-06-26T11:53:14Z	2018-06-18T18:20:05Z	public							p7.G2														Pseudomonas sp. 286																																																																		p7.G2		Pseudomonas sp. 286									
SAMEA104473107	9555890	Pseudomonas viridiflava		Sample from Pseudomonas viridiflava		ERC000011	2018-06-26T11:53:14Z	2018-06-18T18:20:05Z			SAMEA104473107							MAX PLANCK INSTITUTE FOR DEVELOPMENTAL BIOLOGY	2018-06-26T11:53:14Z	2018-06-18T18:20:05Z	public							p7.G3														Pseudomonas sp. 286																																																																		p7.G3		Pseudomonas sp. 286									
SAMEA104473108	9555891	Pseudomonas viridiflava		Sample from Pseudomonas viridiflava		ERC000011	2018-06-26T11:53:14Z	2018-06-18T18:20:05Z			SAMEA104473108							MAX PLANCK INSTITUTE FOR DEVELOPMENTAL BIOLOGY	2018-06-26T11:53:14Z	2018-06-18T18:20:05Z	public							p7.G4														Pseudomonas sp. 286																																																																		p7.G4		Pseudomonas sp. 286									
SAMEA104473109	9555892	Pseudomonas viridiflava		Sample from Pseudomonas viridiflava		ERC000011	2018-06-26T11:53:14Z	2018-06-18T18:20:05Z			SAMEA104473109							MAX PLANCK INSTITUTE FOR DEVELOPMENTAL BIOLOGY	2018-06-26T11:53:14Z	2018-06-18T18:20:05Z	public							p7.G5														Pseudomonas sp. 286																																																																		p7.G5		Pseudomonas sp. 286									
SAMEA104473110	9555893	Pseudomonas viridiflava		Sample from Pseudomonas viridiflava		ERC000011	2018-06-26T11:53:15Z	2018-06-18T18:20:05Z			SAMEA104473110							MAX PLANCK INSTITUTE FOR DEVELOPMENTAL BIOLOGY	2018-06-26T11:53:15Z	2018-06-18T18:20:05Z	public							p7.G6														Pseudomonas sp. 286																																																																		p7.G6		Pseudomonas sp. 286									
SAMEA104473111	9555894	Pseudomonas viridiflava		Sample from Pseudomonas viridiflava		ERC000011	2018-06-26T11:53:15Z	2018-06-18T18:20:05Z			SAMEA104473111							MAX PLANCK INSTITUTE FOR DEVELOPMENTAL BIOLOGY	2018-06-26T11:53:15Z	2018-06-18T18:20:05Z	public							p7.G7														Pseudomonas sp. 286																																																																		p7.G7		Pseudomonas sp. 286									
SAMEA104473112	9555895	Pseudomonas viridiflava		Sample from Pseudomonas viridiflava		ERC000011	2018-06-26T11:53:15Z	2018-06-18T18:20:05Z			SAMEA104473112							MAX PLANCK INSTITUTE FOR DEVELOPMENTAL BIOLOGY	2018-06-26T11:53:15Z	2018-06-18T18:20:05Z	public							p7.G8														Pseudomonas sp. 286																																																																		p7.G8		Pseudomonas sp. 286									
SAMEA104473113	9555896	Pseudomonas viridiflava		Sample from Pseudomonas viridiflava		ERC000011	2018-06-26T11:53:16Z	2018-06-18T18:20:05Z			SAMEA104473113							MAX PLANCK INSTITUTE FOR DEVELOPMENTAL BIOLOGY	2018-06-26T11:53:16Z	2018-06-18T18:20:05Z	public							p7.G9														Pseudomonas sp. 286																																																																		p7.G9		Pseudomonas sp. 286									
SAMEA104473114	9555897	Pseudomonas viridiflava		Sample from Pseudomonas viridiflava		ERC000011	2018-06-26T11:53:16Z	2018-06-18T18:20:05Z			SAMEA104473114							MAX PLANCK INSTITUTE FOR DEVELOPMENTAL BIOLOGY	2018-06-26T11:53:16Z	2018-06-18T18:20:05Z	public							p7.H10														Pseudomonas sp. 286																																																																		p7.H10		Pseudomonas sp. 286									
SAMEA104473115	9555898	Pseudomonas viridiflava		Sample from Pseudomonas viridiflava		ERC000011	2018-06-26T11:53:16Z	2018-06-18T18:20:05Z			SAMEA104473115							MAX PLANCK INSTITUTE FOR DEVELOPMENTAL BIOLOGY	2018-06-26T11:53:16Z	2018-06-18T18:20:05Z	public							p7.H11														Pseudomonas sp. 286																																																																		p7.H11		Pseudomonas sp. 286									
SAMEA104473116	9555899	Pseudomonas viridiflava		Sample from Pseudomonas viridiflava		ERC000011	2018-06-26T11:53:16Z	2018-06-18T18:20:05Z			SAMEA104473116							MAX PLANCK INSTITUTE FOR DEVELOPMENTAL BIOLOGY	2018-06-26T11:53:16Z	2018-06-18T18:20:05Z	public							p7.H1														Pseudomonas sp. 286																																																																		p7.H1		Pseudomonas sp. 286									
SAMEA104473117	9555900	Pseudomonas viridiflava		Sample from Pseudomonas viridiflava		ERC000011	2018-06-26T11:53:17Z	2018-06-18T18:20:05Z			SAMEA104473117							MAX PLANCK INSTITUTE FOR DEVELOPMENTAL BIOLOGY	2018-06-26T11:53:17Z	2018-06-18T18:20:05Z	public							p7.H2														Pseudomonas sp. 286																																																																		p7.H2		Pseudomonas sp. 286									
SAMEA104473118	9555901	Pseudomonas viridiflava		Sample from Pseudomonas viridiflava		ERC000011	2018-06-26T11:53:17Z	2018-06-18T18:20:05Z			SAMEA104473118							MAX PLANCK INSTITUTE FOR DEVELOPMENTAL BIOLOGY	2018-06-26T11:53:17Z	2018-06-18T18:20:05Z	public							p7.H3														Pseudomonas sp. 286																																																																		p7.H3		Pseudomonas sp. 286									
SAMEA104473119	9555902	Pseudomonas viridiflava		Sample from Pseudomonas viridiflava		ERC000011	2018-06-26T11:53:17Z	2018-06-18T18:20:05Z			SAMEA104473119							MAX PLANCK INSTITUTE FOR DEVELOPMENTAL BIOLOGY	2018-06-26T11:53:17Z	2018-06-18T18:20:05Z	public							p7.H4														Pseudomonas sp. 286																																																																		p7.H4		Pseudomonas sp. 286									
SAMEA104473120	9555903	Pseudomonas viridiflava		Sample from Pseudomonas viridiflava		ERC000011	2018-06-26T11:53:17Z	2018-06-18T18:20:05Z			SAMEA104473120							MAX PLANCK INSTITUTE FOR DEVELOPMENTAL BIOLOGY	2018-06-26T11:53:17Z	2018-06-18T18:20:05Z	public							p7.H5														Pseudomonas sp. 286																																																																		p7.H5		Pseudomonas sp. 286									
SAMEA104473121	9555904	Pseudomonas viridiflava		Sample from Pseudomonas viridiflava		ERC000011	2018-06-26T11:53:18Z	2018-06-18T18:20:05Z			SAMEA104473121							MAX PLANCK INSTITUTE FOR DEVELOPMENTAL BIOLOGY	2018-06-26T11:53:18Z	2018-06-18T18:20:05Z	public							p7.H6														Pseudomonas sp. 286																																																																		p7.H6		Pseudomonas sp. 286									
SAMEA104473122	9555905	Pseudomonas viridiflava		Sample from Pseudomonas viridiflava		ERC000011	2018-06-26T11:53:18Z	2018-06-18T18:20:05Z			SAMEA104473122							MAX PLANCK INSTITUTE FOR DEVELOPMENTAL BIOLOGY	2018-06-26T11:53:18Z	2018-06-18T18:20:05Z	public							p7.H7														Pseudomonas sp. 286																																																																		p7.H7		Pseudomonas sp. 286									
SAMEA104473123	9555906	Pseudomonas viridiflava		Sample from Pseudomonas viridiflava		ERC000011	2018-06-26T11:53:18Z	2018-06-18T18:20:05Z			SAMEA104473123							MAX PLANCK INSTITUTE FOR DEVELOPMENTAL BIOLOGY	2018-06-26T11:53:18Z	2018-06-18T18:20:05Z	public							p7.H8														Pseudomonas sp. 286																																																																		p7.H8		Pseudomonas sp. 286									
SAMEA104473124	9555907	Pseudomonas viridiflava		Sample from Pseudomonas viridiflava		ERC000011	2018-06-26T11:53:19Z	2018-06-18T18:20:05Z			SAMEA104473124							MAX PLANCK INSTITUTE FOR DEVELOPMENTAL BIOLOGY	2018-06-26T11:53:19Z	2018-06-18T18:20:05Z	public							p7.H9														Pseudomonas sp. 286																																																																		p7.H9		Pseudomonas sp. 286									
SAMEA104473125	9555908	Pseudomonas viridiflava		Sample from Pseudomonas viridiflava		ERC000011	2018-06-26T11:53:19Z	2018-06-18T18:20:05Z			SAMEA104473125							MAX PLANCK INSTITUTE FOR DEVELOPMENTAL BIOLOGY	2018-06-26T11:53:19Z	2018-06-18T18:20:05Z	public							p8.A10														Pseudomonas sp. 286																																																																		p8.A10		Pseudomonas sp. 286									
SAMEA104473126	9555909	Pseudomonas viridiflava		Sample from Pseudomonas viridiflava		ERC000011	2018-06-26T11:53:19Z	2018-06-18T18:20:05Z			SAMEA104473126							MAX PLANCK INSTITUTE FOR DEVELOPMENTAL BIOLOGY	2018-06-26T11:53:19Z	2018-06-18T18:20:05Z	public							p8.A11														Pseudomonas sp. 286																																																																		p8.A11		Pseudomonas sp. 286									
SAMEA104473127	9555910	Pseudomonas viridiflava		Sample from Pseudomonas viridiflava		ERC000011	2018-06-26T11:53:20Z	2018-06-18T18:20:05Z			SAMEA104473127							MAX PLANCK INSTITUTE FOR DEVELOPMENTAL BIOLOGY	2018-06-26T11:53:20Z	2018-06-18T18:20:05Z	public							p8.A1														Pseudomonas sp. 286																																																																		p8.A1		Pseudomonas sp. 286									
SAMEA104473128	9555911	Pseudomonas viridiflava		Sample from Pseudomonas viridiflava		ERC000011	2018-06-26T11:53:20Z	2018-06-18T18:20:05Z			SAMEA104473128							MAX PLANCK INSTITUTE FOR DEVELOPMENTAL BIOLOGY	2018-06-26T11:53:20Z	2018-06-18T18:20:05Z	public							p8.A2														Pseudomonas sp. 286																																																																		p8.A2		Pseudomonas sp. 286									
SAMEA104473129	9555912	Pseudomonas viridiflava		Sample from Pseudomonas viridiflava		ERC000011	2018-06-26T11:53:20Z	2018-06-18T18:20:05Z			SAMEA104473129							MAX PLANCK INSTITUTE FOR DEVELOPMENTAL BIOLOGY	2018-06-26T11:53:20Z	2018-06-18T18:20:05Z	public							p8.A5														Pseudomonas sp. 286																																																																		p8.A5		Pseudomonas sp. 286									
SAMEA104473130	9555913	Pseudomonas viridiflava		Sample from Pseudomonas viridiflava		ERC000011	2018-06-26T11:53:20Z	2018-06-18T18:20:05Z			SAMEA104473130							MAX PLANCK INSTITUTE FOR DEVELOPMENTAL BIOLOGY	2018-06-26T11:53:20Z	2018-06-18T18:20:05Z	public							p8.A7														Pseudomonas sp. 286																																																																		p8.A7		Pseudomonas sp. 286									
SAMEA104473131	9555914	Pseudomonas viridiflava		Sample from Pseudomonas viridiflava		ERC000011	2018-06-26T11:53:20Z	2018-06-18T18:20:05Z			SAMEA104473131							MAX PLANCK INSTITUTE FOR DEVELOPMENTAL BIOLOGY	2018-06-26T11:53:20Z	2018-06-18T18:20:05Z	public							p8.A8														Pseudomonas sp. 286																																																																		p8.A8		Pseudomonas sp. 286									
SAMEA104473132	9555915	Pseudomonas viridiflava		Sample from Pseudomonas viridiflava		ERC000011	2018-06-26T11:53:21Z	2018-06-18T18:20:05Z			SAMEA104473132							MAX PLANCK INSTITUTE FOR DEVELOPMENTAL BIOLOGY	2018-06-26T11:53:21Z	2018-06-18T18:20:05Z	public							p8.A9														Pseudomonas sp. 286																																																																		p8.A9		Pseudomonas sp. 286									
SAMEA104473133	9555916	Pseudomonas viridiflava		Sample from Pseudomonas viridiflava		ERC000011	2018-06-26T11:53:21Z	2018-06-18T18:20:05Z			SAMEA104473133							MAX PLANCK INSTITUTE FOR DEVELOPMENTAL BIOLOGY	2018-06-26T11:53:21Z	2018-06-18T18:20:05Z	public							p8.B2														Pseudomonas sp. 286																																																																		p8.B2		Pseudomonas sp. 286									
SAMEA104473134	9555917	Pseudomonas viridiflava		Sample from Pseudomonas viridiflava		ERC000011	2018-06-26T11:53:21Z	2018-06-18T18:20:05Z			SAMEA104473134							MAX PLANCK INSTITUTE FOR DEVELOPMENTAL BIOLOGY	2018-06-26T11:53:21Z	2018-06-18T18:20:05Z	public							p8.B3														Pseudomonas sp. 286																																																																		p8.B3		Pseudomonas sp. 286									
SAMEA104473135	9555918	Pseudomonas viridiflava		Sample from Pseudomonas viridiflava		ERC000011	2018-06-26T11:53:22Z	2018-06-18T18:20:05Z			SAMEA104473135							MAX PLANCK INSTITUTE FOR DEVELOPMENTAL BIOLOGY	2018-06-26T11:53:22Z	2018-06-18T18:20:05Z	public							p8.B4														Pseudomonas sp. 286																																																																		p8.B4		Pseudomonas sp. 286									
SAMEA104473136	9555919	Pseudomonas viridiflava		Sample from Pseudomonas viridiflava		ERC000011	2018-06-26T11:53:22Z	2018-06-18T18:20:05Z			SAMEA104473136							MAX PLANCK INSTITUTE FOR DEVELOPMENTAL BIOLOGY	2018-06-26T11:53:22Z	2018-06-18T18:20:05Z	public							p8.B5														Pseudomonas sp. 286																																																																		p8.B5		Pseudomonas sp. 286									
SAMEA104473137	9555920	Pseudomonas viridiflava		Sample from Pseudomonas viridiflava		ERC000011	2018-06-26T11:53:22Z	2018-06-18T18:20:05Z			SAMEA104473137							MAX PLANCK INSTITUTE FOR DEVELOPMENTAL BIOLOGY	2018-06-26T11:53:22Z	2018-06-18T18:20:05Z	public							p8.B6														Pseudomonas sp. 286																																																																		p8.B6		Pseudomonas sp. 286									
SAMEA104473138	9555921	Pseudomonas viridiflava		Sample from Pseudomonas viridiflava		ERC000011	2018-06-26T11:53:22Z	2018-06-18T18:20:05Z			SAMEA104473138							MAX PLANCK INSTITUTE FOR DEVELOPMENTAL BIOLOGY	2018-06-26T11:53:22Z	2018-06-18T18:20:05Z	public							p8.B7														Pseudomonas sp. 286																																																																		p8.B7		Pseudomonas sp. 286									
SAMEA104473139	9555922	Pseudomonas viridiflava		Sample from Pseudomonas viridiflava		ERC000011	2018-06-26T11:53:23Z	2018-06-18T18:20:05Z			SAMEA104473139							MAX PLANCK INSTITUTE FOR DEVELOPMENTAL BIOLOGY	2018-06-26T11:53:23Z	2018-06-18T18:20:05Z	public							p8.B8														Pseudomonas sp. 286																																																																		p8.B8		Pseudomonas sp. 286									
SAMEA104473140	9555923	Pseudomonas viridiflava		Sample from Pseudomonas viridiflava		ERC000011	2018-06-26T11:53:23Z	2018-06-18T18:20:05Z			SAMEA104473140							MAX PLANCK INSTITUTE FOR DEVELOPMENTAL BIOLOGY	2018-06-26T11:53:23Z	2018-06-18T18:20:05Z	public							p8.B9														Pseudomonas sp. 286																																																																		p8.B9		Pseudomonas sp. 286									
SAMEA104473141	9555924	Pseudomonas viridiflava		Sample from Pseudomonas viridiflava		ERC000011	2018-06-26T11:53:23Z	2018-06-18T18:20:05Z			SAMEA104473141							MAX PLANCK INSTITUTE FOR DEVELOPMENTAL BIOLOGY	2018-06-26T11:53:23Z	2018-06-18T18:20:05Z	public							p8.C1														Pseudomonas sp. 286																																																																		p8.C1		Pseudomonas sp. 286									
SAMEA104473142	9555925	Pseudomonas viridiflava		Sample from Pseudomonas viridiflava		ERC000011	2018-06-26T11:53:23Z	2018-06-18T18:20:05Z			SAMEA104473142							MAX PLANCK INSTITUTE FOR DEVELOPMENTAL BIOLOGY	2018-06-26T11:53:23Z	2018-06-18T18:20:05Z	public							p8.C2														Pseudomonas sp. 286																																																																		p8.C2		Pseudomonas sp. 286									
SAMEA104473143	9555926	Pseudomonas viridiflava		Sample from Pseudomonas viridiflava		ERC000011	2018-06-26T11:53:24Z	2018-06-18T18:20:05Z			SAMEA104473143							MAX PLANCK INSTITUTE FOR DEVELOPMENTAL BIOLOGY	2018-06-26T11:53:24Z	2018-06-18T18:20:05Z	public							p8.C3														Pseudomonas sp. 286																																																																		p8.C3		Pseudomonas sp. 286									
SAMEA104473144	9555927	Pseudomonas viridiflava		Sample from Pseudomonas viridiflava		ERC000011	2018-06-26T11:53:24Z	2018-06-18T18:20:05Z			SAMEA104473144							MAX PLANCK INSTITUTE FOR DEVELOPMENTAL BIOLOGY	2018-06-26T11:53:24Z	2018-06-18T18:20:05Z	public							p8.C4														Pseudomonas sp. 286																																																																		p8.C4		Pseudomonas sp. 286									
SAMEA104473145	9555928	Pseudomonas viridiflava		Sample from Pseudomonas viridiflava		ERC000011	2018-06-26T11:53:24Z	2018-06-18T18:20:05Z			SAMEA104473145							MAX PLANCK INSTITUTE FOR DEVELOPMENTAL BIOLOGY	2018-06-26T11:53:24Z	2018-06-18T18:20:05Z	public							p8.C5														Pseudomonas sp. 286																																																																		p8.C5		Pseudomonas sp. 286									
SAMEA104473146	9555929	Pseudomonas viridiflava		Sample from Pseudomonas viridiflava		ERC000011	2018-06-26T11:53:24Z	2018-06-18T18:20:05Z			SAMEA104473146							MAX PLANCK INSTITUTE FOR DEVELOPMENTAL BIOLOGY	2018-06-26T11:53:24Z	2018-06-18T18:20:05Z	public							p8.C6														Pseudomonas sp. 286																																																																		p8.C6		Pseudomonas sp. 286									
SAMEA104473147	9555930	Pseudomonas viridiflava		Sample from Pseudomonas viridiflava		ERC000011	2018-06-26T11:53:25Z	2018-06-18T18:20:04Z			SAMEA104473147							MAX PLANCK INSTITUTE FOR DEVELOPMENTAL BIOLOGY	2018-06-26T11:53:25Z	2018-06-18T18:20:04Z	public							p8.C7														Pseudomonas sp. 286																																																																		p8.C7		Pseudomonas sp. 286									
SAMEA104473148	9555931	Pseudomonas viridiflava		Sample from Pseudomonas viridiflava		ERC000011	2018-06-26T11:53:25Z	2018-06-18T18:20:05Z			SAMEA104473148							MAX PLANCK INSTITUTE FOR DEVELOPMENTAL BIOLOGY	2018-06-26T11:53:25Z	2018-06-18T18:20:05Z	public							p8.C8														Pseudomonas sp. 286																																																																		p8.C8		Pseudomonas sp. 286									
SAMEA104473149	9555932	Pseudomonas viridiflava		Sample from Pseudomonas viridiflava		ERC000011	2018-06-26T11:53:25Z	2018-06-18T18:20:05Z			SAMEA104473149							MAX PLANCK INSTITUTE FOR DEVELOPMENTAL BIOLOGY	2018-06-26T11:53:25Z	2018-06-18T18:20:05Z	public							p8.C9														Pseudomonas sp. 286																																																																		p8.C9		Pseudomonas sp. 286									
SAMEA104473150	9555933	Pseudomonas viridiflava		Sample from Pseudomonas viridiflava		ERC000011	2018-06-26T11:53:25Z	2018-06-18T18:20:05Z			SAMEA104473150							MAX PLANCK INSTITUTE FOR DEVELOPMENTAL BIOLOGY	2018-06-26T11:53:25Z	2018-06-18T18:20:05Z	public							p8.D10														Pseudomonas sp. 286																																																																		p8.D10		Pseudomonas sp. 286									
SAMEA104473151	9555934	Pseudomonas viridiflava		Sample from Pseudomonas viridiflava		ERC000011	2018-06-26T11:53:26Z	2018-06-18T18:20:04Z			SAMEA104473151							MAX PLANCK INSTITUTE FOR DEVELOPMENTAL BIOLOGY	2018-06-26T11:53:26Z	2018-06-18T18:20:04Z	public							p8.D11														Pseudomonas sp. 286																																																																		p8.D11		Pseudomonas sp. 286									
SAMEA104473152	9555935	Pseudomonas viridiflava		Sample from Pseudomonas viridiflava		ERC000011	2018-06-26T11:53:26Z	2018-06-18T18:20:04Z			SAMEA104473152							MAX PLANCK INSTITUTE FOR DEVELOPMENTAL BIOLOGY	2018-06-26T11:53:26Z	2018-06-18T18:20:04Z	public							p8.D1														Pseudomonas sp. 286																																																																		p8.D1		Pseudomonas sp. 286									
SAMEA104473153	9555936	Pseudomonas viridiflava		Sample from Pseudomonas viridiflava		ERC000011	2018-06-26T11:53:26Z	2018-06-18T18:20:04Z			SAMEA104473153							MAX PLANCK INSTITUTE FOR DEVELOPMENTAL BIOLOGY	2018-06-26T11:53:26Z	2018-06-18T18:20:04Z	public							p8.D2														Pseudomonas sp. 286																																																																		p8.D2		Pseudomonas sp. 286									
SAMEA104473154	9555937	Pseudomonas viridiflava		Sample from Pseudomonas viridiflava		ERC000011	2018-06-26T11:53:27Z	2018-06-18T18:20:04Z			SAMEA104473154							MAX PLANCK INSTITUTE FOR DEVELOPMENTAL BIOLOGY	2018-06-26T11:53:27Z	2018-06-18T18:20:04Z	public							p8.D3														Pseudomonas sp. 286																																																																		p8.D3		Pseudomonas sp. 286									
SAMEA104473155	9555938	Pseudomonas viridiflava		Sample from Pseudomonas viridiflava		ERC000011	2018-06-26T11:53:27Z	2018-06-18T18:20:04Z			SAMEA104473155							MAX PLANCK INSTITUTE FOR DEVELOPMENTAL BIOLOGY	2018-06-26T11:53:27Z	2018-06-18T18:20:04Z	public							p8.D4														Pseudomonas sp. 286																																																																		p8.D4		Pseudomonas sp. 286									
SAMEA104473156	9555939	Pseudomonas viridiflava		Sample from Pseudomonas viridiflava		ERC000011	2018-06-26T11:53:27Z	2018-06-18T18:20:04Z			SAMEA104473156							MAX PLANCK INSTITUTE FOR DEVELOPMENTAL BIOLOGY	2018-06-26T11:53:27Z	2018-06-18T18:20:04Z	public							p8.D5														Pseudomonas sp. 286																																																																		p8.D5		Pseudomonas sp. 286									
SAMEA104473157	9555940	Pseudomonas viridiflava		Sample from Pseudomonas viridiflava		ERC000011	2018-06-26T11:53:27Z	2018-06-18T18:20:04Z			SAMEA104473157							MAX PLANCK INSTITUTE FOR DEVELOPMENTAL BIOLOGY	2018-06-26T11:53:27Z	2018-06-18T18:20:04Z	public							p8.D6														Pseudomonas sp. 286																																																																		p8.D6		Pseudomonas sp. 286									
SAMEA104473158	9555941	Pseudomonas viridiflava		Sample from Pseudomonas viridiflava		ERC000011	2018-06-26T11:53:28Z	2018-06-18T18:20:04Z			SAMEA104473158							MAX PLANCK INSTITUTE FOR DEVELOPMENTAL BIOLOGY	2018-06-26T11:53:28Z	2018-06-18T18:20:04Z	public							p8.D8														Pseudomonas sp. 286																																																																		p8.D8		Pseudomonas sp. 286									
SAMEA104473159	9555942	Pseudomonas viridiflava		Sample from Pseudomonas viridiflava		ERC000011	2018-06-26T11:53:28Z	2018-06-18T18:20:04Z			SAMEA104473159							MAX PLANCK INSTITUTE FOR DEVELOPMENTAL BIOLOGY	2018-06-26T11:53:28Z	2018-06-18T18:20:04Z	public							p8.D9														Pseudomonas sp. 286																																																																		p8.D9		Pseudomonas sp. 286									
SAMEA104473160	9555943	Pseudomonas viridiflava		Sample from Pseudomonas viridiflava		ERC000011	2018-06-26T11:53:28Z	2018-06-18T18:20:04Z			SAMEA104473160							MAX PLANCK INSTITUTE FOR DEVELOPMENTAL BIOLOGY	2018-06-26T11:53:28Z	2018-06-18T18:20:04Z	public							p8.E10														Pseudomonas sp. 286																																																																		p8.E10		Pseudomonas sp. 286									
SAMEA104473161	9555944	Pseudomonas viridiflava		Sample from Pseudomonas viridiflava		ERC000011	2018-06-26T11:53:28Z	2018-06-18T18:20:04Z			SAMEA104473161							MAX PLANCK INSTITUTE FOR DEVELOPMENTAL BIOLOGY	2018-06-26T11:53:28Z	2018-06-18T18:20:04Z	public							p8.E11														Pseudomonas sp. 286																																																																		p8.E11		Pseudomonas sp. 286									
SAMEA104473162	9555945	Pseudomonas viridiflava		Sample from Pseudomonas viridiflava		ERC000011	2018-06-26T11:53:29Z	2018-06-18T18:20:04Z			SAMEA104473162							MAX PLANCK INSTITUTE FOR DEVELOPMENTAL BIOLOGY	2018-06-26T11:53:29Z	2018-06-18T18:20:04Z	public							p8.E1														Pseudomonas sp. 286																																																																		p8.E1		Pseudomonas sp. 286									
SAMEA104473163	9555946	Pseudomonas viridiflava		Sample from Pseudomonas viridiflava		ERC000011	2018-06-26T11:53:29Z	2018-06-18T18:20:04Z			SAMEA104473163							MAX PLANCK INSTITUTE FOR DEVELOPMENTAL BIOLOGY	2018-06-26T11:53:29Z	2018-06-18T18:20:04Z	public							p8.E2														Pseudomonas sp. 286																																																																		p8.E2		Pseudomonas sp. 286									
SAMEA104473164	9555947	Pseudomonas viridiflava		Sample from Pseudomonas viridiflava		ERC000011	2018-06-26T11:53:29Z	2018-06-18T18:20:04Z			SAMEA104473164							MAX PLANCK INSTITUTE FOR DEVELOPMENTAL BIOLOGY	2018-06-26T11:53:29Z	2018-06-18T18:20:04Z	public							p8.E3														Pseudomonas sp. 286																																																																		p8.E3		Pseudomonas sp. 286									
SAMEA104473165	9555948	Pseudomonas viridiflava		Sample from Pseudomonas viridiflava		ERC000011	2018-06-26T11:53:30Z	2018-06-18T18:20:04Z			SAMEA104473165							MAX PLANCK INSTITUTE FOR DEVELOPMENTAL BIOLOGY	2018-06-26T11:53:30Z	2018-06-18T18:20:04Z	public							p8.E4														Pseudomonas sp. 286																																																																		p8.E4		Pseudomonas sp. 286									
SAMEA104473166	9555949	Pseudomonas viridiflava		Sample from Pseudomonas viridiflava		ERC000011	2018-06-26T11:53:30Z	2018-06-18T18:20:04Z			SAMEA104473166							MAX PLANCK INSTITUTE FOR DEVELOPMENTAL BIOLOGY	2018-06-26T11:53:30Z	2018-06-18T18:20:04Z	public							p8.E5														Pseudomonas sp. 286																																																																		p8.E5		Pseudomonas sp. 286									
SAMEA104473167	9555950	Pseudomonas viridiflava		Sample from Pseudomonas viridiflava		ERC000011	2018-06-26T11:53:30Z	2018-06-18T18:20:04Z			SAMEA104473167							MAX PLANCK INSTITUTE FOR DEVELOPMENTAL BIOLOGY	2018-06-26T11:53:30Z	2018-06-18T18:20:04Z	public							p8.E6														Pseudomonas sp. 286																																																																		p8.E6		Pseudomonas sp. 286									
SAMEA104473168	9555951	Pseudomonas viridiflava		Sample from Pseudomonas viridiflava		ERC000011	2018-06-26T11:53:30Z	2018-06-18T18:20:04Z			SAMEA104473168							MAX PLANCK INSTITUTE FOR DEVELOPMENTAL BIOLOGY	2018-06-26T11:53:30Z	2018-06-18T18:20:04Z	public							p8.E7														Pseudomonas sp. 286																																																																		p8.E7		Pseudomonas sp. 286									
SAMEA104473169	9555952	Pseudomonas viridiflava		Sample from Pseudomonas viridiflava		ERC000011	2018-06-26T11:53:31Z	2018-06-18T18:20:04Z			SAMEA104473169							MAX PLANCK INSTITUTE FOR DEVELOPMENTAL BIOLOGY	2018-06-26T11:53:31Z	2018-06-18T18:20:04Z	public							p8.E8														Pseudomonas sp. 286																																																																		p8.E8		Pseudomonas sp. 286									
SAMEA104473170	9555953	Pseudomonas viridiflava		Sample from Pseudomonas viridiflava		ERC000011	2018-06-26T11:53:31Z	2018-06-18T18:20:04Z			SAMEA104473170							MAX PLANCK INSTITUTE FOR DEVELOPMENTAL BIOLOGY	2018-06-26T11:53:31Z	2018-06-18T18:20:04Z	public							p8.E9														Pseudomonas sp. 286																																																																		p8.E9		Pseudomonas sp. 286									
SAMEA104473171	9555954	Pseudomonas viridiflava		Sample from Pseudomonas viridiflava		ERC000011	2018-06-26T11:53:31Z	2018-06-18T18:20:04Z			SAMEA104473171							MAX PLANCK INSTITUTE FOR DEVELOPMENTAL BIOLOGY	2018-06-26T11:53:31Z	2018-06-18T18:20:04Z	public							p8.F10														Pseudomonas sp. 286																																																																		p8.F10		Pseudomonas sp. 286									
SAMEA104473172	9555955	Pseudomonas viridiflava		Sample from Pseudomonas viridiflava		ERC000011	2018-06-26T11:53:31Z	2018-06-18T18:20:04Z			SAMEA104473172							MAX PLANCK INSTITUTE FOR DEVELOPMENTAL BIOLOGY	2018-06-26T11:53:31Z	2018-06-18T18:20:04Z	public							p8.F11														Pseudomonas sp. 286																																																																		p8.F11		Pseudomonas sp. 286									
SAMEA104473173	9555956	Pseudomonas viridiflava		Sample from Pseudomonas viridiflava		ERC000011	2018-06-26T11:53:32Z	2018-06-18T18:20:04Z			SAMEA104473173							MAX PLANCK INSTITUTE FOR DEVELOPMENTAL BIOLOGY	2018-06-26T11:53:32Z	2018-06-18T18:20:04Z	public							p8.F12														Pseudomonas sp. 286																																																																		p8.F12		Pseudomonas sp. 286									
SAMEA104473174	9555957	Pseudomonas viridiflava		Sample from Pseudomonas viridiflava		ERC000011	2018-06-26T11:53:32Z	2018-06-18T18:20:04Z			SAMEA104473174							MAX PLANCK INSTITUTE FOR DEVELOPMENTAL BIOLOGY	2018-06-26T11:53:32Z	2018-06-18T18:20:04Z	public							p8.F1														Pseudomonas sp. 286																																																																		p8.F1		Pseudomonas sp. 286									
SAMEA104473175	9555958	Pseudomonas viridiflava		Sample from Pseudomonas viridiflava		ERC000011	2018-06-26T11:53:32Z	2018-06-18T18:20:04Z			SAMEA104473175							MAX PLANCK INSTITUTE FOR DEVELOPMENTAL BIOLOGY	2018-06-26T11:53:32Z	2018-06-18T18:20:04Z	public							p8.F2														Pseudomonas sp. 286																																																																		p8.F2		Pseudomonas sp. 286									
SAMEA104473176	9555959	Pseudomonas viridiflava		Sample from Pseudomonas viridiflava		ERC000011	2018-06-26T11:53:32Z	2018-06-18T18:20:04Z			SAMEA104473176							MAX PLANCK INSTITUTE FOR DEVELOPMENTAL BIOLOGY	2018-06-26T11:53:32Z	2018-06-18T18:20:04Z	public							p8.F3														Pseudomonas sp. 286																																																																		p8.F3		Pseudomonas sp. 286									
SAMEA104473177	9555960	Pseudomonas viridiflava		Sample from Pseudomonas viridiflava		ERC000011	2018-06-26T11:53:33Z	2018-06-18T18:20:04Z			SAMEA104473177							MAX PLANCK INSTITUTE FOR DEVELOPMENTAL BIOLOGY	2018-06-26T11:53:33Z	2018-06-18T18:20:04Z	public							p8.F4														Pseudomonas sp. 286																																																																		p8.F4		Pseudomonas sp. 286									
SAMEA104473178	9555961	Pseudomonas viridiflava		Sample from Pseudomonas viridiflava		ERC000011	2018-06-26T11:53:33Z	2018-06-18T18:20:04Z			SAMEA104473178							MAX PLANCK INSTITUTE FOR DEVELOPMENTAL BIOLOGY	2018-06-26T11:53:33Z	2018-06-18T18:20:04Z	public							p8.F5														Pseudomonas sp. 286																																																																		p8.F5		Pseudomonas sp. 286									
SAMEA104473179	9555962	Pseudomonas viridiflava		Sample from Pseudomonas viridiflava		ERC000011	2018-06-26T11:53:33Z	2018-06-18T18:20:04Z			SAMEA104473179							MAX PLANCK INSTITUTE FOR DEVELOPMENTAL BIOLOGY	2018-06-26T11:53:33Z	2018-06-18T18:20:04Z	public							p8.F8														Pseudomonas sp. 286																																																																		p8.F8		Pseudomonas sp. 286									
SAMEA104473180	9555963	Pseudomonas viridiflava		Sample from Pseudomonas viridiflava		ERC000011	2018-06-26T11:53:34Z	2018-06-18T18:20:04Z			SAMEA104473180							MAX PLANCK INSTITUTE FOR DEVELOPMENTAL BIOLOGY	2018-06-26T11:53:34Z	2018-06-18T18:20:04Z	public							p8.G10														Pseudomonas sp. 286																																																																		p8.G10		Pseudomonas sp. 286									
SAMEA104473181	9555964	Pseudomonas viridiflava		Sample from Pseudomonas viridiflava		ERC000011	2018-06-26T11:53:34Z	2018-06-18T18:20:04Z			SAMEA104473181							MAX PLANCK INSTITUTE FOR DEVELOPMENTAL BIOLOGY	2018-06-26T11:53:34Z	2018-06-18T18:20:04Z	public							p8.G1														Pseudomonas sp. 286																																																																		p8.G1		Pseudomonas sp. 286									
SAMEA104473182	9555965	Pseudomonas viridiflava		Sample from Pseudomonas viridiflava		ERC000011	2018-06-26T11:53:34Z	2018-06-18T18:20:04Z			SAMEA104473182							MAX PLANCK INSTITUTE FOR DEVELOPMENTAL BIOLOGY	2018-06-26T11:53:34Z	2018-06-18T18:20:04Z	public							p8.G2														Pseudomonas sp. 286																																																																		p8.G2		Pseudomonas sp. 286									
SAMEA104473183	9555966	Pseudomonas viridiflava		Sample from Pseudomonas viridiflava		ERC000011	2018-06-26T11:53:34Z	2018-06-18T18:20:04Z			SAMEA104473183							MAX PLANCK INSTITUTE FOR DEVELOPMENTAL BIOLOGY	2018-06-26T11:53:34Z	2018-06-18T18:20:04Z	public							p8.G3														Pseudomonas sp. 286																																																																		p8.G3		Pseudomonas sp. 286									
SAMEA104473184	9555967	Pseudomonas viridiflava		Sample from Pseudomonas viridiflava		ERC000011	2018-06-26T11:53:35Z	2018-06-18T18:20:04Z			SAMEA104473184							MAX PLANCK INSTITUTE FOR DEVELOPMENTAL BIOLOGY	2018-06-26T11:53:35Z	2018-06-18T18:20:04Z	public							p8.G4														Pseudomonas sp. 286																																																																		p8.G4		Pseudomonas sp. 286									
SAMEA104473185	9555968	Pseudomonas viridiflava		Sample from Pseudomonas viridiflava		ERC000011	2018-06-26T11:53:35Z	2018-06-18T18:20:04Z			SAMEA104473185							MAX PLANCK INSTITUTE FOR DEVELOPMENTAL BIOLOGY	2018-06-26T11:53:35Z	2018-06-18T18:20:04Z	public							p8.G5														Pseudomonas sp. 286																																																																		p8.G5		Pseudomonas sp. 286									
SAMEA104473186	9555969	Pseudomonas viridiflava		Sample from Pseudomonas viridiflava		ERC000011	2018-06-26T11:53:36Z	2018-06-18T18:20:04Z			SAMEA104473186							MAX PLANCK INSTITUTE FOR DEVELOPMENTAL BIOLOGY	2018-06-26T11:53:36Z	2018-06-18T18:20:04Z	public							p8.G6														Pseudomonas sp. 286																																																																		p8.G6		Pseudomonas sp. 286									
SAMEA104473187	9555970	Pseudomonas viridiflava		Sample from Pseudomonas viridiflava		ERC000011	2018-06-26T11:53:36Z	2018-06-18T18:20:04Z			SAMEA104473187							MAX PLANCK INSTITUTE FOR DEVELOPMENTAL BIOLOGY	2018-06-26T11:53:36Z	2018-06-18T18:20:04Z	public							p8.G7														Pseudomonas sp. 286																																																																		p8.G7		Pseudomonas sp. 286									
SAMEA104473188	9555971	Pseudomonas viridiflava		Sample from Pseudomonas viridiflava		ERC000011	2018-06-26T11:53:36Z	2018-06-18T18:20:04Z			SAMEA104473188							MAX PLANCK INSTITUTE FOR DEVELOPMENTAL BIOLOGY	2018-06-26T11:53:36Z	2018-06-18T18:20:04Z	public							p8.G8														Pseudomonas sp. 286																																																																		p8.G8		Pseudomonas sp. 286									
SAMEA104473189	9555972	Pseudomonas viridiflava		Sample from Pseudomonas viridiflava		ERC000011	2018-06-26T11:53:37Z	2018-06-18T18:20:04Z			SAMEA104473189							MAX PLANCK INSTITUTE FOR DEVELOPMENTAL BIOLOGY	2018-06-26T11:53:37Z	2018-06-18T18:20:04Z	public							p8.G9														Pseudomonas sp. 286																																																																		p8.G9		Pseudomonas sp. 286									
SAMEA104473190	9555973	Pseudomonas viridiflava		Sample from Pseudomonas viridiflava		ERC000011	2018-06-26T11:53:37Z	2018-06-18T18:20:04Z			SAMEA104473190							MAX PLANCK INSTITUTE FOR DEVELOPMENTAL BIOLOGY	2018-06-26T11:53:37Z	2018-06-18T18:20:04Z	public							p8.H1														Pseudomonas sp. 286																																																																		p8.H1		Pseudomonas sp. 286									
SAMEA104473191	9555974	Pseudomonas viridiflava		Sample from Pseudomonas viridiflava		ERC000011	2018-06-26T11:53:37Z	2018-06-18T18:20:04Z			SAMEA104473191							MAX PLANCK INSTITUTE FOR DEVELOPMENTAL BIOLOGY	2018-06-26T11:53:37Z	2018-06-18T18:20:04Z	public							p8.H2														Pseudomonas sp. 286																																																																		p8.H2		Pseudomonas sp. 286									
SAMEA104473192	9555975	Pseudomonas viridiflava		Sample from Pseudomonas viridiflava		ERC000011	2018-06-26T11:53:38Z	2018-06-18T18:20:04Z			SAMEA104473192							MAX PLANCK INSTITUTE FOR DEVELOPMENTAL BIOLOGY	2018-06-26T11:53:38Z	2018-06-18T18:20:04Z	public							p8.H3														Pseudomonas sp. 286																																																																		p8.H3		Pseudomonas sp. 286									
SAMEA104473193	9555976	Pseudomonas viridiflava		Sample from Pseudomonas viridiflava		ERC000011	2018-06-26T11:53:38Z	2018-06-18T18:20:04Z			SAMEA104473193							MAX PLANCK INSTITUTE FOR DEVELOPMENTAL BIOLOGY	2018-06-26T11:53:38Z	2018-06-18T18:20:04Z	public							p8.H4														Pseudomonas sp. 286																																																																		p8.H4		Pseudomonas sp. 286									
SAMEA104473194	9555977	Pseudomonas viridiflava		Sample from Pseudomonas viridiflava		ERC000011	2018-06-26T11:53:38Z	2018-06-18T18:20:04Z			SAMEA104473194							MAX PLANCK INSTITUTE FOR DEVELOPMENTAL BIOLOGY	2018-06-26T11:53:38Z	2018-06-18T18:20:04Z	public							p8.H5														Pseudomonas sp. 286																																																																		p8.H5		Pseudomonas sp. 286									
SAMEA104473195	9555978	Pseudomonas viridiflava		Sample from Pseudomonas viridiflava		ERC000011	2018-06-26T11:53:39Z	2018-06-18T18:20:04Z			SAMEA104473195							MAX PLANCK INSTITUTE FOR DEVELOPMENTAL BIOLOGY	2018-06-26T11:53:39Z	2018-06-18T18:20:04Z	public							p8.H6														Pseudomonas sp. 286																																																																		p8.H6		Pseudomonas sp. 286									
SAMEA104473196	9555979	Pseudomonas viridiflava		Sample from Pseudomonas viridiflava		ERC000011	2018-06-26T11:53:39Z	2018-06-18T18:20:04Z			SAMEA104473196							MAX PLANCK INSTITUTE FOR DEVELOPMENTAL BIOLOGY	2018-06-26T11:53:39Z	2018-06-18T18:20:04Z	public							p8.H7														Pseudomonas sp. 286																																																																		p8.H7		Pseudomonas sp. 286									
SAMEA104473197	9555980	Pseudomonas viridiflava		Sample from Pseudomonas viridiflava		ERC000011	2018-06-26T11:53:39Z	2018-06-18T18:20:04Z			SAMEA104473197							MAX PLANCK INSTITUTE FOR DEVELOPMENTAL BIOLOGY	2018-06-26T11:53:39Z	2018-06-18T18:20:04Z	public							p8.H8														Pseudomonas sp. 286																																																																		p8.H8		Pseudomonas sp. 286									
SAMEA104473198	9555981	Pseudomonas viridiflava		Sample from Pseudomonas viridiflava		ERC000011	2018-06-26T11:53:40Z	2018-06-18T18:20:04Z			SAMEA104473198							MAX PLANCK INSTITUTE FOR DEVELOPMENTAL BIOLOGY	2018-06-26T11:53:40Z	2018-06-18T18:20:04Z	public							p8.H9														Pseudomonas sp. 286																																																																		p8.H9		Pseudomonas sp. 286									
SAMEA104473199	9555982	Pseudomonas viridiflava		Sample from Pseudomonas viridiflava		ERC000011	2018-06-26T11:53:40Z	2018-06-18T18:20:04Z			SAMEA104473199							MAX PLANCK INSTITUTE FOR DEVELOPMENTAL BIOLOGY	2018-06-26T11:53:40Z	2018-06-18T18:20:04Z	public							p9.A10														Pseudomonas sp. 286																																																																		p9.A10		Pseudomonas sp. 286									
SAMEA104473200	9555983	Pseudomonas viridiflava		Sample from Pseudomonas viridiflava		ERC000011	2018-06-26T11:53:40Z	2018-06-18T18:20:04Z			SAMEA104473200							MAX PLANCK INSTITUTE FOR DEVELOPMENTAL BIOLOGY	2018-06-26T11:53:40Z	2018-06-18T18:20:04Z	public							p9.A11														Pseudomonas sp. 286																																																																		p9.A11		Pseudomonas sp. 286									
SAMEA104473201	9555984	Pseudomonas viridiflava		Sample from Pseudomonas viridiflava		ERC000011	2018-06-26T11:53:41Z	2018-06-18T18:20:04Z			SAMEA104473201							MAX PLANCK INSTITUTE FOR DEVELOPMENTAL BIOLOGY	2018-06-26T11:53:41Z	2018-06-18T18:20:04Z	public							p9.A1														Pseudomonas sp. 286																																																																		p9.A1		Pseudomonas sp. 286									
SAMEA104473202	9555985	Pseudomonas viridiflava		Sample from Pseudomonas viridiflava		ERC000011	2018-06-26T11:53:41Z	2018-06-18T18:20:04Z			SAMEA104473202							MAX PLANCK INSTITUTE FOR DEVELOPMENTAL BIOLOGY	2018-06-26T11:53:41Z	2018-06-18T18:20:04Z	public							p9.A2														Pseudomonas sp. 286																																																																		p9.A2		Pseudomonas sp. 286									
SAMEA104473203	9555986	Pseudomonas viridiflava		Sample from Pseudomonas viridiflava		ERC000011	2018-06-26T11:53:42Z	2018-06-18T18:20:04Z			SAMEA104473203							MAX PLANCK INSTITUTE FOR DEVELOPMENTAL BIOLOGY	2018-06-26T11:53:42Z	2018-06-18T18:20:04Z	public							p9.A3														Pseudomonas sp. 286																																																																		p9.A3		Pseudomonas sp. 286									
SAMEA104473204	9555987	Pseudomonas viridiflava		Sample from Pseudomonas viridiflava		ERC000011	2018-06-26T11:53:42Z	2018-06-18T18:20:04Z			SAMEA104473204							MAX PLANCK INSTITUTE FOR DEVELOPMENTAL BIOLOGY	2018-06-26T11:53:42Z	2018-06-18T18:20:04Z	public							p9.A4														Pseudomonas sp. 286																																																																		p9.A4		Pseudomonas sp. 286									
SAMEA104473205	9555988	Pseudomonas viridiflava		Sample from Pseudomonas viridiflava		ERC000011	2018-06-26T11:53:42Z	2018-06-18T18:20:04Z			SAMEA104473205							MAX PLANCK INSTITUTE FOR DEVELOPMENTAL BIOLOGY	2018-06-26T11:53:42Z	2018-06-18T18:20:04Z	public							p9.A5														Pseudomonas sp. 286																																																																		p9.A5		Pseudomonas sp. 286									
SAMEA104473206	9555989	Pseudomonas viridiflava		Sample from Pseudomonas viridiflava		ERC000011	2018-06-26T11:53:43Z	2018-06-18T18:20:04Z			SAMEA104473206							MAX PLANCK INSTITUTE FOR DEVELOPMENTAL BIOLOGY	2018-06-26T11:53:43Z	2018-06-18T18:20:04Z	public							p9.A6														Pseudomonas sp. 286																																																																		p9.A6		Pseudomonas sp. 286									
SAMEA104473207	9555990	Pseudomonas viridiflava		Sample from Pseudomonas viridiflava		ERC000011	2018-06-26T11:53:43Z	2018-06-18T18:20:04Z			SAMEA104473207							MAX PLANCK INSTITUTE FOR DEVELOPMENTAL BIOLOGY	2018-06-26T11:53:43Z	2018-06-18T18:20:04Z	public							p9.A7														Pseudomonas sp. 286																																																																		p9.A7		Pseudomonas sp. 286									
SAMEA104473208	9555991	Pseudomonas viridiflava		Sample from Pseudomonas viridiflava		ERC000011	2018-06-26T11:53:43Z	2018-06-18T18:20:04Z			SAMEA104473208							MAX PLANCK INSTITUTE FOR DEVELOPMENTAL BIOLOGY	2018-06-26T11:53:43Z	2018-06-18T18:20:04Z	public							p9.A8														Pseudomonas sp. 286																																																																		p9.A8		Pseudomonas sp. 286									
SAMEA104473209	9555992	Pseudomonas viridiflava		Sample from Pseudomonas viridiflava		ERC000011	2018-06-26T11:53:43Z	2018-06-18T18:20:04Z			SAMEA104473209							MAX PLANCK INSTITUTE FOR DEVELOPMENTAL BIOLOGY	2018-06-26T11:53:43Z	2018-06-18T18:20:04Z	public							p9.A9														Pseudomonas sp. 286																																																																		p9.A9		Pseudomonas sp. 286									
SAMEA104473210	9555993	Pseudomonas viridiflava		Sample from Pseudomonas viridiflava		ERC000011	2018-06-26T11:53:44Z	2018-06-18T18:20:04Z			SAMEA104473210							MAX PLANCK INSTITUTE FOR DEVELOPMENTAL BIOLOGY	2018-06-26T11:53:44Z	2018-06-18T18:20:04Z	public							p9.B10														Pseudomonas sp. 286																																																																		p9.B10		Pseudomonas sp. 286									
SAMEA104473211	9555994	Pseudomonas viridiflava		Sample from Pseudomonas viridiflava		ERC000011	2018-06-26T11:53:44Z	2018-06-18T18:20:04Z			SAMEA104473211							MAX PLANCK INSTITUTE FOR DEVELOPMENTAL BIOLOGY	2018-06-26T11:53:44Z	2018-06-18T18:20:04Z	public							p9.B11														Pseudomonas sp. 286																																																																		p9.B11		Pseudomonas sp. 286									
SAMEA104473212	9555995	Pseudomonas viridiflava		Sample from Pseudomonas viridiflava		ERC000011	2018-06-26T11:53:44Z	2018-06-18T18:20:04Z			SAMEA104473212							MAX PLANCK INSTITUTE FOR DEVELOPMENTAL BIOLOGY	2018-06-26T11:53:44Z	2018-06-18T18:20:04Z	public							p9.B12														Pseudomonas sp. 286																																																																		p9.B12		Pseudomonas sp. 286									
SAMEA104473213	9555996	Pseudomonas viridiflava		Sample from Pseudomonas viridiflava		ERC000011	2018-06-26T11:53:45Z	2018-06-18T18:20:04Z			SAMEA104473213							MAX PLANCK INSTITUTE FOR DEVELOPMENTAL BIOLOGY	2018-06-26T11:53:45Z	2018-06-18T18:20:04Z	public							p9.B1														Pseudomonas sp. 286																																																																		p9.B1		Pseudomonas sp. 286									
SAMEA104473214	9555997	Pseudomonas viridiflava		Sample from Pseudomonas viridiflava		ERC000011	2018-06-26T11:53:45Z	2018-06-18T18:20:04Z			SAMEA104473214							MAX PLANCK INSTITUTE FOR DEVELOPMENTAL BIOLOGY	2018-06-26T11:53:45Z	2018-06-18T18:20:04Z	public							p9.B2														Pseudomonas sp. 286																																																																		p9.B2		Pseudomonas sp. 286									
SAMEA104473215	9555998	Pseudomonas viridiflava		Sample from Pseudomonas viridiflava		ERC000011	2018-06-26T11:53:45Z	2018-06-18T18:20:04Z			SAMEA104473215							MAX PLANCK INSTITUTE FOR DEVELOPMENTAL BIOLOGY	2018-06-26T11:53:45Z	2018-06-18T18:20:04Z	public							p9.B3														Pseudomonas sp. 286																																																																		p9.B3		Pseudomonas sp. 286									
SAMEA104473216	9555999	Pseudomonas viridiflava		Sample from Pseudomonas viridiflava		ERC000011	2018-06-26T11:53:46Z	2018-06-18T18:20:04Z			SAMEA104473216							MAX PLANCK INSTITUTE FOR DEVELOPMENTAL BIOLOGY	2018-06-26T11:53:46Z	2018-06-18T18:20:04Z	public							p9.B4														Pseudomonas sp. 286																																																																		p9.B4		Pseudomonas sp. 286									
SAMEA104473217	9556000	Pseudomonas viridiflava		Sample from Pseudomonas viridiflava		ERC000011	2018-06-26T11:53:47Z	2018-06-18T18:20:04Z			SAMEA104473217							MAX PLANCK INSTITUTE FOR DEVELOPMENTAL BIOLOGY	2018-06-26T11:53:47Z	2018-06-18T18:20:04Z	public							p9.B5														Pseudomonas sp. 286																																																																		p9.B5		Pseudomonas sp. 286									
SAMEA104473218	9556001	Pseudomonas viridiflava		Sample from Pseudomonas viridiflava		ERC000011	2018-06-26T11:53:47Z	2018-06-18T18:20:04Z			SAMEA104473218							MAX PLANCK INSTITUTE FOR DEVELOPMENTAL BIOLOGY	2018-06-26T11:53:47Z	2018-06-18T18:20:04Z	public							p9.B6														Pseudomonas sp. 286																																																																		p9.B6		Pseudomonas sp. 286									
SAMEA104473219	9556002	Pseudomonas viridiflava		Sample from Pseudomonas viridiflava		ERC000011	2018-06-26T11:53:48Z	2018-06-18T18:20:04Z			SAMEA104473219							MAX PLANCK INSTITUTE FOR DEVELOPMENTAL BIOLOGY	2018-06-26T11:53:48Z	2018-06-18T18:20:04Z	public							p9.B7														Pseudomonas sp. 286																																																																		p9.B7		Pseudomonas sp. 286									
SAMEA104473220	9556003	Pseudomonas viridiflava		Sample from Pseudomonas viridiflava		ERC000011	2018-06-26T11:53:48Z	2018-06-18T18:20:04Z			SAMEA104473220							MAX PLANCK INSTITUTE FOR DEVELOPMENTAL BIOLOGY	2018-06-26T11:53:48Z	2018-06-18T18:20:04Z	public							p9.B8														Pseudomonas sp. 286																																																																		p9.B8		Pseudomonas sp. 286									
SAMEA104473221	9556004	Pseudomonas viridiflava		Sample from Pseudomonas viridiflava		ERC000011	2018-06-26T11:53:48Z	2018-06-18T18:20:04Z			SAMEA104473221							MAX PLANCK INSTITUTE FOR DEVELOPMENTAL BIOLOGY	2018-06-26T11:53:48Z	2018-06-18T18:20:04Z	public							p9.B9														Pseudomonas sp. 286																																																																		p9.B9		Pseudomonas sp. 286									
SAMEA104473222	9556005	Pseudomonas viridiflava		Sample from Pseudomonas viridiflava		ERC000011	2018-06-26T11:53:49Z	2018-06-18T18:20:04Z			SAMEA104473222							MAX PLANCK INSTITUTE FOR DEVELOPMENTAL BIOLOGY	2018-06-26T11:53:49Z	2018-06-18T18:20:04Z	public							p9.C10														Pseudomonas sp. 286																																																																		p9.C10		Pseudomonas sp. 286									
SAMEA104473223	9556006	Pseudomonas viridiflava		Sample from Pseudomonas viridiflava		ERC000011	2018-06-26T11:53:49Z	2018-06-18T18:20:04Z			SAMEA104473223							MAX PLANCK INSTITUTE FOR DEVELOPMENTAL BIOLOGY	2018-06-26T11:53:49Z	2018-06-18T18:20:04Z	public							p9.C11														Pseudomonas sp. 286																																																																		p9.C11		Pseudomonas sp. 286									
SAMEA104473224	9556007	Pseudomonas viridiflava		Sample from Pseudomonas viridiflava		ERC000011	2018-06-26T11:53:49Z	2018-06-18T18:20:04Z			SAMEA104473224							MAX PLANCK INSTITUTE FOR DEVELOPMENTAL BIOLOGY	2018-06-26T11:53:49Z	2018-06-18T18:20:04Z	public							p9.C12														Pseudomonas sp. 286																																																																		p9.C12		Pseudomonas sp. 286									
SAMEA104473225	9556008	Pseudomonas viridiflava		Sample from Pseudomonas viridiflava		ERC000011	2018-06-26T11:53:49Z	2018-06-18T18:20:04Z			SAMEA104473225							MAX PLANCK INSTITUTE FOR DEVELOPMENTAL BIOLOGY	2018-06-26T11:53:49Z	2018-06-18T18:20:04Z	public							p9.C1														Pseudomonas sp. 286																																																																		p9.C1		Pseudomonas sp. 286									
SAMEA104473226	9556009	Pseudomonas viridiflava		Sample from Pseudomonas viridiflava		ERC000011	2018-06-26T11:53:50Z	2018-06-18T18:20:04Z			SAMEA104473226							MAX PLANCK INSTITUTE FOR DEVELOPMENTAL BIOLOGY	2018-06-26T11:53:50Z	2018-06-18T18:20:04Z	public							p9.C2														Pseudomonas sp. 286																																																																		p9.C2		Pseudomonas sp. 286									
SAMEA104473227	9556010	Pseudomonas viridiflava		Sample from Pseudomonas viridiflava		ERC000011	2018-06-26T11:53:50Z	2018-06-18T18:20:04Z			SAMEA104473227							MAX PLANCK INSTITUTE FOR DEVELOPMENTAL BIOLOGY	2018-06-26T11:53:50Z	2018-06-18T18:20:04Z	public							p9.C3														Pseudomonas sp. 286																																																																		p9.C3		Pseudomonas sp. 286									
SAMEA104473228	9556011	Pseudomonas viridiflava		Sample from Pseudomonas viridiflava		ERC000011	2018-06-26T11:53:50Z	2018-06-18T18:20:04Z			SAMEA104473228							MAX PLANCK INSTITUTE FOR DEVELOPMENTAL BIOLOGY	2018-06-26T11:53:50Z	2018-06-18T18:20:04Z	public							p9.C4														Pseudomonas sp. 286																																																																		p9.C4		Pseudomonas sp. 286									
SAMEA104473229	9556012	Pseudomonas viridiflava		Sample from Pseudomonas viridiflava		ERC000011	2018-06-26T11:53:51Z	2018-06-18T18:20:04Z			SAMEA104473229							MAX PLANCK INSTITUTE FOR DEVELOPMENTAL BIOLOGY	2018-06-26T11:53:51Z	2018-06-18T18:20:04Z	public							p9.C5														Pseudomonas sp. 286																																																																		p9.C5		Pseudomonas sp. 286									
SAMEA104473230	9556013	Pseudomonas viridiflava		Sample from Pseudomonas viridiflava		ERC000011	2018-06-26T11:53:51Z	2018-06-18T18:20:04Z			SAMEA104473230							MAX PLANCK INSTITUTE FOR DEVELOPMENTAL BIOLOGY	2018-06-26T11:53:51Z	2018-06-18T18:20:04Z	public							p9.C6														Pseudomonas sp. 286																																																																		p9.C6		Pseudomonas sp. 286									
SAMEA104473231	9556014	Pseudomonas viridiflava		Sample from Pseudomonas viridiflava		ERC000011	2018-06-26T11:53:51Z	2018-06-18T18:20:04Z			SAMEA104473231							MAX PLANCK INSTITUTE FOR DEVELOPMENTAL BIOLOGY	2018-06-26T11:53:51Z	2018-06-18T18:20:04Z	public							p9.C7														Pseudomonas sp. 286																																																																		p9.C7		Pseudomonas sp. 286									
SAMEA104473232	9556015	Pseudomonas viridiflava		Sample from Pseudomonas viridiflava		ERC000011	2018-06-26T11:53:52Z	2018-06-18T18:20:04Z			SAMEA104473232							MAX PLANCK INSTITUTE FOR DEVELOPMENTAL BIOLOGY	2018-06-26T11:53:52Z	2018-06-18T18:20:04Z	public							p9.C8														Pseudomonas sp. 286																																																																		p9.C8		Pseudomonas sp. 286									
SAMEA104473233	9556016	Pseudomonas viridiflava		Sample from Pseudomonas viridiflava		ERC000011	2018-06-26T11:53:52Z	2018-06-18T18:20:04Z			SAMEA104473233							MAX PLANCK INSTITUTE FOR DEVELOPMENTAL BIOLOGY	2018-06-26T11:53:52Z	2018-06-18T18:20:04Z	public							p9.C9														Pseudomonas sp. 286																																																																		p9.C9		Pseudomonas sp. 286									
SAMEA104473234	9556017	Pseudomonas viridiflava		Sample from Pseudomonas viridiflava		ERC000011	2018-06-26T11:53:52Z	2018-06-18T18:20:04Z			SAMEA104473234							MAX PLANCK INSTITUTE FOR DEVELOPMENTAL BIOLOGY	2018-06-26T11:53:52Z	2018-06-18T18:20:04Z	public							p9.D10														Pseudomonas sp. 286																																																																		p9.D10		Pseudomonas sp. 286									
SAMEA104473235	9556018	Pseudomonas viridiflava		Sample from Pseudomonas viridiflava		ERC000011	2018-06-26T11:53:53Z	2018-06-18T18:20:04Z			SAMEA104473235							MAX PLANCK INSTITUTE FOR DEVELOPMENTAL BIOLOGY	2018-06-26T11:53:53Z	2018-06-18T18:20:04Z	public							p9.D12														Pseudomonas sp. 286																																																																		p9.D12		Pseudomonas sp. 286									
SAMEA104473236	9556019	Pseudomonas viridiflava		Sample from Pseudomonas viridiflava		ERC000011	2018-06-26T11:53:53Z	2018-06-18T18:20:04Z			SAMEA104473236							MAX PLANCK INSTITUTE FOR DEVELOPMENTAL BIOLOGY	2018-06-26T11:53:53Z	2018-06-18T18:20:04Z	public							p9.D1														Pseudomonas sp. 286																																																																		p9.D1		Pseudomonas sp. 286									
SAMEA104473237	9556020	Pseudomonas viridiflava		Sample from Pseudomonas viridiflava		ERC000011	2018-06-26T11:53:54Z	2018-06-18T18:20:04Z			SAMEA104473237							MAX PLANCK INSTITUTE FOR DEVELOPMENTAL BIOLOGY	2018-06-26T11:53:54Z	2018-06-18T18:20:04Z	public							p9.D2														Pseudomonas sp. 286																																																																		p9.D2		Pseudomonas sp. 286									
SAMEA104473238	9556021	Pseudomonas viridiflava		Sample from Pseudomonas viridiflava		ERC000011	2018-06-26T11:53:54Z	2018-06-18T18:20:04Z			SAMEA104473238							MAX PLANCK INSTITUTE FOR DEVELOPMENTAL BIOLOGY	2018-06-26T11:53:54Z	2018-06-18T18:20:04Z	public							p9.D3														Pseudomonas sp. 286																																																																		p9.D3		Pseudomonas sp. 286									
SAMEA104473239	9556022	Pseudomonas viridiflava		Sample from Pseudomonas viridiflava		ERC000011	2018-06-26T11:53:54Z	2018-06-18T18:20:03Z			SAMEA104473239							MAX PLANCK INSTITUTE FOR DEVELOPMENTAL BIOLOGY	2018-06-26T11:53:54Z	2018-06-18T18:20:03Z	public							p9.D4														Pseudomonas sp. 286																																																																		p9.D4		Pseudomonas sp. 286									
SAMEA104473240	9556023	Pseudomonas viridiflava		Sample from Pseudomonas viridiflava		ERC000011	2018-06-26T11:53:55Z	2018-06-18T18:20:04Z			SAMEA104473240							MAX PLANCK INSTITUTE FOR DEVELOPMENTAL BIOLOGY	2018-06-26T11:53:55Z	2018-06-18T18:20:04Z	public							p9.D5														Pseudomonas sp. 286																																																																		p9.D5		Pseudomonas sp. 286									
SAMEA104473241	9556024	Pseudomonas viridiflava		Sample from Pseudomonas viridiflava		ERC000011	2018-06-26T11:53:55Z	2018-06-18T18:20:04Z			SAMEA104473241							MAX PLANCK INSTITUTE FOR DEVELOPMENTAL BIOLOGY	2018-06-26T11:53:55Z	2018-06-18T18:20:04Z	public							p9.D6														Pseudomonas sp. 286																																																																		p9.D6		Pseudomonas sp. 286									
SAMEA104473242	9556025	Pseudomonas viridiflava		Sample from Pseudomonas viridiflava		ERC000011	2018-06-26T11:53:56Z	2018-06-18T18:20:04Z			SAMEA104473242							MAX PLANCK INSTITUTE FOR DEVELOPMENTAL BIOLOGY	2018-06-26T11:53:56Z	2018-06-18T18:20:04Z	public							p9.D7														Pseudomonas sp. 286																																																																		p9.D7		Pseudomonas sp. 286									
SAMEA104473243	9556026	Pseudomonas viridiflava		Sample from Pseudomonas viridiflava		ERC000011	2018-06-26T11:53:56Z	2018-06-18T18:20:04Z			SAMEA104473243							MAX PLANCK INSTITUTE FOR DEVELOPMENTAL BIOLOGY	2018-06-26T11:53:56Z	2018-06-18T18:20:04Z	public							p9.D8														Pseudomonas sp. 286																																																																		p9.D8		Pseudomonas sp. 286									
SAMEA104473244	9556027	Pseudomonas viridiflava		Sample from Pseudomonas viridiflava		ERC000011	2018-06-26T11:53:57Z	2018-06-18T18:20:04Z			SAMEA104473244							MAX PLANCK INSTITUTE FOR DEVELOPMENTAL BIOLOGY	2018-06-26T11:53:57Z	2018-06-18T18:20:04Z	public							p9.D9														Pseudomonas sp. 286																																																																		p9.D9		Pseudomonas sp. 286									
SAMEA104473245	9556028	Pseudomonas viridiflava		Sample from Pseudomonas viridiflava		ERC000011	2018-06-26T11:53:57Z	2018-06-18T18:20:04Z			SAMEA104473245							MAX PLANCK INSTITUTE FOR DEVELOPMENTAL BIOLOGY	2018-06-26T11:53:57Z	2018-06-18T18:20:04Z	public							p9.E10														Pseudomonas sp. 286																																																																		p9.E10		Pseudomonas sp. 286									
SAMEA104473246	9556029	Pseudomonas viridiflava		Sample from Pseudomonas viridiflava		ERC000011	2018-06-26T11:53:57Z	2018-06-18T18:20:04Z			SAMEA104473246							MAX PLANCK INSTITUTE FOR DEVELOPMENTAL BIOLOGY	2018-06-26T11:53:57Z	2018-06-18T18:20:04Z	public							p9.E11														Pseudomonas sp. 286																																																																		p9.E11		Pseudomonas sp. 286									
SAMEA104473247	9556030	Pseudomonas viridiflava		Sample from Pseudomonas viridiflava		ERC000011	2018-06-26T11:53:57Z	2018-06-18T18:20:04Z			SAMEA104473247							MAX PLANCK INSTITUTE FOR DEVELOPMENTAL BIOLOGY	2018-06-26T11:53:57Z	2018-06-18T18:20:04Z	public							p9.E1														Pseudomonas sp. 286																																																																		p9.E1		Pseudomonas sp. 286									
SAMEA104473248	9556031	Pseudomonas viridiflava		Sample from Pseudomonas viridiflava		ERC000011	2018-06-26T11:53:58Z	2018-06-18T18:20:04Z			SAMEA104473248							MAX PLANCK INSTITUTE FOR DEVELOPMENTAL BIOLOGY	2018-06-26T11:53:58Z	2018-06-18T18:20:04Z	public							p9.E2														Pseudomonas sp. 286																																																																		p9.E2		Pseudomonas sp. 286									
SAMEA104473249	9556032	Pseudomonas viridiflava		Sample from Pseudomonas viridiflava		ERC000011	2018-06-26T11:53:58Z	2018-06-18T18:20:04Z			SAMEA104473249							MAX PLANCK INSTITUTE FOR DEVELOPMENTAL BIOLOGY	2018-06-26T11:53:58Z	2018-06-18T18:20:04Z	public							p9.E3														Pseudomonas sp. 286																																																																		p9.E3		Pseudomonas sp. 286									
SAMEA104473250	9556033	Pseudomonas viridiflava		Sample from Pseudomonas viridiflava		ERC000011	2018-06-26T11:53:58Z	2018-06-18T18:20:04Z			SAMEA104473250							MAX PLANCK INSTITUTE FOR DEVELOPMENTAL BIOLOGY	2018-06-26T11:53:58Z	2018-06-18T18:20:04Z	public							p9.E4														Pseudomonas sp. 286																																																																		p9.E4		Pseudomonas sp. 286									
SAMEA104473251	9556034	Pseudomonas viridiflava		Sample from Pseudomonas viridiflava		ERC000011	2018-06-26T11:53:59Z	2018-06-18T18:20:04Z			SAMEA104473251							MAX PLANCK INSTITUTE FOR DEVELOPMENTAL BIOLOGY	2018-06-26T11:53:59Z	2018-06-18T18:20:04Z	public							p9.E5														Pseudomonas sp. 286																																																																		p9.E5		Pseudomonas sp. 286									
SAMEA104473252	9556035	Pseudomonas viridiflava		Sample from Pseudomonas viridiflava		ERC000011	2018-06-26T11:53:59Z	2018-06-18T18:20:04Z			SAMEA104473252							MAX PLANCK INSTITUTE FOR DEVELOPMENTAL BIOLOGY	2018-06-26T11:53:59Z	2018-06-18T18:20:04Z	public							p9.E6														Pseudomonas sp. 286																																																																		p9.E6		Pseudomonas sp. 286									
SAMEA104473253	9556036	Pseudomonas viridiflava		Sample from Pseudomonas viridiflava		ERC000011	2018-06-26T11:53:59Z	2018-06-18T18:20:04Z			SAMEA104473253							MAX PLANCK INSTITUTE FOR DEVELOPMENTAL BIOLOGY	2018-06-26T11:53:59Z	2018-06-18T18:20:04Z	public							p9.E7														Pseudomonas sp. 286																																																																		p9.E7		Pseudomonas sp. 286									
SAMEA104473254	9556037	Pseudomonas viridiflava		Sample from Pseudomonas viridiflava		ERC000011	2018-06-26T11:54:00Z	2018-06-18T18:20:04Z			SAMEA104473254							MAX PLANCK INSTITUTE FOR DEVELOPMENTAL BIOLOGY	2018-06-26T11:54:00Z	2018-06-18T18:20:04Z	public							p9.E8														Pseudomonas sp. 286																																																																		p9.E8		Pseudomonas sp. 286									
SAMEA104473255	9556038	Pseudomonas viridiflava		Sample from Pseudomonas viridiflava		ERC000011	2018-06-26T11:54:00Z	2018-06-18T18:20:04Z			SAMEA104473255							MAX PLANCK INSTITUTE FOR DEVELOPMENTAL BIOLOGY	2018-06-26T11:54:00Z	2018-06-18T18:20:04Z	public							p9.E9														Pseudomonas sp. 286																																																																		p9.E9		Pseudomonas sp. 286									
SAMEA104473256	9556039	Pseudomonas viridiflava		Sample from Pseudomonas viridiflava		ERC000011	2018-06-26T11:54:00Z	2018-06-18T18:20:03Z			SAMEA104473256							MAX PLANCK INSTITUTE FOR DEVELOPMENTAL BIOLOGY	2018-06-26T11:54:00Z	2018-06-18T18:20:03Z	public							p9.F10														Pseudomonas sp. 286																																																																		p9.F10		Pseudomonas sp. 286									
SAMEA104473257	9556040	Pseudomonas viridiflava		Sample from Pseudomonas viridiflava		ERC000011	2018-06-26T11:54:01Z	2018-06-18T18:20:03Z			SAMEA104473257							MAX PLANCK INSTITUTE FOR DEVELOPMENTAL BIOLOGY	2018-06-26T11:54:01Z	2018-06-18T18:20:03Z	public							p9.F11														Pseudomonas sp. 286																																																																		p9.F11		Pseudomonas sp. 286									
SAMEA104473258	9556041	Pseudomonas viridiflava		Sample from Pseudomonas viridiflava		ERC000011	2018-06-26T11:54:01Z	2018-06-18T18:20:03Z			SAMEA104473258							MAX PLANCK INSTITUTE FOR DEVELOPMENTAL BIOLOGY	2018-06-26T11:54:01Z	2018-06-18T18:20:03Z	public							p9.F1														Pseudomonas sp. 286																																																																		p9.F1		Pseudomonas sp. 286									
SAMEA104473259	9556042	Pseudomonas viridiflava		Sample from Pseudomonas viridiflava		ERC000011	2018-06-26T11:54:01Z	2018-06-18T18:20:03Z			SAMEA104473259							MAX PLANCK INSTITUTE FOR DEVELOPMENTAL BIOLOGY	2018-06-26T11:54:01Z	2018-06-18T18:20:03Z	public							p9.F2														Pseudomonas sp. 286																																																																		p9.F2		Pseudomonas sp. 286									
SAMEA104473260	9556043	Pseudomonas viridiflava		Sample from Pseudomonas viridiflava		ERC000011	2018-06-26T11:54:01Z	2018-06-18T18:20:03Z			SAMEA104473260							MAX PLANCK INSTITUTE FOR DEVELOPMENTAL BIOLOGY	2018-06-26T11:54:01Z	2018-06-18T18:20:03Z	public							p9.F3														Pseudomonas sp. 286																																																																		p9.F3		Pseudomonas sp. 286									
SAMEA104473261	9556044	Pseudomonas viridiflava		Sample from Pseudomonas viridiflava		ERC000011	2018-06-26T11:54:02Z	2018-06-18T18:20:03Z			SAMEA104473261							MAX PLANCK INSTITUTE FOR DEVELOPMENTAL BIOLOGY	2018-06-26T11:54:02Z	2018-06-18T18:20:03Z	public							p9.F4														Pseudomonas sp. 286																																																																		p9.F4		Pseudomonas sp. 286									
SAMEA104473262	9556045	Pseudomonas viridiflava		Sample from Pseudomonas viridiflava		ERC000011	2018-06-26T11:54:02Z	2018-06-18T18:20:03Z			SAMEA104473262							MAX PLANCK INSTITUTE FOR DEVELOPMENTAL BIOLOGY	2018-06-26T11:54:02Z	2018-06-18T18:20:03Z	public							p9.F5														Pseudomonas sp. 286																																																																		p9.F5		Pseudomonas sp. 286									
SAMEA104473263	9556046	Pseudomonas viridiflava		Sample from Pseudomonas viridiflava		ERC000011	2018-06-26T11:54:02Z	2018-06-18T18:20:03Z			SAMEA104473263							MAX PLANCK INSTITUTE FOR DEVELOPMENTAL BIOLOGY	2018-06-26T11:54:02Z	2018-06-18T18:20:03Z	public							p9.F6														Pseudomonas sp. 286																																																																		p9.F6		Pseudomonas sp. 286									
SAMEA104473264	9556047	Pseudomonas viridiflava		Sample from Pseudomonas viridiflava		ERC000011	2018-06-26T11:54:03Z	2018-06-18T18:20:03Z			SAMEA104473264							MAX PLANCK INSTITUTE FOR DEVELOPMENTAL BIOLOGY	2018-06-26T11:54:03Z	2018-06-18T18:20:03Z	public							p9.F7														Pseudomonas sp. 286																																																																		p9.F7		Pseudomonas sp. 286									
SAMEA104473265	9556048	Pseudomonas viridiflava		Sample from Pseudomonas viridiflava		ERC000011	2018-06-26T11:54:03Z	2018-06-18T18:20:03Z			SAMEA104473265							MAX PLANCK INSTITUTE FOR DEVELOPMENTAL BIOLOGY	2018-06-26T11:54:03Z	2018-06-18T18:20:03Z	public							p9.F8														Pseudomonas sp. 286																																																																		p9.F8		Pseudomonas sp. 286									
SAMEA104473266	9556049	Pseudomonas viridiflava		Sample from Pseudomonas viridiflava		ERC000011	2018-06-26T11:54:03Z	2018-06-18T18:20:03Z			SAMEA104473266							MAX PLANCK INSTITUTE FOR DEVELOPMENTAL BIOLOGY	2018-06-26T11:54:03Z	2018-06-18T18:20:03Z	public							p9.F9														Pseudomonas sp. 286																																																																		p9.F9		Pseudomonas sp. 286									
SAMEA104473267	9556050	Pseudomonas viridiflava		Sample from Pseudomonas viridiflava		ERC000011	2018-06-26T11:54:04Z	2018-06-18T18:20:03Z			SAMEA104473267							MAX PLANCK INSTITUTE FOR DEVELOPMENTAL BIOLOGY	2018-06-26T11:54:04Z	2018-06-18T18:20:03Z	public							p9.G10														Pseudomonas sp. 286																																																																		p9.G10		Pseudomonas sp. 286									
SAMEA104473268	9556051	Pseudomonas viridiflava		Sample from Pseudomonas viridiflava		ERC000011	2018-06-26T11:54:04Z	2018-06-18T18:20:03Z			SAMEA104473268							MAX PLANCK INSTITUTE FOR DEVELOPMENTAL BIOLOGY	2018-06-26T11:54:04Z	2018-06-18T18:20:03Z	public							p9.G12														Pseudomonas sp. 286																																																																		p9.G12		Pseudomonas sp. 286									
SAMEA104473269	9556052	Pseudomonas viridiflava		Sample from Pseudomonas viridiflava		ERC000011	2018-06-26T11:54:04Z	2018-06-18T18:20:03Z			SAMEA104473269							MAX PLANCK INSTITUTE FOR DEVELOPMENTAL BIOLOGY	2018-06-26T11:54:04Z	2018-06-18T18:20:03Z	public							p9.G1														Pseudomonas sp. 286																																																																		p9.G1		Pseudomonas sp. 286									
SAMEA104473270	9556053	Pseudomonas viridiflava		Sample from Pseudomonas viridiflava		ERC000011	2018-06-26T11:54:05Z	2018-06-18T18:20:03Z			SAMEA104473270							MAX PLANCK INSTITUTE FOR DEVELOPMENTAL BIOLOGY	2018-06-26T11:54:05Z	2018-06-18T18:20:03Z	public							p9.G2														Pseudomonas sp. 286																																																																		p9.G2		Pseudomonas sp. 286									
SAMEA104473271	9556054	Pseudomonas viridiflava		Sample from Pseudomonas viridiflava		ERC000011	2018-06-26T11:54:05Z	2018-06-18T18:20:03Z			SAMEA104473271							MAX PLANCK INSTITUTE FOR DEVELOPMENTAL BIOLOGY	2018-06-26T11:54:05Z	2018-06-18T18:20:03Z	public							p9.G3														Pseudomonas sp. 286																																																																		p9.G3		Pseudomonas sp. 286									
SAMEA104473272	9556055	Pseudomonas viridiflava		Sample from Pseudomonas viridiflava		ERC000011	2018-06-26T11:54:05Z	2018-06-18T18:20:03Z			SAMEA104473272							MAX PLANCK INSTITUTE FOR DEVELOPMENTAL BIOLOGY	2018-06-26T11:54:05Z	2018-06-18T18:20:03Z	public							p9.G4														Pseudomonas sp. 286																																																																		p9.G4		Pseudomonas sp. 286									
SAMEA104473273	9556056	Pseudomonas viridiflava		Sample from Pseudomonas viridiflava		ERC000011	2018-06-26T11:54:05Z	2018-06-18T18:20:03Z			SAMEA104473273							MAX PLANCK INSTITUTE FOR DEVELOPMENTAL BIOLOGY	2018-06-26T11:54:05Z	2018-06-18T18:20:03Z	public							p9.G5														Pseudomonas sp. 286																																																																		p9.G5		Pseudomonas sp. 286									
SAMEA104473274	9556057	Pseudomonas viridiflava		Sample from Pseudomonas viridiflava		ERC000011	2018-06-26T11:54:06Z	2018-06-18T18:20:03Z			SAMEA104473274							MAX PLANCK INSTITUTE FOR DEVELOPMENTAL BIOLOGY	2018-06-26T11:54:06Z	2018-06-18T18:20:03Z	public							p9.G6														Pseudomonas sp. 286																																																																		p9.G6		Pseudomonas sp. 286									
SAMEA104473275	9556058	Pseudomonas viridiflava		Sample from Pseudomonas viridiflava		ERC000011	2018-06-26T11:54:06Z	2018-06-18T18:20:03Z			SAMEA104473275							MAX PLANCK INSTITUTE FOR DEVELOPMENTAL BIOLOGY	2018-06-26T11:54:06Z	2018-06-18T18:20:03Z	public							p9.G7														Pseudomonas sp. 286																																																																		p9.G7		Pseudomonas sp. 286									
SAMEA104473276	9556059	Pseudomonas viridiflava		Sample from Pseudomonas viridiflava		ERC000011	2018-06-26T11:54:06Z	2018-06-18T18:20:03Z			SAMEA104473276							MAX PLANCK INSTITUTE FOR DEVELOPMENTAL BIOLOGY	2018-06-26T11:54:06Z	2018-06-18T18:20:03Z	public							p9.G8														Pseudomonas sp. 286																																																																		p9.G8		Pseudomonas sp. 286									
SAMEA104473277	9556060	Pseudomonas viridiflava		Sample from Pseudomonas viridiflava		ERC000011	2018-06-26T11:54:07Z	2018-06-18T18:20:03Z			SAMEA104473277							MAX PLANCK INSTITUTE FOR DEVELOPMENTAL BIOLOGY	2018-06-26T11:54:07Z	2018-06-18T18:20:03Z	public							p9.H10														Pseudomonas sp. 286																																																																		p9.H10		Pseudomonas sp. 286									
SAMEA104473278	9556061	Pseudomonas viridiflava		Sample from Pseudomonas viridiflava		ERC000011	2018-06-26T11:54:07Z	2018-06-18T18:20:03Z			SAMEA104473278							MAX PLANCK INSTITUTE FOR DEVELOPMENTAL BIOLOGY	2018-06-26T11:54:07Z	2018-06-18T18:20:03Z	public							p9.H1														Pseudomonas sp. 286																																																																		p9.H1		Pseudomonas sp. 286									
SAMEA104473279	9556062	Pseudomonas viridiflava		Sample from Pseudomonas viridiflava		ERC000011	2018-06-26T11:54:07Z	2018-06-18T18:20:03Z			SAMEA104473279							MAX PLANCK INSTITUTE FOR DEVELOPMENTAL BIOLOGY	2018-06-26T11:54:07Z	2018-06-18T18:20:03Z	public							p9.H2														Pseudomonas sp. 286																																																																		p9.H2		Pseudomonas sp. 286									
SAMEA104473280	9556063	Pseudomonas viridiflava		Sample from Pseudomonas viridiflava		ERC000011	2018-06-26T11:54:07Z	2018-06-18T18:19:58Z			SAMEA104473280							MAX PLANCK INSTITUTE FOR DEVELOPMENTAL BIOLOGY	2018-06-26T11:54:07Z	2018-06-18T18:19:58Z	public							p9.H3														Pseudomonas sp. 286																																																																		p9.H3		Pseudomonas sp. 286									
SAMEA104471764	10189311	Pseudomonas viridiflava		Sample from Pseudomonas viridiflava		ERC000011	2018-10-02T21:55:00Z	2018-06-18T18:21:16Z			SAMEA104471764							MAX PLANCK INSTITUTE FOR DEVELOPMENTAL BIOLOGY	2018-10-02T21:55:00Z	2018-06-18T18:21:16Z	public							p11.A11														Pseudomonas sp. 286																																																																		p11.A11		Pseudomonas sp. 286									
SAMEA104471765	10189312	Pseudomonas viridiflava		Sample from Pseudomonas viridiflava		ERC000011	2018-10-02T21:55:00Z	2018-06-18T18:21:16Z			SAMEA104471765							MAX PLANCK INSTITUTE FOR DEVELOPMENTAL BIOLOGY	2018-10-02T21:55:00Z	2018-06-18T18:21:16Z	public							p11.A12														Pseudomonas sp. 286																																																																		p11.A12		Pseudomonas sp. 286									
SAMEA104471766	10189313	Pseudomonas viridiflava		Sample from Pseudomonas viridiflava		ERC000011	2018-10-02T21:55:00Z	2018-06-18T18:21:16Z			SAMEA104471766							MAX PLANCK INSTITUTE FOR DEVELOPMENTAL BIOLOGY	2018-10-02T21:55:00Z	2018-06-18T18:21:16Z	public							p11.A1														Pseudomonas sp. 286																																																																		p11.A1		Pseudomonas sp. 286									
SAMEA104471767	10189314	Pseudomonas viridiflava		Sample from Pseudomonas viridiflava		ERC000011	2018-10-02T21:55:00Z	2018-06-18T18:21:16Z			SAMEA104471767							MAX PLANCK INSTITUTE FOR DEVELOPMENTAL BIOLOGY	2018-10-02T21:55:00Z	2018-06-18T18:21:16Z	public							p11.A2														Pseudomonas sp. 286																																																																		p11.A2		Pseudomonas sp. 286									
SAMEA104471768	10189315	Pseudomonas viridiflava		Sample from Pseudomonas viridiflava		ERC000011	2018-10-02T21:55:01Z	2018-06-18T18:21:16Z			SAMEA104471768							MAX PLANCK INSTITUTE FOR DEVELOPMENTAL BIOLOGY	2018-10-02T21:55:01Z	2018-06-18T18:21:16Z	public							p11.A3														Pseudomonas sp. 286																																																																		p11.A3		Pseudomonas sp. 286									
SAMEA104471769	10189316	Pseudomonas viridiflava		Sample from Pseudomonas viridiflava		ERC000011	2018-10-02T21:55:01Z	2018-06-18T18:21:16Z			SAMEA104471769							MAX PLANCK INSTITUTE FOR DEVELOPMENTAL BIOLOGY	2018-10-02T21:55:01Z	2018-06-18T18:21:16Z	public							p11.A4														Pseudomonas sp. 286																																																																		p11.A4		Pseudomonas sp. 286									
SAMEA104471770	10189317	Pseudomonas viridiflava		Sample from Pseudomonas viridiflava		ERC000011	2018-10-02T21:55:01Z	2018-06-18T18:21:16Z			SAMEA104471770							MAX PLANCK INSTITUTE FOR DEVELOPMENTAL BIOLOGY	2018-10-02T21:55:01Z	2018-06-18T18:21:16Z	public							p11.A5														Pseudomonas sp. 286																																																																		p11.A5		Pseudomonas sp. 286									
SAMEA104471771	10189318	Pseudomonas viridiflava		Sample from Pseudomonas viridiflava		ERC000011	2018-10-02T21:55:02Z	2018-06-18T18:21:16Z			SAMEA104471771							MAX PLANCK INSTITUTE FOR DEVELOPMENTAL BIOLOGY	2018-10-02T21:55:02Z	2018-06-18T18:21:16Z	public							p11.A6														Pseudomonas sp. 286																																																																		p11.A6		Pseudomonas sp. 286									
SAMEA104471772	10189319	Pseudomonas viridiflava		Sample from Pseudomonas viridiflava		ERC000011	2018-10-02T21:55:02Z	2018-06-18T18:21:16Z			SAMEA104471772							MAX PLANCK INSTITUTE FOR DEVELOPMENTAL BIOLOGY	2018-10-02T21:55:02Z	2018-06-18T18:21:16Z	public							p11.A7														Pseudomonas sp. 286																																																																		p11.A7		Pseudomonas sp. 286									
SAMEA104471773	10189320	Pseudomonas viridiflava		Sample from Pseudomonas viridiflava		ERC000011	2018-10-02T21:55:03Z	2018-06-18T18:21:16Z			SAMEA104471773							MAX PLANCK INSTITUTE FOR DEVELOPMENTAL BIOLOGY	2018-10-02T21:55:03Z	2018-06-18T18:21:16Z	public							p11.A8														Pseudomonas sp. 286																																																																		p11.A8		Pseudomonas sp. 286									
SAMEA104471774	10189321	Pseudomonas viridiflava		Sample from Pseudomonas viridiflava		ERC000011	2018-10-02T21:55:03Z	2018-06-18T18:21:16Z			SAMEA104471774							MAX PLANCK INSTITUTE FOR DEVELOPMENTAL BIOLOGY	2018-10-02T21:55:03Z	2018-06-18T18:21:16Z	public							p11.A9														Pseudomonas sp. 286																																																																		p11.A9		Pseudomonas sp. 286									
SAMEA104471775	10189322	Pseudomonas viridiflava		Sample from Pseudomonas viridiflava		ERC000011	2018-10-02T21:55:03Z	2018-06-18T18:21:16Z			SAMEA104471775							MAX PLANCK INSTITUTE FOR DEVELOPMENTAL BIOLOGY	2018-10-02T21:55:03Z	2018-06-18T18:21:16Z	public							p11.B10														Pseudomonas sp. 286																																																																		p11.B10		Pseudomonas sp. 286									
SAMEA104471776	10189323	Pseudomonas viridiflava		Sample from Pseudomonas viridiflava		ERC000011	2018-10-02T21:55:04Z	2018-06-18T18:21:16Z			SAMEA104471776							MAX PLANCK INSTITUTE FOR DEVELOPMENTAL BIOLOGY	2018-10-02T21:55:04Z	2018-06-18T18:21:16Z	public							p11.B11														Pseudomonas sp. 286																																																																		p11.B11		Pseudomonas sp. 286									
SAMEA104471777	10189324	Pseudomonas viridiflava		Sample from Pseudomonas viridiflava		ERC000011	2018-10-02T21:55:04Z	2018-06-18T18:21:16Z			SAMEA104471777							MAX PLANCK INSTITUTE FOR DEVELOPMENTAL BIOLOGY	2018-10-02T21:55:04Z	2018-06-18T18:21:16Z	public							p11.B12														Pseudomonas sp. 286																																																																		p11.B12		Pseudomonas sp. 286									
SAMEA104471778	10189325	Pseudomonas viridiflava		Sample from Pseudomonas viridiflava		ERC000011	2018-10-02T21:55:04Z	2018-06-18T18:21:16Z			SAMEA104471778							MAX PLANCK INSTITUTE FOR DEVELOPMENTAL BIOLOGY	2018-10-02T21:55:04Z	2018-06-18T18:21:16Z	public							p11.B1														Pseudomonas sp. 286																																																																		p11.B1		Pseudomonas sp. 286									
SAMEA104471779	10189326	Pseudomonas viridiflava		Sample from Pseudomonas viridiflava		ERC000011	2018-10-02T21:55:04Z	2018-06-18T18:21:16Z			SAMEA104471779							MAX PLANCK INSTITUTE FOR DEVELOPMENTAL BIOLOGY	2018-10-02T21:55:04Z	2018-06-18T18:21:16Z	public							p11.B2														Pseudomonas sp. 286																																																																		p11.B2		Pseudomonas sp. 286									
SAMEA104471780	10189327	Pseudomonas viridiflava		Sample from Pseudomonas viridiflava		ERC000011	2018-10-02T21:55:05Z	2018-06-18T18:21:16Z			SAMEA104471780							MAX PLANCK INSTITUTE FOR DEVELOPMENTAL BIOLOGY	2018-10-02T21:55:05Z	2018-06-18T18:21:16Z	public							p11.B4														Pseudomonas sp. 286																																																																		p11.B4		Pseudomonas sp. 286									
SAMEA104471781	10189328	Pseudomonas viridiflava		Sample from Pseudomonas viridiflava		ERC000011	2018-10-02T21:55:05Z	2018-06-18T18:21:16Z			SAMEA104471781							MAX PLANCK INSTITUTE FOR DEVELOPMENTAL BIOLOGY	2018-10-02T21:55:05Z	2018-06-18T18:21:16Z	public							p11.B5														Pseudomonas sp. 286																																																																		p11.B5		Pseudomonas sp. 286									
SAMEA104471782	10189329	Pseudomonas viridiflava		Sample from Pseudomonas viridiflava		ERC000011	2018-10-02T21:55:05Z	2018-06-18T18:21:16Z			SAMEA104471782							MAX PLANCK INSTITUTE FOR DEVELOPMENTAL BIOLOGY	2018-10-02T21:55:05Z	2018-06-18T18:21:16Z	public							p11.B6														Pseudomonas sp. 286																																																																		p11.B6		Pseudomonas sp. 286									
SAMEA104471783	10189330	Pseudomonas viridiflava		Sample from Pseudomonas viridiflava		ERC000011	2018-10-02T21:55:06Z	2018-06-18T18:21:16Z			SAMEA104471783							MAX PLANCK INSTITUTE FOR DEVELOPMENTAL BIOLOGY	2018-10-02T21:55:06Z	2018-06-18T18:21:16Z	public							p11.B7														Pseudomonas sp. 286																																																																		p11.B7		Pseudomonas sp. 286									
SAMEA104471784	10189331	Pseudomonas viridiflava		Sample from Pseudomonas viridiflava		ERC000011	2018-10-02T21:55:06Z	2018-06-18T18:21:16Z			SAMEA104471784							MAX PLANCK INSTITUTE FOR DEVELOPMENTAL BIOLOGY	2018-10-02T21:55:06Z	2018-06-18T18:21:16Z	public							p11.B8														Pseudomonas sp. 286																																																																		p11.B8		Pseudomonas sp. 286									
SAMEA104471785	10189332	Pseudomonas viridiflava		Sample from Pseudomonas viridiflava		ERC000011	2018-10-02T21:55:06Z	2018-06-18T18:21:16Z			SAMEA104471785							MAX PLANCK INSTITUTE FOR DEVELOPMENTAL BIOLOGY	2018-10-02T21:55:06Z	2018-06-18T18:21:16Z	public							p11.B9														Pseudomonas sp. 286																																																																		p11.B9		Pseudomonas sp. 286									
SAMEA104471786	10189333	Pseudomonas viridiflava		Sample from Pseudomonas viridiflava		ERC000011	2018-10-02T21:55:06Z	2018-06-18T18:21:16Z			SAMEA104471786							MAX PLANCK INSTITUTE FOR DEVELOPMENTAL BIOLOGY	2018-10-02T21:55:06Z	2018-06-18T18:21:16Z	public							p11.C10														Pseudomonas sp. 286																																																																		p11.C10		Pseudomonas sp. 286									
SAMEA104471787	10189334	Pseudomonas viridiflava		Sample from Pseudomonas viridiflava		ERC000011	2018-10-02T21:55:07Z	2018-06-18T18:21:16Z			SAMEA104471787							MAX PLANCK INSTITUTE FOR DEVELOPMENTAL BIOLOGY	2018-10-02T21:55:07Z	2018-06-18T18:21:16Z	public							p11.C11														Pseudomonas sp. 286																																																																		p11.C11		Pseudomonas sp. 286									
SAMEA104471788	10189335	Pseudomonas viridiflava		Sample from Pseudomonas viridiflava		ERC000011	2018-10-02T21:55:07Z	2018-06-18T18:21:16Z			SAMEA104471788							MAX PLANCK INSTITUTE FOR DEVELOPMENTAL BIOLOGY	2018-10-02T21:55:07Z	2018-06-18T18:21:16Z	public							p11.C12														Pseudomonas sp. 286																																																																		p11.C12		Pseudomonas sp. 286									
SAMEA104471789	10189336	Pseudomonas viridiflava		Sample from Pseudomonas viridiflava		ERC000011	2018-10-02T21:55:07Z	2018-06-18T18:21:16Z			SAMEA104471789							MAX PLANCK INSTITUTE FOR DEVELOPMENTAL BIOLOGY	2018-10-02T21:55:07Z	2018-06-18T18:21:16Z	public							p11.C1														Pseudomonas sp. 286																																																																		p11.C1		Pseudomonas sp. 286									
SAMEA104471790	10189337	Pseudomonas viridiflava		Sample from Pseudomonas viridiflava		ERC000011	2018-10-02T21:55:08Z	2018-06-18T18:21:16Z			SAMEA104471790							MAX PLANCK INSTITUTE FOR DEVELOPMENTAL BIOLOGY	2018-10-02T21:55:08Z	2018-06-18T18:21:16Z	public							p11.C2														Pseudomonas sp. 286																																																																		p11.C2		Pseudomonas sp. 286									
SAMEA104471791	10189338	Pseudomonas viridiflava		Sample from Pseudomonas viridiflava		ERC000011	2018-10-02T21:55:08Z	2018-06-18T18:21:16Z			SAMEA104471791							MAX PLANCK INSTITUTE FOR DEVELOPMENTAL BIOLOGY	2018-10-02T21:55:08Z	2018-06-18T18:21:16Z	public							p11.C3														Pseudomonas sp. 286																																																																		p11.C3		Pseudomonas sp. 286									
SAMEA104471792	10189339	Pseudomonas viridiflava		Sample from Pseudomonas viridiflava		ERC000011	2018-10-02T21:55:08Z	2018-06-18T18:21:16Z			SAMEA104471792							MAX PLANCK INSTITUTE FOR DEVELOPMENTAL BIOLOGY	2018-10-02T21:55:08Z	2018-06-18T18:21:16Z	public							p11.C4														Pseudomonas sp. 286																																																																		p11.C4		Pseudomonas sp. 286									
SAMEA104473286	10189340	Pseudomonas viridiflava		Sample from Pseudomonas viridiflava		ERC000011	2018-10-04T17:03:03Z	2018-06-18T18:20:03Z			SAMEA104473286							MAX PLANCK INSTITUTE FOR DEVELOPMENTAL BIOLOGY	2018-10-04T17:03:03Z	2018-06-18T18:20:03Z	public							p9.H9														Pseudomonas sp. 286																																																																		p9.H9		Pseudomonas sp. 286									
SAMN10244985	10244985	Pseudomonas caspiana		Microbe sample from Pseudomonas caspiana																															Dr. Lyle Whyte				Ianina Altshuler		2016-07										5 cm																		Canada: Axel Heiberg Island																		Ice-wedge polygon																						Bacterial culture			OWC3							
SAMEA104471763	10292480	Pseudomonas viridiflava		Sample from Pseudomonas viridiflava		ERC000011	2018-10-10T17:03:02Z	2018-06-18T18:21:16Z			SAMEA104471763							MAX PLANCK INSTITUTE FOR DEVELOPMENTAL BIOLOGY	2018-10-10T17:03:02Z	2018-06-18T18:21:16Z	public							p11.A10														Pseudomonas sp. 286																																																																		p11.A10		Pseudomonas sp. 286									
SAMEA104473281	10292481	Pseudomonas viridiflava		Sample from Pseudomonas viridiflava		ERC000011	2018-10-15T17:03:07Z	2018-06-18T18:20:03Z			SAMEA104473281							MAX PLANCK INSTITUTE FOR DEVELOPMENTAL BIOLOGY	2018-10-15T17:03:07Z	2018-06-18T18:20:03Z	public							p9.H4														Pseudomonas sp. 286																																																																		p9.H4		Pseudomonas sp. 286									
SAMEA104473282	10292482	Pseudomonas viridiflava		Sample from Pseudomonas viridiflava		ERC000011	2018-10-15T17:03:07Z	2018-06-18T18:20:03Z			SAMEA104473282							MAX PLANCK INSTITUTE FOR DEVELOPMENTAL BIOLOGY	2018-10-15T17:03:07Z	2018-06-18T18:20:03Z	public							p9.H5														Pseudomonas sp. 286																																																																		p9.H5		Pseudomonas sp. 286									
SAMEA104473283	10292483	Pseudomonas viridiflava		Sample from Pseudomonas viridiflava		ERC000011	2018-10-15T17:03:07Z	2018-06-18T18:20:03Z			SAMEA104473283							MAX PLANCK INSTITUTE FOR DEVELOPMENTAL BIOLOGY	2018-10-15T17:03:07Z	2018-06-18T18:20:03Z	public							p9.H6														Pseudomonas sp. 286																																																																		p9.H6		Pseudomonas sp. 286									
SAMEA104473284	10292484	Pseudomonas viridiflava		Sample from Pseudomonas viridiflava		ERC000011	2018-10-15T17:03:07Z	2018-06-18T18:20:03Z			SAMEA104473284							MAX PLANCK INSTITUTE FOR DEVELOPMENTAL BIOLOGY	2018-10-15T17:03:07Z	2018-06-18T18:20:03Z	public							p9.H7														Pseudomonas sp. 286																																																																		p9.H7		Pseudomonas sp. 286									
SAMEA104473285	10292485	Pseudomonas viridiflava		Sample from Pseudomonas viridiflava		ERC000011	2018-10-15T17:03:07Z	2018-06-18T18:20:03Z			SAMEA104473285							MAX PLANCK INSTITUTE FOR DEVELOPMENTAL BIOLOGY	2018-10-15T17:03:07Z	2018-06-18T18:20:03Z	public							p9.H8														Pseudomonas sp. 286																																																																		p9.H8		Pseudomonas sp. 286									
SAMN11022115	11022115	Pseudomonas viridiflava		Microbe sample from Pseudomonas viridiflava																															E. Gueguen, CNRS, France						2014-05																												France: Lyon																		missing																						Pure culture			Psy35	individually-maintained laboratory-adapted strain of TA043 acquired from E. Gueguen, CNRS, France						
SAMN11479352	11479352	Pseudomonas viridiflava		Microbe sample from Pseudomonas viridiflava																																					2018																												China:zhejiang															missing			bamboo pest gut bacteria	30.33 N 119.47 E																					missing			missing							
SAMN11479360	11479360	Pseudomonas viridiflava		Microbe sample from Pseudomonas viridiflava																																					2018																												China:zhejiang															missing			bamboo pest gut bacteria	30.33 N 119.47 E																					missing			missing							
SAMN13012101	13012101	Pseudomonas viridiflava		Microbe sample from Pseudomonas viridiflava																																					2013-04-22																												USA: Virginia																		Precipitation																						Whole organism			BAV 2572							
SAMN14085449	14085449	Pseudomonas viridiflava		MIGS Cultured Bacterial/Archaeal sample from Pseudomonas viridiflava																																					2016																		built environment		athleticfacility|hallway		indoor dust						USA:Eugene														not applicable			indoor dust from athletic faciility hallway		44.029544 N 123.09034 W											1				not applicable									45C2							
SAMN14916290	14916290	Pseudomonas viridiflava		Pseudomonas viridiflavia S00001																																missing					missing																									missing			USA: Texas					not applicable									missing				missing	missing					missing						missing				missing									S00001							
SAMN16237943	16237943	Pseudomonas viridiflava		Microbe sample from Pseudomonas viridiflava CFBP8799																															CIRM-CFBP				Preveaux A.		2016									CFBP:8799																			France					Raphanus sativus						Seed	Barret M.						Seed																						cell culture			CFBP8799							
SAMN16238274	16238274	Pseudomonas viridiflava		Microbe sample from Pseudomonas viridiflava CFBP8802																															CIRM-CFBP				Preveaux A.		2016									CFBP:8802																			France					Raphanus sativus						Seed	Barret M.						Seed																						cell culture			CFBP8802							
SAMN16885796	16885796	Pseudomonas viridiflava		Microbe sample from Pseudomonas viridiflava																																					2002																												Turkey: Mersin					tomato													Greenhouse																						genome assembly			Pvir6_2							
SAMN16885823	16885823	Pseudomonas viridiflava		Microbe sample from Pseudomonas viridiflava																																					2003																												Turkey: Adana					muskmelon													Nursery																						genome assembly			Pvir12_2							
SAMN16885829	16885829	Pseudomonas viridiflava		Microbe sample from Pseudomonas viridiflava																																					2002																												Turkey: Hatay					tomato													Greenhouse																						genome assembly			Pvir_9r_6							
SAMN16885830	16885830	Pseudomonas viridiflava		Microbe sample from Pseudomonas viridiflava																																					2002																												Turkey: Adana					muskmelon													Nursery																						genome assembly			Pvir_12_2b							
SAMN16885836	16885836	Pseudomonas viridiflava		Microbe sample from Pseudomonas viridiflava																																					2003																												Turkey: Antalya					tomato													Greenhouse																						genome assembly			13_3a_2dr							
SAMN16885837	16885837	Pseudomonas viridiflava		Microbe sample from Pseudomonas viridiflava																																					2003																												Turkey: Antalya					tomato													Greenhouse																						genome assembly			13_3a_2er							
SAMN16885838	16885838	Pseudomonas viridiflava		Microbe sample from Pseudomonas viridiflava																																					2003																												Turkey: Antalya					tomato													Greenhouse																						genome assembly			13_3a_2fr							
SAMN19069812	19069812	Pseudomonas viridiflava		Pseudomonas viridiflava str. StP3																																					2019																												USA: St. Paul, Minnesota					Medicago sativa													plant stem																						plant stem			StP3							
SAMN19070009	19070009	Pseudomonas viridiflava		Pseudomonas viridiflava str. U625																																					2017																												USA: Cornish, Utah					Medicago sativa																																			plant stem			U625							
SAMN19111265	19111265	Pseudomonas viridiflava		MIGS Cultured Bacterial/Archaeal sample from Pseudomonas viridiflava																																					2020-03-20																		Vineyard		Grapevine trunk		not applicable						New Zealand: North Canterbury					Vitis vinifera									not applicable					43.0815510 S 172.7691370 E											not applicable		Trunk		not applicable									P12_DOA							
SAMN19813349	19813349	Pseudomonas viridiflava		Microbe sample from Pseudomonas viridiflava																																					2019																												USA: Klamath Falls Oregon					Medicago sativa													plant																						bacterial cells			KF485							
SAMN19813350	19813350	Pseudomonas viridiflava		Microbe sample from Pseudomonas viridiflava																																					2019																												USA: St Paul Minnesota					Medicago sativa													plant																						bacterial cells			StP3							
SAMN19813351	19813351	Pseudomonas viridiflava		Microbe sample from Pseudomonas viridiflava																																					2019																												USA: St Paul Minnesota					Medicago sativa													plant																						bacterial cells			StP4							
SAMN19813352	19813352	Pseudomonas viridiflava		Microbe sample from Pseudomonas viridiflava																																					2017																												USA: Scott Valley California					Medicago sativa													plant																						bacterial cells			SV1779							
SAMN19813353	19813353	Pseudomonas viridiflava		Microbe sample from Pseudomonas viridiflava																																					2019																												USA: Tulelake California					Medicago sativa													plant																						bacterial cells			T157							
SAMN19813354	19813354	Pseudomonas viridiflava		Microbe sample from Pseudomonas viridiflava																																					2017																												USA: Tulelake California					Medicago sativa													plant																						bacterial cells			T1426							
SAMN19813355	19813355	Pseudomonas viridiflava		Microbe sample from Pseudomonas viridiflava																																					2017																												USA: Utah					Medicago sativa													plant																						bacterial cells			U658							
SAMN20606429	20606429	Pseudomonas viridiflava		MIMARKS Specimen sample from Pseudomonas viridiflava																																					2021-04							not applicable								china			not collected		not collected		not collected						not collected					not collected									not collected	ivory				not collected																								not applicable							
SAMN26814321	26814321	Pseudomonas viridiflava		MIGS Cultured Bacterial/Archaeal sample from Pseudomonas viridiflava UCD-PV1																																					2000																		Agricultural		Vitis vinifera		xylem						USA: California					Vitis vinifera									not applicable				Xylem	38.40 N 122.32 W											mssing				Genome report									UCD-PV1							
SAMN26870984	26870984	Pseudomonas viridiflava		Microbe sample from Pseudomonas viridiflava																																					2018-10-09																												Chile:Malloa					Prunus avium										missing			Bing																						tissue sample; bud			A2M176							
SAMN27117403	27117403	Pseudomonas viridiflava		MIGS Cultured Bacterial/Archaeal sample from Pseudomonas viridiflava																																					2020-08-26																		High Altitude Area		cold area		leaf						China: Lincang city of Yunnan					Nicotiana tabacum									NA medium at 28 degree					23.696667 N 100.038611 E											1				unpublished paper									LCYQ07							
SAMN28171611	28171611	Pseudomonas viridiflava		Pathogen: environmental/food/other sample from Pseudomonas viridiflava																																			Bartoli Claudia		2014-12-04																												France: Jacoy, Boussenac																		Plant Leaf	42.905839 N 1.406513 E																								JACO-C-5							
SAMN30176337	30176337	Pseudomonas viridiflava		Microbe sample from Pseudomonas viridiflava																																					2020-08-29																												China:Bijie, Guizhou					Tobacco										tobacco leaf			leaf																	biological replicate 1					Metagenomic assembly										
SAMN30176338	30176338	Pseudomonas viridiflava		Microbe sample from Pseudomonas viridiflava																																					2020-08-29																												China:Bijie, Guizhou					Tobacco										tobacco leaf			leaf																	biological replicate 2					Metagenomic assembly										
SAMN30176349	30176349	Pseudomonas viridiflava		Microbe sample from Pseudomonas viridiflava																																					2020-09-08																												China:Bijie, Guizhou					Tobacco										tobacco leaf			leaf																	biological replicate 3					Metagenomic assembly										
SAMN30176354	30176354	Pseudomonas viridiflava		Microbe sample from Pseudomonas viridiflava																																					2020-09-13																												China:Bijie, Guizhou					Tobacco										tobacco leaf			leaf																	biological replicate 4					Metagenomic assembly										
SAMN30176355	30176355	Pseudomonas viridiflava		Microbe sample from Pseudomonas viridiflava																																					2020-09-13																												China:Bijie, Guizhou					Tobacco										tobacco leaf			leaf																	biological replicate 5					Metagenomic assembly										
SAMN30176356	30176356	Pseudomonas viridiflava		Microbe sample from Pseudomonas viridiflava																																					2020-09-13																												China:Bijie, Guizhou					Tobacco										tobacco leaf			leaf																	biological replicate 6					Metagenomic assembly										
SAMN31779958	31779958	Pseudomonas viridiflava		Microbe sample from Pseudomonas viridiflava																																					2022-01																												China: Tianjin															Phaeozem			soil																	biological replicate 2					metagenomic assembly										
SAMN37350782	37350782	Pseudomonas viridiflava		Microbe sample from Pseudomonas viridiflava																																			Food Safety Lab, Cornell University		2019-10																												USA: New York																		packaged baby spinach																						Whole organism			FSL S12-0061					4˚C		
SAMN37350783	37350783	Pseudomonas viridiflava		Microbe sample from Pseudomonas viridiflava																																			Food Safety Lab, Cornell University		2020-08																												USA: New York																		lab evolved strain, with resistance to rifampicin (wild type strain: FSL S12-0061)																						Whole organism			FSL S12-0173							
SAMN38288737	38288737	Pseudomonas viridiflava		Pseudomonas viridiflava (8983)																															CFBP8983						2021-01									CIRM-CFBP:CFBP8983																		Deezer	France: Brain sur l'Authion, Maine-et-Loire					Phaseolus vulgaris													Seed																						cell culture			CFBP8983							
SAMN38288739	38288739	Pseudomonas viridiflava		Pseudomonas viridiflava (8985)																															CFBP8985						2021-01									CIRM-CFBP:CFBP8985																		Vanilla	France: Brain sur l'Authion, Maine-et-Loire					Phaseolus vulgaris													Seed																						cell culture			CFBP8985							
SAMN38288745	38288745	Pseudomonas viridiflava		Pseudomonas viridiflava (8991)																															CFBP8991						2021-01									CIRM-CFBP:CFBP8991																		Deezer	France: Brain sur l'Authion, Maine-et-Loire					Phaseolus vulgaris													Seed																						cell culture			CFBP8991							
SAMN38338163	38338163	Pseudomonas viridiflava		Pathogen: environmental/food/other sample from Pseudomonas viridiflava																										2-3 years									University of California Cooperative Extension		2022-01							Almond																					USA: California															PS650			Almond flower buds	missing																														Buds	
SAMN38338171	38338171	Pseudomonas viridiflava		Pathogen: environmental/food/other sample from Pseudomonas viridiflava																										2-3 years									University of California Cooperative Extension		2022-01							Almond																					USA: California															PS648			Almond flower buds	missing																														Buds	
SAMN38338172	38338172	Pseudomonas viridiflava		Pathogen: environmental/food/other sample from Pseudomonas viridiflava																										2-3 years									University of California Cooperative Extension		2022-02							Almond																					USA: California															PS668			Almond flower buds	missing																														Buds	
SAMN38338201	38338201	Pseudomonas viridiflava		Pathogen: environmental/food/other sample from Pseudomonas viridiflava																										2-3 years									University of California Cooperative Extension		2022-04							Almond																					USA: California															PS903			Almond Bark/canker	missing																														Bark/Canker	
SAMD00707340	39380189	Pseudomonas viridiflava		SRR9965271_bin_25_of_cold_environment																																					2017-10-22													SAMN12569840					Tibetan Plateau Glacier		missing		Tibetan Plateau Glacier						China:Laohugou glacier															SRR9965271_bin_25			Tibetan Plateau Glacier	39.50 N 96.52 E							ice metagenome													NMDC60081745											
SAMN39642347	39642347	Pseudomonas viridiflava		Microbe sample from Pseudomonas viridiflava																																					1983																												missing					Pastinaca sativa																																			Cell culture			Pv83_2							
SAMN39642348	39642348	Pseudomonas viridiflava		Microbe sample from Pseudomonas viridiflava																																					1987																												missing					Solanum lycopersicum																																			Cell culture			Pv87_1							
SAMN39642349	39642349	Pseudomonas viridiflava		Microbe sample from Pseudomonas viridiflava																																					1991																												USA: Georgia					Allium cepa																																			Cell culture			Pv91_302							
SAMN39642350	39642350	Pseudomonas viridiflava		Microbe sample from Pseudomonas viridiflava																																					1991																												USA: Georgia					Allium cepa																																			Cell culture			Pv91_320							
SAMN39642351	39642351	Pseudomonas viridiflava		Microbe sample from Pseudomonas viridiflava																																					1995																												USA: Georgia					Allium cepa																																			Cell culture			Pv95_6							
SAMN39642352	39642352	Pseudomonas viridiflava		Microbe sample from Pseudomonas viridiflava																																					1995																												USA: Georgia					Allium cepa																																			Cell culture			Pv95_8							
SAMN39642353	39642353	Pseudomonas viridiflava		Microbe sample from Pseudomonas viridiflava																																					1998																												USA: Georgia					Citrullus lanatus																																			Cell culture			Pv98_4							
SAMN39642354	39642354	Pseudomonas viridiflava		Microbe sample from Pseudomonas viridiflava																																					1999																												USA: Georgia					Allium cepa																																			Cell culture			Pv99_2							
SAMN39642355	39642355	Pseudomonas viridiflava		Microbe sample from Pseudomonas viridiflava																																					1999																												USA: Georgia					Allium cepa																																			Cell culture			Pv99_3							
SAMN39642356	39642356	Pseudomonas viridiflava		Microbe sample from Pseudomonas viridiflava																																					2001																												USA: Georgia					Citrullus lanatus																																			Cell culture			Pv01_01							
SAMN39642357	39642357	Pseudomonas viridiflava		Microbe sample from Pseudomonas viridiflava																																					2001																												USA: Georgia					Citrullus lanatus																																			Cell culture			Pv01_02							
SAMN39642358	39642358	Pseudomonas viridiflava		Microbe sample from Pseudomonas viridiflava																																					2002																												USA: Georgia					Allium cepa																																			Cell culture			Pv02_1							
SAMN39642359	39642359	Pseudomonas viridiflava		Microbe sample from Pseudomonas viridiflava																																					2003																												USA: Georgia					Brassica oleracea var. viridis																																			Cell culture			Pv03_2							
SAMN39642360	39642360	Pseudomonas viridiflava		Microbe sample from Pseudomonas viridiflava																																					2020																												USA: Georgia					Allium cepa							Mei Zhao																												Cell culture			20GA0071							
SAMN39642361	39642361	Pseudomonas viridiflava		Microbe sample from Pseudomonas viridiflava																																					2020																												USA: Georgia					Allium cepa							Mei Zhao																												Cell culture			20GA0264							
SAMN39642362	39642362	Pseudomonas viridiflava		Microbe sample from Pseudomonas viridiflava																																					2021																												USA: Georgia					Weed							Mei Zhao																												Cell culture			21GA0410							
SAMN39642363	39642363	Pseudomonas viridiflava		Microbe sample from Pseudomonas viridiflava																																					2021																												USA: Georgia					Weed							Mei Zhao																												Cell culture			21GA0472							
SAMN39642364	39642364	Pseudomonas viridiflava		Microbe sample from Pseudomonas viridiflava																																					2021																												USA: Georgia					Allium cepa							Mei Zhao																												Cell culture			21GA0523							
SAMN39642365	39642365	Pseudomonas viridiflava		Microbe sample from Pseudomonas viridiflava																																					2021																												USA: Georgia					Allium cepa							Mei Zhao																												Cell culture			21GA0525							
SAMN39642366	39642366	Pseudomonas viridiflava		Microbe sample from Pseudomonas viridiflava																																					2021																												USA: Georgia					Allium cepa							Mei Zhao																												Cell culture			21GA0527							
SAMN39642367	39642367	Pseudomonas viridiflava		Microbe sample from Pseudomonas viridiflava																																					2021																												USA: Georgia					Allium cepa							Mei Zhao																												Cell culture			21GA0532							
SAMN39642368	39642368	Pseudomonas viridiflava		Microbe sample from Pseudomonas viridiflava																																					2021																												USA: Georgia					Allium cepa							Mei Zhao																												Cell culture			21GA0533							
SAMN39642369	39642369	Pseudomonas viridiflava		Microbe sample from Pseudomonas viridiflava																																					2021																												USA: Georgia					Allium cepa							Mei Zhao																												Cell culture			21GA0538							
SAMN39642370	39642370	Pseudomonas viridiflava		Microbe sample from Pseudomonas viridiflava																																					2021																												USA: Georgia					Allium cepa							Mei Zhao																												Cell culture			21GA0539							
SAMN39642371	39642371	Pseudomonas viridiflava		Microbe sample from Pseudomonas viridiflava																																					2021																												USA: Georgia					Allium cepa							Mei Zhao																												Cell culture			21GA0551							
SAMN39642372	39642372	Pseudomonas viridiflava		Microbe sample from Pseudomonas viridiflava																																					2021																												USA: Georgia					Allium cepa							Mei Zhao																												Cell culture			21GA0554							
SAMN39642373	39642373	Pseudomonas viridiflava		Microbe sample from Pseudomonas viridiflava																																					2021																												USA: Georgia					Allium cepa							Mei Zhao																												Cell culture			21GA0558							
SAMN39642374	39642374	Pseudomonas viridiflava		Microbe sample from Pseudomonas viridiflava																																					2021																												USA: Georgia					Allium cepa							Mei Zhao																												Cell culture			21GA0561							
SAMN39642375	39642375	Pseudomonas viridiflava		Microbe sample from Pseudomonas viridiflava																																					2021																												USA: Georgia					Allium cepa							Mei Zhao																												Cell culture			21GA0562							
SAMN39642376	39642376	Pseudomonas viridiflava		Microbe sample from Pseudomonas viridiflava																																					2021																												USA: Georgia					Allium cepa							Mei Zhao																												Cell culture			21GA0564							
SAMN39642377	39642377	Pseudomonas viridiflava		Microbe sample from Pseudomonas viridiflava																																					2021																												USA: Georgia					Allium cepa							Mei Zhao																												Cell culture			21GA0570							
SAMN39642378	39642378	Pseudomonas viridiflava		Microbe sample from Pseudomonas viridiflava																																					2021																												USA: Georgia					Allium cepa							Mei Zhao																												Cell culture			21GA0571							
SAMN39642379	39642379	Pseudomonas viridiflava		Microbe sample from Pseudomonas viridiflava																																					2021																												USA: Georgia					Allium cepa							Mei Zhao																												Cell culture			21GA0573							
SAMN39642380	39642380	Pseudomonas viridiflava		Microbe sample from Pseudomonas viridiflava																																					2021																												USA: Georgia					Allium cepa							Mei Zhao																												Cell culture			21GA0632							
SAMEA115018953	40227825	Pseudomonas viridiflava		GCF_900576715.1		ERC000011	2024-02-29T00:36:12Z	2024-02-29T00:36:12Z			SAMEA115018953							NAU	2024-02-29T00:36:12Z	2024-02-29T00:36:12Z	public							ena-yuan-GCF_900576715.1													not collected																													not collected																																						ena-yuan-GCF_900576715.1		Pseudomonas viridiflava									
SAMEA115018954	40227826	Pseudomonas viridiflava		GCF_900580925.1		ERC000011	2024-02-29T00:36:12Z	2024-02-29T00:36:12Z			SAMEA115018954							NAU	2024-02-29T00:36:12Z	2024-02-29T00:36:12Z	public							ena-yuan-GCF_900580925.1													not collected																													not collected																																						ena-yuan-GCF_900580925.1		Pseudomonas viridiflava									
SAMN40354448	40354448	Pseudomonas caspiana		Microbe sample from Pseudomonas caspiana																																					1997																												United Kingdom					Hedera helix																																			Cell culture			WHRI 7043							
SAMN41325027	41325027	Pseudomonas caspiana		MIMAG Metagenome-assembled Genome sample from Pseudomonas caspiana																																					2019										O horizon	SRR28982165					missing		ENVO:00000446		ENVO:03600018		ENVO:00001998	1					USA:Platteville, Wisconsin															T4R1BO.metabat2.21			soil	42.726778 N 90.494936 W						soil metagenome		1									metagenomic assembly						O horizon								
SAMN41325165	41325165	Pseudomonas caspiana		MIMAG Metagenome-assembled Genome sample from Pseudomonas caspiana																																					2019										O horizon	SRR28982153					missing		ENVO:00000446		ENVO:03600018		ENVO:00001998	1					USA:Platteville, Wisconsin															T4R6UO_autometa_bin_0010			soil	42.726778 N 90.494936 W						soil metagenome		1									metagenomic assembly						O horizon								
SAMN41603517	41603517	Pseudomonas viridiflava		Microbe sample from Pseudomonas viridiflava																																					2023-02-22																												USA: California					Prunus avium										PS951																									whole organism										
SAMN41603521	41603521	Pseudomonas viridiflava		Microbe sample from Pseudomonas viridiflava																																					2023-03-08																												USA: California					Prunus avium										PS990																									whole organism										
SAMN41603522	41603522	Pseudomonas viridiflava		Microbe sample from Pseudomonas viridiflava																																					2023-03-08																												USA: California					Prunus avium										PS991																									whole organism										
SAMN41603523	41603523	Pseudomonas viridiflava		Microbe sample from Pseudomonas viridiflava																																					2023-03-08																												USA: California					Prunus avium										PS992																									whole organism										
SAMN41603524	41603524	Pseudomonas viridiflava		Microbe sample from Pseudomonas viridiflava																																					2023-03-08																												USA: California					Prunus avium										PS993																									whole organism										
SAMN41603526	41603526	Pseudomonas viridiflava		Microbe sample from Pseudomonas viridiflava																																					2023-03-08																												USA: California					Prunus avium										PS996																									whole organism										
SAMN41603527	41603527	Pseudomonas viridiflava		Microbe sample from Pseudomonas viridiflava																																					2023-03-08																												USA: California					Prunus avium										PS998																									whole organism										
SAMN41603543	41603543	Pseudomonas viridiflava		Microbe sample from Pseudomonas viridiflava																																					2023-04-07																												USA: California					Prunus avium										PS1039																									whole organism										
SAMN41603582	41603582	Pseudomonas viridiflava		Microbe sample from Pseudomonas viridiflava																																					2023-06-06																												USA: California					Prunus avium										PS1134																									whole organism										
SAMN41603583	41603583	Pseudomonas viridiflava		Microbe sample from Pseudomonas viridiflava																																					2023-06-06																												USA: California					Prunus avium										PS1136																									whole organism										
SAMN41603584	41603584	Pseudomonas viridiflava		Microbe sample from Pseudomonas viridiflava																																					2023-06-06																												USA: California					Prunus avium										PS1137																									whole organism										
SAMN41651209	41651209	Pseudomonas viridiflava		MIGS Cultured Bacterial/Archaeal sample from Pseudomonas viridiflava																																					2022-10-30										1						20cm		|estuarine biome		intertidal zone		Soil, around the building of Life Science and Technology of HBEU						China: hubei														https://doi.org/10.13343/j.cnki.wsxb.20200175					30.94 N 113.91 E											1				Primary publication									Atecer10B							
SAMN41992724	41992724	Pseudomonas viridiflava		Microbe sample from Pseudomonas viridiflava																																					2021-04-01																												China:Shaanxi															A strain isolated from the leaves of iceberg lettuce purchased from the market.			wet market																						single cell										
SAMN41992726	41992726	Pseudomonas viridiflava		Microbe sample from Pseudomonas viridiflava																																					2021-04-01																												China:Shaanxi															Specifically, this strain was isolated from the leaves of iceberg lettuce procured from the market.			wet market																						single cell										
SAMN41992731	41992731	Pseudomonas viridiflava		Microbe sample from Pseudomonas viridiflava																																					2021-04-01																												China:Shaanxi															The strain was segregated from the leaves of the iceberg lettuce acquired from the market.			wet market																						single cell										
SAMN41992735	41992735	Pseudomonas viridiflava		Microbe sample from Pseudomonas viridiflava																																					2021-04-01																												China:Shaanxi															The strain was successfully separated from the leaves of the iceberg lettuce obtained from the market.			wet market																						single cell										
SAMN42046332	42046332	Pseudomonas viridiflava		CRBC_G6682																																					2021																		Root microbiome		Root endosphere and rhizoplane		Root						China:Yangling Shanxi															CRBC_G6682			Triticum aestivum L.	34.283 N 108.067 E																															
SAMN42992203	42992203	Pseudomonas viridiflava		Pseudomonas viridiflava 626 TE3681																																					missing																												missing					not applicable																																			whole organism			626 TE3681							
SAMN43227134	43227134	Pseudomonas viridiflava		Microbe sample from Pseudomonas viridiflava																																			Philip Carella		2021-07-26																												United Kingdom: Norwich					Marchantia polymorpha													missing																						cell culture			MPG11							
SAMN43227135	43227135	Pseudomonas viridiflava		Microbe sample from Pseudomonas viridiflava																																			Philip Carella		2021-07-26																												United Kingdom: Norwich					Marchantia polymorpha													missing																						cell culture			MPG14							
SAMN43227136	43227136	Pseudomonas viridiflava		Microbe sample from Pseudomonas viridiflava																																			Philip Carella		2021-07-26																												United Kingdom: Norwich					Marchantia polymorpha													missing																						cell culture			MPG20							
SAMN43227137	43227137	Pseudomonas viridiflava		Microbe sample from Pseudomonas viridiflava																																			Philip Carella		2021-07-26																												United Kingdom: Norwich					Marchantia polymorpha													missing																						cell culture			MPG32							
SAMN43227138	43227138	Pseudomonas viridiflava		Microbe sample from Pseudomonas viridiflava																																			Philip Carella		2021-07-26																												United Kingdom: Norwich					Marchantia polymorpha													missing																						cell culture			MPG39							
SAMN44626737	44626737	Pseudomonas viridiflava		Microbe sample from Pseudomonas viridiflava																																			Shenali S. Herath D.		2021-11-18																												Australia: Bundoora, Victoria					Medicago truncatula										Lu_TR935_014			Medicago truncatula-APG 21935 seeds																						Mixed culture			N/A							
SAMN44673090	44673090	Pseudomonas caspiana		Microbe sample from Pseudomonas caspiana																															Coleccion Espanola de Cultivos Tipo (CECT)				Farid Beiki		2010									NCPPB:4620																			Iran					Citrus sinensis																																			Cell culture			NCPPB 4620							
SAMN44717182	44717182	Pseudomonas viridiflava		Microbe sample from Pseudomonas viridiflava																															ILVO Plant Health, Burg. Van Gansberghelaan 96, 9820 Merelbeke, Belgium				ILVO		2023																		ENVO_00000115										Belgium					Prunus avium cv. Regina													PO_0009046																						cell culture			GBBC 3530							
SAMN44717185	44717185	Pseudomonas viridiflava		Microbe sample from Pseudomonas viridiflava																															ILVO Plant Health, Burg. Van Gansberghelaan 96, 9820 Merelbeke, Belgium				ILVO		2023																		ENVO_00000115										Belgium					Pyrus communis cv. Durondeau													PO_0009046																						cell culture			GBBC 3526							
SAMN46543970	46543970	Pseudomonas caspiana		MIGS Cultured Bacterial/Archaeal sample from Pseudomonas caspiana																		ZZ170	ZZ174																		2021-05																		Plant		cherry orchard		Leaf surface						United Kingdom: North UK , Castleton Fruit Ltd cherry orchard					Sweet cherry. Prunus avium cv. Sweetheart									Leaf wash					Not collected											Not applicable				Genomic surveillance of epiphytic Pseudomonas syringae identifies highly virulent strains from phylogroup 2d widespread in UK orchards									Not applicable							
SAMN46543972	46543972	Pseudomonas caspiana		MIGS Cultured Bacterial/Archaeal sample from Pseudomonas caspiana																		ZZ172	ZZ176																		2021-05																		Plant		cherry orchard		Leaf surface						United Kingdom: North UK , Castleton Fruit Ltd cherry orchard					Sweet cherry. Prunus avium cv. Sweetheart									Leaf wash					Not collected											Not applicable				Genomic surveillance of epiphytic Pseudomonas syringae identifies highly virulent strains from phylogroup 2d widespread in UK orchards									Not applicable							
SAMN46543973	46543973	Pseudomonas caspiana		MIGS Cultured Bacterial/Archaeal sample from Pseudomonas caspiana																		ZZ173	ZZ177																		2021-05																		Plant		cherry orchard		Leaf surface						United Kingdom: North UK , Castleton Fruit Ltd cherry orchard					Sweet cherry. Prunus avium cv. Sweetheart									Leaf wash					Not collected											Not applicable				Genomic surveillance of epiphytic Pseudomonas syringae identifies highly virulent strains from phylogroup 2d widespread in UK orchards									Not applicable							
SAMN46543979	46543979	Pseudomonas caspiana		MIGS Cultured Bacterial/Archaeal sample from Pseudomonas caspiana																		ZZ179	ZZ183																		2021-05																		Plant		cherry orchard		Leaf surface						United Kingdom: North UK , Castleton Fruit Ltd cherry orchard					Sweet cherry. Prunus avium cv. Lapins									Leaf wash					Not collected											Not applicable				Genomic surveillance of epiphytic Pseudomonas syringae identifies highly virulent strains from phylogroup 2d widespread in UK orchards									Not applicable							
SAMN46543980	46543980	Pseudomonas caspiana		MIGS Cultured Bacterial/Archaeal sample from Pseudomonas caspiana																		ZZ180	ZZ184																		2021-05																		Plant		cherry orchard		Leaf surface						United Kingdom: North UK , Castleton Fruit Ltd cherry orchard					Sweet cherry. Prunus avium cv. Lapins									Leaf wash					Not collected											Not applicable				Genomic surveillance of epiphytic Pseudomonas syringae identifies highly virulent strains from phylogroup 2d widespread in UK orchards									Not applicable							
SAMN46543999	46543999	Pseudomonas caspiana		MIGS Cultured Bacterial/Archaeal sample from Pseudomonas caspiana																		ZZ199	ZZ203																		2021-05																		Plant		cherry orchard		Leaf surface						United Kingdom: North UK , Peter Marshall & Co. cherry orchard					Sweet cherry. Prunus avium cv. Kordia									Leaf wash					Not collected											Not applicable				Genomic surveillance of epiphytic Pseudomonas syringae identifies highly virulent strains from phylogroup 2d widespread in UK orchards									Not applicable							
SAMN46544045	46544045	Pseudomonas caspiana		MIGS Cultured Bacterial/Archaeal sample from Pseudomonas caspiana																		ZZ245	ZZ249																		2021-05																		Plant		wild woodland		Leaf surface						United Kingdom: Southwest UK , Black Rock-Cheddar Gorge wild woodland					Ash. Fraxinus excelsior									Leaf wash					51.287379 N 2.740349 W											Not applicable				Genomic surveillance of epiphytic Pseudomonas syringae identifies highly virulent strains from phylogroup 2d widespread in UK orchards									Not applicable							
SAMN46544172	46544172	Pseudomonas caspiana		MIGS Cultured Bacterial/Archaeal sample from Pseudomonas caspiana																		ZZ372	ZZ376																		2021-09																		Plant		cherry orchard		Leaf surface						United Kingdom: WestMidlands UK , Lower Hope Fruit Ltd cherry orchard					Sweet cherry. Prunus avium cv. Sweetheart									Leaf wash					Not collected											Not applicable				Genomic surveillance of epiphytic Pseudomonas syringae identifies highly virulent strains from phylogroup 2d widespread in UK orchards									Not applicable							
SAMN46544306	46544306	Pseudomonas caspiana		MIGS Cultured Bacterial/Archaeal sample from Pseudomonas caspiana																		ZZ506	ZZ510																		2021-09																		Plant		cherry orchard		Leaf surface						United Kingdom: North UK , Peter Marshall & Co. cherry orchard					Sweet cherry. Prunus avium cv. Sweetheart									Leaf wash					Not collected											Not applicable				Genomic surveillance of epiphytic Pseudomonas syringae identifies highly virulent strains from phylogroup 2d widespread in UK orchards									Not applicable							
SAMN46544378	46544378	Pseudomonas caspiana		MIGS Cultured Bacterial/Archaeal sample from Pseudomonas caspiana																		ZZ578	ZZ582																		2022-05																		Plant		cherry orchard		Leaf surface						United Kingdom: Southeast UK , AC Hulme & Sons cherry orchard					Sweet cherry. Prunus avium cv. Penny									Leaf wash					Not collected											Not applicable				Genomic surveillance of epiphytic Pseudomonas syringae identifies highly virulent strains from phylogroup 2d widespread in UK orchards									Not applicable							
SAMN46544389	46544389	Pseudomonas caspiana		MIGS Cultured Bacterial/Archaeal sample from Pseudomonas caspiana																		ZZ589	ZZ593																		2022-05																		Plant		wild woodland		Leaf surface						United Kingdom: Southeast UK , Hamlet wild woodland					Wild cherry. Prunus avium									Leaf wash					51.2452822 N 0.5002122 E											Not applicable				Genomic surveillance of epiphytic Pseudomonas syringae identifies highly virulent strains from phylogroup 2d widespread in UK orchards									Not applicable							
SAMN46544404	46544404	Pseudomonas caspiana		MIGS Cultured Bacterial/Archaeal sample from Pseudomonas caspiana																		ZZ604	ZZ608																		2022-05																		Plant		wild woodland		Leaf surface						United Kingdom: Southeast UK , Hamlet wild woodland					Wild strawberry. Fragria vesca									Leaf wash					51.244144 N 0.500367 E											Not applicable				Genomic surveillance of epiphytic Pseudomonas syringae identifies highly virulent strains from phylogroup 2d widespread in UK orchards									Not applicable							
SAMN46544408	46544408	Pseudomonas caspiana		MIGS Cultured Bacterial/Archaeal sample from Pseudomonas caspiana																		ZZ608	ZZ612																		2022-05																		Plant		wild woodland		Leaf surface						United Kingdom: Southeast UK , Saxton & Cages wild woodland					Wild cherry. Prunus avium									Leaf wash					51.360326 N 0.278020 E											Not applicable				Genomic surveillance of epiphytic Pseudomonas syringae identifies highly virulent strains from phylogroup 2d widespread in UK orchards									Not applicable							
SAMN46544412	46544412	Pseudomonas caspiana		MIGS Cultured Bacterial/Archaeal sample from Pseudomonas caspiana																		ZZ612	ZZ616																		2022-05																		Plant		wild woodland		Leaf surface						United Kingdom: Southeast UK , Saxton & Cages wild woodland					Blackthorn. Prunus spinosa									Leaf wash					51.360386 N 0.281835 E											Not applicable				Genomic surveillance of epiphytic Pseudomonas syringae identifies highly virulent strains from phylogroup 2d widespread in UK orchards									Not applicable							
SAMN46544420	46544420	Pseudomonas caspiana		MIGS Cultured Bacterial/Archaeal sample from Pseudomonas caspiana																		ZZ620	ZZ624																		2022-05																		Plant		wild woodland		Leaf surface						United Kingdom: Southeast UK , Saxton & Cages wild woodland					Wild strawberry. Fragria vesca									Leaf wash					51.3605276 N 0.2800796 E											Not applicable				Genomic surveillance of epiphytic Pseudomonas syringae identifies highly virulent strains from phylogroup 2d widespread in UK orchards									Not applicable							
SAMN46544425	46544425	Pseudomonas caspiana		MIGS Cultured Bacterial/Archaeal sample from Pseudomonas caspiana																		ZZ625	ZZ629																		2022-05																		Plant		cherry orchard		Leaf surface						United Kingdom: WestMidlands UK , Haygrove Ltd cherry orchard					Sweet cherry. Prunus avium cv. Kordia									Leaf wash					Not collected											Not applicable				Genomic surveillance of epiphytic Pseudomonas syringae identifies highly virulent strains from phylogroup 2d widespread in UK orchards									Not applicable							
SAMN46544439	46544439	Pseudomonas caspiana		MIGS Cultured Bacterial/Archaeal sample from Pseudomonas caspiana																		ZZ639	ZZ643																		2022-05																		Plant		cherry orchard		Leaf surface						United Kingdom: WestMidlands UK , Lower Hope Fruit Ltd cherry orchard					Sweet cherry. Prunus avium cv. Penny									Leaf wash					Not collected											Not applicable				Genomic surveillance of epiphytic Pseudomonas syringae identifies highly virulent strains from phylogroup 2d widespread in UK orchards									Not applicable							
SAMN46544546	46544546	Pseudomonas caspiana		MIGS Cultured Bacterial/Archaeal sample from Pseudomonas caspiana																		ZZ746	ZZ750																		2022-05																		Plant		cherry orchard		Leaf surface						United Kingdom: North UK , Thomas Thomson cherry orchard					Sweet cherry. Prunus avium cv. Kordia									Leaf wash					Not collected											Not applicable				Genomic surveillance of epiphytic Pseudomonas syringae identifies highly virulent strains from phylogroup 2d widespread in UK orchards									Not applicable							
SAMN46544562	46544562	Pseudomonas caspiana		MIGS Cultured Bacterial/Archaeal sample from Pseudomonas caspiana																		ZZ762	ZZ766																		2022-05																		Plant		cherry orchard		Leaf surface						United Kingdom: North UK , Peter Marshall & Co. cherry orchard					Sweet cherry. Prunus avium cv. Kordia									Leaf wash					Not collected											Not applicable				Genomic surveillance of epiphytic Pseudomonas syringae identifies highly virulent strains from phylogroup 2d widespread in UK orchards									Not applicable							
SAMN46544605	46544605	Pseudomonas caspiana		MIGS Cultured Bacterial/Archaeal sample from Pseudomonas caspiana																		ZZ805	ZZ809																		2022-05																		Plant		wild woodland		Leaf surface						United Kingdom: North UK , Westfield wild woodland					Wild strawberry. Fragria vesca									Leaf wash					56.6289233 N 3.2625271 W											Not applicable				Genomic surveillance of epiphytic Pseudomonas syringae identifies highly virulent strains from phylogroup 2d widespread in UK orchards									Not applicable							
SAMN46544630	46544630	Pseudomonas caspiana		MIGS Cultured Bacterial/Archaeal sample from Pseudomonas caspiana																		ZZ830	ZZ834																		2022-05																		Plant		cherry orchard		Leaf surface						United Kingdom: North UK , Peter Marshall & Co. cherry orchard					Sweet cherry. Prunus avium cv. Kordia									Leaf wash					Not collected											Not applicable				Genomic surveillance of epiphytic Pseudomonas syringae identifies highly virulent strains from phylogroup 2d widespread in UK orchards									Not applicable							
SAMN46544635	46544635	Pseudomonas caspiana		MIGS Cultured Bacterial/Archaeal sample from Pseudomonas caspiana																		ZZ835	ZZ839																		2022-09																		Plant		cherry orchard		Leaf surface						United Kingdom: Southeast UK , F.W Mansfield & Son cherry orchard					Sweet cherry. Prunus avium cv. Penny									Leaf wash					Not collected											Not applicable				Genomic surveillance of epiphytic Pseudomonas syringae identifies highly virulent strains from phylogroup 2d widespread in UK orchards									Not applicable							
SAMN46544666	46544666	Pseudomonas caspiana		MIGS Cultured Bacterial/Archaeal sample from Pseudomonas caspiana																		ZZ866	ZZ870																		2022-09																		Plant		wild woodland		Leaf surface						United Kingdom: Southeast UK , Hamlet wild woodland					Blackthorn. Prunus spinosa									Leaf wash					51.2442257 N 0.4984091 E											Not applicable				Genomic surveillance of epiphytic Pseudomonas syringae identifies highly virulent strains from phylogroup 2d widespread in UK orchards									Not applicable							
SAMN46544668	46544668	Pseudomonas caspiana		MIGS Cultured Bacterial/Archaeal sample from Pseudomonas caspiana																		ZZ868	ZZ872																		2022-09																		Plant		wild woodland		Leaf surface						United Kingdom: Southeast UK , Hamlet wild woodland					Blackthorn. Prunus spinosa									Leaf wash					51.244556 N 0.498468 E											Not applicable				Genomic surveillance of epiphytic Pseudomonas syringae identifies highly virulent strains from phylogroup 2d widespread in UK orchards									Not applicable							
SAMN46544674	46544674	Pseudomonas caspiana		MIGS Cultured Bacterial/Archaeal sample from Pseudomonas caspiana																		ZZ874	ZZ878																		2022-09																		Plant		wild woodland		Leaf surface						United Kingdom: Southeast UK , Hamlet wild woodland					Hawthorn. Crataegus monogyna									Leaf wash					51.2471606 N 0.5009659 E											Not applicable				Genomic surveillance of epiphytic Pseudomonas syringae identifies highly virulent strains from phylogroup 2d widespread in UK orchards									Not applicable							
SAMN46544681	46544681	Pseudomonas caspiana		MIGS Cultured Bacterial/Archaeal sample from Pseudomonas caspiana																		ZZ881	ZZ885																		2022-09																		Plant		wild woodland		Leaf surface						United Kingdom: Southeast UK , Hamlet wild woodland					Ash. Fraxinus excelsior									Leaf wash					51.2426434 N 0.4970257 E											Not applicable				Genomic surveillance of epiphytic Pseudomonas syringae identifies highly virulent strains from phylogroup 2d widespread in UK orchards									Not applicable							
SAMN46544889	46544889	Pseudomonas caspiana		MIGS Cultured Bacterial/Archaeal sample from Pseudomonas caspiana																																					2022-09																		Plant		cherry orchard		Leaf surface						United Kingdom: North UK , Peter Marshall & Co. cherry orchard					Sweet cherry. Prunus avium cv. Lapins									Leaf wash					Not collected											Not applicable				Genomic surveillance of epiphytic Pseudomonas syringae identifies highly virulent strains from phylogroup 2d widespread in UK orchards			ZZ1035						Not applicable							
SAMN46926469	46926469	Pseudomonas viridiflava		MIGS Cultured Bacterial/Archaeal sample from Pseudomonas viridiflava																																					2020-06-15																		Table beet seed crop		Missing		Missing						USA: Skagit Co., WA					Table beet									27°C					Missing											Missing				Prevalence and genetic diversity of Pseudomonas syringae pv. aptata in table beet and Swiss chard seed production in Washington State									A02							
SAMN46926492	46926492	Pseudomonas viridiflava		MIGS Cultured Bacterial/Archaeal sample from Pseudomonas viridiflava																																					2020-07-14																		Table beet seed crop		Missing		Missing						USA: San Juan Co., WA					Table beet									27°C					Missing											Missing				Prevalence and genetic diversity of Pseudomonas syringae pv. aptata in table beet and Swiss chard seed production in Washington State									J04							
SAMN46926496	46926496	Pseudomonas viridiflava		MIGS Cultured Bacterial/Archaeal sample from Pseudomonas viridiflava																																					2020-07-14																		Table beet seed crop		Missing		Missing						USA: San Juan Co., WA					Table beet									27°C					Missing											Missing				Prevalence and genetic diversity of Pseudomonas syringae pv. aptata in table beet and Swiss chard seed production in Washington State									J15							
SAMN47346214	47346214	Pseudomonas viridiflava		Microbe sample from Pseudomonas viridiflava																															Talia Karasov						2021-06																												Germany					Arabidopsis thaliana											DBL1874																								whole organism			p21.B10							
SAMN48491535	48491535	Pseudomonas viridiflava		B_1.11.1																																					2020-01-02																												Mexico: Michoacan					Persea americana											Nectar_B1.11.1																								single cell			B_1.11.1							
SAMN50631845	50631845	Pseudomonas caspiana		Pseudomonas caspiana strain GMG1279																																					2024-11-18										10-15 cm						62 m		urban biome [ENVO:01000249]		woodland [ENVO:00000109]		soil [ENVO:00001998]						Russia: Primorsky krai														Ashby's Mannitol Agar					45.932355 N 133.817521 E											1				no									GMG1279							
SAMEA119563535	50966844	Pseudomonas viridiflava		Metagenome-Assembled Genome spire_mag_01846274 in SPIRE v01 classified as Pseudomonas_E sp900580675		ERC000047						0.0	0.0	0.9	GUNC v1.0.6			EMBL Heidelberg						bwa mem	https://spire.embl.de/spire/v1/cluster/spire_v1_095_000154940	https://spire.embl.de/spire/v1/genome/spire_mag_01846274		spire_mag_01846274			Many fragments with little to no review of assembly other than reporting of standard assembly statistics	megahit 1.2.9	tetramer and coverage	metaBAT2 v2.12.1			missing: third party data				missing: third party data		95.62	CheckM2 v0.1.3	0.13	119123									ERZ27284981										missing: third party data					missing: third party data	missing: third party data	missing: third party data															missing: third party data		https://spire.embl.de/spire/v1/sample/73206	https://spire.embl.de/spire/v1/study/478	ERP175117	missing: third party data					metagenomes			74		SPIRE v1: a Searchable Planetary-scale mIcrobiome REsource					SAMN06292170	spire_mag_01846274		Pseudomonas viridiflava				d__Bacteria;p__Pseudomonadota;c__Gammaproteobacteria;o__Pseudomonadales;f__Pseudomonadaceae;g__Pseudomonas_E;s__Pseudomonas_E sp900580675	GTDBtk v2.3.2_r214	multi-marker approach			
SAMEA119565233	50966954	Pseudomonas viridiflava		Metagenome-Assembled Genome spire_mag_01845388 in SPIRE v01 classified as Pseudomonas_E sp900585815		ERC000047						0.0	0.0	0.9	GUNC v1.0.6			EMBL Heidelberg						bwa mem	https://spire.embl.de/spire/v1/cluster/spire_v1_095_000350539	https://spire.embl.de/spire/v1/genome/spire_mag_01845388		spire_mag_01845388			Many fragments with little to no review of assembly other than reporting of standard assembly statistics	megahit 1.2.9	tetramer and coverage	metaBAT2 v2.12.1			missing: third party data				missing: third party data		61.43	CheckM2 v0.1.3	1.62	4833									ERZ27285155										missing: third party data					missing: third party data	missing: third party data	missing: third party data															missing: third party data		https://spire.embl.de/spire/v1/sample/73443	https://spire.embl.de/spire/v1/study/478	ERP175117	missing: third party data					metagenomes			745		SPIRE v1: a Searchable Planetary-scale mIcrobiome REsource					SAMN06292274	spire_mag_01845388		Pseudomonas viridiflava				d__Bacteria;p__Pseudomonadota;c__Gammaproteobacteria;o__Pseudomonadales;f__Pseudomonadaceae;g__Pseudomonas_E;s__Pseudomonas_E sp900585815	GTDBtk v2.3.2_r214	multi-marker approach			
SAMEA119601210	50969107	Pseudomonas viridiflava		Metagenome-Assembled Genome spire_mag_01846040 in SPIRE v01 classified as Pseudomonas_E sp900583165		ERC000047						0.0	0.0	0.9	GUNC v1.0.6			EMBL Heidelberg						bwa mem	https://spire.embl.de/spire/v1/cluster/specI_v4_00072	https://spire.embl.de/spire/v1/genome/spire_mag_01846040		spire_mag_01846040			Many fragments with little to no review of assembly other than reporting of standard assembly statistics	megahit 1.2.9	tetramer and coverage	metaBAT2 v2.12.1			missing: third party data				missing: third party data		99.99	CheckM2 v0.1.3	0.57	62372									ERZ27284958										missing: third party data					missing: third party data	missing: third party data	missing: third party data															missing: third party data		https://spire.embl.de/spire/v1/sample/73245	https://spire.embl.de/spire/v1/study/478	ERP175117	missing: third party data					metagenomes			147		SPIRE v1: a Searchable Planetary-scale mIcrobiome REsource					SAMN06292156	spire_mag_01846040		Pseudomonas viridiflava				d__Bacteria;p__Pseudomonadota;c__Gammaproteobacteria;o__Pseudomonadales;f__Pseudomonadaceae;g__Pseudomonas_E;s__Pseudomonas_E sp900583165	GTDBtk v2.3.2_r214	multi-marker approach			
SAMEA119517930	51019768	Pseudomonas viridiflava		Metagenome-Assembled Genome spire_mag_02291829 in SPIRE v01 classified as Pseudomonas_E canadensis		ERC000047						0.0	0.0	0.9	GUNC v1.0.6			EMBL Heidelberg						bwa mem	https://spire.embl.de/spire/v1/cluster/specI_v4_00072	https://spire.embl.de/spire/v1/genome/spire_mag_02291829		spire_mag_02291829			Many fragments with little to no review of assembly other than reporting of standard assembly statistics	megahit 1.2.9	tetramer and coverage	metaBAT2 v2.12.1			missing: third party data				missing: third party data		83.37	CheckM2 v0.1.3	6.46	8572									ERZ27284720										missing: third party data					missing: third party data	missing: third party data	missing: third party data															missing: third party data		https://spire.embl.de/spire/v1/sample/91983	https://spire.embl.de/spire/v1/study/635	ERP175111	missing: third party data					metagenomes			751		SPIRE v1: a Searchable Planetary-scale mIcrobiome REsource					SAMN19324128	spire_mag_02291829		Pseudomonas viridiflava				d__Bacteria;p__Pseudomonadota;c__Gammaproteobacteria;o__Pseudomonadales;f__Pseudomonadaceae;g__Pseudomonas_E;s__Pseudomonas_E canadensis	GTDBtk v2.3.2_r214	multi-marker approach			
SAMEA119600150	51074497	Pseudomonas caspiana		Metagenome-Assembled Genome spire_mag_01846810 in SPIRE v01 classified as Pseudomonas_E caspiana		ERC000047						0.0	0.0	0.8	GUNC v1.0.6			EMBL Heidelberg						bwa mem	https://spire.embl.de/spire/v1/cluster/specI_v4_33901	https://spire.embl.de/spire/v1/genome/spire_mag_01846810		spire_mag_01846810			Many fragments with little to no review of assembly other than reporting of standard assembly statistics	megahit 1.2.9	tetramer and coverage	metaBAT2 v2.12.1			missing: third party data				missing: third party data		91.05	CheckM2 v0.1.3	0.02	128338									ERZ27285212										missing: third party data					missing: third party data	missing: third party data	missing: third party data															missing: third party data		https://spire.embl.de/spire/v1/sample/73129	https://spire.embl.de/spire/v1/study/478	ERP175117	missing: third party data					metagenomes			60		SPIRE v1: a Searchable Planetary-scale mIcrobiome REsource					SAMN06292307	spire_mag_01846810		Pseudomonas caspiana				d__Bacteria;p__Pseudomonadota;c__Gammaproteobacteria;o__Pseudomonadales;f__Pseudomonadaceae;g__Pseudomonas_E;s__Pseudomonas_E caspiana	GTDBtk v2.3.2_r214	multi-marker approach			
SAMEA119597397	51077508	Pseudomonas viridiflava		Metagenome-Assembled Genome spire_mag_01844684 in SPIRE v01 classified as Pseudomonas_E sp900585815		ERC000047						0.0	0.0	0.89	GUNC v1.0.6			EMBL Heidelberg						bwa mem	https://spire.embl.de/spire/v1/cluster/spire_v1_095_000350539	https://spire.embl.de/spire/v1/genome/spire_mag_01844684		spire_mag_01844684			Many fragments with little to no review of assembly other than reporting of standard assembly statistics	megahit 1.2.9	tetramer and coverage	metaBAT2 v2.12.1			missing: third party data				missing: third party data		69.55	CheckM2 v0.1.3	1.23	5883									ERZ27285225										missing: third party data					missing: third party data	missing: third party data	missing: third party data															missing: third party data		https://spire.embl.de/spire/v1/sample/73327	https://spire.embl.de/spire/v1/study/478	ERP175117	missing: third party data					metagenomes			757		SPIRE v1: a Searchable Planetary-scale mIcrobiome REsource					SAMN06292308	spire_mag_01844684		Pseudomonas viridiflava				d__Bacteria;p__Pseudomonadota;c__Gammaproteobacteria;o__Pseudomonadales;f__Pseudomonadaceae;g__Pseudomonas_E;s__Pseudomonas_E sp900585815	GTDBtk v2.3.2_r214	multi-marker approach			
SAMEA120080272	51156977	Pseudomonas viridiflava		Metagenome-Assembled Genome spire_mag_01220746 in SPIRE v01 classified as Pseudomonas_E viridiflava		ERC000047						0.0	0.0	0.96	GUNC v1.0.6			EMBL Heidelberg						bwa mem	https://spire.embl.de/spire/v1/cluster/specI_v4_00028	https://spire.embl.de/spire/v1/genome/spire_mag_01220746		spire_mag_01220746			Many fragments with little to no review of assembly other than reporting of standard assembly statistics	megahit 1.2.9	tetramer and coverage	metaBAT2 v2.12.1			missing: third party data				missing: third party data		68.17	CheckM2 v0.1.3	2.60	4863									ERZ27334291										missing: third party data					missing: third party data	missing: third party data	missing: third party data															missing: third party data		https://spire.embl.de/spire/v1/sample/52645	https://spire.embl.de/spire/v1/study/333	ERP177665	missing: third party data					metagenomes			772		SPIRE v1: a Searchable Planetary-scale mIcrobiome REsource					ERR3191377,ERR3190945,ERR3191111,ERR2271378,ERR3191378,ERR3191886,ERR3191693,ERR3192051	spire_mag_01220746		Pseudomonas viridiflava				d__Bacteria;p__Pseudomonadota;c__Gammaproteobacteria;o__Pseudomonadales;f__Pseudomonadaceae;g__Pseudomonas_E;s__Pseudomonas_E viridiflava	GTDBtk v2.3.2_r214	multi-marker approach			
SAMEA120080273	51156978	Pseudomonas viridiflava		Metagenome-Assembled Genome spire_mag_01220747 in SPIRE v01 classified as Pseudomonas_E viridiflava		ERC000047						0.0	0.0	0.94	GUNC v1.0.6			EMBL Heidelberg						bwa mem	https://spire.embl.de/spire/v1/cluster/specI_v4_00028	https://spire.embl.de/spire/v1/genome/spire_mag_01220747		spire_mag_01220747			Many fragments with little to no review of assembly other than reporting of standard assembly statistics	megahit 1.2.9	tetramer and coverage	metaBAT2 v2.12.1			missing: third party data				missing: third party data		93.70	CheckM2 v0.1.3	1.72	9459									ERZ27334319										missing: third party data					missing: third party data	missing: third party data	missing: third party data															missing: third party data		https://spire.embl.de/spire/v1/sample/52647	https://spire.embl.de/spire/v1/study/333	ERP177665	missing: third party data					metagenomes			720		SPIRE v1: a Searchable Planetary-scale mIcrobiome REsource					ERR2271398,ERR3190981,ERR3191417,ERR3191131,ERR3191418,ERR3191713,ERR3191906,ERR3192087	spire_mag_01220747		Pseudomonas viridiflava				d__Bacteria;p__Pseudomonadota;c__Gammaproteobacteria;o__Pseudomonadales;f__Pseudomonadaceae;g__Pseudomonas_E;s__Pseudomonas_E viridiflava	GTDBtk v2.3.2_r214	multi-marker approach			
SAMEA120080274	51156979	Pseudomonas viridiflava		Metagenome-Assembled Genome spire_mag_01220752 in SPIRE v01 classified as Pseudomonas_E viridiflava		ERC000047						0.0	0.0	0.95	GUNC v1.0.6			EMBL Heidelberg						bwa mem	https://spire.embl.de/spire/v1/cluster/specI_v4_00028	https://spire.embl.de/spire/v1/genome/spire_mag_01220752		spire_mag_01220752			Many fragments with little to no review of assembly other than reporting of standard assembly statistics	megahit 1.2.9	tetramer and coverage	metaBAT2 v2.12.1			missing: third party data				missing: third party data		81.79	CheckM2 v0.1.3	2.37	5434									ERZ27334326										missing: third party data					missing: third party data	missing: third party data	missing: third party data															missing: third party data		https://spire.embl.de/spire/v1/sample/52649	https://spire.embl.de/spire/v1/study/333	ERP177665	missing: third party data					metagenomes			870		SPIRE v1: a Searchable Planetary-scale mIcrobiome REsource					ERR3191397,ERR3190963,ERR3191121,ERR2271388,ERR3191398,ERR3191896,ERR3191703,ERR3192069	spire_mag_01220752		Pseudomonas viridiflava				d__Bacteria;p__Pseudomonadota;c__Gammaproteobacteria;o__Pseudomonadales;f__Pseudomonadaceae;g__Pseudomonas_E;s__Pseudomonas_E viridiflava	GTDBtk v2.3.2_r214	multi-marker approach			
SAMEA120080275	51156980	Pseudomonas viridiflava		Metagenome-Assembled Genome spire_mag_01220765 in SPIRE v01 classified as Pseudomonas_E viridiflava		ERC000047						0.0	0.0	0.95	GUNC v1.0.6			EMBL Heidelberg						bwa mem	https://spire.embl.de/spire/v1/cluster/specI_v4_00028	https://spire.embl.de/spire/v1/genome/spire_mag_01220765		spire_mag_01220765			Many fragments with little to no review of assembly other than reporting of standard assembly statistics	megahit 1.2.9	tetramer and coverage	metaBAT2 v2.12.1			missing: third party data				missing: third party data		94.71	CheckM2 v0.1.3	3.36	18375									ERZ27334267										missing: third party data					missing: third party data	missing: third party data	missing: third party data															missing: third party data		https://spire.embl.de/spire/v1/sample/52650	https://spire.embl.de/spire/v1/study/333	ERP177665	missing: third party data					metagenomes			434		SPIRE v1: a Searchable Planetary-scale mIcrobiome REsource					ERR2271368,ERR3191683,ERR3190927,ERR3191357,ERR3191358,ERR3191101,ERR3192033,ERR3191876	spire_mag_01220765		Pseudomonas viridiflava				d__Bacteria;p__Pseudomonadota;c__Gammaproteobacteria;o__Pseudomonadales;f__Pseudomonadaceae;g__Pseudomonas_E;s__Pseudomonas_E viridiflava	GTDBtk v2.3.2_r214	multi-marker approach			
SAMEA120080276	51156981	Pseudomonas viridiflava		Metagenome-Assembled Genome spire_mag_01220758 in SPIRE v01 classified as Pseudomonas_E viridiflava		ERC000047						0.0	0.0	0.96	GUNC v1.0.6			EMBL Heidelberg						bwa mem	https://spire.embl.de/spire/v1/cluster/specI_v4_00028	https://spire.embl.de/spire/v1/genome/spire_mag_01220758		spire_mag_01220758			Many fragments with little to no review of assembly other than reporting of standard assembly statistics	megahit 1.2.9	tetramer and coverage	metaBAT2 v2.12.1			missing: third party data				missing: third party data		99.55	CheckM2 v0.1.3	4.00	15492									ERZ27334342										missing: third party data					missing: third party data	missing: third party data	missing: third party data															missing: third party data		https://spire.embl.de/spire/v1/sample/52651	https://spire.embl.de/spire/v1/study/333	ERP177665	missing: third party data					metagenomes			512		SPIRE v1: a Searchable Planetary-scale mIcrobiome REsource					ERR2271408,ERR3190999,ERR3191141,ERR3191437,ERR3191438,ERR3191723,ERR3191916,ERR3192105	spire_mag_01220758		Pseudomonas viridiflava				d__Bacteria;p__Pseudomonadota;c__Gammaproteobacteria;o__Pseudomonadales;f__Pseudomonadaceae;g__Pseudomonas_E;s__Pseudomonas_E viridiflava	GTDBtk v2.3.2_r214	multi-marker approach			
SAMEA120080281	51156986	Pseudomonas viridiflava		Metagenome-Assembled Genome spire_mag_01220737 in SPIRE v01 classified as Pseudomonas_E viridiflava		ERC000047						0.0	0.0	0.95	GUNC v1.0.6			EMBL Heidelberg						bwa mem	https://spire.embl.de/spire/v1/cluster/specI_v4_00028	https://spire.embl.de/spire/v1/genome/spire_mag_01220737		spire_mag_01220737			Many fragments with little to no review of assembly other than reporting of standard assembly statistics	megahit 1.2.9	tetramer and coverage	metaBAT2 v2.12.1			missing: third party data				missing: third party data		74.91	CheckM2 v0.1.3	1.96	5752									ERZ27334200										missing: third party data					missing: third party data	missing: third party data	missing: third party data															missing: third party data		https://spire.embl.de/spire/v1/sample/52654	https://spire.embl.de/spire/v1/study/333	ERP177665	missing: third party data					metagenomes			815		SPIRE v1: a Searchable Planetary-scale mIcrobiome REsource					ERR2271310,ERR3190847,ERR3191241,ERR3191043,ERR3191242,ERR3191625,ERR3191818,ERR3192147	spire_mag_01220737		Pseudomonas viridiflava				d__Bacteria;p__Pseudomonadota;c__Gammaproteobacteria;o__Pseudomonadales;f__Pseudomonadaceae;g__Pseudomonas_E;s__Pseudomonas_E viridiflava	GTDBtk v2.3.2_r214	multi-marker approach			
SAMEA120080286	51156987	Pseudomonas viridiflava		Metagenome-Assembled Genome spire_mag_01220853 in SPIRE v01 classified as Pseudomonas_E viridiflava		ERC000047						0.0	0.0	0.96	GUNC v1.0.6			EMBL Heidelberg						bwa mem	https://spire.embl.de/spire/v1/cluster/specI_v4_00028	https://spire.embl.de/spire/v1/genome/spire_mag_01220853		spire_mag_01220853			Many fragments with little to no review of assembly other than reporting of standard assembly statistics	megahit 1.2.9	tetramer and coverage	metaBAT2 v2.12.1			missing: third party data				missing: third party data		72.72	CheckM2 v0.1.3	2.79	5166									ERZ27334416										missing: third party data					missing: third party data	missing: third party data	missing: third party data															missing: third party data		https://spire.embl.de/spire/v1/sample/52660	https://spire.embl.de/spire/v1/study/333	ERP177665	missing: third party data					metagenomes			831		SPIRE v1: a Searchable Planetary-scale mIcrobiome REsource					ERR3191008,ERR2271465,ERR3191553,ERR3191199,ERR3191554,ERR3192114,ERR3191780,ERR3191974	spire_mag_01220853		Pseudomonas viridiflava				d__Bacteria;p__Pseudomonadota;c__Gammaproteobacteria;o__Pseudomonadales;f__Pseudomonadaceae;g__Pseudomonas_E;s__Pseudomonas_E viridiflava	GTDBtk v2.3.2_r214	multi-marker approach			
SAMEA120080290	51156991	Pseudomonas viridiflava		Metagenome-Assembled Genome spire_mag_01220832 in SPIRE v01 classified as Pseudomonas_E viridiflava		ERC000047						0.0	0.0	0.95	GUNC v1.0.6			EMBL Heidelberg						bwa mem	https://spire.embl.de/spire/v1/cluster/specI_v4_00028	https://spire.embl.de/spire/v1/genome/spire_mag_01220832		spire_mag_01220832			Many fragments with little to no review of assembly other than reporting of standard assembly statistics	megahit 1.2.9	tetramer and coverage	metaBAT2 v2.12.1			missing: third party data				missing: third party data		86.48	CheckM2 v0.1.3	1.26	9090									ERZ27334327										missing: third party data					missing: third party data	missing: third party data	missing: third party data															missing: third party data		https://spire.embl.de/spire/v1/sample/52665	https://spire.embl.de/spire/v1/study/333	ERP177665	missing: third party data					metagenomes			697		SPIRE v1: a Searchable Planetary-scale mIcrobiome REsource					ERR2271402,ERR3190989,ERR3191135,ERR3192095,ERR3191425,ERR3191426,ERR3191717,ERR3191910	spire_mag_01220832		Pseudomonas viridiflava				d__Bacteria;p__Pseudomonadota;c__Gammaproteobacteria;o__Pseudomonadales;f__Pseudomonadaceae;g__Pseudomonas_E;s__Pseudomonas_E viridiflava	GTDBtk v2.3.2_r214	multi-marker approach			
SAMEA120080291	51156992	Pseudomonas viridiflava		Metagenome-Assembled Genome spire_mag_01220834 in SPIRE v01 classified as Pseudomonas_E viridiflava		ERC000047						0.0	0.0	0.96	GUNC v1.0.6			EMBL Heidelberg						bwa mem	https://spire.embl.de/spire/v1/cluster/specI_v4_00028	https://spire.embl.de/spire/v1/genome/spire_mag_01220834		spire_mag_01220834			Many fragments with little to no review of assembly other than reporting of standard assembly statistics	megahit 1.2.9	tetramer and coverage	metaBAT2 v2.12.1			missing: third party data				missing: third party data		98.73	CheckM2 v0.1.3	0.33	134532									ERZ27334306										missing: third party data					missing: third party data	missing: third party data	missing: third party data															missing: third party data		https://spire.embl.de/spire/v1/sample/52666	https://spire.embl.de/spire/v1/study/333	ERP177665	missing: third party data					metagenomes			68		SPIRE v1: a Searchable Planetary-scale mIcrobiome REsource					ERR3191125,ERR2271392,ERR3190971,ERR3191405,ERR3191406,ERR3191707,ERR3192077,ERR3191900	spire_mag_01220834		Pseudomonas viridiflava				d__Bacteria;p__Pseudomonadota;c__Gammaproteobacteria;o__Pseudomonadales;f__Pseudomonadaceae;g__Pseudomonas_E;s__Pseudomonas_E viridiflava	GTDBtk v2.3.2_r214	multi-marker approach			
SAMEA120080310	51156993	Pseudomonas viridiflava		Metagenome-Assembled Genome spire_mag_01220838 in SPIRE v01 classified as Pseudomonas_E viridiflava		ERC000047						0.0	0.0	0.96	GUNC v1.0.6			EMBL Heidelberg						bwa mem	https://spire.embl.de/spire/v1/cluster/specI_v4_00028	https://spire.embl.de/spire/v1/genome/spire_mag_01220838		spire_mag_01220838			Many fragments with little to no review of assembly other than reporting of standard assembly statistics	megahit 1.2.9	tetramer and coverage	metaBAT2 v2.12.1			missing: third party data				missing: third party data		90.97	CheckM2 v0.1.3	2.55	7901									ERZ27334298										missing: third party data					missing: third party data	missing: third party data	missing: third party data															missing: third party data		https://spire.embl.de/spire/v1/sample/52667	https://spire.embl.de/spire/v1/study/333	ERP177665	missing: third party data					metagenomes			785		SPIRE v1: a Searchable Planetary-scale mIcrobiome REsource					ERR3190935,ERR2271372,ERR3191105,ERR3191365,ERR3191366,ERR3191687,ERR3192041,ERR3191880	spire_mag_01220838		Pseudomonas viridiflava				d__Bacteria;p__Pseudomonadota;c__Gammaproteobacteria;o__Pseudomonadales;f__Pseudomonadaceae;g__Pseudomonas_E;s__Pseudomonas_E viridiflava	GTDBtk v2.3.2_r214	multi-marker approach			
SAMEA120080313	51156996	Pseudomonas viridiflava		Metagenome-Assembled Genome spire_mag_01220792 in SPIRE v01 classified as Pseudomonas_E viridiflava		ERC000047						0.0	0.0	0.95	GUNC v1.0.6			EMBL Heidelberg						bwa mem	https://spire.embl.de/spire/v1/cluster/specI_v4_00028	https://spire.embl.de/spire/v1/genome/spire_mag_01220792		spire_mag_01220792			Many fragments with little to no review of assembly other than reporting of standard assembly statistics	megahit 1.2.9	tetramer and coverage	metaBAT2 v2.12.1			missing: third party data				missing: third party data		61.87	CheckM2 v0.1.3	0.33	4956									ERZ27334222										missing: third party data					missing: third party data	missing: third party data	missing: third party data															missing: third party data		https://spire.embl.de/spire/v1/sample/52668	https://spire.embl.de/spire/v1/study/333	ERP177665	missing: third party data					metagenomes			773		SPIRE v1: a Searchable Planetary-scale mIcrobiome REsource					ERR3191067,ERR3190869,ERR2271334,ERR3191842,ERR3191289,ERR3191290,ERR3191649,ERR3192169	spire_mag_01220792		Pseudomonas viridiflava				d__Bacteria;p__Pseudomonadota;c__Gammaproteobacteria;o__Pseudomonadales;f__Pseudomonadaceae;g__Pseudomonas_E;s__Pseudomonas_E viridiflava	GTDBtk v2.3.2_r214	multi-marker approach			
SAMEA120080317	51157000	Pseudomonas viridiflava		Metagenome-Assembled Genome spire_mag_01220802 in SPIRE v01 classified as Pseudomonas_E viridiflava		ERC000047						0.0	0.0	0.96	GUNC v1.0.6			EMBL Heidelberg						bwa mem	https://spire.embl.de/spire/v1/cluster/specI_v4_00028	https://spire.embl.de/spire/v1/genome/spire_mag_01220802		spire_mag_01220802			Many fragments with little to no review of assembly other than reporting of standard assembly statistics	megahit 1.2.9	tetramer and coverage	metaBAT2 v2.12.1			missing: third party data				missing: third party data		88.17	CheckM2 v0.1.3	3.78	7256									ERZ27334269										missing: third party data					missing: third party data	missing: third party data	missing: third party data															missing: third party data		https://spire.embl.de/spire/v1/sample/52673	https://spire.embl.de/spire/v1/study/333	ERP177665	missing: third party data					metagenomes			829		SPIRE v1: a Searchable Planetary-scale mIcrobiome REsource					ERR2271364,ERR3190919,ERR3191097,ERR3191872,ERR3191349,ERR3191350,ERR3191679,ERR3192025	spire_mag_01220802		Pseudomonas viridiflava				d__Bacteria;p__Pseudomonadota;c__Gammaproteobacteria;o__Pseudomonadales;f__Pseudomonadaceae;g__Pseudomonas_E;s__Pseudomonas_E viridiflava	GTDBtk v2.3.2_r214	multi-marker approach			
SAMEA120080324	51157007	Pseudomonas viridiflava		Metagenome-Assembled Genome spire_mag_01220697 in SPIRE v01 classified as Pseudomonas_E viridiflava		ERC000047						0.0	0.0	0.96	GUNC v1.0.6			EMBL Heidelberg						bwa mem	https://spire.embl.de/spire/v1/cluster/specI_v4_00028	https://spire.embl.de/spire/v1/genome/spire_mag_01220697		spire_mag_01220697			Many fragments with little to no review of assembly other than reporting of standard assembly statistics	megahit 1.2.9	tetramer and coverage	metaBAT2 v2.12.1			missing: third party data				missing: third party data		89.42	CheckM2 v0.1.3	2.33	10358									ERZ27334304										missing: third party data					missing: third party data	missing: third party data	missing: third party data															missing: third party data		https://spire.embl.de/spire/v1/sample/52689	https://spire.embl.de/spire/v1/study/333	ERP177665	missing: third party data					metagenomes			672		SPIRE v1: a Searchable Planetary-scale mIcrobiome REsource					ERR2271380,ERR3191695,ERR3191113,ERR3191381,ERR3191382,ERR3190949,ERR3191888,ERR3192055	spire_mag_01220697		Pseudomonas viridiflava				d__Bacteria;p__Pseudomonadota;c__Gammaproteobacteria;o__Pseudomonadales;f__Pseudomonadaceae;g__Pseudomonas_E;s__Pseudomonas_E viridiflava	GTDBtk v2.3.2_r214	multi-marker approach			
SAMEA120080327	51157010	Pseudomonas viridiflava		Metagenome-Assembled Genome spire_mag_01220679 in SPIRE v01 classified as Pseudomonas_E viridiflava		ERC000047						0.0	0.0	0.96	GUNC v1.0.6			EMBL Heidelberg						bwa mem	https://spire.embl.de/spire/v1/cluster/specI_v4_00028	https://spire.embl.de/spire/v1/genome/spire_mag_01220679		spire_mag_01220679			Many fragments with little to no review of assembly other than reporting of standard assembly statistics	megahit 1.2.9	tetramer and coverage	metaBAT2 v2.12.1			missing: third party data				missing: third party data		100	CheckM2 v0.1.3	0.35	160668									ERZ27334191										missing: third party data					missing: third party data	missing: third party data	missing: third party data															missing: third party data		https://spire.embl.de/spire/v1/sample/52698	https://spire.embl.de/spire/v1/study/333	ERP177665	missing: third party data					metagenomes			62		SPIRE v1: a Searchable Planetary-scale mIcrobiome REsource					ERR2271312,ERR3191245,ERR3190849,ERR3191045,ERR3191246,ERR3192149,ERR3191820,ERR3191627	spire_mag_01220679		Pseudomonas viridiflava				d__Bacteria;p__Pseudomonadota;c__Gammaproteobacteria;o__Pseudomonadales;f__Pseudomonadaceae;g__Pseudomonas_E;s__Pseudomonas_E viridiflava	GTDBtk v2.3.2_r214	multi-marker approach			
SAMEA120080330	51157013	Pseudomonas viridiflava		Metagenome-Assembled Genome spire_mag_01220622 in SPIRE v01 classified as Pseudomonas_E viridiflava		ERC000047						0.0	0.0	0.94	GUNC v1.0.6			EMBL Heidelberg						bwa mem	https://spire.embl.de/spire/v1/cluster/specI_v4_00028	https://spire.embl.de/spire/v1/genome/spire_mag_01220622		spire_mag_01220622			Many fragments with little to no review of assembly other than reporting of standard assembly statistics	megahit 1.2.9	tetramer and coverage	metaBAT2 v2.12.1			missing: third party data				missing: third party data		99.88	CheckM2 v0.1.3	0.97	49592									ERZ27334187										missing: third party data					missing: third party data	missing: third party data	missing: third party data															missing: third party data		https://spire.embl.de/spire/v1/sample/52707	https://spire.embl.de/spire/v1/study/333	ERP177665	missing: third party data					metagenomes			195		SPIRE v1: a Searchable Planetary-scale mIcrobiome REsource					ERR2271308,ERR3190845,ERR3191237,ERR3191041,ERR3191238,ERR3191816,ERR3191623,ERR3192145	spire_mag_01220622		Pseudomonas viridiflava				d__Bacteria;p__Pseudomonadota;c__Gammaproteobacteria;o__Pseudomonadales;f__Pseudomonadaceae;g__Pseudomonas_E;s__Pseudomonas_E viridiflava	GTDBtk v2.3.2_r214	multi-marker approach			
SAMEA120080332	51157015	Pseudomonas viridiflava		Metagenome-Assembled Genome spire_mag_01220632 in SPIRE v01 classified as Pseudomonas_E viridiflava		ERC000047						0.0	0.0	0.96	GUNC v1.0.6			EMBL Heidelberg						bwa mem	https://spire.embl.de/spire/v1/cluster/specI_v4_00028	https://spire.embl.de/spire/v1/genome/spire_mag_01220632		spire_mag_01220632			Many fragments with little to no review of assembly other than reporting of standard assembly statistics	megahit 1.2.9	tetramer and coverage	metaBAT2 v2.12.1			missing: third party data				missing: third party data		95.02	CheckM2 v0.1.3	0.47	115632									ERZ27334339										missing: third party data					missing: third party data	missing: third party data	missing: third party data															missing: third party data		https://spire.embl.de/spire/v1/sample/52711	https://spire.embl.de/spire/v1/study/333	ERP177665	missing: third party data					metagenomes			77		SPIRE v1: a Searchable Planetary-scale mIcrobiome REsource					ERR2271404,ERR3191137,ERR3190993,ERR3191429,ERR3191430,ERR3192099,ERR3191719,ERR3191912	spire_mag_01220632		Pseudomonas viridiflava				d__Bacteria;p__Pseudomonadota;c__Gammaproteobacteria;o__Pseudomonadales;f__Pseudomonadaceae;g__Pseudomonas_E;s__Pseudomonas_E viridiflava	GTDBtk v2.3.2_r214	multi-marker approach			
SAMEA120080333	51157016	Pseudomonas viridiflava		Metagenome-Assembled Genome spire_mag_01220637 in SPIRE v01 classified as Pseudomonas_E viridiflava		ERC000047						0.0	0.0	0.95	GUNC v1.0.6			EMBL Heidelberg						bwa mem	https://spire.embl.de/spire/v1/cluster/specI_v4_00028	https://spire.embl.de/spire/v1/genome/spire_mag_01220637		spire_mag_01220637			Many fragments with little to no review of assembly other than reporting of standard assembly statistics	megahit 1.2.9	tetramer and coverage	metaBAT2 v2.12.1			missing: third party data				missing: third party data		99.80	CheckM2 v0.1.3	0.72	26555									ERZ27334314										missing: third party data					missing: third party data	missing: third party data	missing: third party data															missing: third party data		https://spire.embl.de/spire/v1/sample/52713	https://spire.embl.de/spire/v1/study/333	ERP177665	missing: third party data					metagenomes			359		SPIRE v1: a Searchable Planetary-scale mIcrobiome REsource					ERR2271394,ERR3191127,ERR3190975,ERR3191409,ERR3191410,ERR3191709,ERR3191902,ERR3192081	spire_mag_01220637		Pseudomonas viridiflava				d__Bacteria;p__Pseudomonadota;c__Gammaproteobacteria;o__Pseudomonadales;f__Pseudomonadaceae;g__Pseudomonas_E;s__Pseudomonas_E viridiflava	GTDBtk v2.3.2_r214	multi-marker approach			
SAMEA120080526	51157019	Pseudomonas viridiflava		Metagenome-Assembled Genome spire_mag_01220649 in SPIRE v01 classified as Pseudomonas_E viridiflava		ERC000047						0.0	0.0	0.96	GUNC v1.0.6			EMBL Heidelberg						bwa mem	https://spire.embl.de/spire/v1/cluster/specI_v4_00028	https://spire.embl.de/spire/v1/genome/spire_mag_01220649		spire_mag_01220649			Many fragments with little to no review of assembly other than reporting of standard assembly statistics	megahit 1.2.9	tetramer and coverage	metaBAT2 v2.12.1			missing: third party data				missing: third party data		100	CheckM2 v0.1.3	0.89	49964									ERZ27334297										missing: third party data					missing: third party data	missing: third party data	missing: third party data															missing: third party data		https://spire.embl.de/spire/v1/sample/52720	https://spire.embl.de/spire/v1/study/333	ERP177665	missing: third party data					metagenomes			193		SPIRE v1: a Searchable Planetary-scale mIcrobiome REsource					ERR2271386,ERR3190959,ERR3191119,ERR3191393,ERR3191394,ERR3191894,ERR3191701,ERR3192065	spire_mag_01220649		Pseudomonas viridiflava				d__Bacteria;p__Pseudomonadota;c__Gammaproteobacteria;o__Pseudomonadales;f__Pseudomonadaceae;g__Pseudomonas_E;s__Pseudomonas_E viridiflava	GTDBtk v2.3.2_r214	multi-marker approach			
SAMEA120080527	51157020	Pseudomonas viridiflava		Metagenome-Assembled Genome spire_mag_01220656 in SPIRE v01 classified as Pseudomonas_E viridiflava		ERC000047						0.0	0.0	0.94	GUNC v1.0.6			EMBL Heidelberg						bwa mem	https://spire.embl.de/spire/v1/cluster/specI_v4_00028	https://spire.embl.de/spire/v1/genome/spire_mag_01220656		spire_mag_01220656			Many fragments with little to no review of assembly other than reporting of standard assembly statistics	megahit 1.2.9	tetramer and coverage	metaBAT2 v2.12.1			missing: third party data				missing: third party data		99.83	CheckM2 v0.1.3	1.70	23660									ERZ27334271										missing: third party data					missing: third party data	missing: third party data	missing: third party data															missing: third party data		https://spire.embl.de/spire/v1/sample/52721	https://spire.embl.de/spire/v1/study/333	ERP177665	missing: third party data					metagenomes			364		SPIRE v1: a Searchable Planetary-scale mIcrobiome REsource					ERR2271366,ERR3191353,ERR3190923,ERR3191099,ERR3191354,ERR3191874,ERR3191681,ERR3192029	spire_mag_01220656		Pseudomonas viridiflava				d__Bacteria;p__Pseudomonadota;c__Gammaproteobacteria;o__Pseudomonadales;f__Pseudomonadaceae;g__Pseudomonas_E;s__Pseudomonas_E viridiflava	GTDBtk v2.3.2_r214	multi-marker approach			
SAMEA120080529	51157022	Pseudomonas viridiflava		Metagenome-Assembled Genome spire_mag_01220672 in SPIRE v01 classified as Pseudomonas_E viridiflava		ERC000047						0.0	0.0	0.95	GUNC v1.0.6			EMBL Heidelberg						bwa mem	https://spire.embl.de/spire/v1/cluster/specI_v4_00028	https://spire.embl.de/spire/v1/genome/spire_mag_01220672		spire_mag_01220672			Many fragments with little to no review of assembly other than reporting of standard assembly statistics	megahit 1.2.9	tetramer and coverage	metaBAT2 v2.12.1			missing: third party data				missing: third party data		100	CheckM2 v0.1.3	1.76	94050									ERZ27334349										missing: third party data					missing: third party data	missing: third party data	missing: third party data															missing: third party data		https://spire.embl.de/spire/v1/sample/52732	https://spire.embl.de/spire/v1/study/333	ERP177665	missing: third party data					metagenomes			91		SPIRE v1: a Searchable Planetary-scale mIcrobiome REsource					ERR3191734,ERR3191461,ERR3191462,ERR2271419,ERR3190926,ERR3191153,ERR3191928,ERR3192032	spire_mag_01220672		Pseudomonas viridiflava				d__Bacteria;p__Pseudomonadota;c__Gammaproteobacteria;o__Pseudomonadales;f__Pseudomonadaceae;g__Pseudomonas_E;s__Pseudomonas_E viridiflava	GTDBtk v2.3.2_r214	multi-marker approach			
SAMEA120080551	51157026	Pseudomonas viridiflava		Metagenome-Assembled Genome spire_mag_01220485 in SPIRE v01 classified as Pseudomonas_E viridiflava		ERC000047						0.0	0.0	0.95	GUNC v1.0.6			EMBL Heidelberg						bwa mem	https://spire.embl.de/spire/v1/cluster/specI_v4_00028	https://spire.embl.de/spire/v1/genome/spire_mag_01220485		spire_mag_01220485			Many fragments with little to no review of assembly other than reporting of standard assembly statistics	megahit 1.2.9	tetramer and coverage	metaBAT2 v2.12.1			missing: third party data				missing: third party data		99.34	CheckM2 v0.1.3	1.85	28024									ERZ27334296										missing: third party data					missing: third party data	missing: third party data	missing: third party data															missing: third party data		https://spire.embl.de/spire/v1/sample/52741	https://spire.embl.de/spire/v1/study/333	ERP177665	missing: third party data					metagenomes			328		SPIRE v1: a Searchable Planetary-scale mIcrobiome REsource					ERR3190947,ERR2271379,ERR3191112,ERR3191379,ERR3191380,ERR3191887,ERR3191694,ERR3192053	spire_mag_01220485		Pseudomonas viridiflava				d__Bacteria;p__Pseudomonadota;c__Gammaproteobacteria;o__Pseudomonadales;f__Pseudomonadaceae;g__Pseudomonas_E;s__Pseudomonas_E viridiflava	GTDBtk v2.3.2_r214	multi-marker approach			
SAMEA120080553	51157028	Pseudomonas viridiflava		Metagenome-Assembled Genome spire_mag_01220492 in SPIRE v01 classified as Pseudomonas_E viridiflava		ERC000047						0.0	0.0	0.95	GUNC v1.0.6			EMBL Heidelberg						bwa mem	https://spire.embl.de/spire/v1/cluster/specI_v4_00028	https://spire.embl.de/spire/v1/genome/spire_mag_01220492		spire_mag_01220492			Many fragments with little to no review of assembly other than reporting of standard assembly statistics	megahit 1.2.9	tetramer and coverage	metaBAT2 v2.12.1			missing: third party data				missing: third party data		94.25	CheckM2 v0.1.3	3.42	14216									ERZ27334320										missing: third party data					missing: third party data	missing: third party data	missing: third party data															missing: third party data		https://spire.embl.de/spire/v1/sample/52743	https://spire.embl.de/spire/v1/study/333	ERP177665	missing: third party data					metagenomes			547		SPIRE v1: a Searchable Planetary-scale mIcrobiome REsource					ERR3191419,ERR2271399,ERR3190983,ERR3191132,ERR3191420,ERR3191714,ERR3191907,ERR3192089	spire_mag_01220492		Pseudomonas viridiflava				d__Bacteria;p__Pseudomonadota;c__Gammaproteobacteria;o__Pseudomonadales;f__Pseudomonadaceae;g__Pseudomonas_E;s__Pseudomonas_E viridiflava	GTDBtk v2.3.2_r214	multi-marker approach			
SAMEA120080554	51157029	Pseudomonas viridiflava		Metagenome-Assembled Genome spire_mag_01220499 in SPIRE v01 classified as Pseudomonas_E viridiflava		ERC000047						0.0	0.0	0.97	GUNC v1.0.6			EMBL Heidelberg						bwa mem	https://spire.embl.de/spire/v1/cluster/specI_v4_00028	https://spire.embl.de/spire/v1/genome/spire_mag_01220499		spire_mag_01220499			Many fragments with little to no review of assembly other than reporting of standard assembly statistics	megahit 1.2.9	tetramer and coverage	metaBAT2 v2.12.1			missing: third party data				missing: third party data		100	CheckM2 v0.1.3	0.22	159468									ERZ27334332										missing: third party data					missing: third party data	missing: third party data	missing: third party data															missing: third party data		https://spire.embl.de/spire/v1/sample/52747	https://spire.embl.de/spire/v1/study/333	ERP177665	missing: third party data					metagenomes			65		SPIRE v1: a Searchable Planetary-scale mIcrobiome REsource					ERR3191001,ERR2271409,ERR3191439,ERR3191142,ERR3191440,ERR3191917,ERR3191724,ERR3192107	spire_mag_01220499		Pseudomonas viridiflava				d__Bacteria;p__Pseudomonadota;c__Gammaproteobacteria;o__Pseudomonadales;f__Pseudomonadaceae;g__Pseudomonas_E;s__Pseudomonas_E viridiflava	GTDBtk v2.3.2_r214	multi-marker approach			
SAMEA120080561	51157036	Pseudomonas viridiflava		Metagenome-Assembled Genome spire_mag_01220410 in SPIRE v01 classified as Pseudomonas_E viridiflava		ERC000047						0.0	0.0	0.96	GUNC v1.0.6			EMBL Heidelberg						bwa mem	https://spire.embl.de/spire/v1/cluster/specI_v4_00028	https://spire.embl.de/spire/v1/genome/spire_mag_01220410		spire_mag_01220410			Many fragments with little to no review of assembly other than reporting of standard assembly statistics	megahit 1.2.9	tetramer and coverage	metaBAT2 v2.12.1			missing: third party data				missing: third party data		81.26	CheckM2 v0.1.3	1.28	7713									ERZ27334292										missing: third party data					missing: third party data	missing: third party data	missing: third party data															missing: third party data		https://spire.embl.de/spire/v1/sample/52760	https://spire.embl.de/spire/v1/study/333	ERP177665	missing: third party data					metagenomes			736		SPIRE v1: a Searchable Planetary-scale mIcrobiome REsource					ERR2271383,ERR3191116,ERR3190955,ERR3191387,ERR3191388,ERR3191698,ERR3192061,ERR3191891	spire_mag_01220410		Pseudomonas viridiflava				d__Bacteria;p__Pseudomonadota;c__Gammaproteobacteria;o__Pseudomonadales;f__Pseudomonadaceae;g__Pseudomonas_E;s__Pseudomonas_E viridiflava	GTDBtk v2.3.2_r214	multi-marker approach			
SAMEA120080562	51157037	Pseudomonas viridiflava		Metagenome-Assembled Genome spire_mag_01220411 in SPIRE v01 classified as Pseudomonas_E viridiflava		ERC000047						0.0	0.0	0.94	GUNC v1.0.6			EMBL Heidelberg						bwa mem	https://spire.embl.de/spire/v1/cluster/specI_v4_00028	https://spire.embl.de/spire/v1/genome/spire_mag_01220411		spire_mag_01220411			Many fragments with little to no review of assembly other than reporting of standard assembly statistics	megahit 1.2.9	tetramer and coverage	metaBAT2 v2.12.1			missing: third party data				missing: third party data		96.17	CheckM2 v0.1.3	0.98	14537									ERZ27334325										missing: third party data					missing: third party data	missing: third party data	missing: third party data															missing: third party data		https://spire.embl.de/spire/v1/sample/52761	https://spire.embl.de/spire/v1/study/333	ERP177665	missing: third party data					metagenomes			513		SPIRE v1: a Searchable Planetary-scale mIcrobiome REsource					ERR2271403,ERR3191718,ERR3190991,ERR3191136,ERR3191427,ERR3191428,ERR3192097,ERR3191911	spire_mag_01220411		Pseudomonas viridiflava				d__Bacteria;p__Pseudomonadota;c__Gammaproteobacteria;o__Pseudomonadales;f__Pseudomonadaceae;g__Pseudomonas_E;s__Pseudomonas_E viridiflava	GTDBtk v2.3.2_r214	multi-marker approach			
SAMEA120080564	51157039	Pseudomonas viridiflava		Metagenome-Assembled Genome spire_mag_01220415 in SPIRE v01 classified as Pseudomonas_E viridiflava		ERC000047						0.0	0.0	0.96	GUNC v1.0.6			EMBL Heidelberg						bwa mem	https://spire.embl.de/spire/v1/cluster/specI_v4_00028	https://spire.embl.de/spire/v1/genome/spire_mag_01220415		spire_mag_01220415			Many fragments with little to no review of assembly other than reporting of standard assembly statistics	megahit 1.2.9	tetramer and coverage	metaBAT2 v2.12.1			missing: third party data				missing: third party data		60.86	CheckM2 v0.1.3	0.02	147469									ERZ27334305										missing: third party data					missing: third party data	missing: third party data	missing: third party data															missing: third party data		https://spire.embl.de/spire/v1/sample/52762	https://spire.embl.de/spire/v1/study/333	ERP177665	missing: third party data					metagenomes			33		SPIRE v1: a Searchable Planetary-scale mIcrobiome REsource					ERR2271393,ERR3191126,ERR3190973,ERR3191407,ERR3191408,ERR3192079,ERR3191708,ERR3191901	spire_mag_01220415		Pseudomonas viridiflava				d__Bacteria;p__Pseudomonadota;c__Gammaproteobacteria;o__Pseudomonadales;f__Pseudomonadaceae;g__Pseudomonas_E;s__Pseudomonas_E viridiflava	GTDBtk v2.3.2_r214	multi-marker approach			
SAMEA120080565	51157040	Pseudomonas viridiflava		Metagenome-Assembled Genome spire_mag_01220418 in SPIRE v01 classified as Pseudomonas_E viridiflava		ERC000047						0.0	0.0	0.96	GUNC v1.0.6			EMBL Heidelberg						bwa mem	https://spire.embl.de/spire/v1/cluster/specI_v4_00028	https://spire.embl.de/spire/v1/genome/spire_mag_01220418		spire_mag_01220418			Many fragments with little to no review of assembly other than reporting of standard assembly statistics	megahit 1.2.9	tetramer and coverage	metaBAT2 v2.12.1			missing: third party data				missing: third party data		70.48	CheckM2 v0.1.3	1.12	4734									ERZ27334282										missing: third party data					missing: third party data	missing: third party data	missing: third party data															missing: third party data		https://spire.embl.de/spire/v1/sample/52764	https://spire.embl.de/spire/v1/study/333	ERP177665	missing: third party data					metagenomes			804		SPIRE v1: a Searchable Planetary-scale mIcrobiome REsource					ERR3191371,ERR2271375,ERR3190939,ERR3191108,ERR3191372,ERR3191690,ERR3191883,ERR3192045	spire_mag_01220418		Pseudomonas viridiflava				d__Bacteria;p__Pseudomonadota;c__Gammaproteobacteria;o__Pseudomonadales;f__Pseudomonadaceae;g__Pseudomonas_E;s__Pseudomonas_E viridiflava	GTDBtk v2.3.2_r214	multi-marker approach			
SAMEA120080568	51157043	Pseudomonas viridiflava		Metagenome-Assembled Genome spire_mag_01220436 in SPIRE v01 classified as Pseudomonas_E viridiflava		ERC000047						0.0	0.0	0.96	GUNC v1.0.6			EMBL Heidelberg						bwa mem	https://spire.embl.de/spire/v1/cluster/specI_v4_00028	https://spire.embl.de/spire/v1/genome/spire_mag_01220436		spire_mag_01220436			Many fragments with little to no review of assembly other than reporting of standard assembly statistics	megahit 1.2.9	tetramer and coverage	metaBAT2 v2.12.1			missing: third party data				missing: third party data		95.44	CheckM2 v0.1.3	0.54	56427									ERZ27334303										missing: third party data					missing: third party data	missing: third party data	missing: third party data															missing: third party data		https://spire.embl.de/spire/v1/sample/52768	https://spire.embl.de/spire/v1/study/333	ERP177665	missing: third party data					metagenomes			155		SPIRE v1: a Searchable Planetary-scale mIcrobiome REsource					ERR2271385,ERR3190957,ERR3191118,ERR3191391,ERR3191392,ERR3191700,ERR3191893,ERR3192063	spire_mag_01220436		Pseudomonas viridiflava				d__Bacteria;p__Pseudomonadota;c__Gammaproteobacteria;o__Pseudomonadales;f__Pseudomonadaceae;g__Pseudomonas_E;s__Pseudomonas_E viridiflava	GTDBtk v2.3.2_r214	multi-marker approach			
SAMEA120080570	51157045	Pseudomonas viridiflava		Metagenome-Assembled Genome spire_mag_01220445 in SPIRE v01 classified as Pseudomonas_E viridiflava		ERC000047						0.0	0.0	0.96	GUNC v1.0.6			EMBL Heidelberg						bwa mem	https://spire.embl.de/spire/v1/cluster/specI_v4_00028	https://spire.embl.de/spire/v1/genome/spire_mag_01220445		spire_mag_01220445			Many fragments with little to no review of assembly other than reporting of standard assembly statistics	megahit 1.2.9	tetramer and coverage	metaBAT2 v2.12.1			missing: third party data				missing: third party data		52.31	CheckM2 v0.1.3	0.74	3925									ERZ27334432										missing: third party data					missing: third party data	missing: third party data	missing: third party data															missing: third party data		https://spire.embl.de/spire/v1/sample/52773	https://spire.embl.de/spire/v1/study/333	ERP177665	missing: third party data					metagenomes			668		SPIRE v1: a Searchable Planetary-scale mIcrobiome REsource					ERR2271468,ERR3191010,ERR3191559,ERR3191202,ERR3191560,ERR3191783,ERR3191977,ERR3192116	spire_mag_01220445		Pseudomonas viridiflava				d__Bacteria;p__Pseudomonadota;c__Gammaproteobacteria;o__Pseudomonadales;f__Pseudomonadaceae;g__Pseudomonas_E;s__Pseudomonas_E viridiflava	GTDBtk v2.3.2_r214	multi-marker approach			
SAMEA120080571	51157046	Pseudomonas viridiflava		Metagenome-Assembled Genome spire_mag_01220608 in SPIRE v01 classified as Pseudomonas_E viridiflava		ERC000047						0.0	0.0	0.95	GUNC v1.0.6			EMBL Heidelberg						bwa mem	https://spire.embl.de/spire/v1/cluster/specI_v4_00028	https://spire.embl.de/spire/v1/genome/spire_mag_01220608		spire_mag_01220608			Many fragments with little to no review of assembly other than reporting of standard assembly statistics	megahit 1.2.9	tetramer and coverage	metaBAT2 v2.12.1			missing: third party data				missing: third party data		93.06	CheckM2 v0.1.3	0.25	125051									ERZ27334293										missing: third party data					missing: third party data	missing: third party data	missing: third party data															missing: third party data		https://spire.embl.de/spire/v1/sample/52785	https://spire.embl.de/spire/v1/study/333	ERP177665	missing: third party data					metagenomes			72		SPIRE v1: a Searchable Planetary-scale mIcrobiome REsource					ERR3191114,ERR3190951,ERR2271381,ERR3191696,ERR3191383,ERR3191384,ERR3191889,ERR3192057	spire_mag_01220608		Pseudomonas viridiflava				d__Bacteria;p__Pseudomonadota;c__Gammaproteobacteria;o__Pseudomonadales;f__Pseudomonadaceae;g__Pseudomonas_E;s__Pseudomonas_E viridiflava	GTDBtk v2.3.2_r214	multi-marker approach			
SAMEA120080573	51157048	Pseudomonas viridiflava		Metagenome-Assembled Genome spire_mag_01220612 in SPIRE v01 classified as Pseudomonas_E viridiflava		ERC000047						0.0	0.0	0.94	GUNC v1.0.6			EMBL Heidelberg						bwa mem	https://spire.embl.de/spire/v1/cluster/specI_v4_00028	https://spire.embl.de/spire/v1/genome/spire_mag_01220612		spire_mag_01220612			Many fragments with little to no review of assembly other than reporting of standard assembly statistics	megahit 1.2.9	tetramer and coverage	metaBAT2 v2.12.1			missing: third party data				missing: third party data		55.21	CheckM2 v0.1.3	0.75	4365									ERZ27334323										missing: third party data					missing: third party data	missing: third party data	missing: third party data															missing: third party data		https://spire.embl.de/spire/v1/sample/52787	https://spire.embl.de/spire/v1/study/333	ERP177665	missing: third party data					metagenomes			718		SPIRE v1: a Searchable Planetary-scale mIcrobiome REsource					ERR3190987,ERR2271401,ERR3191134,ERR3191423,ERR3191424,ERR3191716,ERR3191909,ERR3192093	spire_mag_01220612		Pseudomonas viridiflava				d__Bacteria;p__Pseudomonadota;c__Gammaproteobacteria;o__Pseudomonadales;f__Pseudomonadaceae;g__Pseudomonas_E;s__Pseudomonas_E viridiflava	GTDBtk v2.3.2_r214	multi-marker approach			
SAMEA120080574	51157049	Pseudomonas viridiflava		Metagenome-Assembled Genome spire_mag_01220616 in SPIRE v01 classified as Pseudomonas_E viridiflava		ERC000047						0.0	0.0	0.95	GUNC v1.0.6			EMBL Heidelberg						bwa mem	https://spire.embl.de/spire/v1/cluster/specI_v4_00028	https://spire.embl.de/spire/v1/genome/spire_mag_01220616		spire_mag_01220616			Many fragments with little to no review of assembly other than reporting of standard assembly statistics	megahit 1.2.9	tetramer and coverage	metaBAT2 v2.12.1			missing: third party data				missing: third party data		99.50	CheckM2 v0.1.3	0.25	139440									ERZ27334309										missing: third party data					missing: third party data	missing: third party data	missing: third party data															missing: third party data		https://spire.embl.de/spire/v1/sample/52788	https://spire.embl.de/spire/v1/study/333	ERP177665	missing: third party data					metagenomes			62		SPIRE v1: a Searchable Planetary-scale mIcrobiome REsource					ERR2271391,ERR3190969,ERR3191403,ERR3191124,ERR3191404,ERR3191706,ERR3191899,ERR3192075	spire_mag_01220616		Pseudomonas viridiflava				d__Bacteria;p__Pseudomonadota;c__Gammaproteobacteria;o__Pseudomonadales;f__Pseudomonadaceae;g__Pseudomonas_E;s__Pseudomonas_E viridiflava	GTDBtk v2.3.2_r214	multi-marker approach			
SAMEA120080575	51157050	Pseudomonas viridiflava		Metagenome-Assembled Genome spire_mag_01220589 in SPIRE v01 classified as Pseudomonas_E viridiflava		ERC000047						0.0	0.0	0.96	GUNC v1.0.6			EMBL Heidelberg						bwa mem	https://spire.embl.de/spire/v1/cluster/specI_v4_00028	https://spire.embl.de/spire/v1/genome/spire_mag_01220589		spire_mag_01220589			Many fragments with little to no review of assembly other than reporting of standard assembly statistics	megahit 1.2.9	tetramer and coverage	metaBAT2 v2.12.1			missing: third party data				missing: third party data		98.79	CheckM2 v0.1.3	1.15	17333									ERZ27334277										missing: third party data					missing: third party data	missing: third party data	missing: third party data															missing: third party data		https://spire.embl.de/spire/v1/sample/52795	https://spire.embl.de/spire/v1/study/333	ERP177665	missing: third party data					metagenomes			427		SPIRE v1: a Searchable Planetary-scale mIcrobiome REsource					ERR2271363,ERR3190917,ERR3191096,ERR3191347,ERR3191348,ERR3191678,ERR3191871,ERR3192023	spire_mag_01220589		Pseudomonas viridiflava				d__Bacteria;p__Pseudomonadota;c__Gammaproteobacteria;o__Pseudomonadales;f__Pseudomonadaceae;g__Pseudomonas_E;s__Pseudomonas_E viridiflava	GTDBtk v2.3.2_r214	multi-marker approach			
SAMEA120080581	51157056	Pseudomonas viridiflava		Metagenome-Assembled Genome spire_mag_01220532 in SPIRE v01 classified as Pseudomonas_E viridiflava		ERC000047						0.0	0.0	0.95	GUNC v1.0.6			EMBL Heidelberg						bwa mem	https://spire.embl.de/spire/v1/cluster/specI_v4_00028	https://spire.embl.de/spire/v1/genome/spire_mag_01220532		spire_mag_01220532			Many fragments with little to no review of assembly other than reporting of standard assembly statistics	megahit 1.2.9	tetramer and coverage	metaBAT2 v2.12.1			missing: third party data				missing: third party data		99.98	CheckM2 v0.1.3	0.31	56243									ERZ27334328										missing: third party data					missing: third party data	missing: third party data	missing: third party data															missing: third party data		https://spire.embl.de/spire/v1/sample/52808	https://spire.embl.de/spire/v1/study/333	ERP177665	missing: third party data					metagenomes			183		SPIRE v1: a Searchable Planetary-scale mIcrobiome REsource					ERR2271405,ERR3191138,ERR3190995,ERR3191431,ERR3191432,ERR3191913,ERR3192101,ERR3191720	spire_mag_01220532		Pseudomonas viridiflava				d__Bacteria;p__Pseudomonadota;c__Gammaproteobacteria;o__Pseudomonadales;f__Pseudomonadaceae;g__Pseudomonas_E;s__Pseudomonas_E viridiflava	GTDBtk v2.3.2_r214	multi-marker approach			
SAMEA120080583	51157058	Pseudomonas viridiflava		Metagenome-Assembled Genome spire_mag_01220536 in SPIRE v01 classified as Pseudomonas_E viridiflava		ERC000047						0.0	0.0	0.96	GUNC v1.0.6			EMBL Heidelberg						bwa mem	https://spire.embl.de/spire/v1/cluster/specI_v4_00028	https://spire.embl.de/spire/v1/genome/spire_mag_01220536		spire_mag_01220536			Many fragments with little to no review of assembly other than reporting of standard assembly statistics	megahit 1.2.9	tetramer and coverage	metaBAT2 v2.12.1			missing: third party data				missing: third party data		99.97	CheckM2 v0.1.3	1.09	57828									ERZ27334290										missing: third party data					missing: third party data	missing: third party data	missing: third party data															missing: third party data		https://spire.embl.de/spire/v1/sample/52812	https://spire.embl.de/spire/v1/study/333	ERP177665	missing: third party data					metagenomes			172		SPIRE v1: a Searchable Planetary-scale mIcrobiome REsource					ERR2271377,ERR3190943,ERR3191375,ERR3191110,ERR3191376,ERR3191692,ERR3192049,ERR3191885	spire_mag_01220536		Pseudomonas viridiflava				d__Bacteria;p__Pseudomonadota;c__Gammaproteobacteria;o__Pseudomonadales;f__Pseudomonadaceae;g__Pseudomonas_E;s__Pseudomonas_E viridiflava	GTDBtk v2.3.2_r214	multi-marker approach			
SAMEA120080585	51157060	Pseudomonas viridiflava		Metagenome-Assembled Genome spire_mag_01220540 in SPIRE v01 classified as Pseudomonas_E viridiflava		ERC000047						0.0	0.0	0.96	GUNC v1.0.6			EMBL Heidelberg						bwa mem	https://spire.embl.de/spire/v1/cluster/specI_v4_00028	https://spire.embl.de/spire/v1/genome/spire_mag_01220540		spire_mag_01220540			Many fragments with little to no review of assembly other than reporting of standard assembly statistics	megahit 1.2.9	tetramer and coverage	metaBAT2 v2.12.1			missing: third party data				missing: third party data		99.99	CheckM2 v0.1.3	1.48	39950									ERZ27334316										missing: third party data					missing: third party data	missing: third party data	missing: third party data															missing: third party data		https://spire.embl.de/spire/v1/sample/52814	https://spire.embl.de/spire/v1/study/333	ERP177665	missing: third party data					metagenomes			221		SPIRE v1: a Searchable Planetary-scale mIcrobiome REsource					ERR2271397,ERR3190979,ERR3191130,ERR3192085,ERR3191415,ERR3191416,ERR3191712,ERR3191905	spire_mag_01220540		Pseudomonas viridiflava				d__Bacteria;p__Pseudomonadota;c__Gammaproteobacteria;o__Pseudomonadales;f__Pseudomonadaceae;g__Pseudomonas_E;s__Pseudomonas_E viridiflava	GTDBtk v2.3.2_r214	multi-marker approach			
SAMEA120080588	51157063	Pseudomonas viridiflava		Metagenome-Assembled Genome spire_mag_01220552 in SPIRE v01 classified as Pseudomonas_E viridiflava		ERC000047						0.0	0.0	0.94	GUNC v1.0.6			EMBL Heidelberg						bwa mem	https://spire.embl.de/spire/v1/cluster/specI_v4_00028	https://spire.embl.de/spire/v1/genome/spire_mag_01220552		spire_mag_01220552			Many fragments with little to no review of assembly other than reporting of standard assembly statistics	megahit 1.2.9	tetramer and coverage	metaBAT2 v2.12.1			missing: third party data				missing: third party data		76.36	CheckM2 v0.1.3	2.67	6233									ERZ27334301										missing: third party data					missing: third party data	missing: third party data	missing: third party data															missing: third party data		https://spire.embl.de/spire/v1/sample/52817	https://spire.embl.de/spire/v1/study/333	ERP177665	missing: third party data					metagenomes			825		SPIRE v1: a Searchable Planetary-scale mIcrobiome REsource					ERR3191120,ERR2271387,ERR3190961,ERR3191395,ERR3191396,ERR3191702,ERR3192067,ERR3191895	spire_mag_01220552		Pseudomonas viridiflava				d__Bacteria;p__Pseudomonadota;c__Gammaproteobacteria;o__Pseudomonadales;f__Pseudomonadaceae;g__Pseudomonas_E;s__Pseudomonas_E viridiflava	GTDBtk v2.3.2_r214	multi-marker approach			
SAMEA120080590	51157065	Pseudomonas viridiflava		Metagenome-Assembled Genome spire_mag_01220555 in SPIRE v01 classified as Pseudomonas_E viridiflava		ERC000047						0.0	0.0	0.96	GUNC v1.0.6			EMBL Heidelberg						bwa mem	https://spire.embl.de/spire/v1/cluster/specI_v4_00028	https://spire.embl.de/spire/v1/genome/spire_mag_01220555		spire_mag_01220555			Many fragments with little to no review of assembly other than reporting of standard assembly statistics	megahit 1.2.9	tetramer and coverage	metaBAT2 v2.12.1			missing: third party data				missing: third party data		99.99	CheckM2 v0.1.3	1.34	49972									ERZ27334275										missing: third party data					missing: third party data	missing: third party data	missing: third party data															missing: third party data		https://spire.embl.de/spire/v1/sample/52818	https://spire.embl.de/spire/v1/study/333	ERP177665	missing: third party data					metagenomes			182		SPIRE v1: a Searchable Planetary-scale mIcrobiome REsource					ERR3190925,ERR2271367,ERR3191875,ERR3191355,ERR3191356,ERR3191682,ERR3191100,ERR3192031	spire_mag_01220555		Pseudomonas viridiflava				d__Bacteria;p__Pseudomonadota;c__Gammaproteobacteria;o__Pseudomonadales;f__Pseudomonadaceae;g__Pseudomonas_E;s__Pseudomonas_E viridiflava	GTDBtk v2.3.2_r214	multi-marker approach			
SAMEA120080591	51157066	Pseudomonas viridiflava		Metagenome-Assembled Genome spire_mag_01220559 in SPIRE v01 classified as Pseudomonas_E viridiflava		ERC000047						0.0	0.0	0.96	GUNC v1.0.6			EMBL Heidelberg						bwa mem	https://spire.embl.de/spire/v1/cluster/specI_v4_00028	https://spire.embl.de/spire/v1/genome/spire_mag_01220559		spire_mag_01220559			Many fragments with little to no review of assembly other than reporting of standard assembly statistics	megahit 1.2.9	tetramer and coverage	metaBAT2 v2.12.1			missing: third party data				missing: third party data		92.54	CheckM2 v0.1.3	3.15	8497									ERZ27334350										missing: third party data					missing: third party data	missing: third party data	missing: third party data															missing: third party data		https://spire.embl.de/spire/v1/sample/52819	https://spire.embl.de/spire/v1/study/333	ERP177665	missing: third party data					metagenomes			784		SPIRE v1: a Searchable Planetary-scale mIcrobiome REsource					ERR3190997,ERR2271407,ERR3192103,ERR3191435,ERR3191436,ERR3191140,ERR3191722,ERR3191915	spire_mag_01220559		Pseudomonas viridiflava				d__Bacteria;p__Pseudomonadota;c__Gammaproteobacteria;o__Pseudomonadales;f__Pseudomonadaceae;g__Pseudomonas_E;s__Pseudomonas_E viridiflava	GTDBtk v2.3.2_r214	multi-marker approach			
SAMEA120080592	51157067	Pseudomonas viridiflava		Metagenome-Assembled Genome spire_mag_01220564 in SPIRE v01 classified as Pseudomonas_E viridiflava		ERC000047						0.0	0.0	0.95	GUNC v1.0.6			EMBL Heidelberg						bwa mem	https://spire.embl.de/spire/v1/cluster/specI_v4_00028	https://spire.embl.de/spire/v1/genome/spire_mag_01220564		spire_mag_01220564			Many fragments with little to no review of assembly other than reporting of standard assembly statistics	megahit 1.2.9	tetramer and coverage	metaBAT2 v2.12.1			missing: third party data				missing: third party data		53.84	CheckM2 v0.1.3	0.13	4310									ERZ27334424										missing: third party data					missing: third party data	missing: third party data	missing: third party data															missing: third party data		https://spire.embl.de/spire/v1/sample/52822	https://spire.embl.de/spire/v1/study/333	ERP177665	missing: third party data					metagenomes			729		SPIRE v1: a Searchable Planetary-scale mIcrobiome REsource					ERR2271470,ERR3191563,ERR3191204,ERR3191012,ERR3191564,ERR3191785,ERR3191979,ERR3192118	spire_mag_01220564		Pseudomonas viridiflava				d__Bacteria;p__Pseudomonadota;c__Gammaproteobacteria;o__Pseudomonadales;f__Pseudomonadaceae;g__Pseudomonas_E;s__Pseudomonas_E viridiflava	GTDBtk v2.3.2_r214	multi-marker approach			
SAMEA119025666	51634763	Pseudomonas viridiflava		Metagenome-Assembled Genome spire_mag_02518865 in SPIRE v01 classified as Pseudomonas_E orientalis_A		ERC000047						0.0	0.0	0.89	GUNC v1.0.6			EMBL Heidelberg						bwa mem	https://spire.embl.de/spire/v1/cluster/spire_v1_095_000246234	https://spire.embl.de/spire/v1/genome/spire_mag_02518865		spire_mag_02518865			Many fragments with little to no review of assembly other than reporting of standard assembly statistics	megahit 1.2.9	tetramer and coverage	metaBAT2 v2.12.1			missing: third party data				missing: third party data		58.59	CheckM2 v0.1.3	1.64	6243									ERZ27265761										missing: third party data					missing: third party data	missing: third party data	missing: third party data															missing: third party data		https://spire.embl.de/spire/v1/sample/55280	https://spire.embl.de/spire/v1/study/361	ERP174850	missing: third party data					metagenomes			708		SPIRE v1: a Searchable Planetary-scale mIcrobiome REsource					SAMN22418697	spire_mag_02518865		Pseudomonas viridiflava				d__Bacteria;p__Pseudomonadota;c__Gammaproteobacteria;o__Pseudomonadales;f__Pseudomonadaceae;g__Pseudomonas_E;s__Pseudomonas_E orientalis_A	GTDBtk v2.3.2_r214	multi-marker approach			
SAMEA119062688	51684115	Pseudomonas viridiflava		Metagenome-Assembled Genome spire_mag_01945058 in SPIRE v01 classified as Pseudomonas_E sp900585815		ERC000047						0.0	0.0	0.88	GUNC v1.0.6			EMBL Heidelberg						bwa mem	https://spire.embl.de/spire/v1/cluster/spire_v1_095_000350539	https://spire.embl.de/spire/v1/genome/spire_mag_01945058		spire_mag_01945058			Many fragments with little to no review of assembly other than reporting of standard assembly statistics	megahit 1.2.9	tetramer and coverage	metaBAT2 v2.12.1			missing: third party data				missing: third party data		53.50	CheckM2 v0.1.3	1.83	5218									ERZ27228481										missing: third party data					missing: third party data	missing: third party data	missing: third party data															missing: third party data		https://spire.embl.de/spire/v1/sample/14409	https://spire.embl.de/spire/v1/study/113	ERP173883	missing: third party data					metagenomes			572		SPIRE v1: a Searchable Planetary-scale mIcrobiome REsource					SAMN09199222	spire_mag_01945058		Pseudomonas viridiflava				d__Bacteria;p__Pseudomonadota;c__Gammaproteobacteria;o__Pseudomonadales;f__Pseudomonadaceae;g__Pseudomonas_E;s__Pseudomonas_E sp900585815	GTDBtk v2.3.2_r214	multi-marker approach			
SAMEA119066593	51693873	Pseudomonas viridiflava		Metagenome-Assembled Genome spire_mag_01946417 in SPIRE v01 classified as Pseudomonas_E sp900585815		ERC000047						0.0	0.0	0.89	GUNC v1.0.6			EMBL Heidelberg						bwa mem	https://spire.embl.de/spire/v1/cluster/spire_v1_095_000350539	https://spire.embl.de/spire/v1/genome/spire_mag_01946417		spire_mag_01946417			Many fragments with little to no review of assembly other than reporting of standard assembly statistics	megahit 1.2.9	tetramer and coverage	metaBAT2 v2.12.1			missing: third party data				missing: third party data		56.35	CheckM2 v0.1.3	6.65	5348									ERZ27228600										missing: third party data					missing: third party data	missing: third party data	missing: third party data															missing: third party data		https://spire.embl.de/spire/v1/sample/14392	https://spire.embl.de/spire/v1/study/113	ERP173883	missing: third party data					metagenomes			632		SPIRE v1: a Searchable Planetary-scale mIcrobiome REsource					SAMN09199658	spire_mag_01946417		Pseudomonas viridiflava				d__Bacteria;p__Pseudomonadota;c__Gammaproteobacteria;o__Pseudomonadales;f__Pseudomonadaceae;g__Pseudomonas_E;s__Pseudomonas_E sp900585815	GTDBtk v2.3.2_r214	multi-marker approach			
SAMEA119101040	51718387	Pseudomonas viridiflava		Metagenome-Assembled Genome spire_mag_02696267 in SPIRE v01 classified as Pseudomonas_E orientalis_A		ERC000047						0.0	0.0	0.89	GUNC v1.0.6			EMBL Heidelberg						bwa mem	https://spire.embl.de/spire/v1/cluster/spire_v1_095_000246234	https://spire.embl.de/spire/v1/genome/spire_mag_02696267		spire_mag_02696267			Many fragments with little to no review of assembly other than reporting of standard assembly statistics	megahit 1.2.9	tetramer and coverage	metaBAT2 v2.12.1			missing: third party data				missing: third party data		76.80	CheckM2 v0.1.3	0.46	10047									ERZ27268611										missing: third party data					missing: third party data	missing: third party data	missing: third party data															missing: third party data		https://spire.embl.de/spire/v1/sample/57158	https://spire.embl.de/spire/v1/study/375	ERP174901	missing: third party data					metagenomes			583		SPIRE v1: a Searchable Planetary-scale mIcrobiome REsource					SAMEA6167699	spire_mag_02696267		Pseudomonas viridiflava				d__Bacteria;p__Pseudomonadota;c__Gammaproteobacteria;o__Pseudomonadales;f__Pseudomonadaceae;g__Pseudomonas_E;s__Pseudomonas_E orientalis_A	GTDBtk v2.3.2_r214	multi-marker approach			
SAMEA119279029	52224367	Pseudomonas viridiflava		Metagenome-Assembled Genome spire_mag_00333730 in SPIRE v01 classified as Pseudomonas_E viridiflava_D		ERC000047			2025-09-30			0.0	0.0	0.88	GUNC v1.0.6			EMBL Heidelberg			public			bwa mem	https://spire.embl.de/spire/v1/cluster/spire_v1_095_000154949	https://spire.embl.de/spire/v1/genome/spire_mag_00333730		spire_mag_00333730			Many fragments with little to no review of assembly other than reporting of standard assembly statistics	megahit 1.2.9	tetramer and coverage	metaBAT2 v2.12.1			missing: third party data				missing: third party data		50.91	CheckM2 v0.1.3	7.47	7864									ERZ27268030										missing: third party data					missing: third party data	missing: third party data	missing: third party data															missing: third party data		https://spire.embl.de/spire/v1/sample/115031	https://spire.embl.de/spire/v1/study/756	ERP174890	missing: third party data					metagenomes			675		SPIRE v1: a Searchable Planetary-scale mIcrobiome REsource					SAMN09388979	spire_mag_00333730		Pseudomonas viridiflava				d__Bacteria;p__Pseudomonadota;c__Gammaproteobacteria;o__Pseudomonadales;f__Pseudomonadaceae;g__Pseudomonas_E;s__Pseudomonas_E viridiflava_D	GTDBtk v2.3.2_r214	multi-marker approach			
SAMEA119395871	52329054	Pseudomonas viridiflava		Metagenome-Assembled Genome spire_mag_00054552 in SPIRE v01 classified as Pseudomonas_E viridiflava		ERC000047			2025-10-01			0.0	0.0	0.96	GUNC v1.0.6			EMBL Heidelberg			public			bwa mem	https://spire.embl.de/spire/v1/cluster/specI_v4_00028	https://spire.embl.de/spire/v1/genome/spire_mag_00054552		spire_mag_00054552			Many fragments with little to no review of assembly other than reporting of standard assembly statistics	megahit 1.2.9	tetramer and coverage	metaBAT2 v2.12.1			missing: third party data				missing: third party data		75.70	CheckM2 v0.1.3	1.14	7787									ERZ27250822										missing: third party data					missing: third party data	missing: third party data	missing: third party data															missing: third party data		https://spire.embl.de/spire/v1/sample/47981	https://spire.embl.de/spire/v1/study/279	ERP174544	missing: third party data					metagenomes			681		SPIRE v1: a Searchable Planetary-scale mIcrobiome REsource					SAMN10350652	spire_mag_00054552		Pseudomonas viridiflava				d__Bacteria;p__Pseudomonadota;c__Gammaproteobacteria;o__Pseudomonadales;f__Pseudomonadaceae;g__Pseudomonas_E;s__Pseudomonas_E viridiflava	GTDBtk v2.3.2_r214	multi-marker approach			
SAMEA119400540	52336104	Pseudomonas viridiflava		Metagenome-Assembled Genome spire_mag_00055889 in SPIRE v01 classified as Pseudomonas_E viridiflava		ERC000047			2025-10-01			0.0	0.0	0.96	GUNC v1.0.6			EMBL Heidelberg			public			bwa mem	https://spire.embl.de/spire/v1/cluster/specI_v4_00028	https://spire.embl.de/spire/v1/genome/spire_mag_00055889		spire_mag_00055889			Many fragments with little to no review of assembly other than reporting of standard assembly statistics	megahit 1.2.9	tetramer and coverage	metaBAT2 v2.12.1			missing: third party data				missing: third party data		86.45	CheckM2 v0.1.3	7.35	12047									ERZ27250812										missing: third party data					missing: third party data	missing: third party data	missing: third party data															missing: third party data		https://spire.embl.de/spire/v1/sample/47992	https://spire.embl.de/spire/v1/study/279	ERP174544	missing: third party data					metagenomes			535		SPIRE v1: a Searchable Planetary-scale mIcrobiome REsource					SAMN10350667	spire_mag_00055889		Pseudomonas viridiflava				d__Bacteria;p__Pseudomonadota;c__Gammaproteobacteria;o__Pseudomonadales;f__Pseudomonadaceae;g__Pseudomonas_E;s__Pseudomonas_E viridiflava	GTDBtk v2.3.2_r214	multi-marker approach			
SAMEA119584555	52419550	Pseudomonas viridiflava		Metagenome-Assembled Genome spire_mag_01844981 in SPIRE v01 classified as Pseudomonas_E sp900585815		ERC000047			2025-10-06			0.0	0.0	0.88	GUNC v1.0.6			EMBL Heidelberg			public			bwa mem	https://spire.embl.de/spire/v1/cluster/spire_v1_095_000350539	https://spire.embl.de/spire/v1/genome/spire_mag_01844981		spire_mag_01844981			Many fragments with little to no review of assembly other than reporting of standard assembly statistics	megahit 1.2.9	tetramer and coverage	metaBAT2 v2.12.1			missing: third party data				missing: third party data		95.53	CheckM2 v0.1.3	9.79	6639									ERZ27284887										missing: third party data					missing: third party data	missing: third party data	missing: third party data															missing: third party data		https://spire.embl.de/spire/v1/sample/73299	https://spire.embl.de/spire/v1/study/478	ERP175117	missing: third party data					metagenomes			783		SPIRE v1: a Searchable Planetary-scale mIcrobiome REsource					SAMN06292115	spire_mag_01844981		Pseudomonas viridiflava				d__Bacteria;p__Pseudomonadota;c__Gammaproteobacteria;o__Pseudomonadales;f__Pseudomonadaceae;g__Pseudomonas_E;s__Pseudomonas_E sp900585815	GTDBtk v2.3.2_r214	multi-marker approach			
SAMEA119573827	52437672	Pseudomonas viridiflava		Metagenome-Assembled Genome spire_mag_01845757 in SPIRE v01 classified as Pseudomonas_E sp900585815		ERC000047			2025-10-06			0.0	0.0	0.89	GUNC v1.0.6			EMBL Heidelberg			public			bwa mem	https://spire.embl.de/spire/v1/cluster/specI_v4_01450	https://spire.embl.de/spire/v1/genome/spire_mag_01845757		spire_mag_01845757			Many fragments with little to no review of assembly other than reporting of standard assembly statistics	megahit 1.2.9	tetramer and coverage	metaBAT2 v2.12.1			missing: third party data				missing: third party data		83.47	CheckM2 v0.1.3	0.00	13896									ERZ27285162										missing: third party data					missing: third party data	missing: third party data	missing: third party data															missing: third party data		https://spire.embl.de/spire/v1/sample/73370	https://spire.embl.de/spire/v1/study/478	ERP175117	missing: third party data					metagenomes			434		SPIRE v1: a Searchable Planetary-scale mIcrobiome REsource					SAMN06292278	spire_mag_01845757		Pseudomonas viridiflava				d__Bacteria;p__Pseudomonadota;c__Gammaproteobacteria;o__Pseudomonadales;f__Pseudomonadaceae;g__Pseudomonas_E;s__Pseudomonas_E sp900585815	GTDBtk v2.3.2_r214	multi-marker approach			
SAMEA119575102	52439202	Pseudomonas viridiflava		Metagenome-Assembled Genome spire_mag_01846681 in SPIRE v01 classified as Pseudomonas_E sp900583165		ERC000047			2025-10-06			0.0	0.0	0.88	GUNC v1.0.6			EMBL Heidelberg			public			bwa mem	https://spire.embl.de/spire/v1/cluster/spire_v1_095_000628786	https://spire.embl.de/spire/v1/genome/spire_mag_01846681		spire_mag_01846681			Many fragments with little to no review of assembly other than reporting of standard assembly statistics	megahit 1.2.9	tetramer and coverage	metaBAT2 v2.12.1			missing: third party data				missing: third party data		54.47	CheckM2 v0.1.3	0.49	4703									ERZ27284961										missing: third party data					missing: third party data	missing: third party data	missing: third party data															missing: third party data		https://spire.embl.de/spire/v1/sample/73079	https://spire.embl.de/spire/v1/study/478	ERP175117	missing: third party data					metagenomes			713		SPIRE v1: a Searchable Planetary-scale mIcrobiome REsource					SAMN06292158	spire_mag_01846681		Pseudomonas viridiflava				d__Bacteria;p__Pseudomonadota;c__Gammaproteobacteria;o__Pseudomonadales;f__Pseudomonadaceae;g__Pseudomonas_E;s__Pseudomonas_E sp900583165	GTDBtk v2.3.2_r214	multi-marker approach			
SAMEA119572535	52443188	Pseudomonas viridiflava		Metagenome-Assembled Genome spire_mag_01846440 in SPIRE v01 classified as Pseudomonas_E sp900585815		ERC000047			2025-10-06			0.0	0.0	0.89	GUNC v1.0.6			EMBL Heidelberg			public			bwa mem	https://spire.embl.de/spire/v1/cluster/spire_v1_095_000350539	https://spire.embl.de/spire/v1/genome/spire_mag_01846440		spire_mag_01846440			Many fragments with little to no review of assembly other than reporting of standard assembly statistics	megahit 1.2.9	tetramer and coverage	metaBAT2 v2.12.1			missing: third party data				missing: third party data		82.72	CheckM2 v0.1.3	3.41	6196									ERZ27284934										missing: third party data					missing: third party data	missing: third party data	missing: third party data															missing: third party data		https://spire.embl.de/spire/v1/sample/73093	https://spire.embl.de/spire/v1/study/478	ERP175117	missing: third party data					metagenomes			839		SPIRE v1: a Searchable Planetary-scale mIcrobiome REsource					SAMN06292141	spire_mag_01846440		Pseudomonas viridiflava				d__Bacteria;p__Pseudomonadota;c__Gammaproteobacteria;o__Pseudomonadales;f__Pseudomonadaceae;g__Pseudomonas_E;s__Pseudomonas_E sp900585815	GTDBtk v2.3.2_r214	multi-marker approach			
SAMEA119571596	52449763	Pseudomonas viridiflava		Metagenome-Assembled Genome spire_mag_01845920 in SPIRE v01 classified as Pseudomonas_E sp900585815		ERC000047			2025-10-06			0.0	0.0	0.88	GUNC v1.0.6			EMBL Heidelberg			public			bwa mem	https://spire.embl.de/spire/v1/cluster/specI_v4_01450	https://spire.embl.de/spire/v1/genome/spire_mag_01845920		spire_mag_01845920			Many fragments with little to no review of assembly other than reporting of standard assembly statistics	megahit 1.2.9	tetramer and coverage	metaBAT2 v2.12.1			missing: third party data				missing: third party data		98.58	CheckM2 v0.1.3	0.03	220473									ERZ27285218										missing: third party data					missing: third party data	missing: third party data	missing: third party data															missing: third party data		https://spire.embl.de/spire/v1/sample/73228	https://spire.embl.de/spire/v1/study/478	ERP175117	missing: third party data					metagenomes			48		SPIRE v1: a Searchable Planetary-scale mIcrobiome REsource					SAMN06292309	spire_mag_01845920		Pseudomonas viridiflava				d__Bacteria;p__Pseudomonadota;c__Gammaproteobacteria;o__Pseudomonadales;f__Pseudomonadaceae;g__Pseudomonas_E;s__Pseudomonas_E sp900585815	GTDBtk v2.3.2_r214	multi-marker approach			
SAMEA119563205	52450484	Pseudomonas viridiflava		Metagenome-Assembled Genome spire_mag_01844813 in SPIRE v01 classified as Pseudomonas_E sp900580675		ERC000047			2025-10-06			0.0	0.0	0.91	GUNC v1.0.6			EMBL Heidelberg			public			bwa mem	https://spire.embl.de/spire/v1/cluster/spire_v1_095_000154940	https://spire.embl.de/spire/v1/genome/spire_mag_01844813		spire_mag_01844813			Many fragments with little to no review of assembly other than reporting of standard assembly statistics	megahit 1.2.9	tetramer and coverage	metaBAT2 v2.12.1			missing: third party data				missing: third party data		89.80	CheckM2 v0.1.3	3.03	45195									ERZ27284955										missing: third party data					missing: third party data	missing: third party data	missing: third party data															missing: third party data		https://spire.embl.de/spire/v1/sample/73346	https://spire.embl.de/spire/v1/study/478	ERP175117	missing: third party data					metagenomes			186		SPIRE v1: a Searchable Planetary-scale mIcrobiome REsource					SAMN06292155	spire_mag_01844813		Pseudomonas viridiflava				d__Bacteria;p__Pseudomonadota;c__Gammaproteobacteria;o__Pseudomonadales;f__Pseudomonadaceae;g__Pseudomonas_E;s__Pseudomonas_E sp900580675	GTDBtk v2.3.2_r214	multi-marker approach			
SAMEA119577180	52452751	Pseudomonas viridiflava		Metagenome-Assembled Genome spire_mag_01846229 in SPIRE v01 classified as Pseudomonas_E sp900585815		ERC000047			2025-10-06			0.0	0.0	0.88	GUNC v1.0.6			EMBL Heidelberg			public			bwa mem	https://spire.embl.de/spire/v1/cluster/spire_v1_095_000350539	https://spire.embl.de/spire/v1/genome/spire_mag_01846229		spire_mag_01846229			Many fragments with little to no review of assembly other than reporting of standard assembly statistics	megahit 1.2.9	tetramer and coverage	metaBAT2 v2.12.1			missing: third party data				missing: third party data		94.02	CheckM2 v0.1.3	0.05	364298									ERZ27285226										missing: third party data					missing: third party data	missing: third party data	missing: third party data															missing: third party data		https://spire.embl.de/spire/v1/sample/73201	https://spire.embl.de/spire/v1/study/478	ERP175117	missing: third party data					metagenomes			29		SPIRE v1: a Searchable Planetary-scale mIcrobiome REsource					SAMN06292314	spire_mag_01846229		Pseudomonas viridiflava				d__Bacteria;p__Pseudomonadota;c__Gammaproteobacteria;o__Pseudomonadales;f__Pseudomonadaceae;g__Pseudomonas_E;s__Pseudomonas_E sp900585815	GTDBtk v2.3.2_r214	multi-marker approach			
SAMEA119586336	52466711	Pseudomonas viridiflava		Metagenome-Assembled Genome spire_mag_01846097 in SPIRE v01 classified as Pseudomonas_E sp900583165		ERC000047			2025-10-06			0.0	0.0	0.89	GUNC v1.0.6			EMBL Heidelberg			public			bwa mem	https://spire.embl.de/spire/v1/cluster/specI_v4_00072	https://spire.embl.de/spire/v1/genome/spire_mag_01846097		spire_mag_01846097			Many fragments with little to no review of assembly other than reporting of standard assembly statistics	megahit 1.2.9	tetramer and coverage	metaBAT2 v2.12.1			missing: third party data				missing: third party data		99.98	CheckM2 v0.1.3	1.71	181646									ERZ27285067										missing: third party data					missing: third party data	missing: third party data	missing: third party data															missing: third party data		https://spire.embl.de/spire/v1/sample/73251	https://spire.embl.de/spire/v1/study/478	ERP175117	missing: third party data					metagenomes			52		SPIRE v1: a Searchable Planetary-scale mIcrobiome REsource					SAMN06292219	spire_mag_01846097		Pseudomonas viridiflava				d__Bacteria;p__Pseudomonadota;c__Gammaproteobacteria;o__Pseudomonadales;f__Pseudomonadaceae;g__Pseudomonas_E;s__Pseudomonas_E sp900583165	GTDBtk v2.3.2_r214	multi-marker approach			
SAMEA119584139	52474493	Pseudomonas viridiflava		Metagenome-Assembled Genome spire_mag_01847048 in SPIRE v01 classified as Pseudomonas_E sp900585815		ERC000047			2025-10-06			0.0	0.0	0.89	GUNC v1.0.6			EMBL Heidelberg			public			bwa mem	https://spire.embl.de/spire/v1/cluster/specI_v4_01450	https://spire.embl.de/spire/v1/genome/spire_mag_01847048		spire_mag_01847048			Many fragments with little to no review of assembly other than reporting of standard assembly statistics	megahit 1.2.9	tetramer and coverage	metaBAT2 v2.12.1			missing: third party data				missing: third party data		99.97	CheckM2 v0.1.3	0.08	274943									ERZ27285263										missing: third party data					missing: third party data	missing: third party data	missing: third party data															missing: third party data		https://spire.embl.de/spire/v1/sample/73156	https://spire.embl.de/spire/v1/study/478	ERP175117	missing: third party data					metagenomes			31		SPIRE v1: a Searchable Planetary-scale mIcrobiome REsource					SAMN06292334	spire_mag_01847048		Pseudomonas viridiflava				d__Bacteria;p__Pseudomonadota;c__Gammaproteobacteria;o__Pseudomonadales;f__Pseudomonadaceae;g__Pseudomonas_E;s__Pseudomonas_E sp900585815	GTDBtk v2.3.2_r214	multi-marker approach			
SAMEA119565776	52474961	Pseudomonas caspiana		Metagenome-Assembled Genome spire_mag_01846092 in SPIRE v01 classified as Pseudomonas_E caspiana		ERC000047			2025-10-06			0.0	0.0	0.8	GUNC v1.0.6			EMBL Heidelberg			public			bwa mem	https://spire.embl.de/spire/v1/cluster/specI_v4_33901	https://spire.embl.de/spire/v1/genome/spire_mag_01846092		spire_mag_01846092			Many fragments with little to no review of assembly other than reporting of standard assembly statistics	megahit 1.2.9	tetramer and coverage	metaBAT2 v2.12.1			missing: third party data				missing: third party data		100	CheckM2 v0.1.3	0.03	390858									ERZ27285266										missing: third party data					missing: third party data	missing: third party data	missing: third party data															missing: third party data		https://spire.embl.de/spire/v1/sample/73256	https://spire.embl.de/spire/v1/study/478	ERP175117	missing: third party data					metagenomes			28		SPIRE v1: a Searchable Planetary-scale mIcrobiome REsource					SAMN06292336	spire_mag_01846092		Pseudomonas caspiana				d__Bacteria;p__Pseudomonadota;c__Gammaproteobacteria;o__Pseudomonadales;f__Pseudomonadaceae;g__Pseudomonas_E;s__Pseudomonas_E caspiana	GTDBtk v2.3.2_r214	multi-marker approach			
SAMEA119575949	52476635	Pseudomonas viridiflava		Metagenome-Assembled Genome spire_mag_01846695 in SPIRE v01 classified as Pseudomonas_E sp900585815		ERC000047			2025-10-06			0.0	0.0	0.89	GUNC v1.0.6			EMBL Heidelberg			public			bwa mem	https://spire.embl.de/spire/v1/cluster/specI_v4_01450	https://spire.embl.de/spire/v1/genome/spire_mag_01846695		spire_mag_01846695			Many fragments with little to no review of assembly other than reporting of standard assembly statistics	megahit 1.2.9	tetramer and coverage	metaBAT2 v2.12.1			missing: third party data				missing: third party data		82.46	CheckM2 v0.1.3	0.10	36713									ERZ27285159										missing: third party data					missing: third party data	missing: third party data	missing: third party data															missing: third party data		https://spire.embl.de/spire/v1/sample/73077	https://spire.embl.de/spire/v1/study/478	ERP175117	missing: third party data					metagenomes			191		SPIRE v1: a Searchable Planetary-scale mIcrobiome REsource					SAMN06292275	spire_mag_01846695		Pseudomonas viridiflava				d__Bacteria;p__Pseudomonadota;c__Gammaproteobacteria;o__Pseudomonadales;f__Pseudomonadaceae;g__Pseudomonas_E;s__Pseudomonas_E sp900585815	GTDBtk v2.3.2_r214	multi-marker approach			
SAMEA119563048	52484467	Pseudomonas viridiflava		Metagenome-Assembled Genome spire_mag_01846294 in SPIRE v01 classified as Pseudomonas_E sp900585815		ERC000047			2025-10-06			0.0	0.0	0.88	GUNC v1.0.6			EMBL Heidelberg			public			bwa mem	https://spire.embl.de/spire/v1/cluster/specI_v4_01450	https://spire.embl.de/spire/v1/genome/spire_mag_01846294		spire_mag_01846294			Many fragments with little to no review of assembly other than reporting of standard assembly statistics	megahit 1.2.9	tetramer and coverage	metaBAT2 v2.12.1			missing: third party data				missing: third party data		96.58	CheckM2 v0.1.3	0.46	59380									ERZ27285480										missing: third party data					missing: third party data	missing: third party data	missing: third party data															missing: third party data		https://spire.embl.de/spire/v1/sample/73164	https://spire.embl.de/spire/v1/study/478	ERP175117	missing: third party data					metagenomes			136		SPIRE v1: a Searchable Planetary-scale mIcrobiome REsource					SAMN06292466	spire_mag_01846294		Pseudomonas viridiflava				d__Bacteria;p__Pseudomonadota;c__Gammaproteobacteria;o__Pseudomonadales;f__Pseudomonadaceae;g__Pseudomonas_E;s__Pseudomonas_E sp900585815	GTDBtk v2.3.2_r214	multi-marker approach			
SAMEA119822193	52668949	Pseudomonas viridiflava		Metagenome-Assembled Genome spire_mag_01830201 in SPIRE v01 classified as Pseudomonas_E canadensis		ERC000047			2025-10-13			0.0	0.0	0.9	GUNC v1.0.6			EMBL Heidelberg			public			bwa mem	https://spire.embl.de/spire/v1/cluster/specI_v4_00072	https://spire.embl.de/spire/v1/genome/spire_mag_01830201		spire_mag_01830201			Many fragments with little to no review of assembly other than reporting of standard assembly statistics	megahit 1.2.9	tetramer and coverage	metaBAT2 v2.12.1			missing: third party data				missing: third party data		90.95	CheckM2 v0.1.3	8.57	29929									ERZ27256735										missing: third party data					missing: third party data	missing: third party data	missing: third party data															missing: third party data		https://spire.embl.de/spire/v1/sample/51077	https://spire.embl.de/spire/v1/study/309	ERP174729	missing: third party data					metagenomes			355		SPIRE v1: a Searchable Planetary-scale mIcrobiome REsource					SAMN09201782	spire_mag_01830201		Pseudomonas viridiflava				d__Bacteria;p__Pseudomonadota;c__Gammaproteobacteria;o__Pseudomonadales;f__Pseudomonadaceae;g__Pseudomonas_E;s__Pseudomonas_E canadensis	GTDBtk v2.3.2_r214	multi-marker approach			
SAMEA119830654	52694086	Pseudomonas viridiflava		Metagenome-Assembled Genome spire_mag_01820628 in SPIRE v01 classified as Pseudomonas_E canadensis		ERC000047			2025-10-13			0.0	0.0	0.9	GUNC v1.0.6			EMBL Heidelberg			public			bwa mem	https://spire.embl.de/spire/v1/cluster/spire_v1_095_000154934	https://spire.embl.de/spire/v1/genome/spire_mag_01820628		spire_mag_01820628			Many fragments with little to no review of assembly other than reporting of standard assembly statistics	megahit 1.2.9	tetramer and coverage	metaBAT2 v2.12.1			missing: third party data				missing: third party data		80.03	CheckM2 v0.1.3	3.75	19773									ERZ27256726										missing: third party data					missing: third party data	missing: third party data	missing: third party data															missing: third party data		https://spire.embl.de/spire/v1/sample/51144	https://spire.embl.de/spire/v1/study/309	ERP174729	missing: third party data					metagenomes			420		SPIRE v1: a Searchable Planetary-scale mIcrobiome REsource					SAMN09201239	spire_mag_01820628		Pseudomonas viridiflava				d__Bacteria;p__Pseudomonadota;c__Gammaproteobacteria;o__Pseudomonadales;f__Pseudomonadaceae;g__Pseudomonas_E;s__Pseudomonas_E canadensis	GTDBtk v2.3.2_r214	multi-marker approach			
SAMN52846459	52846459	Pseudomonas viridiflava		MIGS Cultured Bacterial/Archaeal sample from Pseudomonas viridiflava																																					2022-07																		Plant		Cherry orchard		Leaf surface						United Kingdom: East Malling					Sweet cherry. Prunus avium cv. Sweetheart									Leaf wash					51.28597713 N 0.45406584 E											Not applicable				Investigation of impacts of agronomic practices on Pseudomonas syringae populations, pathogen dispersal and canker disease development			ZZ1108						Not applicable							
SAMN52846464	52846464	Pseudomonas viridiflava		MIGS Cultured Bacterial/Archaeal sample from Pseudomonas viridiflava																																					2022-07																		Plant		Cherry orchard		Leaf surface						United Kingdom: East Malling					Sweet cherry. Prunus avium cv. Sweetheart									Leaf wash					51.28597713 N 0.45406584 E											Not applicable				Investigation of impacts of agronomic practices on Pseudomonas syringae populations, pathogen dispersal and canker disease development			ZZ1113						Not applicable							
SAMN52846466	52846466	Pseudomonas viridiflava		MIGS Cultured Bacterial/Archaeal sample from Pseudomonas viridiflava																																					2022-07																		Plant		Cherry orchard		Leaf surface						United Kingdom: East Malling					Sweet cherry. Prunus avium cv. Sweetheart									Leaf wash					51.28597713 N 0.45406584 E											Not applicable				Investigation of impacts of agronomic practices on Pseudomonas syringae populations, pathogen dispersal and canker disease development			ZZ1115						Not applicable							
SAMN52846467	52846467	Pseudomonas caspiana		MIGS Cultured Bacterial/Archaeal sample from Pseudomonas caspiana																																					2022-07																		Plant		Cherry orchard		Leaf surface						United Kingdom: East Malling					Sweet cherry. Prunus avium cv. Sweetheart									Leaf wash					51.28597713 N 0.45406584 E											Not applicable				Investigation of impacts of agronomic practices on Pseudomonas syringae populations, pathogen dispersal and canker disease development			ZZ1116						Not applicable							
SAMN52846468	52846468	Pseudomonas viridiflava		MIGS Cultured Bacterial/Archaeal sample from Pseudomonas viridiflava																																					2022-07																		Plant		Cherry orchard		Leaf surface						United Kingdom: East Malling					Sweet cherry. Prunus avium cv. Sweetheart									Leaf wash					51.28597713 N 0.45406584 E											Not applicable				Investigation of impacts of agronomic practices on Pseudomonas syringae populations, pathogen dispersal and canker disease development			ZZ1117						Not applicable							
SAMN52846477	52846477	Pseudomonas viridiflava		MIGS Cultured Bacterial/Archaeal sample from Pseudomonas viridiflava																																					2022-07																		Plant		Cherry orchard		Leaf surface						United Kingdom: East Malling					Sweet cherry. Prunus avium cv. Sweetheart									Leaf wash					51.28597713 N 0.45406584 E											Not applicable				Investigation of impacts of agronomic practices on Pseudomonas syringae populations, pathogen dispersal and canker disease development			ZZ1126						Not applicable							
SAMN52846478	52846478	Pseudomonas viridiflava		MIGS Cultured Bacterial/Archaeal sample from Pseudomonas viridiflava																																					2022-07																		Plant		Cherry orchard		Leaf surface						United Kingdom: East Malling					Sweet cherry. Prunus avium cv. Sweetheart									Leaf wash					51.28597713 N 0.45406584 E											Not applicable				Investigation of impacts of agronomic practices on Pseudomonas syringae populations, pathogen dispersal and canker disease development			ZZ1127						Not applicable							
SAMN52846483	52846483	Pseudomonas viridiflava		MIGS Cultured Bacterial/Archaeal sample from Pseudomonas viridiflava																																					2022-07																		Plant		Cherry orchard		Leaf surface						United Kingdom: East Malling					Sweet cherry. Prunus avium cv. Sweetheart									Leaf wash					51.28597713 N 0.45406584 E											Not applicable				Investigation of impacts of agronomic practices on Pseudomonas syringae populations, pathogen dispersal and canker disease development			ZZ1132						Not applicable							
SAMN52846486	52846486	Pseudomonas caspiana		MIGS Cultured Bacterial/Archaeal sample from Pseudomonas caspiana																																					2022-07																		Plant		Cherry orchard		Leaf surface						United Kingdom: East Malling					Sweet cherry. Prunus avium cv. Sweetheart									Leaf wash					51.28597713 N 0.45406584 E											Not applicable				Investigation of impacts of agronomic practices on Pseudomonas syringae populations, pathogen dispersal and canker disease development			ZZ1135						Not applicable							
SAMN52846491	52846491	Pseudomonas viridiflava		MIGS Cultured Bacterial/Archaeal sample from Pseudomonas viridiflava																																					2022-07																		Plant		Cherry orchard		Leaf surface						United Kingdom: East Malling					Sweet cherry. Prunus avium cv. Sweetheart									Leaf wash					51.28597713 N 0.45406584 E											Not applicable				Investigation of impacts of agronomic practices on Pseudomonas syringae populations, pathogen dispersal and canker disease development			ZZ1140						Not applicable							
SAMN52846493	52846493	Pseudomonas viridiflava		MIGS Cultured Bacterial/Archaeal sample from Pseudomonas viridiflava																																					2022-07																		Plant		Cherry orchard		Leaf surface						United Kingdom: East Malling					Sweet cherry. Prunus avium cv. Sweetheart									Leaf wash					51.28597713 N 0.45406584 E											Not applicable				Investigation of impacts of agronomic practices on Pseudomonas syringae populations, pathogen dispersal and canker disease development			ZZ1142						Not applicable							
SAMN52846494	52846494	Pseudomonas viridiflava		MIGS Cultured Bacterial/Archaeal sample from Pseudomonas viridiflava																																					2022-07																		Plant		Cherry orchard		Leaf surface						United Kingdom: East Malling					Sweet cherry. Prunus avium cv. Sweetheart									Leaf wash					51.28597713 N 0.45406584 E											Not applicable				Investigation of impacts of agronomic practices on Pseudomonas syringae populations, pathogen dispersal and canker disease development			ZZ1143						Not applicable							
SAMN52846498	52846498	Pseudomonas viridiflava		MIGS Cultured Bacterial/Archaeal sample from Pseudomonas viridiflava																																					2022-07																		Plant		Cherry orchard		Leaf surface						United Kingdom: East Malling					Sweet cherry. Prunus avium cv. Sweetheart									Leaf wash					51.28597713 N 0.45406584 E											Not applicable				Investigation of impacts of agronomic practices on Pseudomonas syringae populations, pathogen dispersal and canker disease development			ZZ1147						Not applicable							
SAMN52846502	52846502	Pseudomonas viridiflava		MIGS Cultured Bacterial/Archaeal sample from Pseudomonas viridiflava																																					2022-07																		Plant		Cherry orchard		Leaf surface						United Kingdom: East Malling					Sweet cherry. Prunus avium cv. Sweetheart									Leaf wash					51.28597713 N 0.45406584 E											Not applicable				Investigation of impacts of agronomic practices on Pseudomonas syringae populations, pathogen dispersal and canker disease development			ZZ1151						Not applicable							
SAMN52846508	52846508	Pseudomonas viridiflava		MIGS Cultured Bacterial/Archaeal sample from Pseudomonas viridiflava																																					2022-07																		Plant		Cherry orchard		Leaf surface						United Kingdom: East Malling					Sweet cherry. Prunus avium cv. Sweetheart									Leaf wash					51.28597713 N 0.45406584 E											Not applicable				Investigation of impacts of agronomic practices on Pseudomonas syringae populations, pathogen dispersal and canker disease development			ZZ1157						Not applicable							
SAMN52846510	52846510	Pseudomonas viridiflava		MIGS Cultured Bacterial/Archaeal sample from Pseudomonas viridiflava																																					2022-07																		Plant		Cherry orchard		Leaf surface						United Kingdom: East Malling					Sweet cherry. Prunus avium cv. Sweetheart									Leaf wash					51.28597713 N 0.45406584 E											Not applicable				Investigation of impacts of agronomic practices on Pseudomonas syringae populations, pathogen dispersal and canker disease development			ZZ1159						Not applicable							
SAMN52846525	52846525	Pseudomonas viridiflava		MIGS Cultured Bacterial/Archaeal sample from Pseudomonas viridiflava																																					2022-07																		Plant		Cherry orchard		Leaf surface						United Kingdom: East Malling					Sweet cherry. Prunus avium cv. Sweetheart									Leaf wash					51.28597713 N 0.45406584 E											Not applicable				Investigation of impacts of agronomic practices on Pseudomonas syringae populations, pathogen dispersal and canker disease development			ZZ1174						Not applicable							
SAMN52846531	52846531	Pseudomonas viridiflava		MIGS Cultured Bacterial/Archaeal sample from Pseudomonas viridiflava																																					2022-07																		Plant		Cherry orchard		Leaf surface						United Kingdom: East Malling					Sweet cherry. Prunus avium cv. Sweetheart									Leaf wash					51.28597713 N 0.45406584 E											Not applicable				Investigation of impacts of agronomic practices on Pseudomonas syringae populations, pathogen dispersal and canker disease development			ZZ1180						Not applicable							
SAMN52846535	52846535	Pseudomonas viridiflava		MIGS Cultured Bacterial/Archaeal sample from Pseudomonas viridiflava																																					2022-07																		Plant		Cherry orchard		Leaf surface						United Kingdom: East Malling					Sweet cherry. Prunus avium cv. Sweetheart									Leaf wash					51.28597713 N 0.45406584 E											Not applicable				Investigation of impacts of agronomic practices on Pseudomonas syringae populations, pathogen dispersal and canker disease development			ZZ1184						Not applicable							
SAMN52846541	52846541	Pseudomonas viridiflava		MIGS Cultured Bacterial/Archaeal sample from Pseudomonas viridiflava																																					2022-09																		Plant		Cherry orchard		Leaf surface						United Kingdom: East Malling					Sweet cherry. Prunus avium cv. Sweetheart									Leaf wash					51.28597713 N 0.45406584 E											Not applicable				Investigation of impacts of agronomic practices on Pseudomonas syringae populations, pathogen dispersal and canker disease development			ZZ1190						Not applicable							
SAMN52846542	52846542	Pseudomonas viridiflava		MIGS Cultured Bacterial/Archaeal sample from Pseudomonas viridiflava																																					2022-09																		Plant		Cherry orchard		Leaf surface						United Kingdom: East Malling					Sweet cherry. Prunus avium cv. Sweetheart									Leaf wash					51.28597713 N 0.45406584 E											Not applicable				Investigation of impacts of agronomic practices on Pseudomonas syringae populations, pathogen dispersal and canker disease development			ZZ1191						Not applicable							
SAMN52846547	52846547	Pseudomonas viridiflava		MIGS Cultured Bacterial/Archaeal sample from Pseudomonas viridiflava																																					2022-09																		Plant		Cherry orchard		Leaf surface						United Kingdom: East Malling					Sweet cherry. Prunus avium cv. Sweetheart									Leaf wash					51.28597713 N 0.45406584 E											Not applicable				Investigation of impacts of agronomic practices on Pseudomonas syringae populations, pathogen dispersal and canker disease development			ZZ1196						Not applicable							
SAMN52846549	52846549	Pseudomonas viridiflava		MIGS Cultured Bacterial/Archaeal sample from Pseudomonas viridiflava																																					2022-09																		Plant		Cherry orchard		Leaf surface						United Kingdom: East Malling					Sweet cherry. Prunus avium cv. Sweetheart									Leaf wash					51.28597713 N 0.45406584 E											Not applicable				Investigation of impacts of agronomic practices on Pseudomonas syringae populations, pathogen dispersal and canker disease development			ZZ1198						Not applicable							
SAMN52846555	52846555	Pseudomonas viridiflava		MIGS Cultured Bacterial/Archaeal sample from Pseudomonas viridiflava																																					2022-09																		Plant		Cherry orchard		Leaf surface						United Kingdom: East Malling					Sweet cherry. Prunus avium cv. Sweetheart									Leaf wash					51.28597713 N 0.45406584 E											Not applicable				Investigation of impacts of agronomic practices on Pseudomonas syringae populations, pathogen dispersal and canker disease development			ZZ1204						Not applicable							
SAMN52846559	52846559	Pseudomonas viridiflava		MIGS Cultured Bacterial/Archaeal sample from Pseudomonas viridiflava																																					2022-09																		Plant		Cherry orchard		Leaf surface						United Kingdom: East Malling					Sweet cherry. Prunus avium cv. Sweetheart									Leaf wash					51.28597713 N 0.45406584 E											Not applicable				Investigation of impacts of agronomic practices on Pseudomonas syringae populations, pathogen dispersal and canker disease development			ZZ1208						Not applicable							
SAMN52846561	52846561	Pseudomonas viridiflava		MIGS Cultured Bacterial/Archaeal sample from Pseudomonas viridiflava																																					2022-09																		Plant		Cherry orchard		Leaf surface						United Kingdom: East Malling					Sweet cherry. Prunus avium cv. Sweetheart									Leaf wash					51.28597713 N 0.45406584 E											Not applicable				Investigation of impacts of agronomic practices on Pseudomonas syringae populations, pathogen dispersal and canker disease development			ZZ1210						Not applicable							
SAMN52846569	52846569	Pseudomonas viridiflava		MIGS Cultured Bacterial/Archaeal sample from Pseudomonas viridiflava																																					2022-09																		Plant		Cherry orchard		Leaf surface						United Kingdom: East Malling					Sweet cherry. Prunus avium cv. Sweetheart									Leaf wash					51.28597713 N 0.45406584 E											Not applicable				Investigation of impacts of agronomic practices on Pseudomonas syringae populations, pathogen dispersal and canker disease development			ZZ1218						Not applicable							
SAMN52846576	52846576	Pseudomonas viridiflava		MIGS Cultured Bacterial/Archaeal sample from Pseudomonas viridiflava																																					2022-09																		Plant		Cherry orchard		Leaf surface						United Kingdom: East Malling					Sweet cherry. Prunus avium cv. Sweetheart									Leaf wash					51.28597713 N 0.45406584 E											Not applicable				Investigation of impacts of agronomic practices on Pseudomonas syringae populations, pathogen dispersal and canker disease development			ZZ1225						Not applicable							
SAMN52846579	52846579	Pseudomonas viridiflava		MIGS Cultured Bacterial/Archaeal sample from Pseudomonas viridiflava																																					2022-09																		Plant		Cherry orchard		Leaf surface						United Kingdom: East Malling					Sweet cherry. Prunus avium cv. Sweetheart									Leaf wash					51.28597713 N 0.45406584 E											Not applicable				Investigation of impacts of agronomic practices on Pseudomonas syringae populations, pathogen dispersal and canker disease development			ZZ1228						Not applicable							
SAMN52846580	52846580	Pseudomonas viridiflava		MIGS Cultured Bacterial/Archaeal sample from Pseudomonas viridiflava																																					2022-09																		Plant		Cherry orchard		Leaf surface						United Kingdom: East Malling					Sweet cherry. Prunus avium cv. Sweetheart									Leaf wash					51.28597713 N 0.45406584 E											Not applicable				Investigation of impacts of agronomic practices on Pseudomonas syringae populations, pathogen dispersal and canker disease development			ZZ1229						Not applicable							
SAMN52846586	52846586	Pseudomonas viridiflava		MIGS Cultured Bacterial/Archaeal sample from Pseudomonas viridiflava																																					2022-09																		Plant		Cherry orchard		Leaf surface						United Kingdom: East Malling					Sweet cherry. Prunus avium cv. Sweetheart									Leaf wash					51.28597713 N 0.45406584 E											Not applicable				Investigation of impacts of agronomic practices on Pseudomonas syringae populations, pathogen dispersal and canker disease development			ZZ1235						Not applicable							
SAMN52846589	52846589	Pseudomonas viridiflava		MIGS Cultured Bacterial/Archaeal sample from Pseudomonas viridiflava																																					2022-09																		Plant		Cherry orchard		Leaf surface						United Kingdom: East Malling					Sweet cherry. Prunus avium cv. Sweetheart									Leaf wash					51.28597713 N 0.45406584 E											Not applicable				Investigation of impacts of agronomic practices on Pseudomonas syringae populations, pathogen dispersal and canker disease development			ZZ1238						Not applicable							
SAMN52846590	52846590	Pseudomonas viridiflava		MIGS Cultured Bacterial/Archaeal sample from Pseudomonas viridiflava																																					2022-09																		Plant		Cherry orchard		Leaf surface						United Kingdom: East Malling					Sweet cherry. Prunus avium cv. Sweetheart									Leaf wash					51.28597713 N 0.45406584 E											Not applicable				Investigation of impacts of agronomic practices on Pseudomonas syringae populations, pathogen dispersal and canker disease development			ZZ1239						Not applicable							
SAMN52846591	52846591	Pseudomonas viridiflava		MIGS Cultured Bacterial/Archaeal sample from Pseudomonas viridiflava																																					2022-09																		Plant		Cherry orchard		Leaf surface						United Kingdom: East Malling					Sweet cherry. Prunus avium cv. Sweetheart									Leaf wash					51.28597713 N 0.45406584 E											Not applicable				Investigation of impacts of agronomic practices on Pseudomonas syringae populations, pathogen dispersal and canker disease development			ZZ1240						Not applicable							
SAMN52846594	52846594	Pseudomonas viridiflava		MIGS Cultured Bacterial/Archaeal sample from Pseudomonas viridiflava																																					2022-09																		Plant		Cherry orchard		Leaf surface						United Kingdom: East Malling					Sweet cherry. Prunus avium cv. Sweetheart									Leaf wash					51.28597713 N 0.45406584 E											Not applicable				Investigation of impacts of agronomic practices on Pseudomonas syringae populations, pathogen dispersal and canker disease development			ZZ1243						Not applicable							
SAMN52846595	52846595	Pseudomonas viridiflava		MIGS Cultured Bacterial/Archaeal sample from Pseudomonas viridiflava																																					2022-09																		Plant		Cherry orchard		Leaf surface						United Kingdom: East Malling					Sweet cherry. Prunus avium cv. Sweetheart									Leaf wash					51.28597713 N 0.45406584 E											Not applicable				Investigation of impacts of agronomic practices on Pseudomonas syringae populations, pathogen dispersal and canker disease development			ZZ1244						Not applicable							
SAMN52846596	52846596	Pseudomonas viridiflava		MIGS Cultured Bacterial/Archaeal sample from Pseudomonas viridiflava																																					2022-09																		Plant		Cherry orchard		Leaf surface						United Kingdom: East Malling					Sweet cherry. Prunus avium cv. Sweetheart									Leaf wash					51.28597713 N 0.45406584 E											Not applicable				Investigation of impacts of agronomic practices on Pseudomonas syringae populations, pathogen dispersal and canker disease development			ZZ1245						Not applicable							
SAMN52846599	52846599	Pseudomonas viridiflava		MIGS Cultured Bacterial/Archaeal sample from Pseudomonas viridiflava																																					2022-09																		Plant		Cherry orchard		Leaf surface						United Kingdom: East Malling					Sweet cherry. Prunus avium cv. Sweetheart									Leaf wash					51.28597713 N 0.45406584 E											Not applicable				Investigation of impacts of agronomic practices on Pseudomonas syringae populations, pathogen dispersal and canker disease development			ZZ1248						Not applicable							
SAMN52846601	52846601	Pseudomonas viridiflava		MIGS Cultured Bacterial/Archaeal sample from Pseudomonas viridiflava																																					2022-09																		Plant		Cherry orchard		Leaf surface						United Kingdom: East Malling					Sweet cherry. Prunus avium cv. Sweetheart									Leaf wash					51.28597713 N 0.45406584 E											Not applicable				Investigation of impacts of agronomic practices on Pseudomonas syringae populations, pathogen dispersal and canker disease development			ZZ1250						Not applicable							
SAMN52846606	52846606	Pseudomonas viridiflava		MIGS Cultured Bacterial/Archaeal sample from Pseudomonas viridiflava																																					2022-09																		Plant		Cherry orchard		Leaf surface						United Kingdom: East Malling					Sweet cherry. Prunus avium cv. Sweetheart									Leaf wash					51.28597713 N 0.45406584 E											Not applicable				Investigation of impacts of agronomic practices on Pseudomonas syringae populations, pathogen dispersal and canker disease development			ZZ1255						Not applicable							
SAMN52846608	52846608	Pseudomonas viridiflava		MIGS Cultured Bacterial/Archaeal sample from Pseudomonas viridiflava																																					2022-09																		Plant		Cherry orchard		Leaf surface						United Kingdom: East Malling					Sweet cherry. Prunus avium cv. Sweetheart									Leaf wash					51.28597713 N 0.45406584 E											Not applicable				Investigation of impacts of agronomic practices on Pseudomonas syringae populations, pathogen dispersal and canker disease development			ZZ1257						Not applicable							
SAMN52846609	52846609	Pseudomonas viridiflava		MIGS Cultured Bacterial/Archaeal sample from Pseudomonas viridiflava																																					2022-09																		Plant		Cherry orchard		Leaf surface						United Kingdom: East Malling					Sweet cherry. Prunus avium cv. Sweetheart									Leaf wash					51.28597713 N 0.45406584 E											Not applicable				Investigation of impacts of agronomic practices on Pseudomonas syringae populations, pathogen dispersal and canker disease development			ZZ1258						Not applicable							
SAMN52846622	52846622	Pseudomonas caspiana		MIGS Cultured Bacterial/Archaeal sample from Pseudomonas caspiana																																					2023-05																		Plant		Cherry orchard		Leaf surface						United Kingdom: East Malling					Sweet cherry. Prunus avium cv. Sweetheart									Leaf wash					51.28597713 N 0.45406584 E											Not applicable				Investigation of impacts of agronomic practices on Pseudomonas syringae populations, pathogen dispersal and canker disease development			ZZ1271						Not applicable							
SAMN52846648	52846648	Pseudomonas viridiflava		MIGS Cultured Bacterial/Archaeal sample from Pseudomonas viridiflava																																					2023-05																		Plant		Cherry orchard		Leaf surface						United Kingdom: East Malling					Sweet cherry. Prunus avium cv. Sweetheart									Leaf wash					51.28597713 N 0.45406584 E											Not applicable				Investigation of impacts of agronomic practices on Pseudomonas syringae populations, pathogen dispersal and canker disease development			ZZ1297						Not applicable							
SAMN52846651	52846651	Pseudomonas viridiflava		MIGS Cultured Bacterial/Archaeal sample from Pseudomonas viridiflava																																					2023-05																		Plant		Cherry orchard		Leaf surface						United Kingdom: East Malling					Sweet cherry. Prunus avium cv. Sweetheart									Leaf wash					51.28597713 N 0.45406584 E											Not applicable				Investigation of impacts of agronomic practices on Pseudomonas syringae populations, pathogen dispersal and canker disease development			ZZ1300						Not applicable							
SAMN52846660	52846660	Pseudomonas viridiflava		MIGS Cultured Bacterial/Archaeal sample from Pseudomonas viridiflava																																					2023-05																		Plant		Cherry orchard		Leaf surface						United Kingdom: East Malling					Sweet cherry. Prunus avium cv. Sweetheart									Leaf wash					51.28597713 N 0.45406584 E											Not applicable				Investigation of impacts of agronomic practices on Pseudomonas syringae populations, pathogen dispersal and canker disease development			ZZ1309						Not applicable							
SAMN52846662	52846662	Pseudomonas viridiflava		MIGS Cultured Bacterial/Archaeal sample from Pseudomonas viridiflava																																					2023-05																		Plant		Cherry orchard		Leaf surface						United Kingdom: East Malling					Sweet cherry. Prunus avium cv. Sweetheart									Leaf wash					51.28597713 N 0.45406584 E											Not applicable				Investigation of impacts of agronomic practices on Pseudomonas syringae populations, pathogen dispersal and canker disease development			ZZ1311						Not applicable							
SAMN52846666	52846666	Pseudomonas caspiana		MIGS Cultured Bacterial/Archaeal sample from Pseudomonas caspiana																																					2023-05																		Plant		Cherry orchard		Leaf surface						United Kingdom: East Malling					Sweet cherry. Prunus avium cv. Sweetheart									Leaf wash					51.28597713 N 0.45406584 E											Not applicable				Investigation of impacts of agronomic practices on Pseudomonas syringae populations, pathogen dispersal and canker disease development			ZZ1315						Not applicable							
SAMN52846686	52846686	Pseudomonas viridiflava		MIGS Cultured Bacterial/Archaeal sample from Pseudomonas viridiflava																																					2023-05																		Plant		Cherry orchard		Leaf surface						United Kingdom: East Malling					Sweet cherry. Prunus avium cv. Sweetheart									Leaf wash					51.28597713 N 0.45406584 E											Not applicable				Investigation of impacts of agronomic practices on Pseudomonas syringae populations, pathogen dispersal and canker disease development			ZZ1335						Not applicable							
SAMN52846688	52846688	Pseudomonas viridiflava		MIGS Cultured Bacterial/Archaeal sample from Pseudomonas viridiflava																																					2023-05																		Plant		Cherry orchard		Leaf surface						United Kingdom: East Malling					Sweet cherry. Prunus avium cv. Sweetheart									Leaf wash					51.28597713 N 0.45406584 E											Not applicable				Investigation of impacts of agronomic practices on Pseudomonas syringae populations, pathogen dispersal and canker disease development			ZZ1337						Not applicable							
SAMN52846689	52846689	Pseudomonas viridiflava		MIGS Cultured Bacterial/Archaeal sample from Pseudomonas viridiflava																																					2023-05																		Plant		Cherry orchard		Leaf surface						United Kingdom: East Malling					Sweet cherry. Prunus avium cv. Sweetheart									Leaf wash					51.28597713 N 0.45406584 E											Not applicable				Investigation of impacts of agronomic practices on Pseudomonas syringae populations, pathogen dispersal and canker disease development			ZZ1338						Not applicable							
SAMN52846692	52846692	Pseudomonas viridiflava		MIGS Cultured Bacterial/Archaeal sample from Pseudomonas viridiflava																																					2023-05																		Plant		Cherry orchard		Leaf surface						United Kingdom: East Malling					Sweet cherry. Prunus avium cv. Sweetheart									Leaf wash					51.28597713 N 0.45406584 E											Not applicable				Investigation of impacts of agronomic practices on Pseudomonas syringae populations, pathogen dispersal and canker disease development			ZZ1341						Not applicable							
SAMN52846694	52846694	Pseudomonas viridiflava		MIGS Cultured Bacterial/Archaeal sample from Pseudomonas viridiflava																																					2023-05																		Plant		Cherry orchard		Leaf surface						United Kingdom: East Malling					Sweet cherry. Prunus avium cv. Sweetheart									Leaf wash					51.28597713 N 0.45406584 E											Not applicable				Investigation of impacts of agronomic practices on Pseudomonas syringae populations, pathogen dispersal and canker disease development			ZZ1343						Not applicable							
SAMN52846695	52846695	Pseudomonas viridiflava		MIGS Cultured Bacterial/Archaeal sample from Pseudomonas viridiflava																																					2023-05																		Plant		Cherry orchard		Leaf surface						United Kingdom: East Malling					Sweet cherry. Prunus avium cv. Sweetheart									Leaf wash					51.28597713 N 0.45406584 E											Not applicable				Investigation of impacts of agronomic practices on Pseudomonas syringae populations, pathogen dispersal and canker disease development			ZZ1344						Not applicable							
SAMN52846696	52846696	Pseudomonas caspiana		MIGS Cultured Bacterial/Archaeal sample from Pseudomonas caspiana																																					2023-05																		Plant		Cherry orchard		Leaf surface						United Kingdom: East Malling					Sweet cherry. Prunus avium cv. Sweetheart									Leaf wash					51.28597713 N 0.45406584 E											Not applicable				Investigation of impacts of agronomic practices on Pseudomonas syringae populations, pathogen dispersal and canker disease development			ZZ1345						Not applicable							
SAMN52846706	52846706	Pseudomonas caspiana		MIGS Cultured Bacterial/Archaeal sample from Pseudomonas caspiana																																					2023-05																		Plant		Cherry orchard		Leaf surface						United Kingdom: East Malling					Sweet cherry. Prunus avium cv. Sweetheart									Leaf wash					51.28597713 N 0.45406584 E											Not applicable				Investigation of impacts of agronomic practices on Pseudomonas syringae populations, pathogen dispersal and canker disease development			ZZ1355						Not applicable							
SAMN52846708	52846708	Pseudomonas viridiflava		MIGS Cultured Bacterial/Archaeal sample from Pseudomonas viridiflava																																					2023-05																		Plant		Cherry orchard		Leaf surface						United Kingdom: East Malling					Sweet cherry. Prunus avium cv. Sweetheart									Leaf wash					51.28597713 N 0.45406584 E											Not applicable				Investigation of impacts of agronomic practices on Pseudomonas syringae populations, pathogen dispersal and canker disease development			ZZ1357						Not applicable							
SAMN52846709	52846709	Pseudomonas viridiflava		MIGS Cultured Bacterial/Archaeal sample from Pseudomonas viridiflava																																					2023-05																		Plant		Cherry orchard		Leaf surface						United Kingdom: East Malling					Sweet cherry. Prunus avium cv. Sweetheart									Leaf wash					51.28597713 N 0.45406584 E											Not applicable				Investigation of impacts of agronomic practices on Pseudomonas syringae populations, pathogen dispersal and canker disease development			ZZ1358						Not applicable							
SAMN52846715	52846715	Pseudomonas viridiflava		MIGS Cultured Bacterial/Archaeal sample from Pseudomonas viridiflava																																					2023-05																		Plant		Cherry orchard		Leaf surface						United Kingdom: East Malling					Sweet cherry. Prunus avium cv. Sweetheart									Leaf wash					51.28597713 N 0.45406584 E											Not applicable				Investigation of impacts of agronomic practices on Pseudomonas syringae populations, pathogen dispersal and canker disease development			ZZ1364						Not applicable							
SAMN52846716	52846716	Pseudomonas viridiflava		MIGS Cultured Bacterial/Archaeal sample from Pseudomonas viridiflava																																					2023-05																		Plant		Cherry orchard		Leaf surface						United Kingdom: East Malling					Sweet cherry. Prunus avium cv. Sweetheart									Leaf wash					51.28597713 N 0.45406584 E											Not applicable				Investigation of impacts of agronomic practices on Pseudomonas syringae populations, pathogen dispersal and canker disease development			ZZ1365						Not applicable							
SAMN52846717	52846717	Pseudomonas viridiflava		MIGS Cultured Bacterial/Archaeal sample from Pseudomonas viridiflava																																					2023-05																		Plant		Cherry orchard		Leaf surface						United Kingdom: East Malling					Sweet cherry. Prunus avium cv. Sweetheart									Leaf wash					51.28597713 N 0.45406584 E											Not applicable				Investigation of impacts of agronomic practices on Pseudomonas syringae populations, pathogen dispersal and canker disease development			ZZ1366						Not applicable							
SAMN52846741	52846741	Pseudomonas viridiflava		MIGS Cultured Bacterial/Archaeal sample from Pseudomonas viridiflava																																					2023-08																		Plant		Cherry orchard		Leaf surface						United Kingdom: East Malling					Sweet cherry. Prunus avium cv. Sweetheart									Leaf wash					51.28597713 N 0.45406584 E											Not applicable				Investigation of impacts of agronomic practices on Pseudomonas syringae populations, pathogen dispersal and canker disease development			ZZ1390						Not applicable							
SAMN52846745	52846745	Pseudomonas caspiana		MIGS Cultured Bacterial/Archaeal sample from Pseudomonas caspiana																																					2023-08																		Plant		Cherry orchard		Leaf surface						United Kingdom: East Malling					Sweet cherry. Prunus avium cv. Sweetheart									Leaf wash					51.28597713 N 0.45406584 E											Not applicable				Investigation of impacts of agronomic practices on Pseudomonas syringae populations, pathogen dispersal and canker disease development			ZZ1394						Not applicable							
SAMN52846757	52846757	Pseudomonas viridiflava		MIGS Cultured Bacterial/Archaeal sample from Pseudomonas viridiflava																																					2023-08																		Plant		Cherry orchard		Leaf surface						United Kingdom: East Malling					Sweet cherry. Prunus avium cv. Sweetheart									Leaf wash					51.28597713 N 0.45406584 E											Not applicable				Investigation of impacts of agronomic practices on Pseudomonas syringae populations, pathogen dispersal and canker disease development			ZZ1406						Not applicable							
SAMN52846770	52846770	Pseudomonas viridiflava		MIGS Cultured Bacterial/Archaeal sample from Pseudomonas viridiflava																																					2023-08																		Plant		Cherry orchard		Leaf surface						United Kingdom: East Malling					Sweet cherry. Prunus avium cv. Sweetheart									Leaf wash					51.28597713 N 0.45406584 E											Not applicable				Investigation of impacts of agronomic practices on Pseudomonas syringae populations, pathogen dispersal and canker disease development			ZZ1419						Not applicable							
SAMN52846779	52846779	Pseudomonas viridiflava		MIGS Cultured Bacterial/Archaeal sample from Pseudomonas viridiflava																																					2023-08																		Plant		Cherry orchard		Leaf surface						United Kingdom: East Malling					Sweet cherry. Prunus avium cv. Sweetheart									Leaf wash					51.28597713 N 0.45406584 E											Not applicable				Investigation of impacts of agronomic practices on Pseudomonas syringae populations, pathogen dispersal and canker disease development			ZZ1428						Not applicable							
SAMN52846780	52846780	Pseudomonas viridiflava		MIGS Cultured Bacterial/Archaeal sample from Pseudomonas viridiflava																																					2023-08																		Plant		Cherry orchard		Leaf surface						United Kingdom: East Malling					Sweet cherry. Prunus avium cv. Sweetheart									Leaf wash					51.28597713 N 0.45406584 E											Not applicable				Investigation of impacts of agronomic practices on Pseudomonas syringae populations, pathogen dispersal and canker disease development			ZZ1429						Not applicable							
SAMN52846782	52846782	Pseudomonas viridiflava		MIGS Cultured Bacterial/Archaeal sample from Pseudomonas viridiflava																																					2023-08																		Plant		Cherry orchard		Leaf surface						United Kingdom: East Malling					Sweet cherry. Prunus avium cv. Sweetheart									Leaf wash					51.28597713 N 0.45406584 E											Not applicable				Investigation of impacts of agronomic practices on Pseudomonas syringae populations, pathogen dispersal and canker disease development			ZZ1431						Not applicable							
SAMN52846783	52846783	Pseudomonas viridiflava		MIGS Cultured Bacterial/Archaeal sample from Pseudomonas viridiflava																																					2023-08																		Plant		Cherry orchard		Leaf surface						United Kingdom: East Malling					Sweet cherry. Prunus avium cv. Sweetheart									Leaf wash					51.28597713 N 0.45406584 E											Not applicable				Investigation of impacts of agronomic practices on Pseudomonas syringae populations, pathogen dispersal and canker disease development			ZZ1432						Not applicable							
SAMN52846805	52846805	Pseudomonas viridiflava		MIGS Cultured Bacterial/Archaeal sample from Pseudomonas viridiflava																																					2023-08																		Plant		Cherry orchard		Leaf surface						United Kingdom: East Malling					Sweet cherry. Prunus avium cv. Sweetheart									Leaf wash					51.28597713 N 0.45406584 E											Not applicable				Investigation of impacts of agronomic practices on Pseudomonas syringae populations, pathogen dispersal and canker disease development			ZZ1454						Not applicable							
SAMN52846811	52846811	Pseudomonas viridiflava		MIGS Cultured Bacterial/Archaeal sample from Pseudomonas viridiflava																																					2023-08																		Plant		Cherry orchard		Leaf surface						United Kingdom: East Malling					Sweet cherry. Prunus avium cv. Sweetheart									Leaf wash					51.28597713 N 0.45406584 E											Not applicable				Investigation of impacts of agronomic practices on Pseudomonas syringae populations, pathogen dispersal and canker disease development			ZZ1460						Not applicable							
SAMN52846819	52846819	Pseudomonas viridiflava		MIGS Cultured Bacterial/Archaeal sample from Pseudomonas viridiflava																																					2023-08																		Plant		Cherry orchard		Leaf surface						United Kingdom: East Malling					Sweet cherry. Prunus avium cv. Sweetheart									Leaf wash					51.28597713 N 0.45406584 E											Not applicable				Investigation of impacts of agronomic practices on Pseudomonas syringae populations, pathogen dispersal and canker disease development			ZZ1468						Not applicable							
SAMEA119890498	53547002	Pseudomonas viridiflava		Metagenome-Assembled Genome spire_mag_00488392 in SPIRE v01 classified as Pseudomonas_E sp900582625		ERC000047			2025-12-01			0.03	0.02	0.77	GUNC v1.0.6			EMBL Heidelberg			public			bwa mem	https://spire.embl.de/spire/v1/cluster/specI_v4_08025	https://spire.embl.de/spire/v1/genome/spire_mag_00488392		spire_mag_00488392			Many fragments with little to no review of assembly other than reporting of standard assembly statistics	megahit 1.2.9	tetramer and coverage	metaBAT2 v2.12.1			missing: third party data				missing: third party data		78.71	CheckM2 v0.1.3	4.62	16359									ERZ27252462										missing: third party data					missing: third party data	missing: third party data	missing: third party data															missing: third party data		https://spire.embl.de/spire/v1/sample/48741	https://spire.embl.de/spire/v1/study/287	ERP174621	missing: third party data					metagenomes			391		SPIRE v1: a Searchable Planetary-scale mIcrobiome REsource					SAMN08777461	spire_mag_00488392		Pseudomonas viridiflava				d__Bacteria;p__Pseudomonadota;c__Gammaproteobacteria;o__Pseudomonadales;f__Pseudomonadaceae;g__Pseudomonas_E;s__Pseudomonas_E sp900582625	GTDBtk v2.3.2_r214	multi-marker approach			
SAMEA120030249	53561777	Pseudomonas viridiflava		Metagenome-Assembled Genome spire_mag_02012861 in SPIRE v01 classified as Pseudomonas_E viridiflava		ERC000047			2025-12-01			0.0	0.0	0.93	GUNC v1.0.6			EMBL Heidelberg			public			bwa mem	https://spire.embl.de/spire/v1/cluster/specI_v4_00028	https://spire.embl.de/spire/v1/genome/spire_mag_02012861		spire_mag_02012861			Many fragments with little to no review of assembly other than reporting of standard assembly statistics	megahit 1.2.9	tetramer and coverage	metaBAT2 v2.12.1			missing: third party data				missing: third party data		83.26	CheckM2 v0.1.3	1.95	10053									ERZ27264735										missing: third party data					missing: third party data	missing: third party data	missing: third party data															missing: third party data		https://spire.embl.de/spire/v1/sample/114174	https://spire.embl.de/spire/v1/study/747	ERP174820	missing: third party data					metagenomes			607		SPIRE v1: a Searchable Planetary-scale mIcrobiome REsource					SRR6869391	spire_mag_02012861		Pseudomonas viridiflava				d__Bacteria;p__Pseudomonadota;c__Gammaproteobacteria;o__Pseudomonadales;f__Pseudomonadaceae;g__Pseudomonas_E;s__Pseudomonas_E viridiflava	GTDBtk v2.3.2_r214	multi-marker approach			
SAMEA114869890	53941831	Pseudomonas viridiflava		missing		ERC000011			2025-12-12		SAMEA114869890							NAU		2023-12-12T11:24:44Z	public							GCF_900576715.1													not collected																													not collected																																						GCF_900576715.1		Pseudomonas viridiflava									
SAMEA114869891	53941832	Pseudomonas viridiflava		missing		ERC000011			2025-12-12		SAMEA114869891							NAU		2023-12-12T11:24:44Z	public							GCF_900580925.1													not collected																													not collected																																						GCF_900580925.1		Pseudomonas viridiflava									
SAMEA114876657	53948613	Pseudomonas viridiflava		missing		ERC000011			2025-12-12		SAMEA114876657							NAU		2023-12-12T11:29:41Z	public							GCF_900576715.1													not collected																													not collected																																						GCF_900576715.1		Pseudomonas viridiflava									
SAMEA114876658	53948614	Pseudomonas viridiflava		missing		ERC000011			2025-12-12		SAMEA114876658							NAU		2023-12-12T11:29:41Z	public							GCF_900580925.1													not collected																													not collected																																						GCF_900580925.1		Pseudomonas viridiflava									
SAMEA114883668	53955623	Pseudomonas viridiflava		GCF_900576715.1		ERC000011			2025-12-12		SAMEA114883668							NAU		2023-12-12T11:39:14Z	public							ena-SAMPLE-TAB-12-12-2023-11:32:38:993-82268													not collected																													not collected																																						ena-SAMPLE-TAB-12-12-2023-11:32:38:993-82268		Pseudomonas viridiflava									
SAMEA114883670	53955625	Pseudomonas viridiflava		GCF_900580925.1		ERC000011			2025-12-12		SAMEA114883670							NAU		2023-12-12T11:39:14Z	public							ena-SAMPLE-TAB-12-12-2023-11:32:38:993-82269													not collected																													not collected																																						ena-SAMPLE-TAB-12-12-2023-11:32:38:993-82269		Pseudomonas viridiflava									
SAMEA114890491	53962425	Pseudomonas viridiflava		GCF_900576715.1		ERC000011			2025-12-12		SAMEA114890491							NAU		2023-12-12T11:44:36Z	public							ena-SAMPLE-TAB-12-12-2023-11:37:42:389-91672													not collected																													not collected																																						ena-SAMPLE-TAB-12-12-2023-11:37:42:389-91672		Pseudomonas viridiflava									
SAMEA114890493	53962427	Pseudomonas viridiflava		GCF_900580925.1		ERC000011			2025-12-12		SAMEA114890493							NAU		2023-12-12T11:44:36Z	public							ena-SAMPLE-TAB-12-12-2023-11:37:42:389-91673													not collected																													not collected																																						ena-SAMPLE-TAB-12-12-2023-11:37:42:389-91673		Pseudomonas viridiflava									
SAMEA114897642	53969594	Pseudomonas viridiflava		GCF_900576715.1		ERC000011			2025-12-12		SAMEA114897642							NAU		2023-12-12T11:49:45Z	public							ena-SAMPLE-TAB-12-12-2023-11:42:45:737-98438													not collected																													not collected																																						ena-SAMPLE-TAB-12-12-2023-11:42:45:737-98438		Pseudomonas viridiflava									
SAMEA114897644	53969596	Pseudomonas viridiflava		GCF_900580925.1		ERC000011			2025-12-12		SAMEA114897644							NAU		2023-12-12T11:49:45Z	public							ena-SAMPLE-TAB-12-12-2023-11:42:45:737-98439													not collected																													not collected																																						ena-SAMPLE-TAB-12-12-2023-11:42:45:737-98439		Pseudomonas viridiflava									
SAMEA114904106	53976071	Pseudomonas viridiflava		GCF_900576715.1		ERC000011			2025-12-12		SAMEA114904106							NAU		2023-12-12T11:54:27Z	public							ena-SAMPLE-TAB-12-12-2023-11:47:51:335-105204													not collected																													not collected																																						ena-SAMPLE-TAB-12-12-2023-11:47:51:335-105204		Pseudomonas viridiflava									
SAMEA114904109	53976074	Pseudomonas viridiflava		GCF_900580925.1		ERC000011			2025-12-12		SAMEA114904109							NAU		2023-12-12T11:54:27Z	public							ena-SAMPLE-TAB-12-12-2023-11:47:51:335-105205													not collected																													not collected																																						ena-SAMPLE-TAB-12-12-2023-11:47:51:335-105205		Pseudomonas viridiflava									
SAMEA114910517	53982482	Pseudomonas viridiflava		GCF_900576715.1		ERC000011			2025-12-12		SAMEA114910517							NAU		2023-12-12T11:59:40Z	public							ena-SAMPLE-TAB-12-12-2023-11:52:55:099-111970													not collected																													not collected																																						ena-SAMPLE-TAB-12-12-2023-11:52:55:099-111970		Pseudomonas viridiflava									
SAMEA114910518	53982483	Pseudomonas viridiflava		GCF_900580925.1		ERC000011			2025-12-12		SAMEA114910518							NAU		2023-12-12T11:59:40Z	public							ena-SAMPLE-TAB-12-12-2023-11:52:55:099-111971													not collected																													not collected																																						ena-SAMPLE-TAB-12-12-2023-11:52:55:099-111971		Pseudomonas viridiflava									
SAMEA114920032	53991966	Pseudomonas viridiflava		GCF_900576715.1		ERC000011			2025-12-12		SAMEA114920032							NAU		2023-12-12T12:06:11Z	public							ena-SAMPLE-TAB-12-12-2023-11:58:55:799-89034													not collected																													not collected																																						ena-SAMPLE-TAB-12-12-2023-11:58:55:799-89034		Pseudomonas viridiflava									
SAMEA114920034	53991968	Pseudomonas viridiflava		GCF_900580925.1		ERC000011			2025-12-12		SAMEA114920034							NAU		2023-12-12T12:06:11Z	public							ena-SAMPLE-TAB-12-12-2023-11:58:55:799-89035													not collected																													not collected																																						ena-SAMPLE-TAB-12-12-2023-11:58:55:799-89035		Pseudomonas viridiflava									
SAMEA114924454	53996388	Pseudomonas viridiflava		GCF_900576715.1		ERC000011			2025-12-12		SAMEA114924454							NAU		2023-12-12T12:09:03Z	public							ena-SAMPLE-TAB-12-12-2023-12:02:25:652-95800													not collected																													not collected																																						ena-SAMPLE-TAB-12-12-2023-12:02:25:652-95800		Pseudomonas viridiflava									
SAMEA114924456	53996390	Pseudomonas viridiflava		GCF_900580925.1		ERC000011			2025-12-12		SAMEA114924456							NAU		2023-12-12T12:09:03Z	public							ena-SAMPLE-TAB-12-12-2023-12:02:25:652-95801													not collected																													not collected																																						ena-SAMPLE-TAB-12-12-2023-12:02:25:652-95801		Pseudomonas viridiflava									
SAMEA114930892	54002790	Pseudomonas viridiflava		GCF_900576715.1		ERC000011			2025-12-12		SAMEA114930892							NAU		2023-12-12T12:13:37Z	public							ena-SAMPLE-TAB-12-12-2023-12:07:29:363-118736													not collected																													not collected																																						ena-SAMPLE-TAB-12-12-2023-12:07:29:363-118736		Pseudomonas viridiflava									
SAMEA114930893	54002791	Pseudomonas viridiflava		GCF_900580925.1		ERC000011			2025-12-12		SAMEA114930893							NAU		2023-12-12T12:13:37Z	public							ena-SAMPLE-TAB-12-12-2023-12:07:29:363-118737													not collected																													not collected																																						ena-SAMPLE-TAB-12-12-2023-12:07:29:363-118737		Pseudomonas viridiflava									
SAMEA114937657	54009555	Pseudomonas viridiflava		GCF_900576715.1		ERC000011			2025-12-12		SAMEA114937657							NAU		2023-12-12T12:18:37Z	public							ena-SAMPLE-TAB-12-12-2023-12:12:33:407-125502													not collected																													not collected																																						ena-SAMPLE-TAB-12-12-2023-12:12:33:407-125502		Pseudomonas viridiflava									
SAMEA114937658	54009556	Pseudomonas viridiflava		GCF_900580925.1		ERC000011			2025-12-12		SAMEA114937658							NAU		2023-12-12T12:18:37Z	public							ena-SAMPLE-TAB-12-12-2023-12:12:33:407-125503													not collected																													not collected																																						ena-SAMPLE-TAB-12-12-2023-12:12:33:407-125503		Pseudomonas viridiflava									
SAMEA114948509	54020407	Pseudomonas viridiflava		GCF_900576715.1		ERC000011			2025-12-12		SAMEA114948509							NAU		2023-12-12T12:23:36Z	public							ena-SAMPLE-TAB-12-12-2023-12:17:36:369-132268													not collected																													not collected																																						ena-SAMPLE-TAB-12-12-2023-12:17:36:369-132268		Pseudomonas viridiflava									
SAMEA114948511	54020409	Pseudomonas viridiflava		GCF_900580925.1		ERC000011			2025-12-12		SAMEA114948511							NAU		2023-12-12T12:23:36Z	public							ena-SAMPLE-TAB-12-12-2023-12:17:36:369-132269													not collected																													not collected																																						ena-SAMPLE-TAB-12-12-2023-12:17:36:369-132269		Pseudomonas viridiflava									
SAMEA114953018	54024930	Pseudomonas viridiflava		GCF_900576715.1		ERC000011			2025-12-12		SAMEA114953018							NAU		2023-12-12T12:25:27Z	public							ena-SAMPLE-TAB-12-12-2023-12:19:23:440-102587													not collected																													not collected																																						ena-SAMPLE-TAB-12-12-2023-12:19:23:440-102587		Pseudomonas viridiflava									
SAMEA114953020	54024932	Pseudomonas viridiflava		GCF_900580925.1		ERC000011			2025-12-12		SAMEA114953020							NAU		2023-12-12T12:25:27Z	public							ena-SAMPLE-TAB-12-12-2023-12:19:23:440-102588													not collected																													not collected																																						ena-SAMPLE-TAB-12-12-2023-12:19:23:440-102588		Pseudomonas viridiflava									
SAMEA114961102	54033005	Pseudomonas viridiflava		GCF_900576715.1		ERC000011			2025-12-12		SAMEA114961102							NAU		2023-12-12T12:28:42Z	public							ena-SAMPLE-TAB-12-12-2023-12:22:39:449-109353													not collected																													not collected																																						ena-SAMPLE-TAB-12-12-2023-12:22:39:449-109353		Pseudomonas viridiflava									
SAMEA114961104	54033007	Pseudomonas viridiflava		GCF_900580925.1		ERC000011			2025-12-12		SAMEA114961104							NAU		2023-12-12T12:28:42Z	public							ena-SAMPLE-TAB-12-12-2023-12:22:39:449-109354													not collected																													not collected																																						ena-SAMPLE-TAB-12-12-2023-12:22:39:449-109354		Pseudomonas viridiflava									
SAMEA114978887	54041344	Pseudomonas viridiflava		GCF_900576715.1		ERC000011			2025-12-12		SAMEA114978887							NAU		2023-12-12T12:35:37Z	public							ena-SAMPLE-TAB-12-12-2023-12:29:31:479-152568													not collected																													not collected																																						ena-SAMPLE-TAB-12-12-2023-12:29:31:479-152568		Pseudomonas viridiflava									
SAMEA114978889	54041346	Pseudomonas viridiflava		GCF_900580925.1		ERC000011			2025-12-12		SAMEA114978889							NAU		2023-12-12T12:35:37Z	public							ena-SAMPLE-TAB-12-12-2023-12:29:31:479-152569													not collected																													not collected																																						ena-SAMPLE-TAB-12-12-2023-12:29:31:479-152569		Pseudomonas viridiflava									
SAMEA114985093	54043261	Pseudomonas viridiflava		GCF_900576715.1		ERC000011			2025-12-12		SAMEA114985093							NAU		2023-12-12T12:39:52Z	public							ena-SAMPLE-TAB-12-12-2023-12:33:42:331-159334													not collected																													not collected																																						ena-SAMPLE-TAB-12-12-2023-12:33:42:331-159334		Pseudomonas viridiflava									
SAMEA114985094	54043262	Pseudomonas viridiflava		GCF_900580925.1		ERC000011			2025-12-12		SAMEA114985094							NAU		2023-12-12T12:39:52Z	public							ena-SAMPLE-TAB-12-12-2023-12:33:42:331-159335													not collected																													not collected																																						ena-SAMPLE-TAB-12-12-2023-12:33:42:331-159335		Pseudomonas viridiflava									
SAMEA114998623	54049784	Pseudomonas viridiflava		GCF_900576715.1		ERC000011			2025-12-12		SAMEA114998623							NAU		2023-12-12T12:50:02Z	public							ena-SAMPLE-TAB-12-12-2023-12:43:50:044-122885													not collected																													not collected																																						ena-SAMPLE-TAB-12-12-2023-12:43:50:044-122885		Pseudomonas viridiflava									
SAMEA114998624	54049785	Pseudomonas viridiflava		GCF_900580925.1		ERC000011			2025-12-12		SAMEA114998624							NAU		2023-12-12T12:50:02Z	public							ena-SAMPLE-TAB-12-12-2023-12:43:50:044-122886													not collected																													not collected																																						ena-SAMPLE-TAB-12-12-2023-12:43:50:044-122886		Pseudomonas viridiflava									
SAMEA115005388	54052452	Pseudomonas viridiflava		GCF_900576715.1		ERC000011			2025-12-12		SAMEA115005388							NAU		2023-12-12T12:55:03Z	public							ena-SAMPLE-TAB-12-12-2023-12:48:55:343-130320													not collected																													not collected																																						ena-SAMPLE-TAB-12-12-2023-12:48:55:343-130320		Pseudomonas viridiflava									
SAMEA115005389	54052453	Pseudomonas viridiflava		GCF_900580925.1		ERC000011			2025-12-12		SAMEA115005389							NAU		2023-12-12T12:55:03Z	public							ena-SAMPLE-TAB-12-12-2023-12:48:55:343-130321													not collected																													not collected																																						ena-SAMPLE-TAB-12-12-2023-12:48:55:343-130321		Pseudomonas viridiflava									
SAMEA114991858	54054472	Pseudomonas viridiflava		GCF_900576715.1		ERC000011			2025-12-13		SAMEA114991858							NAU		2023-12-12T12:44:53Z	public							ena-SAMPLE-TAB-12-12-2023-12:38:45:435-116119													not collected																													not collected																																						ena-SAMPLE-TAB-12-12-2023-12:38:45:435-116119		Pseudomonas viridiflava									
SAMEA115012153	54059341	Pseudomonas viridiflava		GCF_900576715.1		ERC000011			2025-12-13		SAMEA115012153							NAU		2023-12-12T13:00:17Z	public							ena-yuan-GCF_900576715.1													not collected																													not collected																																						ena-yuan-GCF_900576715.1		Pseudomonas viridiflava									
SAMEA114966889	54059997	Pseudomonas viridiflava		GCF_900576715.1		ERC000011			2025-12-13		SAMEA114966889							NAU		2023-12-12T12:31:23Z	public							ena-SAMPLE-TAB-12-12-2023-12:24:28:458-139035													not collected																													not collected																																						ena-SAMPLE-TAB-12-12-2023-12:24:28:458-139035		Pseudomonas viridiflava									
SAMEA115012154	54066891	Pseudomonas viridiflava		GCF_900580925.1		ERC000011			2025-12-13		SAMEA115012154							NAU		2023-12-12T13:00:17Z	public							ena-yuan-GCF_900580925.1													not collected																													not collected																																						ena-yuan-GCF_900580925.1		Pseudomonas viridiflava									
SAMEA114976709	54068158	Pseudomonas viridiflava		GCF_900580925.1		ERC000011			2025-12-13		SAMEA114976709							NAU		2023-12-12T12:34:39Z	public							ena-SAMPLE-TAB-12-12-2023-12:28:38:847-145803													not collected																													not collected																																						ena-SAMPLE-TAB-12-12-2023-12:28:38:847-145803		Pseudomonas viridiflava									
SAMEA114991859	54068524	Pseudomonas viridiflava		GCF_900580925.1		ERC000011			2025-12-13		SAMEA114991859							NAU		2023-12-12T12:44:53Z	public							ena-SAMPLE-TAB-12-12-2023-12:38:45:435-116120													not collected																													not collected																																						ena-SAMPLE-TAB-12-12-2023-12:38:45:435-116120		Pseudomonas viridiflava									
SAMEA114976707	54077934	Pseudomonas viridiflava		GCF_900576715.1		ERC000011			2025-12-13		SAMEA114976707							NAU		2023-12-12T12:34:39Z	public							ena-SAMPLE-TAB-12-12-2023-12:28:38:847-145802													not collected																													not collected																																						ena-SAMPLE-TAB-12-12-2023-12:28:38:847-145802		Pseudomonas viridiflava									
SAMEA114966892	54081940	Pseudomonas viridiflava		GCF_900580925.1		ERC000011			2025-12-13		SAMEA114966892							NAU		2023-12-12T12:31:23Z	public							ena-SAMPLE-TAB-12-12-2023-12:24:28:458-139036													not collected																													not collected																																						ena-SAMPLE-TAB-12-12-2023-12:24:28:458-139036		Pseudomonas viridiflava									
SAMN54448184	54448184	Pseudomonas viridiflava		MIGS Cultured Bacterial/Archaeal sample from Pseudomonas viridiflava																																					2022-12																		orchard biome		Actinidia plants		Actinidia leaves						New Zealand: Northland, Kerikeri					Actinidia arguta									PMID: 23935484					35.17790373 S 173.93480658 E											unknown				unpubished									HP_13							
SAMEA120943108	55056159	Pseudomonas viridiflava		Pseudomonas viridiflava strain GCC_43		ERC000020:1.7			2026-02-02									ZiemertLab			public							wgs_S12036Nr7									terrestrial biome				2019-04																								leaf					Poland	52.73532	15.25144						Arabidopsis thaliana	3702													anthropogenic terrestrial biome										Genome sequencing of leaf-associated commensal Pseudomonas strains in the Arabidopsis phyllosphere						wgs_S12036Nr7		Pseudomonas viridiflava									
SAMN61000671	61000671	Pseudomonas viridiflava		MIMAG Metagenome-assembled Genome sample from Pseudomonas viridiflava																																		grocery store			2025												SRR39111436						grocery store		food material		food material	1			spinach		Denmark: Copenhagen													Plants:Produce:Vegetables		spinach251			spinach purchased from grocery store	not collected						food metagenome		1									metagenomic assembly														
SAMEA122917693	61056693	Pseudomonas viridiflava		P04_B5		ERC000020:1.9			2026-06-22									INRA Angers			public							P04_B5									Cropland biome [ENVO:00000428]				2023																								cell culturing unit [ENVO:01001819]					France	47.478408	-0.612064			Rapeseed	Jupiter		Brassica napus														Seed [PO:0009010]										Sucseed						P04_B5		Pseudomonas viridiflava									
SAMEA122917568	61057455	Pseudomonas viridiflava		P02_B8		ERC000020:1.9			2026-06-22									INRA Angers			public							P02_B8									Cropland biome [ENVO:00000428]				2023																								cell culturing unit [ENVO:01001819]					France	47.478408	-0.612064			Rapeseed	Aviso		Brassica napus														Seedling [PO:0008037]										Sucseed						P02_B8		Pseudomonas viridiflava									
SAMEA122917984	61057843	Pseudomonas viridiflava		P08_E6		ERC000020:1.9			2026-06-22									INRA Angers			public							P08_E6									Cropland biome [ENVO:00000428]				2023																								cell culturing unit [ENVO:01001819]					France	47.478408	-0.612064			Rapeseed	Mohican		Brassica napus														Seed [PO:0009010]										Sucseed						P08_E6		Pseudomonas viridiflava									
SAMEA122918017	61057931	Pseudomonas viridiflava		P09_B10		ERC000020:1.9			2026-06-22									INRA Angers			public							P09_B10									Cropland biome [ENVO:00000428]				2023																								cell culturing unit [ENVO:01001819]					France	47.478408	-0.612064			Rapeseed	Aviso		Brassica napus														agricultural potting mixture [ENVO:03000133]										Sucseed						P09_B10		Pseudomonas viridiflava									
SAMEA122918824	61058010	Pseudomonas viridiflava		P18_E7		ERC000020:1.9			2026-06-22									INRA Angers			public							P18_E7									Cropland biome [ENVO:00000428]				2023																								cell culturing unit [ENVO:01001819]					France	47.478408	-0.612064			Wheat	Barok		Triticum														Seedling [PO:0008037]										Sucseed						P18_E7		Pseudomonas viridiflava									
SAMEA122917722	61058043	Pseudomonas viridiflava		P04_F2		ERC000020:1.9			2026-06-22									INRA Angers			public							P04_F2									Cropland biome [ENVO:00000428]				2023																								cell culturing unit [ENVO:01001819]					France	47.478408	-0.612064			Rapeseed	Jupiter		Brassica napus														Seed [PO:0009010]										Sucseed						P04_F2		Pseudomonas viridiflava									
SAMEA122918072	61058431	Pseudomonas viridiflava		P09_H6		ERC000020:1.9			2026-06-22									INRA Angers			public							P09_H6									Cropland biome [ENVO:00000428]				2023																								cell culturing unit [ENVO:01001819]					France	47.478408	-0.612064			Rapeseed	Aviso		Brassica napus														agricultural potting mixture [ENVO:03000133]										Sucseed						P09_H6		Pseudomonas viridiflava									
SAMEA122917714	61059143	Pseudomonas viridiflava		P04_E3		ERC000020:1.9			2026-06-22									INRA Angers			public							P04_E3									Cropland biome [ENVO:00000428]				2023																								cell culturing unit [ENVO:01001819]					France	47.478408	-0.612064			Rapeseed	Jupiter		Brassica napus														Seed [PO:0009010]										Sucseed						P04_E3		Pseudomonas viridiflava									
SAMEA122916885	61060012	Pseudomonas viridiflava		P2_037_S37		ERC000020:1.9			2026-06-22									INRA Angers			public							P2_037_S37									Cropland biome [ENVO:00000428]				2021																								cell culturing unit [ENVO:01001819]					France	47.478408	-0.612064			bean	Deezer		Phaseolus vulgaris														Seed [PO:0009010]										Sucseed						P2_037_S37		Pseudomonas viridiflava									
SAMEA122917702	61060787	Pseudomonas viridiflava		P04_C6		ERC000020:1.9			2026-06-22									INRA Angers			public							P04_C6									Cropland biome [ENVO:00000428]				2023																								cell culturing unit [ENVO:01001819]					France	47.478408	-0.612064			Rapeseed	Jupiter		Brassica napus														Seed [PO:0009010]										Sucseed						P04_C6		Pseudomonas viridiflava									
SAMEA122918004	61060851	Pseudomonas viridiflava		P08_H12		ERC000020:1.9			2026-06-22									INRA Angers			public							P08_H12									Cropland biome [ENVO:00000428]				2023																								cell culturing unit [ENVO:01001819]					France	47.478408	-0.612064			Rapeseed	Mohican		Brassica napus														Seedling [PO:0008037]										Sucseed						P08_H12		Pseudomonas viridiflava									
SAMEA122917734	61061546	Pseudomonas viridiflava		P04_G7		ERC000020:1.9			2026-06-22									INRA Angers			public							P04_G7									Cropland biome [ENVO:00000428]				2023																								cell culturing unit [ENVO:01001819]					France	47.478408	-0.612064			Rapeseed	Jupiter		Brassica napus														Seedling [PO:0008037]										Sucseed						P04_G7		Pseudomonas viridiflava									
SAMEA122917732	61061607	Pseudomonas viridiflava		P04_G5		ERC000020:1.9			2026-06-22									INRA Angers			public							P04_G5									Cropland biome [ENVO:00000428]				2023																								cell culturing unit [ENVO:01001819]					France	47.478408	-0.612064			Rapeseed	Jupiter		Brassica napus														Seed [PO:0009010]										Sucseed						P04_G5		Pseudomonas viridiflava									
SAMEA122917842	61061611	Pseudomonas viridiflava		P06_F11		ERC000020:1.9			2026-06-22									INRA Angers			public							P06_F11									Cropland biome [ENVO:00000428]				2023																								cell culturing unit [ENVO:01001819]					France	47.478408	-0.612064			Rapeseed	Milena		Brassica napus														Seedling [PO:0008037]										Sucseed						P06_F11		Pseudomonas viridiflava									
SAMEA122917824	61061991	Pseudomonas viridiflava		P06_D10		ERC000020:1.9			2026-06-22									INRA Angers			public							P06_D10									Cropland biome [ENVO:00000428]				2023																								cell culturing unit [ENVO:01001819]					France	47.478408	-0.612064			Rapeseed	Milena		Brassica napus														Seedling [PO:0008037]										Sucseed						P06_D10		Pseudomonas viridiflava									
SAMEA122917999	61063682	Pseudomonas viridiflava		P08_G6		ERC000020:1.9			2026-06-22									INRA Angers			public							P08_G6									Cropland biome [ENVO:00000428]				2023																								cell culturing unit [ENVO:01001819]					France	47.478408	-0.612064			Rapeseed	Mohican		Brassica napus														Seed [PO:0009010]										Sucseed						P08_G6		Pseudomonas viridiflava									
SAMEA122917740	61064172	Pseudomonas viridiflava		P04_H3		ERC000020:1.9			2026-06-22									INRA Angers			public							P04_H3									Cropland biome [ENVO:00000428]				2023																								cell culturing unit [ENVO:01001819]					France	47.478408	-0.612064			Rapeseed	Jupiter		Brassica napus														Seed [PO:0009010]										Sucseed						P04_H3		Pseudomonas viridiflava									
SAMEA122917986	61064298	Pseudomonas viridiflava		P08_F1		ERC000020:1.9			2026-06-22									INRA Angers			public							P08_F1									Cropland biome [ENVO:00000428]				2023																								cell culturing unit [ENVO:01001819]					France	47.478408	-0.612064			Rapeseed	Mohican		Brassica napus														Seed [PO:0009010]										Sucseed						P08_F1		Pseudomonas viridiflava									
SAMEA122917705	61064324	Pseudomonas viridiflava		P04_D1		ERC000020:1.9			2026-06-22									INRA Angers			public							P04_D1									Cropland biome [ENVO:00000428]				2023																								cell culturing unit [ENVO:01001819]					France	47.478408	-0.612064			Rapeseed	Jupiter		Brassica napus														Seed [PO:0009010]										Sucseed						P04_D1		Pseudomonas viridiflava									
SAMEA122917690	61064348	Pseudomonas viridiflava		P04_B2		ERC000020:1.9			2026-06-22									INRA Angers			public							P04_B2									Cropland biome [ENVO:00000428]				2023																								cell culturing unit [ENVO:01001819]					France	47.478408	-0.612064			Rapeseed	Jupiter		Brassica napus														Seed [PO:0009010]										Sucseed						P04_B2		Pseudomonas viridiflava									
SAMEA122917831	61064475	Pseudomonas viridiflava		P06_D8		ERC000020:1.9			2026-06-22									INRA Angers			public							P06_D8									Cropland biome [ENVO:00000428]				2023																								cell culturing unit [ENVO:01001819]					France	47.478408	-0.612064			Rapeseed	Milena		Brassica napus														Seedling [PO:0008037]										Sucseed						P06_D8		Pseudomonas viridiflava									
SAMEA122916891	61064988	Pseudomonas viridiflava		P2_043_S43		ERC000020:1.9			2026-06-22									INRA Angers			public							P2_043_S43									Cropland biome [ENVO:00000428]				2021																								cell culturing unit [ENVO:01001819]					France	47.478408	-0.612064			bean	Deezer		Phaseolus vulgaris														Seed [PO:0009010]										Sucseed						P2_043_S43		Pseudomonas viridiflava									
SAMEA122916888	61065658	Pseudomonas viridiflava		P2_040_S40		ERC000020:1.9			2026-06-22									INRA Angers			public							P2_040_S40									Cropland biome [ENVO:00000428]				2021																								cell culturing unit [ENVO:01001819]					France	47.478408	-0.612064			bean	Deezer		Phaseolus vulgaris														Seed [PO:0009010]										Sucseed						P2_040_S40		Pseudomonas viridiflava									
SAMEA122917562	61065876	Pseudomonas viridiflava		P02_B11		ERC000020:1.9			2026-06-22									INRA Angers			public							P02_B11									Cropland biome [ENVO:00000428]				2023																								cell culturing unit [ENVO:01001819]					France	47.478408	-0.612064			Rapeseed	Aviso		Brassica napus														Seedling [PO:0008037]										Sucseed						P02_B11		Pseudomonas viridiflava									
SAMEA122917663	61066509	Pseudomonas viridiflava		P03_F5		ERC000020:1.9			2026-06-22									INRA Angers			public							P03_F5									Cropland biome [ENVO:00000428]				2023																								cell culturing unit [ENVO:01001819]					France	47.478408	-0.612064			Rapeseed	Jupiter		Brassica napus														Seed [PO:0009010]										Sucseed						P03_F5		Pseudomonas viridiflava									
SAMEA122917970	61066715	Pseudomonas viridiflava		P08_D2		ERC000020:1.9			2026-06-22									INRA Angers			public							P08_D2									Cropland biome [ENVO:00000428]				2023																								cell culturing unit [ENVO:01001819]					France	47.478408	-0.612064			Rapeseed	Mohican		Brassica napus														Seed [PO:0009010]										Sucseed						P08_D2		Pseudomonas viridiflava									
SAMEA122917351	61066772	Pseudomonas viridiflava		P8_122_S122		ERC000020:1.9			2026-06-22									INRA Angers			public							P8_122_S122									Cropland biome [ENVO:00000428]				2021																								cell culturing unit [ENVO:01001819]					France	47.478408	-0.612064			bean	Vanilla		Phaseolus vulgaris														Seed [PO:0009010]										Sucseed						P8_122_S122		Pseudomonas viridiflava									
SAMEA122917687	61066835	Pseudomonas viridiflava		P04_B10		ERC000020:1.9			2026-06-22									INRA Angers			public							P04_B10									Cropland biome [ENVO:00000428]				2023																								cell culturing unit [ENVO:01001819]					France	47.478408	-0.612064			Rapeseed	Jupiter		Brassica napus														Seedling [PO:0008037]										Sucseed						P04_B10		Pseudomonas viridiflava									
SAMN61959888	61959888	Pseudomonas viridiflava		22-GA-WM-001																																					2022																												USA: Georgia					Citrullus lanatus													Watermelon foliage																						Cell culture			22-GA-WM-001							
