NCPPB ID	BioSample	NCBI strain	NCBI assemblies	PhytoBacExplorer assemblies	NCPPB_number	taxon	genus	species	sub_species	pathovar	catalogue_name	name_as_received	synonyms	organism_author	organism_type	type_strain	pathotype_strain	country_of_origin	country_of_isolation	location	location_name	host	isolated_from	isolated_by	donor	donor_institution	donor_reference	year_of_accession	year_of_isolation	pathogenic_to	pathogenicity_confirmed	literature	public_notes	other_collections	sequence_types	sequenced	sequencing_notes	url_link_ncbi	url_link_q_bank	detail_url	Basis for match
NCPPB 52	SAMD00538060 	 			52	Pseudomonas savastanoi pv. phaseolicola					Pseudomonas syringae pv. phaseolicola ( Burkholder 1926 ) Young et al. 1976	Pseudomonas phaseolicola Burkholder 1926	Pseudomonas syringae pv. phaseolicola (Burkholder 1926) Young et al. 1978	( Burkholder 1926 ) Gardan et al. 1992	Bacteria	No	Yes	Canada		2	NCPPB Primary Storage	Phaseolus vulgaris			CDAO			1941			Yes		Race 1. Exhibits ice nucleation activity. Unstable REP-PCR profile	ATCC 19304, ICPB PM110, ICMP 2740, CFBP 1390, LMG 2245, CCUG 14282		No				https://ncppb.fera.co.uk/furtherinfo/52	 Other_CC = ATCC 19304 ; ICMP 2740 ; NCPPB 52; history = IFO 14078 <- ATCC 19304 <- NCPPB 52 <- Canadian Dept. Agr., Ottawa; 
NCPPB 64					64	Pseudomonas savastanoi pv. savastanoi					Pseudomonas savastanoi pv. savastanoi (ex Smith 1908) Gardan et al. 1992	Pseudomonas savastanoi Smith 1908	Pseudomonas syringae pv. savastanoi (ex Smith 1908) Young Dye & Wilkie 1978	(ex Smith 1908) Gardan et al. 1992	Bacteria	No	No	Portugal		2	NCPPB Primary Storage	Olea europaea			M. de 1 d'Oliveira			1954	1954		No		Atypical REP-PCR profile	ATCC 13492		No				https://ncppb.fera.co.uk/furtherinfo/64	
NCPPB 79	SAMN42036865 	 		PSE_AA6409AA 	79	Pseudomonas syringae pv. tabaci					Pseudomonas syringae pv. tabaci (Wolf & Foster 1917) Young, Dye and Wilkie 1978	P. angulata		(Wolf & Foster 1917) Young, Dye and Wilkie 1978	Bacteria	No	No	USA		2	NCPPB Primary Storage	Nicotiana tabcaum			A.R. Wilson			1935			No			ICPB PA108		No				https://ncppb.fera.co.uk/furtherinfo/79	 strain = NCPPB79; title = NCPPB79-draft; 
NCPPB 93					93	Pseudomonas syringae pv. syringae					Pseudomonas syringae pv. syringae van Hall 1902	Pseudomonas syringae		van Hall 1902	Bacteria	No	No	UK		2	NCPPB Primary Storage	Syringa vulgaris			W.J. Dowson			1935			Yes		REP-PCR exclusive lilac /forsythia group.Genomospecies 1?	ICMP 3029		No				https://ncppb.fera.co.uk/furtherinfo/93	
NCPPB 117					117	Pseudomonas syringae pv. atrofaciens					Pseudomonas syringae pv. atrofaciens (McCulloch 1920) Young, Dye & Wilkie 1978	Pseudomonas atrofaciens		(McCulloch 1920) Young, Dye & Wilkie 1978	Bacteria	No	No			2	NCPPB Primary Storage				W.J. Dowson			1938			No					No				https://ncppb.fera.co.uk/furtherinfo/117	
NCPPB 123					123	Pseudomonas syringae pv. pisi					Pseudomonas syringae pv. pisi (Sacket 1916) Young, Dye & Wilkie 1978	Pseudomonas  pisi		(Sacket 1916) Young, Dye & Wilkie 1978	Bacteria	No	No	Australia		2	NCPPB Primary Storage				R.W. Wilson			1938			Yes		Race 1. REP-PCR cluster 54			No				https://ncppb.fera.co.uk/furtherinfo/123	
NCPPB 152					152	Pseudomonas sp.					Pseudomonas viridilivida (Brown 1915) Stevens 1925	Pseudomonas viridilivida	Pseudomonas viridilivida (Brown 1915) Stevens 1925	Migula 1894	Bacteria	No	No	UK		2	NCPPB Primary Storage	Lactuca sativa			W.J. Dowson			1942	1942		No		Illegitimate name. FAP indicates likely to be fluorescent Pseudomonas sp.			No				https://ncppb.fera.co.uk/furtherinfo/152	
NCPPB 173					173	Ralstonia solanacearum					Ralstonia solanacearum (Smith 1896) Yabuuchi et al. 1996	Pseudomonas solanacearum (Smith 1896) 1914	Burkholderia solanacearum (Smith 1896) Yabuuchi et al. 1993, Pseudomonas solanacearum (Smith 1896) Smith 1914	(Smith 1896) Yabuuchi et al. 1996	Bacteria	No	No	Kenya		2	NCPPB Primary Storage	Solanum tuberosum			R.M. Nattrass			1945			No		Biovar II. Partial gene sequencing (egl) suggests this organism is Race 3.	ICPB PS101		No				https://ncppb.fera.co.uk/furtherinfo/173	
NCPPB 191					191	Pseudomonas syringae pv. syringae					Pseudomonas syringae pv. syringae van Hall 1902	Pseudomonas syringae		van Hall 1902	Bacteria	No	No	Israel		2	NCPPB Primary Storage	Persea americana.			Z. Volcani			1946			No					No				https://ncppb.fera.co.uk/furtherinfo/191	
NCPPB 197					197	Pseudomonas syringae pv. coronafaciens					Pseudomonas syringae pv. coronafaciens (Elliott 1920) Young, Dye & Wilkie 1978	Pseudomonas. coronafaciens		(Elliott 1920) Young, Dye & Wilkie 1978	Bacteria	No	No	UK		2	NCPPB Primary Storage	Avena sativa			M. Noble			1947	1947		No					No				https://ncppb.fera.co.uk/furtherinfo/197	
NCPPB 214					214	Pseudomonas syringae pv. tabaci					Pseudomonas syringae pv. tabaci (Wolf & Foster 1917) Young, Dye and Wilkie 1978	P. angulata		(Wolf & Foster 1917) Young, Dye and Wilkie 1978	Bacteria	No	No	Zimbabwe		2	NCPPB Primary Storage	Nicotiana tabacum			G.R. Bates			1948			No					No				https://ncppb.fera.co.uk/furtherinfo/214	
NCPPB 215					215	Ralstonia pseudosolanacearum					Ralstonia solanacearum (Smith 1896) Yabuuchi et al. 1996	Pseudomonas solanacearum (Smith 1896) 1914	Ralstonia solanacearum (Smith 1896) Yabuuchi et al. 1996, Burkholderia solanacearum (Smith 1896) Yabuuchi et al. 1993, Pseudomonas solanacearum (Smith 1896) Smith 1914	(Smith 1896) Safni et al. 2014	Bacteria	No	No	Zimbabwe		2	NCPPB Primary Storage	Solanum lycopersicum			G.R. Bates		7092	1948			No		Biovar I. Not pathogenic to Solanum lycopersicum (NCPPB).			No				https://ncppb.fera.co.uk/furtherinfo/215	
NCPPB 216					216	Ralstonia pseudosolanacearum					Ralstonia solanacearum (Smith 1896) Yabuuchi et al. 1996	Pseudomonas solanacearum (Smith 1896) 1914	Ralstonia solanacearum (Smith 1896) Yabuuchi et al. 1996, Burkholderia solanacearum (Smith 1896) Yabuuchi et al. 1993, Pseudomonas solanacearum (Smith 1896) Smith 1914	(Smith 1896) Safni et al. 2014	Bacteria	No	No	Zimbabwe		2	NCPPB Primary Storage	Solanum tuberosum			G.R. Bates		7754	1948			No		Biovar I. Not pathogenic to Solanum lycopersicum (NCPPB).			No				https://ncppb.fera.co.uk/furtherinfo/216	
NCPPB 221					221	Pseudomonas syringae pv. tabaci					Pseudomonas syringae pv. tabaci (Wolf & Foster 1917) Young, Dye and Wilkie 1978	Pseudomonas  tabaci		(Wolf & Foster 1917) Young, Dye and Wilkie 1978	Bacteria	No	No	Zimbabwe		2	NCPPB Primary Storage				G.R. Bates		7855	1948			No					No				https://ncppb.fera.co.uk/furtherinfo/221	
NCPPB 224					224	Pseudomonas syringae pv. passiflorae					Pseudomonas syringae pv. passiflorae (Reid 1938) Young, Dye & Wilkie 1978	Pseudomonas  passiflorae		(Reid 1938) Young, Dye & Wilkie 1978	Bacteria	No	No	New Zealand		2	NCPPB Primary Storage	Passiflora edulis			DSIRNZ			1949			No		LOPAT Group Ib	ATCC 19876, ICMP 4530		No				https://ncppb.fera.co.uk/furtherinfo/224	
NCPPB 225	SAMD00538058 SAMEA104365385 SAMN03460427 	   	GCF_900235805.1 GCF_000980905.1 		225	Pseudomonas syringae pv. dysoxyli					Pseudomonas syringae pv. dysoxyli (Hutchinson 1949) Young, Dye & Wilkie 1978	Pseudomonas dysoxyli	Pseudomonas dysoxyli	(Hutchinson 1949) Young, Dye & Wilkie 1978	Bacteria	No	Yes	New Zealand (Auckland)		2	NCPPB Primary Storage	Dysoxylum spectabile (Forst.f.) Hook.f.  (Kohekohe			DSIRNZ			1949			No	Young, J. M.; Wilkie, J. P.; Park, D.-C.; Watson, D. R. W. (2010)New Zealand strains of plant pathogenic bacteria classified by multi-locus sequence analysis; proposal ofXanthomonas dyeisp. nov.Plant Pathology59(2)270-281. DOI: 10.1111/j.1365-3059.2009.02210.x Young, J.M.; Triggs, C.M. (1994)Evaluation of determinative tests for pathovars of Pseudomonas syringae van Hall 1902.Journal of Applied Bacteriology77(2)195-207. DOI: 10.1111/j.1365-2672.1994.tb03064.x Visnovsky, Sandra B.; Panda, Preeti; Everett, Kerry R.; Lu, Ashley; Butler, Ruth C.; Taylor, Robert K.; Pitman, Andrew R. (2020)A PCR diagnostic assay for rapid detection of plant pathogenic pseudomonads.Plant Pathology69(7)1311-1330. DOI: 10.1111/ppa.13204 Ferreira-Tonin, Mariana; Rodrigues-Neto, Júlio; Harakava, Ricardo; Destéfano, Suzete Aparecida Lanza (2012)Phylogenetic analysis of Xanthomonas based on partial rpoB gene sequences and species differentiation by PCR-RFLP. International Journal of Systematic and Evolutionar	LOPAT Group II. The bacterial disease of the native New Zealand plant Dysoxylum spectabile (Kohekohe) with the symptoms of greasy translucent leaf lesions, 'shotholes' in the leaf tissue, and greasy lesions in the leaf axils is caused by Xanthomonas dyei pv. dysoxyli.	ATCC 19863, ICMP 545, LMG 5662, CFBP 2356		No				https://ncppb.fera.co.uk/furtherinfo/225	 Other_CC = ATCC 19863 ; ICMP 545 ; NCPPB 225; history = IFO 14076 <- ATCC 19863 <- NCPPB 225 <- Dept. Sci. Ind. Res., New Zealand;  title = P. syringae pv. persicae NCPPB 2254; sample_name = NCPPB 2254; Submitter_Id = NCPPB 2254;  strain = NCPPB 2254; 
NCPPB 244	SAMN03879927 SAMN03976502 	  	GCF_001411965.1 GCF_003699065.1 		244	Pseudomonas putida					Pseudomonas putida (Trevisan 1889) Migula 1895	P. barkeri (cotype of P. Barkeri).		(Trevisan 1889) Migula 1895	Bacteria	No	No			2	NCPPB Primary Storage	Pyrus communis		ex B.T.P. Barker	NCTC 393			1920			No			ATCC 6876		No				https://ncppb.fera.co.uk/furtherinfo/244	 strain = NCPPB2445; title = Pcor NCPPB2445;  title = PcoNCPPB2445; strain = NCPPB2445; 
NCPPB 249					249	Pseudomonas aeruginosa					Pseudomonas aeruginosa (Schroeter 1872) Migula 1900			(Schroeter 1872) Migula 1900	Bacteria	No	No	USA		2	NCPPB Primary Storage				NCTC 1995	ex E. Mehta		1924			No					No				https://ncppb.fera.co.uk/furtherinfo/249	
NCPPB 253					253	Ralstonia pseudosolanacearum					Ralstonia solanacearum (Smith 1896) Yabuuchi et al. 1996	Pseudomonas solanacearum (Smith 1896) 1914	Ralstonia solanacearum (Smith 1896) Yabuuchi et al. 1996, Burkholderia solanacearum (Smith 1896) Yabuuchi et al. 1993, Pseudomonas solanacearum (Smith 1896) Smith 1914	(Smith 1896) Safni et al. 2014	Bacteria	No	No	Mauritius		2	NCPPB Primary Storage	Casuarina equisetifolia		G. Orian B14				1949	1949		No	Orian, G. 1960. Rev. Agric. Suc. Ile Maurice 40: 17	Biovar III			No				https://ncppb.fera.co.uk/furtherinfo/253	
NCPPB 268					268	Pseudomonas syringae pv. porri					Pseudomonas syringae pv. porri Samson, Poutier & Rat 1981	Pseudomonas sp.		Samson, Poutier & Rat 1981	Bacteria	No	No	UK		2	NCPPB Primary Storage	Allium porrum		W.J. Dowson				1949	1949		No	Lelliott, R.A. 1952. Plant Path. 1: 84		ICMP 3642, CFBP 1687		No				https://ncppb.fera.co.uk/furtherinfo/268	
NCPPB 269					269	Pseudomonas syringae pv. tomato					Pseudomonas syringae pv. tomato (Okabe 1933) Young, Dye and Wilkie 1978	Pseudomonas tomato		(Okabe 1933) Young, Dye and Wilkie 1978	Bacteria	No	No	Denmark		2	NCPPB Primary Storage	Solanum lycopersicum			E. Hellmers			1949	1949		Yes					No				https://ncppb.fera.co.uk/furtherinfo/269	
NCPPB 277					277	Pseudomonas syringae pv. lachrymans					Pseudomonas syringae pv. lachrymans (Smith & Bryan 1915) Young, Dye & Wilkie 1978	Pseudomonas lachrymans		(Smith & Bryan 1915) Young, Dye & Wilkie 1978	Bacteria	No	No	Denmark				Cucumis sativus			E. Hellmers			1950			Yes					No				https://ncppb.fera.co.uk/furtherinfo/277	
NCPPB 280					280	Pseudomonas syringae pv. mellea					Pseudomonas syringae pv. mellea (Johnson 1923) Young, Dye & Wilkie 1978	Pseudomonas  mellea		(Johnson 1923) Young, Dye & Wilkie 1978	Bacteria	No	No	Tanzania		2	NCPPB Primary Storage	Nicotiana rustica			G.B. Wallace			1950	1950		No		LOPAT Gp II (NCPPB).	ATCC 19868, ICMP 3879		No				https://ncppb.fera.co.uk/furtherinfo/280	
NCPPB 281					281	Pseudomonas syringae pv. syringae					Pseudomonas syringae pv. syringae van Hall 1902	Pseudomonas syringae		van Hall 1902	Bacteria	Yes	Yes	UK		2	NCPPB Primary Storage	Syringa vulgaris		K.A. Sabet				1950	1950		Yes		Exhibits ice nucleation activity.REP-PCR exclusive lilac /forsythia group.Genomospecies 1?	ATCC 19310, ICPB PS255, ICMP 3023, CFBP 1392, LMG 1247, CCUG 14279		No				https://ncppb.fera.co.uk/furtherinfo/281	
NCPPB 282					282	Ralstonia solanacearum					Ralstonia solanacearum (Smith 1896) Yabuuchi et al. 1996	Pseudomonas solanacearum (Smith 1896) 1914	Burkholderia solanacearum (Smith 1896) Yabuuchi et al. 1993, Pseudomonas solanacearum (Smith 1896) Smith 1914	(Smith 1896) Yabuuchi et al. 1996	Bacteria	No	No	Colombia		2	NCPPB Primary Storage	Solanum tuberosum			J.G. Hawkes			1950	1950		No		Biovar II.	ICPB PS149		No				https://ncppb.fera.co.uk/furtherinfo/282	
NCPPB 283					283	Ralstonia pseudosolanacearum					Ralstonia solanacearum (Smith 1896) Yabuuchi et al. 1996	Pseudomonas solanacearum (Smith 1896) 1914	Ralstonia solanacearum (Smith 1896) Yabuuchi et al. 1996, Burkholderia solanacearum (Smith 1896) Yabuuchi et al. 1993, Pseudomonas solanacearum (Smith 1896) Smith 1914	(Smith 1896) Safni et al. 2014	Bacteria	No	No	Zimbabwe		2	NCPPB Primary Storage	Solanum panduraforme			G.R. Bates		7195	1950	1950		No		Biovar I.			No				https://ncppb.fera.co.uk/furtherinfo/283	
NCPPB 285					285	Pseudomonas cichorii					Pseudomonas cichorii (Swingle 1925) Stapp 1928	Psedomonas papaveris		(Swingle 1925) Stapp 1928	Bacteria	No	No	Tanzania		2	NCPPB Primary Storage	Papaver rhoeas (Shirley poppy)			R.A. Lelliott			1951	1951		No		LOPAT Group III. REP-PCR cluster 52			No				https://ncppb.fera.co.uk/furtherinfo/285	
NCPPB 291					291	Pseudomonas savastanoi pv. glycinea					Pseudomonas savastanoi pv. glycinea ( Coerper 1919 ) Gardan et al. 1992	Pseudomonas glycinea Coerper 1919	Pseudomonas syringae pv. glycinea (Coerper 1919) Young et al.1976	( Coerper 1919 ) Gardan et al. 1992	Bacteria	No	No	UK		2	NCPPB Primary Storage	Glycine max.			M. Noble			1951			No					No				https://ncppb.fera.co.uk/furtherinfo/291	
NCPPB 292					292	Pseudomonas aeruginosa					Pseudomonas aeruginosa (Schroeter 1872) Migula 1900			(Schroeter 1872) Migula 1900	Bacteria	No	No	Philippines		2	NCPPB Primary Storage	Nicotiana tabacum			E. Hellmers	ex W.H. Burkholder PP2		1951	1925		No			ATCC 19305, NCTC 9433		No				https://ncppb.fera.co.uk/furtherinfo/292	
NCPPB 294					294	Pseudomonas sp.					Pseudomonas syringae van Hall 1902	P. syringae f. sp. populae		Migula 1894	Bacteria	No	No	UK		2	NCPPB Primary Storage	Populus sp.		K.A. Sabet 2				1951			No		LOPAT Ib. REP-PCR close to some P.viridiflava strains. Genomospecies 7 rpoD 15-4-2016	ICMP 3885		No				https://ncppb.fera.co.uk/furtherinfo/294	
NCPPB 297					297	Pseudomonas syringae pv. pisi					Pseudomonas syringae pv. pisi (Sacket 1916) Young, Dye & Wilkie 1978	Pseudomonas  pisi		(Sacket 1916) Young, Dye & Wilkie 1978	Bacteria	No	No	USA		2	NCPPB Primary Storage	Pisum sativum			ATCC 11042			1951	1945		Yes		Race 2.			No				https://ncppb.fera.co.uk/furtherinfo/297	
NCPPB 298	SAMD00538057 	 			298	Pseudomonas syringae pv. pisi					Pseudomonas syringae pv. pisi (Sacket 1916) Young, Dye & Wilkie 1978	Pseudomonas  pisi		(Sacket 1916) Young, Dye & Wilkie 1978	Bacteria	No	No	USA		2	NCPPB Primary Storage	Pisum sativum			ATCC 11043	ex W.H. Burkholder PP6		1951	1945		Yes					No				https://ncppb.fera.co.uk/furtherinfo/298	 Other_CC = ATCC 11043 ; ICMP 2789 ; NCPPB 298; 
NCPPB 300					300	Pseudomonas syringae pv. pisi					Pseudomonas syringae pv. pisi (Sacket 1916) Young, Dye & Wilkie 1978	Pseudomonas  pisi		(Sacket 1916) Young, Dye & Wilkie 1978	Bacteria	No	No	Canada				Pisum sativum			H. Katznelson			1951			Yes					No				https://ncppb.fera.co.uk/furtherinfo/300	
NCPPB 310					310	Pseudomonas syringae pv. syringae					Pseudomonas syringae pv. syringae van Hall 1902	Pseudomonas syringae		van Hall 1902	Bacteria	No	No	UK		2	NCPPB Primary Storage	Prunus avium.			J.E. Crosse			1950	1950		Yes			ICMP 3027		No				https://ncppb.fera.co.uk/furtherinfo/310	
NCPPB 323					323	Stenotrophomonas beteli					Stenotrophomonas maltophilia (Hugh)?	Pseudomonas betle (Ragunathan 1928) Savulescu 1947	Pseudomonas beteli corrig. (Ragunathan 1928) Savulescu 1947, Pseudomonas betle (Ragunathan 1928) Savulescu 1947, 'Bacterium betle' Ragunathan 1928	(Ragunathan 1928) Nguyen et al. 2024	Bacteria	Yes	No	Sri Lanka				Piper betle			W.J. Dowson			1953	1953		No			ATCC 19861, ICMP 2820, DSMZ 21257, CFBP 4337, LMG 978, CCUG 58727		No				https://ncppb.fera.co.uk/furtherinfo/323	
NCPPB 325					325	Ralstonia solanacearum					Ralstonia solanacearum (Smith 1896) Yabuuchi et al. 1996	Pseudomonas solanacearum (Smith 1896) 1914	Burkholderia solanacearum (Smith 1896) Yabuuchi et al. 1993, Pseudomonas solanacearum (Smith 1896) Smith 1914	(Smith 1896) Yabuuchi et al. 1996	Bacteria	Yes	No	USA		2	NCPPB Primary Storage	Solanum lycopersicum			A. Kelman		60-1	1953			Yes		Race 1 Biovar I. SMT reference strain (EC official method),	ATCC 11696, ICPB PS256, ICMP 5712, CFBP 2047, SMT41, LMG 2299, DSMZ 9544, CCUG 1		No				https://ncppb.fera.co.uk/furtherinfo/325	
NCPPB 330					330	Pseudomonas syringae pv. morsprunorum					Pseudomonas syringae pv. morsprunorum (Wormald 1931) Young, Dye & Wilkie 1978	Pseudomonas morsprunorum		(Wormald 1931) Young, Dye & Wilkie 1978	Bacteria	No	No	UK		2	NCPPB Primary Storage				J.E. Crosse		C22	1954			Yes		Whole genome sequencing places this strain with other Race 1 Psm in the Pseudomonas amygdali clade (NCPPB May 2026)			No				https://ncppb.fera.co.uk/furtherinfo/330	
NCPPB 331					331	Pseudomonas syringae pv. morsprunorum					Pseudomonas syringae pv. morsprunorum (Wormald 1931) Young, Dye & Wilkie 1978	Pseudomonas morsprunorum		(Wormald 1931) Young, Dye & Wilkie 1978	Bacteria	No	No	UK		2	NCPPB Primary Storage				J.E. Crosse		C24	1954			Yes		Whole genome sequencing places this strain with other Race 1 Psm in the Pseudomonas amygdali clade (NCPPB May 2026)			No				https://ncppb.fera.co.uk/furtherinfo/331	
NCPPB 332					332	Ralstonia pseudosolanacearum					Ralstonia solanacearum (Smith 1896) Yabuuchi et al. 1996	Pseudomonas solanacearum (Smith 1896) 1914	Ralstonia solanacearum (Smith 1896) Yabuuchi et al. 1996, Burkholderia solanacearum (Smith 1896) Yabuuchi et al. 1993, Pseudomonas solanacearum (Smith 1896) Smith 1914	(Smith 1896) Safni et al. 2014	Bacteria	No	No	Zimbabwe		2	NCPPB Primary Storage	Solanum tuberosum			G.R. Bates		SRN 15	1954	1954		No		Biovar I			No				https://ncppb.fera.co.uk/furtherinfo/332	
NCPPB 338					338	Ralstonia solanacearum					Ralstonia solanacearum (Smith 1896) Yabuuchi et al. 1996	Pseudomonas solanacearum (Smith 1896) 1914	Burkholderia solanacearum (Smith 1896) Yabuuchi et al. 1993, Pseudomonas solanacearum (Smith 1896) Smith 1914	(Smith 1896) Yabuuchi et al. 1996	Bacteria	No	No	USA		2	NCPPB Primary Storage	Nicotiana tabacum			A. Kelman			1954			Yes		Biovar I	ICPB PS125		No				https://ncppb.fera.co.uk/furtherinfo/338	
NCPPB 339					339	Ralstonia solanacearum					Ralstonia solanacearum (Smith 1896) Yabuuchi et al. 1996	Pseudomonas solanacearum (Smith 1896) 1914	Burkholderia solanacearum (Smith 1896) Yabuuchi et al. 1993, Pseudomonas solanacearum (Smith 1896) Smith 1914	(Smith 1896) Yabuuchi et al. 1996	Bacteria	No	No	Israel		2	NCPPB Primary Storage				Z. Volcani		80	1954			No		Biovar II.			No				https://ncppb.fera.co.uk/furtherinfo/339	
NCPPB 342					342	Ralstonia pseudosolanacearum					Ralstonia solanacearum (Smith 1896) Yabuuchi et al. 1996	Pseudomonas solanacearum (Smith 1896) 1914	Ralstonia solanacearum (Smith 1896) Yabuuchi et al. 1996, Burkholderia solanacearum (Smith 1896) Yabuuchi et al. 1993, Pseudomonas solanacearum (Smith 1896) Smith 1914	(Smith 1896) Safni et al. 2014	Bacteria	No	No	Zimbabwe		2	NCPPB Primary Storage	Nicotiana tabacum.		G.R. Bates MR12288				1954			Yes		Biovar I.			No				https://ncppb.fera.co.uk/furtherinfo/342	
NCPPB 345					345	Pseudomonas sp.					Pseudomonas sp.			Migula 1894	Bacteria	No	No			2	NCPPB Primary Storage							1958			No					No				https://ncppb.fera.co.uk/furtherinfo/345	
NCPPB 346					346	Pseudomonas sp.					Pseudomonas sp.			Migula 1894	Bacteria	No	No			2	NCPPB Primary Storage										No					No				https://ncppb.fera.co.uk/furtherinfo/346	
NCPPB 347					347	Xanthomonas campestris pv. armoraciae					Xanthomonas campestris pv. armoraciae (McCulloch 1929) Dye 1978	Pseudomonas campestris var. armoraciae (McCulloch 1929) Krasilnikov 1949		(McCulloch 1929) Dye 1978	Bacteria	No	Yes	Tanzania		2	NCPPB Primary Storage	Iberis sp.		G.B. Wallace				1954	1954		Yes		Reported not to be pathogenic to Armoracia	ICMP 7, LMG 535		No				https://ncppb.fera.co.uk/furtherinfo/347	
NCPPB 349	SAMN25042865 	 			349	Trinickia caryophylli					Burkholderia caryophylli (Burkholder 1942) Yabuuchi et al. 1993	Pseudomonas caryophylli	Pseudomonas caryophylli (Burkholder 1942) Starr and Burkholder 1942, Burkholderia caryophylli (Burkholder 1942) Yabuuchi et al. 1993, Paraburkholderia caryophilli (Yabuuchi et al. 1993) Sawana et al. 2014	(Burkholder 1942) Estrada-de Los Santos et al. 2018	Bacteria	No	No	Denmark		2	NCPPB Primary Storage	Dianthus caryophyllus			E. Hellmers			1954			No			ICPB PC115		No				https://ncppb.fera.co.uk/furtherinfo/349	 strain = NCPPB 3491; 
NCPPB 353					353	Trinickia caryophylli					Burkholderia caryophylli (Burkholder 1942) Yabuuchi et al. 1993	Pseudomonas caryophylli	Pseudomonas caryophylli (Burkholder 1942) Starr and Burkholder 1942, Burkholderia caryophylli (Burkholder 1942) Yabuuchi et al. 1993, Paraburkholderia caryophilli (Yabuuchi et al. 1993) Sawana et al. 2014	(Burkholder 1942) Estrada-de Los Santos et al. 2018	Bacteria	No	No	USA		2	NCPPB Primary Storage				W.J. Dowson	ex ATCC		1954			No		Cross reacts with Ralstonisa solanacearum polyclonal antisera	SMT 54		No				https://ncppb.fera.co.uk/furtherinfo/353	
NCPPB 359					359	Acidovorax avenae					Acidovorax avenae subsp. avenae (Manns 1909) Willems et al. 1992	Pseudomonas rubrilineans	Acidovorax avenae subsp. avenae (Manns 1909) Willems et al. 1992, Pseudomonas avenae subsp. avenae Manns 1909	(Manns 1909) Willems et al. 1992	Bacteria	No	No	Mauritius		2	NCPPB Primary Storage	Saccharum officinarum			G. Orian			1955			No		WGS confirms this strain is A. avenae (NCPPB March 2025). WGS (NCPPB May 2025) places this organism in a clade of other A. avenae strains mostly isolated from Saccharum officinarum, but not the type strain or A. sacchari.	ATCC 12529, ICMP 251		No				https://ncppb.fera.co.uk/furtherinfo/359	
NCPPB 360					360	Acidovorax avenae					Acidovorax avenae subsp. avenae (Manns 1909) Willems et al. 1992	Pseudomonas rubrilineans	Acidovorax avenae subsp. avenae (Manns 1909) Willems et al. 1992, Pseudomonas avenae subsp. avenae Manns 1909	(Manns 1909) Willems et al. 1992	Bacteria	No	No	Mauritius		2	NCPPB Primary Storage	Saccharum officinarum			G. Orian			1955			No		WGS confirms this strain is A. avenae (NCPPB March 2025)	ATCC 12530		No				https://ncppb.fera.co.uk/furtherinfo/360	
NCPPB 365					365	Pseudomonas syringae					Pseudomonas syringae van Hall 1902	Pseudomonas syringae van Hall 1902		van Hall 1902	Bacteria	No	No	UK		2	NCPPB Primary Storage	Forsythia suspensa			J Rishbeth			1955	1955		No		REP-PCR close to lilac strains of P.s.syringae. REP-PCR exclusive lilac /forsythia group.Genomospecies 1?			No				https://ncppb.fera.co.uk/furtherinfo/365	
NCPPB 366					366	Pseudomonas sp.					Pseudomonas marginalis pv. marginalis (Brown 1918) Stevens 1925	P. syringae	Pseudomonas sp. Migula 1894	(Brown 1918) Stevens 1925	Bacteria	No	No	UK		2	NCPPB Primary Storage	Brassica oleracea var. gemmifera			J. Rishbeth			1955			Yes		Whole genome sequencing indicates this strain is not P. marginalis (NCPPB July 2023)			No				https://ncppb.fera.co.uk/furtherinfo/366	
NCPPB 367					367	Pseudomonas sp.					Pseudomonas sp.	Pseudomonas syringae (not pathogenic)		Migula 1894	Bacteria	No	No	UK		2	NCPPB Primary Storage	Lactuca sativa			J. Rishbeth			1955			No		Fatty acids typical of Pseudomonas sp. LOPAT Group Vb.Associated with plant material not known to be pathogenic.			No				https://ncppb.fera.co.uk/furtherinfo/367	
NCPPB 380					380	Pseudomonas savastanoi pv. phaseolicola					Pseudomonas syringae pv. phaseolicola ( Burkholder 1926 ) Young et al. 1976	Pseudomonas phaseolicola Burkholder 1926	Pseudomonas syringae pv. phaseolicola (Burkholder 1926) Young et al. 1978	( Burkholder 1926 ) Gardan et al. 1992	Bacteria	No	No	Sweden		2	NCPPB Primary Storage				L. Nilsson			1956	1936		Yes		Race 2			No				https://ncppb.fera.co.uk/furtherinfo/380	
NCPPB 383					383	Pseudomonas syringae					Pseudomonas syringae van Hall 1902	Pseudomonas syringae van Hall 1902		van Hall 1902	Bacteria	No	No	Netherlands		2	NCPPB Primary Storage	Magnolia sp.		R.A. Lelliott				1956	1956		Yes		REP-PCR close to pv.tomato/maculicola group.Genomospecies 3?	ICMP 3886		No				https://ncppb.fera.co.uk/furtherinfo/383	
NCPPB 384					384	Pseudomonas syringae					Pseudomonas syringae van Hall 1902	Pseudomonas syringae van Hall 1902		van Hall 1902	Bacteria	No	No	UK		2	NCPPB Primary Storage	Magnolia sp.		R.A. Lelliott				1956	1956		Yes			ICMP 4369		No				https://ncppb.fera.co.uk/furtherinfo/384	
NCPPB 385					385	Pseudomonas syringae					Pseudomonas syringae van Hall 1902	Pseudomonas syringae van Hall 1902		van Hall 1902	Bacteria	No	No	UK		2	NCPPB Primary Storage	Magnolia sp.		R.A. Lelliott				1956	1956		Yes			ICMP 4488		No				https://ncppb.fera.co.uk/furtherinfo/385	
NCPPB 386					386	Pseudomonas syringae					Pseudomonas syringae van Hall 1902	Pseudomonas syringae van Hall 1902		van Hall 1902	Bacteria	No	No	Netherlands		2	NCPPB Primary Storage	Magnolia sp.		R.A. Lelliott				1956	1956		Yes		REP-PCR close to pv.tomato/maculicola group. Possibly genomospecies 3	ICMP 4376		No				https://ncppb.fera.co.uk/furtherinfo/386	
NCPPB 387	SAMN02471301 SAMN04102821 	  	GCF_000233795.1 GCF_002699965.1 		387	Pseudomonas sp.					Pseudomonas tolaasii Paine 1919	Pseudomonas tolaasii	Pseudomonas tolaasii Paine 1919, Pseudomonas reactans Iacobellis & Cantore 2003	Migula 1894	Bacteria	No	No	UK		2	NCPPB Primary Storage	Agaricus bisporus			I.F. Storey			1957	1957		Yes		This strain was thought to be P. tolaasii; our WGS studies show it lies in a clade synonymous with Pseudomonas reactans. The taxonomic name P. reactans (N. S. Iacobellis & P. Lo Cantore 2003) has not been validly published under the rules of the International Code of Nomenclature of Bacteria	ATCC 14340, ICMP 2837		No				https://ncppb.fera.co.uk/furtherinfo/387	 strain = NCPPB 3871; title = Sample from Pseudomonas syringae pv. actinidiae str. NCPPB 3871;  strain = NCPPB 3871; 
NCPPB 388					388	Pseudomonas syringae pv. syringae					Pseudomonas syringae pv. syringae van Hall 1902	Pseudomonas oryzicola		van Hall 1902	Bacteria	No	No	Hungary		2	NCPPB Primary Storage	Oryza sativa			Z. Klement		A289	1957			No			ATCC 19874, ICMP 3876		No				https://ncppb.fera.co.uk/furtherinfo/388	
NCPPB 389					389	Pseudomonas viridiflava					Pseudomonas viridiflava (Burkholder 1930) Dowson 1939	Pseudomonas syringae var. capsisci		(Burkholder 1930) Dowson 1939	Bacteria	No	No	Hungary		2	NCPPB Primary Storage	Capsicum frutescens			Z. Klement		J201	1957			No		LOPAT Group II			No				https://ncppb.fera.co.uk/furtherinfo/389	
NCPPB 446					446	Ralstonia solanacearum					Ralstonia solanacearum (Smith 1896) Yabuuchi et al. 1996	Pseudomonas solanacearum (Smith 1896) 1914	Burkholderia solanacearum (Smith 1896) Yabuuchi et al. 1993, Pseudomonas solanacearum (Smith 1896) Smith 1914	(Smith 1896) Yabuuchi et al. 1996	Bacteria	No	No	Trinidad		2	NCPPB Primary Storage	Musa sp		A.C. Hayward				1957	1957		Yes		Biovar I.	ICPB PS150		No				https://ncppb.fera.co.uk/furtherinfo/446	
NCPPB 448					448	Xylophilus sp.					Xylophilus sp.	Pseudomonas fastidiosa		Willems et al. 1987	Bacteria	No	No	UK		2	NCPPB Primary Storage	Pelargonium zonale		R.A. Lelliott Pe14				1957	1957		Yes		Fatty acid profile typical of Xylophilus sp . Pathogenic.	ICPB PF104		No				https://ncppb.fera.co.uk/furtherinfo/448	
NCPPB 450					450	Robbsia andropogonis					Burkholderia andropogonis (Smith 1911) Gillis et al. 1995	Pseudomonas stizolobii	Pseudomonas andropogonis (Smith 1911) Stapp 1928, Burkholderia adropogonis (Smith 1911) Gillis et al. 1995, Paraburkholderia andropogonis (Gillis et al. 1995) Sawana et al. 2014	Lopes-Santos et al 2017	Bacteria	No	No	USA		2	NCPPB Primary Storage	Trifolium repens		W.H. Burkholder PS23				1957	1954		No			ATCC 12636, ICMP 3997		No				https://ncppb.fera.co.uk/furtherinfo/450	
NCPPB 451					451	Robbsia andropogonis					Burkholderia andropogonis (Smith 1911) Gillis et al. 1995	Pseudomonas stizolobii	Pseudomonas andropogonis (Smith 1911) Stapp 1928, Burkholderia adropogonis (Smith 1911) Gillis et al. 1995, Paraburkholderia andropogonis (Gillis et al. 1995) Sawana et al. 2014	Lopes-Santos et al 2017	Bacteria	No	No	USA		2	NCPPB Primary Storage	Trifolium repens		W.H. Burkholder PS26				1957	1955		No					No				https://ncppb.fera.co.uk/furtherinfo/451	
NCPPB 461					461	Acetobacter pasteurianus						Pseudomonas melophthora.		(Hansen 1879) Beijerinck & Folpmers 1916 = [Pseudomonas pomi Cole 1959] not valid . Dhanvantari et al. (1978) refers.	Bacteria	No	No	UK		2	NCPPB Primary Storage	Malus sylvestris		M. Cole 2A				1957	1955		Yes	Cole, M. 1959. Ann. Appl. Biol. 47: 601	Gram positive (NCPPB). FAP indicates possible relation to Gluconobacter (06/08/03)			No				https://ncppb.fera.co.uk/furtherinfo/461	
NCPPB 462	SAMN44673090 	 			462	Acetobacter pasteurianus						Pseudomonas melophthora.		(Hansen 1879) Beijerinck & Folpmers 1916 = [Pseudomonas pomi Cole 1959] not valid . Dhanvantari et al. (1978) refers.	Bacteria	No	No	UK		2	NCPPB Primary Storage	Malus sylvestris		M. Cole 4A				1957	1955		Yes	Cole, M. 1959. Ann. Appl. Biol. 47: 601	Gram positive (NCPPB). FAP indicates possible relation to Gluconobacter (06/08/03)			No				https://ncppb.fera.co.uk/furtherinfo/462	 strain = NCPPB 4620; 
NCPPB 463					463	Acetobacter pasteurianus						Pseudomonas pomi		(Hansen 1879) Beijerinck & Folpmers 1916 = [Pseudomonas pomi Cole 1959] not valid . Dhanvantari et al. (1978) refers.	Bacteria	Yes	No	UK		2	NCPPB Primary Storage	Malus sylvestris		M. Cole 1A				1957	1955		Yes			ATCC 19877, ICPB PP180, ICMP 8878, LMG 1805		No				https://ncppb.fera.co.uk/furtherinfo/463	
NCPPB 467					467	Pseudomonas syringae pv. lachrymans					Pseudomonas syringae pv. lachrymans (Smith & Bryan 1915) Young, Dye & Wilkie 1978	Pseudomonas lachrymans		(Smith & Bryan 1915) Young, Dye & Wilkie 1978	Bacteria	No	No	UK		2	NCPPB Primary Storage	Cucumis sativus		R.A. Lelliott Cu4				1957	1957		Yes					No				https://ncppb.fera.co.uk/furtherinfo/467	
NCPPB 500					500	Ralstonia pseudosolanacearum					Ralstonia solanacearum (Smith 1896) Yabuuchi et al. 1996	Pseudomonas solanacearum (Smith 1896) 1914	Ralstonia solanacearum (Smith 1896) Yabuuchi et al. 1996, Burkholderia solanacearum (Smith 1896) Yabuuchi et al. 1993, Pseudomonas solanacearum (Smith 1896) Smith 1914	(Smith 1896) Safni et al. 2014	Bacteria	No	No	Mauritius				Vicia faba		ex G. Orian	W.J. Dowson		381	1957	1956		Yes		Biovar III. Phylotype I (NCPPB  May 2021)							https://ncppb.fera.co.uk/furtherinfo/500	
NCPPB 501					501	Ralstonia pseudosolanacearum					Ralstonia solanacearum (Smith 1896) Yabuuchi et al. 1996	Pseudomonas solanacearum (Smith 1896) 1914	Ralstonia solanacearum (Smith 1896) Yabuuchi et al. 1996, Burkholderia solanacearum (Smith 1896) Yabuuchi et al. 1993, Pseudomonas solanacearum (Smith 1896) Smith 1914	(Smith 1896) Safni et al. 2014	Bacteria	No	No	Mauritius				Brassica oleracea var. capitata		ex G. Orian	W.J. Dowson		382	1957	1956		No		Biovar III. Phylotype I (NCPPB May 2021)							https://ncppb.fera.co.uk/furtherinfo/501	
NCPPB 503					503	Ralstonia pseudosolanacearum					Ralstonia solanacearum (Smith 1896) Yabuuchi et al. 1996	Pseudomonas solanacearum (Smith 1896) 1914	Ralstonia solanacearum (Smith 1896) Yabuuchi et al. 1996, Burkholderia solanacearum (Smith 1896) Yabuuchi et al. 1993, Pseudomonas solanacearum (Smith 1896) Smith 1914	(Smith 1896) Safni et al. 2014	Bacteria	No	No	Mauritius				Dahlia sp		ex G. Orian	W.J. Dowson		384	1957	1956		No		Biovar III. Phylotype I (NCPPB  May 2021)							https://ncppb.fera.co.uk/furtherinfo/503	
NCPPB 505					505	Ralstonia pseudosolanacearum					Ralstonia solanacearum (Smith 1896) Yabuuchi et al. 1996	Pseudomonas solanacearum (Smith 1896) 1914	Ralstonia solanacearum (Smith 1896) Yabuuchi et al. 1996, Burkholderia solanacearum (Smith 1896) Yabuuchi et al. 1993, Pseudomonas solanacearum (Smith 1896) Smith 1914	(Smith 1896) Safni et al. 2014	Bacteria	No	No	Zimbabwe				Symphytum sp		ex G.R. Bates	W.J. Dowson		387	1957	1956		No		Biovar I.							https://ncppb.fera.co.uk/furtherinfo/505	
NCPPB 506					506	Pseudomonas sp.					Pseudomonas sp.	P. marginalis		Migula 1894	Bacteria	No	No	UK		2	NCPPB Primary Storage	Dahlia sp.		ex A.M. Paton	W.J. Dowson		388	1957	1955		Yes		LOPAT Gp Vb (NCPPB). Pathogenic.			No				https://ncppb.fera.co.uk/furtherinfo/506	
NCPPB 512					512	Pseudomonas syringae pv. garcae					Pseudomonas syringae pv. garcae (Amaral et al. 1956) Young, Dye & Wilkie 1978	Pseudomonas garcae		(do Amaral et al. 1956) Young, Dye & Wilkie 1978	Bacteria	No	No	Brazil		2	NCPPB Primary Storage	Coffea arabica.		ex A.P. Viegas	W.J. Dowson		393	1957	1956		No					No				https://ncppb.fera.co.uk/furtherinfo/512	
NCPPB 519					519	Herbaspirillum rubrisubalbicans					Herbaspirillum rubrisubalbicans (Christopher and Edgerton 1930) Baldani et al. 1996	Pseudomonas rubrilineans	Pseudomonas rubrisubalbicans (Christopher and Edgerton 1930) Baldani et al. 1996	(Christopher and Edgerton 1930) Baldani et al. 1996	Bacteria	No	No	Mauritius		2	NCPPB Primary Storage	Saccharum officinarum		ex G. Orian MSOL5	W.J. Dowson		404	1957	1956		No					No				https://ncppb.fera.co.uk/furtherinfo/519	
NCPPB 522					522	Acidovorax avenae					Acidovorax avenae subsp. avenae (Manns 1909) Willems et al. 1992	Pseudomonas rubrilineans	Acidovorax avenae subsp. avenae (Manns 1909) Willems et al. 1992, Pseudomonas avenae subsp. avenae Manns 1909	(Manns 1909) Willems et al. 1992	Bacteria	No	No	Mauritius		2	NCPPB Primary Storage	Saccharum officinarum		ex G. Orian RS31	W.J. Dowson		407	1957	1956		No		WGS confirms this strain is A. avenae (NCPPB March 2025). WGS (NCPPB May 2025) places this organism in a clade of other A. avenae strains mostly isolated from Saccharum officinarum, but not the type strain or A. sacchari.			No				https://ncppb.fera.co.uk/furtherinfo/522	
NCPPB 524					524	Pseudomonas syringae pv. syringae					Pseudomonas syringae pv. syringae van Hall 1902	Pseudomonas syringae		van Hall 1902	Bacteria	No	No	UK		2	NCPPB Primary Storage	Syringa vulgaris		ex J. Rishbeth	W.J. Dowson		410	1957	1957		Yes		REP-PCR exclusive lilac /forsythia group.Genomospecies 1?	ICMP 3475		No				https://ncppb.fera.co.uk/furtherinfo/524	
NCPPB 530					530	Xylophilus sp.					Xylophilus sp.	Pseudomonas fastidiosa		Willems et al. 1987	Bacteria	No	No	UK		2	NCPPB Primary Storage	Pelargonium zonale		R.A. Lelliott Pe12				1957	1957		Yes		Fatty acid profile typical of Xylophilus sp .	ICPB PF105		No				https://ncppb.fera.co.uk/furtherinfo/530	
NCPPB 531					531	Xylophilus sp.					Xylophilus sp.	Pseudomonas fastidiosa		Willems et al. 1987	Bacteria	No	No	UK		2	NCPPB Primary Storage			R.A. Lelliott Pe14				1957	1957		Yes		Fatty acid profile typical of Xylophilus sp .	ICPB PF106		No				https://ncppb.fera.co.uk/furtherinfo/531	
NCPPB 532					532	Xylophilus sp.					Xylophilus sp.	Pseudomonas fastidiosa		Willems et al. 1987	Bacteria	No	No	UK				Pelargonium zonale		R.A. Lelliott P5				1957	1957		Yes		Fatty acid profile typical of Xylophilus sp.							https://ncppb.fera.co.uk/furtherinfo/532	
NCPPB 537					537	Pseudomonas syringae pv. lachrymans					Pseudomonas syringae pv. lachrymans (Smith & Bryan 1915) Young, Dye & Wilkie 1978	Pseudomonas lachrymans		(Smith & Bryan 1915) Young, Dye & Wilkie 1978	Bacteria	No	No	USA		2	NCPPB Primary Storage	Cucumis sativus			ATCC 7386	ex P.A. Ark PL3		1958	1935		Yes		Exhibits ice nucleation activity. Atypical REP-PCR profile.	ICMP 3988, CFBP 2104, LMG 5070, ATCC 7386		No				https://ncppb.fera.co.uk/furtherinfo/537	
NCPPB 538					538	Phaseolibacter flectens					Pseudomonas flectens Johnson 1956		Pseudomonas flectens (Johnson 1956)	Halpern et al. 2013	Bacteria	No	No	Australia		2	NCPPB Primary Storage	Phaseolus vulgaris.		J.C. Johnson 12780				1958	1957		No			ICPB PF101		No				https://ncppb.fera.co.uk/furtherinfo/538	
NCPPB 539					539	Phaseolibacter flectens					Pseudomonas flectens Johnson 1956		Pseudomonas flectens (Johnson 1956)	Halpern et al. 2013	Bacteria	Yes	No	Australia		2	NCPPB Primary Storage	Phaseolus vulgaris		J.C. Johnson 12339				1958	1956		No			ATCC 12775, ICPB PF102, ICMP 745, PDDCC 3656, DSM 27043, LMG 2187, CFBP 3281		No				https://ncppb.fera.co.uk/furtherinfo/539	
NCPPB 540					540	Pseudomonas syringae pv. lachrymans					Pseudomonas syringae pv. lachrymans (Smith & Bryan 1915) Young, Dye & Wilkie 1978	Pseudomonas lachrymans		(Smith & Bryan 1915) Young, Dye & Wilkie 1978	Bacteria	No	No	Denmark		2	NCPPB Primary Storage	Cucumis sativus		ex E. Hellmers	ICPB PL4	ex W.H. Burkholder		1958	1949		Yes					No				https://ncppb.fera.co.uk/furtherinfo/540	
NCPPB 541					541	Pseudomonas syringae pv. lachrymans					Pseudomonas syringae pv. lachrymans (Smith & Bryan 1915) Young, Dye & Wilkie 1978	Pseudomonas lachrymans		(Smith & Bryan 1915) Young, Dye & Wilkie 1978	Bacteria	No	No	Canada		2	NCPPB Primary Storage	Cucumis sativus		ex  Z.A. Patrick	ICPB PL5	ex W.H. Burkholder		1958	1951		Yes					No				https://ncppb.fera.co.uk/furtherinfo/541	
NCPPB 542					542	Pseudomonas syringae pv. lachrymans					Pseudomonas syringae pv. lachrymans (Smith & Bryan 1915) Young, Dye & Wilkie 1978	Pseudomonas lachrymans		(Smith & Bryan 1915) Young, Dye & Wilkie 1978	Bacteria	No	No	USA		2	NCPPB Primary Storage	Cucumis sativus		ex P.A. Ark Q	ICPB PL104			1958	1952		Yes					No				https://ncppb.fera.co.uk/furtherinfo/542	
NCPPB 543					543	Pseudomonas syringae pv. lachrymans					Pseudomonas syringae pv. lachrymans (Smith & Bryan 1915) Young, Dye & Wilkie 1978	Pseudomonas lachrymans		(Smith & Bryan 1915) Young, Dye & Wilkie 1978	Bacteria	No	No	USA		2	NCPPB Primary Storage	Cucumis sativus			ICPB PL103	ex P.A. Ark		1958	1950		Yes					No				https://ncppb.fera.co.uk/furtherinfo/543	
NCPPB 560					560	Pseudomonas syringae pv. morsprunorum					Pseudomonas syringae pv. morsprunorum (Wormald 1931) Young, Dye & Wilkie 1978	Pseudomonas morsprunorum		(Wormald 1931) Young, Dye & Wilkie 1978	Bacteria	No	No	UK							J.E. Crosse		NA 3	1958	1956		Yes		Whole genome sequencing places this strain with other Race 1 Psm in the Pseudomonas amygdali clade (NCPPB May 2026)	ATCC 33191		No				https://ncppb.fera.co.uk/furtherinfo/560	
NCPPB 588	SAMN42036871 	 		PSE_AA6813AA 	588	Pseudomonas syringae pv. garcae					Pseudomonas syringae pv. garcae (Amaral et al. 1956) Young, Dye & Wilkie 1978	Pseudomonas garcae		(do Amaral et al. 1956) Young, Dye & Wilkie 1978	Bacteria	No	Yes	Brazil		2	NCPPB Primary Storage	Coffea arabica			A.P. Viegas	ex C.G. Teixeira		1958			No			ATCC 19864, ICMP 4323, CFBP 1634, LMG 5064		No				https://ncppb.fera.co.uk/furtherinfo/588	 title = NCPPB588-draft; strain = NCPPB588; 
NCPPB 600					600	Pseudomonas syringae pv. coronafaciens					Pseudomonas syringae pv. coronafaciens (Elliott 1920) Young, Dye & Wilkie 1978	Pseudomonas. coronafaciens		(Elliott 1920) Young, Dye & Wilkie 1978	Bacteria	No	Yes	UK				Avena sativa		R.A. Lelliott 03				1958	1958		Yes			ICMP 3113, CFBP 2216, LMG 5060		No				https://ncppb.fera.co.uk/furtherinfo/600	
NCPPB 603					603	Pseudomonas syringae pv. aptata					Pseudomonas syringae pv. aptata (Brown & Jamieson 1913) Young, Dye & Wilkie 1978	Pseudomonas aptata		(Brown & Jamieson 1913) Young, Dye & Wilkie 1978	Bacteria	No	No	USA (California)		2	NCPPB Primary Storage	Beta vulgaris (sugar beet)		P. A. Ark	ICPB PA105	ex NRRL B-789		1958	1948		No			ATCC 10205, ICMP 4387		No				https://ncppb.fera.co.uk/furtherinfo/603	
NCPPB 604					604	Pseudomonas savastanoi pv. phaseolicola					Pseudomonas syringae pv. phaseolicola ( Burkholder 1926 ) Young et al. 1976	Pseudomonas phaseolicola Burkholder 1926	Pseudomonas syringae pv. phaseolicola (Burkholder 1926) Young et al. 1978	( Burkholder 1926 ) Gardan et al. 1992	Bacteria	No	No	UK				Phaseolus coccineus		E. Billing P45				1958	1958		Yes		Race 1							https://ncppb.fera.co.uk/furtherinfo/604	
NCPPB 605					605	Pseudomonas savastanoi pv. phaseolicola					Pseudomonas syringae pv. phaseolicola ( Burkholder 1926 ) Young et al. 1976	Pseudomonas phaseolicola Burkholder 1926	Pseudomonas syringae pv. phaseolicola (Burkholder 1926) Young et al. 1978	( Burkholder 1926 ) Gardan et al. 1992	Bacteria	No	No	UK				Phaseolus coccineus		E. Billing P44				1958	1958		Yes		Race 1							https://ncppb.fera.co.uk/furtherinfo/605	
NCPPB 606					606	Pseudomonas savastanoi pv. phaseolicola					Pseudomonas syringae pv. phaseolicola ( Burkholder 1926 ) Young et al. 1976	Pseudomonas phaseolicola Burkholder 1926	Pseudomonas syringae pv. phaseolicola (Burkholder 1926) Young et al. 1978	( Burkholder 1926 ) Gardan et al. 1992	Bacteria	No	No	UK				Phaseolus coccineus.		E. Billing P42				1958	1958		Yes									https://ncppb.fera.co.uk/furtherinfo/606	
NCPPB 609					609	Trinickia caryophylli					Burkholderia caryophylli (Burkholder 1942) Yabuuchi et al. 1993	Pseudomonas caryophylli	Pseudomonas caryophylli (Burkholder 1942) Starr and Burkholder 1942, Burkholderia caryophylli (Burkholder 1942) Yabuuchi et al. 1993, Paraburkholderia caryophilli (Yabuuchi et al. 1993) Sawana et al. 2014	(Burkholder 1942) Estrada-de Los Santos et al. 2018	Bacteria	No	No	UK				Dianthus caryophyllus		R.A. Lelliott				1958	1958		Yes			ICPB PC131						https://ncppb.fera.co.uk/furtherinfo/609	
NCPPB 616					616	Ralstonia solanacearum					Ralstonia solanacearum (Smith 1896) Yabuuchi et al. 1996	Pseudomonas solanacearum (Smith 1896) 1914	Burkholderia solanacearum (Smith 1896) Yabuuchi et al. 1993, Pseudomonas solanacearum (Smith 1896) Smith 1914	(Smith 1896) Yabuuchi et al. 1996	Bacteria	No	No	Trinidad				Solanum lycopersicum		ex J.A. Spence	W.J. Dowson			1959	1957		Yes		Biovar I							https://ncppb.fera.co.uk/furtherinfo/616	
NCPPB 617					617	Pseudomonas syringae pv. morsprunorum					Pseudomonas syringae pv. morsprunorum (Wormald 1931) Young, Dye & Wilkie 1978	Pseudomonas morsprunorum		(Wormald 1931) Young, Dye & Wilkie 1978	Bacteria	No	No	Netherlands				Prunus avium.		ex A. Fuchs F18	P. Matthews			1959	1955		Yes		Whole genome sequencing places this strain with other Race 1 Psm in the Pseudomonas amygdali clade (NCPPB May 2026)			No				https://ncppb.fera.co.uk/furtherinfo/617	
NCPPB 620					620	Pseudomonas syringae pv. morsprunorum					Pseudomonas syringae pv. morsprunorum (Wormald 1931) Young, Dye & Wilkie 1978	Pseudomonas morsprunorum		(Wormald 1931) Young, Dye & Wilkie 1978	Bacteria	No	No	UK				Prunus avium		ex E. Billing P49	P. Matthews			1959	1958		Yes		Whole genome sequencing places this strain with other Race 1 Psm in the Pseudomonas amygdali clade (NCPPB May 2026)			No				https://ncppb.fera.co.uk/furtherinfo/620	
NCPPB 624					624	Psuedomonas syringae pv. morsprunorum						Pseudomonas morsprunorum		(Wormald 1931) Young, Dye & Wilkie 197	Bacteria	No	No	Netherlands				Prunus avium.		ex A Fuchs F3	P. Matthews			1959	1953		Yes									https://ncppb.fera.co.uk/furtherinfo/624	
NCPPB 625					625	Pseudomonas syringae pv. syringae					Pseudomonas syringae pv. syringae van Hall 1902	P. morsprunorum		van Hall 1902	Bacteria	No	No	Unknown				Prunus sp.			P. Matthews	ex A. Fuchs F17		1959			No		Lopat 1a	ICMP 3682		No				https://ncppb.fera.co.uk/furtherinfo/625	
NCPPB 626					626	Pseudomonas sp.	Pseudomonas				Pseudomonas sp. Migula 1894	Pseudomonas mors-prunorum triloba	Pseudomonas syringae pv. morsprunorum (Wormald 1931) Young, Dye & Wilkie 1978	Migula 1894	Bacteria	No	No								P. Matthews	ex BBLB-D		1959			No		Whole genome sequencing does not place this strain with other Race 2 Psm in the Pseudomonas avellanae clade (NCPPB May 2026).			No				https://ncppb.fera.co.uk/furtherinfo/626	
NCPPB 628					628	Pseudomonas syringae pv. syringae					Pseudomonas syringae pv. syringae van Hall 1902	Pseudomonas syringae		van Hall 1902	Bacteria	No	No	Netherlands				Prunus persica		ex A. Fuchs F14	P. Matthews			1959	1954		No		REP-PCR group of strains from Rosaceae Willows and Poplar.Genomospecies 2?			No				https://ncppb.fera.co.uk/furtherinfo/628	
NCPPB 635					635	Pseudomonas viridiflava					Pseudomonas viridiflava (Burkholder 1930) Dowson 1939	Pseudomonas viridiflava		(Burkholder 1930) Dowson 1939	Bacteria	Yes	No	Switzerland				Phaseolus sp.		ex W.H. Burkholder PV6	ATCC 13223			1957	1927		No		LOPAT Group II	ICMP 2848, NRRL B-895, ATCC 13223, CFBP 2107, DSMZ 11124, LMG 2352						https://ncppb.fera.co.uk/furtherinfo/635	
NCPPB 636					636	Pseudomonas viridiflava					Pseudomonas viridiflava (Burkholder 1930) Dowson 1939	Pseudomonas viridiflava		(Burkholder 1930) Dowson 1939	Bacteria	No	No					Phaseolus sp.		ex W.H. Burkholder PV5	ATCC 13222			1959			No		LOPAT Group II.							https://ncppb.fera.co.uk/furtherinfo/636	
NCPPB 639					639	Pseudomonas savastanoi pv. savastanoi					Pseudomonas savastanoi pv. savastanoi (ex Smith 1908) Gardan et al. 1992	Pseudomonas savastanoi Smith 1908	Pseudomonas syringae pv. savastanoi (ex Smith 1908) Young Dye & Wilkie 1978	(ex Smith 1908) Gardan et al. 1992	Bacteria	Yes	Yes	Yugoslavia				Olea europaea		ex D. Sutic	A.C. Hayward			1959			Yes		Exhibits ice nucleation activity	ATCC 13522, ICMP 4352, CFBP 1670, L MG 2209						https://ncppb.fera.co.uk/furtherinfo/639	
NCPPB 640					640	Pseudomonas savastanoi pv. nerii					Pseudomonas savastanoi pv. nerii ( Janse 1982) Young et al. 1996	Pseudomonas savastanoi	Pseudomonas syringae pv. savastanoi (ex Smith 1908) Young Dye & Wilkie 1978	( Janse 1982) Young et al. 1996	Bacteria	No	No	Yugoslavia				Nerium oleander		ex D. Sutic	A.C. Hayward			1959			Yes		LOPAT -----	ATCC 13523						https://ncppb.fera.co.uk/furtherinfo/640	
NCPPB 643					643	Ralstonia solanacearum					Ralstonia solanacearum (Smith 1896) Yabuuchi et al. 1996	Pseudomonas solanacearum (Smith 1896) 1914	Burkholderia solanacearum (Smith 1896) Yabuuchi et al. 1993, Pseudomonas solanacearum (Smith 1896) Smith 1914	(Smith 1896) Yabuuchi et al. 1996	Bacteria	No	No	Cyprus				Solanum tuberosum		W.J. Dowson 369				1959	1959		Yes		Biovar II							https://ncppb.fera.co.uk/furtherinfo/643	
NCPPB 644					644	Burkholderia gladioli pv. gladioli					Burkholderia gladioli pv. gladioli (Severini 1913) Yabuuchi et al. 1992	Psudomonas marginata	Pseudomonas gladioli pv. gladioli Severini 1913	(Severini 1913) Yabuuchi et al. 1992	Bacteria	No	No	Zimbabwe				Gladiolus sp.		A.C. Hayward 76539				1959	1959		Yes									https://ncppb.fera.co.uk/furtherinfo/644	
NCPPB 649					649	Pseudomonas syringae					Pseudomonas syringae van Hall 1902	Pseudomonas syringae van Hall 1902		van Hall 1902	Bacteria	No	No	USA				Juglans regia		P.A. Ark				1959	1959		No			ICMP 5063						https://ncppb.fera.co.uk/furtherinfo/649	
NCPPB 650					650	Pseudomonas syringae pv. delphinii					Pseudomonas syringae pv. delphinii (Smith 1904) Young, Dye & Wilkie 1978	Pseudomonas delphinii		(Smith 1904) Young, Dye & Wilkie 1978	Bacteria	No	No	UK				Delphinium elatum.		E. Billing P40				1959	1958		Yes		LOPAT Group Ib	ICPB PD104						https://ncppb.fera.co.uk/furtherinfo/650	
NCPPB 667	SAMN04490193 	 	GCF_900105325.1 		667	Pseudomonas marginalis pv. marginalis					Pseudomonas marginalis pv. marginalis (Brown 1918) Stevens 1925	Pseudomonas marginalis (Brown 1918) Stevens 1925		(Brown 1918) Stevens 1925	Bacteria	Yes	Yes	USA				Cichorium intybus		B.A. Friedman CIBP				1959	1949		Yes		Imported from Belgium - Whole genome sequencing confirms this strain is P. marginalis (NCPPB July 2023)	ATCC 10844, ICMP 3553, CFBP 1387, LMG2215						https://ncppb.fera.co.uk/furtherinfo/667	 strain = NCPPB 667; title = Pseudomonas marginalis NCPPB 667; 
NCPPB 668					668	Pseudomonas sp.					Pseudomonas marginalis pv. marginalis (Brown 1918) Stevens 1925	P. cichorii	Pseudomonas sp. Migula 1894	(Brown 1918) Stevens 1925	Bacteria	No	No	USA				Cichorium intybus		B.A. Friedman 58-5				1959	1958		Yes		Imported from Belgium | Whole genome sequencing indicates this strain is not P. marginalis (NCPPB July 2023)			No				https://ncppb.fera.co.uk/furtherinfo/668	
NCPPB 680					680	Pseudomonas syringae pv. avii					Pseudomonas syringae pv. morsprunorum (Wormald 1931) Young, Dye & Wilkie 1978	Pseudomonas morsprunorum		Ménard et al. 2003	Bacteria	No	No	UK				Prunus avium (wild cherry)		R.A. Lelliott S53/1				1959	1959		Yes									https://ncppb.fera.co.uk/furtherinfo/680	
NCPPB 741					741	Pseudomonas tolaasii					Pseudomonas tolaasii Paine 1919	Pseudomonas tolaasii		Paine 1919	Bacteria	No	No	Netherlands				Agaricus bisporus		ex H.C. Bels-Konig	THLMD		E111/9.52.1	1960	1951		Yes		WGS confirms this is P. tolaasii. LOPAT Group V							https://ncppb.fera.co.uk/furtherinfo/741	
NCPPB 787					787	Ralstonia solanacearum					Ralstonia solanacearum (Smith 1896) Yabuuchi et al. 1996	Pseudomonas solanacearum (Smith 1896) 1914	Burkholderia solanacearum (Smith 1896) Yabuuchi et al. 1993, Pseudomonas solanacearum (Smith 1896) Smith 1914	(Smith 1896) Yabuuchi et al. 1996	Bacteria	No	No	Costa Rica				Musa sp		ex I.W. Buddenhagen 100	A.C. Hayward		77732	1960			Yes		Biovar I.	ICPB PS138						https://ncppb.fera.co.uk/furtherinfo/787	
NCPPB 788					788	Ralstonia solanacearum					Ralstonia solanacearum (Smith 1896) Yabuuchi et al. 1996	Pseudomonas solanacearum (Smith 1896) 1914	Burkholderia solanacearum (Smith 1896) Yabuuchi et al. 1993, Pseudomonas solanacearum (Smith 1896) Smith 1914	(Smith 1896) Yabuuchi et al. 1996	Bacteria	No	No	Costa Rica				Musa sp.		ex I.W. Buddenhagen 139	A.C. Hayward		77733	1960			No		Biovar I.							https://ncppb.fera.co.uk/furtherinfo/788	
NCPPB 790					790	Ralstonia pseudosolanacearum					Ralstonia solanacearum (Smith 1896) Yabuuchi et al. 1996	Pseudomonas solanacearum (Smith 1896) 1914	Ralstonia solanacearum (Smith 1896) Yabuuchi et al. 1996, Burkholderia solanacearum (Smith 1896) Yabuuchi et al. 1993, Pseudomonas solanacearum (Smith 1896) Smith 1914	(Smith 1896) Safni et al. 2014	Bacteria	No	No	Costa Rica				Physalis angulata		ex I.W. Buddenhagen 217	A.C. Hayward		77735	1960			Yes		Biovar III. Phylotype I (NCPPB  May 2021)	ATCC 33192						https://ncppb.fera.co.uk/furtherinfo/790	
NCPPB 791					791	Ralstonia pseudosolanacearum					Ralstonia solanacearum (Smith 1896) Yabuuchi et al. 1996	Pseudomonas solanacearum (Smith 1896) 1914	Ralstonia solanacearum (Smith 1896) Yabuuchi et al. 1996, Burkholderia solanacearum (Smith 1896) Yabuuchi et al. 1993, Pseudomonas solanacearum (Smith 1896) Smith 1914	(Smith 1896) Safni et al. 2014	Bacteria	No	No	Costa Rica				Eclipta alba		ex I.W. Buddenhagen 280	A.C. Hayward		77736	1960			No		Biovar III. Phylotype I (NCPPB  May 2021)							https://ncppb.fera.co.uk/furtherinfo/791	
NCPPB 792					792	Ralstonia pseudosolanacearum					Ralstonia solanacearum (Smith 1896) Yabuuchi et al. 1996	Pseudomonas solanacearum (Smith 1896) 1914	Ralstonia solanacearum (Smith 1896) Yabuuchi et al. 1996, Burkholderia solanacearum (Smith 1896) Yabuuchi et al. 1993, Pseudomonas solanacearum (Smith 1896) Smith 1914	(Smith 1896) Safni et al. 2014	Bacteria	No	No	Malaysia				Tectona grandis.		ex S.J. Navaratnam	A.C. Hayward		79918	1960			No		Biovar III. Phylotype I (NCPPB  May 2021)							https://ncppb.fera.co.uk/furtherinfo/792	
NCPPB 798					798	Pseudomonas syringae					Pseudomonas syringae van Hall 1902	Pseudomonas syringae van Hall 1902		van Hall 1902	Bacteria	No	No	Australia				Hibiscus sp		ex C.J. Magee	A.C. Hayward		79276	1960			Yes			ICMP 5072						https://ncppb.fera.co.uk/furtherinfo/798	
NCPPB 804					804	Pseudomonas marginalis pv. pastinaceae					Pseudomonas marginalis pv. pastinaceae (Burkholder 1960) Young, Dye and Wilkie 1978	Pseudomonas marginalis pv. pastinaceae (Burkholder 1960) Young, Dye and Wilkie 1978	Pseudomonas marginalis (Brown 1918) Stevens 1925	(Burkholder 1960) Young, Dye and Wilkie 1978	Bacteria	No	No	USA				Pastinaca sativa.		W.H. Burkholder PP12				1960	1959		Yes			ATCC 13890, ICMP 8660, LMG 5042						https://ncppb.fera.co.uk/furtherinfo/804	
NCPPB 805					805	Pseudomonas marginalis pv. pastinaceae					Pseudomonas marginalis pv. pastinaceae (Burkholder 1960) Young, Dye and Wilkie 1978	Pseudomonas marginalis pv. pastinaceae (Burkholder 1960) Young, Dye and Wilkie 1978	Pseudomonas marginalis (Brown 1918) Stevens 1925	(Burkholder 1960) Young, Dye and Wilkie 1978	Bacteria	No	No	USA				Pastinaca sativa.		W.H. Burkholder PP5				1960	1959		Yes			ATCC 13888, ICMP 8661, CIP 103779						https://ncppb.fera.co.uk/furtherinfo/805	
NCPPB 806					806	Pseudomonas marginalis pv. pastinaceae					Pseudomonas marginalis pv. pastinaceae (Burkholder 1960) Young, Dye and Wilkie 1978	Pseudomonas marginalis pv. pastinaceae (Burkholder 1960) Young, Dye and Wilkie 1978	Pseudomonas marginalis (Brown 1918) Stevens 1925	(Burkholder 1960) Young, Dye and Wilkie 1978	Bacteria	No	Yes	USA				Pastinaca sativa		W.H. Burkholder PP6				1960	1959		Yes			ATCC 13889, ICMP 5709, LMG 2238, CFBP 2038		No				https://ncppb.fera.co.uk/furtherinfo/806	
NCPPB 807					807	Pseudomonas marginalis pv. pastinaceae					Pseudomonas marginalis pv. pastinaceae (Burkholder 1960) Young, Dye and Wilkie 1978	Pseudomonas marginalis pv. pastinaceae (Burkholder 1960) Young, Dye and Wilkie 1978	Pseudomonas marginalis (Brown 1918) Stevens 1925	(Burkholder 1960) Young, Dye and Wilkie 1978	Bacteria	No	No	USA				Pastinaca sativa		W.H. Burkholder PP21				1960	1959		Yes			ATCC 13891, ICMP 8662, LMG 5044						https://ncppb.fera.co.uk/furtherinfo/807	
NCPPB 808					808	Pseudomonas marginalis pv. marginalis					Pseudomonas marginalis pv. marginalis (Brown 1918) Stevens 1925	P. syringae.	Pseudomonas marginalis (Brown 1918) Stevens 1925	(Brown 1918) Stevens 1925	Bacteria	No	No	USA		2	NCPPB Primary Storage	Prunus amygdalus			P. Matthews	ex H. English C29		1960			Yes					No				https://ncppb.fera.co.uk/furtherinfo/808	
NCPPB 809					809	Pseudomonas salomonii					Pseudomonas marginalis pv. marginalis (Brown 1918) Stevens 1925	P. syringae	Pseudomonas salomonii Gardan et al. 2002	(Brown 1918) Stevens 1925	Bacteria	No	No	USA				Prunus persica			P. Matthews	ex H. English C10		1960			Yes		Whole genome sequencing places this strain in P. salomonii (NCPPB July 2023)							https://ncppb.fera.co.uk/furtherinfo/809	
NCPPB 810					810	Pseudomonas sp.					Pseudomonas sp.	Pseudomonas syringae (not pathogenic)		Migula 1894	Bacteria	No	No	USA				Prunus domestica			P. Matthews	ex H. English C91		1960			No		Fatty acids typical of Pseudomonas sp.LOPAT ++.++.Associated with plant material not known to be pathogenic.							https://ncppb.fera.co.uk/furtherinfo/810	
NCPPB 812					812	Pseudomonas viridiflava					Pseudomonas viridiflava (Burkholder 1930) Dowson 1939	Pseudomonas syringae		(Burkholder 1930) Dowson 1939	Bacteria	No	No	USA		2	NCPPB Primary Storage	Prunus amygdalus			P. Matthews	ex H. English C66		1960			Yes		LOPAT Group II			No				https://ncppb.fera.co.uk/furtherinfo/812	
NCPPB 814					814	Pseudomonas syringae					Pseudomonas syringae van Hall 1902	Pseudomonas syringae van Hall 1902		van Hall 1902	Bacteria	No	No	USA				Prunus persica			P. Matthews	ex H. English Cl		1960			No		LOPAT --.-+. (not pathogenic)							https://ncppb.fera.co.uk/furtherinfo/814	
NCPPB 863					863	Pseudomonas syringae pv. syringae					Pseudomonas syringae pv. syringae van Hall 1902	Pseudomonas syringae		van Hall 1902	Bacteria	No	No	UK				Pyrus communis		R.A. Lelliott T14				1960	1960		No									https://ncppb.fera.co.uk/furtherinfo/863	
NCPPB 871					871	Pseudomonas syringae pv. aptata					Pseudomonas syringae pv. aptata (Brown & Jamieson 1913) Young, Dye & Wilkie 1978	Pseudomonas aptata		(Brown & Jamieson 1913) Young, Dye & Wilkie 1978	Bacteria	No	Yes	USA				Beta vulgaris (sugar beet)		C.L. Sneider B10				1961	1959		Yes	Occurrence of Bacterial Blight in Sugar beet in Maryland, Plant Disease Reporter Vol. 44, P. 742		ICMP 459, CFBP 1617, LMG 5059						https://ncppb.fera.co.uk/furtherinfo/871	
NCPPB 872					872	Pseudomonas syringae pv. aptata					Pseudomonas syringae pv. aptata (Brown & Jamieson 1913) Young, Dye & Wilkie 1978	Pseudomonas aptata		(Brown & Jamieson 1913) Young, Dye & Wilkie 1978	Bacteria	No	No	USA				Beta vulgaris (sugar beet)		C.L. Sneider Bll				1961	1959		Yes	Occurrence of Bacterial Blight in Sugar beet in Maryland, Plant Disease Reporter Vol. 44, P. 742								https://ncppb.fera.co.uk/furtherinfo/872	
NCPPB 873					873	Pseudomonas syringae pv. aptata					Pseudomonas syringae pv. aptata (Brown & Jamieson 1913) Young, Dye & Wilkie 1978	Pseudomonas aptata		(Brown & Jamieson 1913) Young, Dye & Wilkie 1978	Bacteria	No	No	USA				Beta vulgaris (sugar beet)		C.L. Sneider B12				1961	1959		Yes	Occurrence of Bacterial Blight in Sugar beet in Maryland, Plant Disease Reporter Vol. 44, P. 742								https://ncppb.fera.co.uk/furtherinfo/873	
NCPPB 874					874	Pseudomonas syringae pv. coronafaciens					Pseudomonas syringae pv. coronafaciens (Elliott 1920) Young, Dye & Wilkie 1978	Pseudomonas. coronafaciens		(Elliott 1920) Young, Dye & Wilkie 1978	Bacteria	No	No	W. Germany				Avena sativa			D. Knosel			1961	1959		No			ICPB PC134						https://ncppb.fera.co.uk/furtherinfo/874	
NCPPB 876					876	Pseudomonas syringae pv. coronafaciens					Pseudomonas syringae pv. coronafaciens (Elliott 1920) Young, Dye & Wilkie 1978	Pseudomonas. coronafaciens		(Elliott 1920) Young, Dye & Wilkie 1978	Bacteria	No	No	Yugoslavia				Avena sativa		D. Sutic				1961	1954		No			ICPB PC136						https://ncppb.fera.co.uk/furtherinfo/876	
NCPPB 878					878	Pseudomonas syringae pv. tomato					Pseudomonas syringae pv. tomato (Okabe 1933) Young, Dye and Wilkie 1978	Pseudomonas tomato		(Okabe 1933) Young, Dye and Wilkie 1978	Bacteria	No	No	Yugoslavia		2	NCPPB Primary Storage	Solanum lycopersicum		D. Sutica  a - Zemun				1961	1952		Yes					No				https://ncppb.fera.co.uk/furtherinfo/878	
NCPPB 880	SAMN14226214 	 			880	Pseudomonas syringae pv. tomato					Pseudomonas syringae pv. tomato (Okabe 1933) Young, Dye and Wilkie 1978	Pseudomonas tomato		(Okabe 1933) Young, Dye and Wilkie 1978	Bacteria	No	No	Yugoslavia				Solanum lycopersicum		D. Sutic b - Misljenovac				1961	1953		Yes									https://ncppb.fera.co.uk/furtherinfo/880	 strain = NCPPB880; 
NCPPB 881					881	Xanthomonas hortorum pv. gardneri					Xanthomonas gardneri Not yet published	Pseudomonas gardneri Sutic 1957	Xanthomonas campestris pv. vesicatoria (Doidge 1920) Dye 1978, Xanthomonas gardneri (ex uti? 1957) Jones et al. 2006	Morinière et al. (2020)	Bacteria	No	Yes	Yugoslavia (Serbia)		2	NCPPB Primary Storage	Solanum lycopersicum		D. Sutic	D.Sutic		Strain sombor	1961	1953		Yes			ATCC 19865, DSM 19127		No				https://ncppb.fera.co.uk/furtherinfo/881	
NCPPB 882					882	Pseudomonas syringae pv. tomato					Pseudomonas syringae pv. tomato (Okabe 1933) Young, Dye and Wilkie 1978	Pseudomonas tomato		(Okabe 1933) Young, Dye and Wilkie 1978	Bacteria	No	No	Yugoslavia				Solanum lycopersicum		D. Sutic c - Ivanjica				1961	1953		Yes									https://ncppb.fera.co.uk/furtherinfo/882	
NCPPB 894					894	Herbaspirillum rubrisubalbicans					Herbaspirillum rubrisubalbicans (Christopher and Edgerton 1930) Baldani et al. 1996	Pseudomonas rubrilineans	Pseudomonas rubrisubalbicans (Christopher and Edgerton 1930) Baldani et al. 1996	(Christopher and Edgerton 1930) Baldani et al. 1996	Bacteria	No	No	Malagasy Republic				Saccharum officinarum		A.C. Hayward B359				1961	1960		No			ICPB XR112						https://ncppb.fera.co.uk/furtherinfo/894	
NCPPB 904					904	Herbaspirillum rubrisubalbicans					Herbaspirillum rubrisubalbicans (Christopher and Edgerton 1930) Baldani et al. 1996	Pseudomonas rubrilineans	Pseudomonas rubrisubalbicans (Christopher and Edgerton 1930) Baldani et al. 1996	(Christopher and Edgerton 1930) Baldani et al. 1996	Bacteria	No	No	Reunion				Saccharum officinarum		A.C. Hayward B384				1961	1960		No			ICPB XR109						https://ncppb.fera.co.uk/furtherinfo/904	
NCPPB 905					905	Herbaspirillum rubrisubalbicans					Herbaspirillum rubrisubalbicans (Christopher and Edgerton 1930) Baldani et al. 1996	Pseudomonas rubrilineans	Pseudomonas rubrisubalbicans (Christopher and Edgerton 1930) Baldani et al. 1996	(Christopher and Edgerton 1930) Baldani et al. 1996	Bacteria	No	No	Mauritius				Saccharum officinarum		A.C. Hayward B336				1961	1960		No			ICPB XR113						https://ncppb.fera.co.uk/furtherinfo/905	
NCPPB 906					906	Pseudomonas cichorii					Pseudomonas cichorii (Swingle 1925) Stapp 1928	Pseudomonas cichorii		(Swingle 1925) Stapp 1928	Bacteria	No	No	USA				Chrysanthemum morifolium		L.A. McFadden B37				1961	1957		Yes		LOPAT Group III	ATCC 14120						https://ncppb.fera.co.uk/furtherinfo/906	
NCPPB 907					907	Pseudomonas cichorii					Pseudomonas cichorii (Swingle 1925) Stapp 1928	Pseudomonas cichorii		(Swingle 1925) Stapp 1928	Bacteria	No	No	USA				Chrysanthemum morifolium		L.A. McFadden B44				1961	1958		Yes		LOPAT Group III; Atypical REP-PCR profile	ATCC 14121, ICMP 2736						https://ncppb.fera.co.uk/furtherinfo/907	
NCPPB 908					908	Pseudomonas cichorii					Pseudomonas cichorii (Swingle 1925) Stapp 1928	Pseudomonas cichorii		(Swingle 1925) Stapp 1928	Bacteria	No	No	USA				Chrysanthemum morifolium		L.A. McFadden B50				1961	1958		Yes		LOPAT Group III	ATCC 14122						https://ncppb.fera.co.uk/furtherinfo/908	
NCPPB 909					909	Ralstonia solanacearum					Ralstonia solanacearum (Smith 1896) Yabuuchi et al. 1996	Pseudomonas solanacearum (Smith 1896) 1914	Burkholderia solanacearum (Smith 1896) Yabuuchi et al. 1993, Pseudomonas solanacearum (Smith 1896) Smith 1914	(Smith 1896) Yabuuchi et al. 1996	Bacteria	No	No	Egypt				Solanum tuberosum		R.A. Lelliott				1961	1961		Yes		Biovar II							https://ncppb.fera.co.uk/furtherinfo/909	
NCPPB 919					919	Herbaspirillum rubrisubalbicans					Herbaspirillum rubrisubalbicans (Christopher and Edgerton 1930) Baldani et al. 1996	Pseudomonas rubrilineans	Pseudomonas rubrisubalbicans (Christopher and Edgerton 1930) Baldani et al. 1996	(Christopher and Edgerton 1930) Baldani et al. 1996	Bacteria	No	No	Malagasy Republic				Saccharum officinarum		ex P. Baudin 1213B	A.C. Hayward		B500	1961	1961		No									https://ncppb.fera.co.uk/furtherinfo/919	
NCPPB 920					920	Acidovorax avenae					Acidovorax avenae subsp. avenae (Manns 1909) Willems et al. 1992	Pseudomonas rubrilineans	Acidovorax avenae subsp. avenae (Manns 1909) Willems et al. 1992, Pseudomonas avenae subsp. avenae Manns 1909	(Manns 1909) Willems et al. 1992	Bacteria	No	No	Reunion				Saccharum officinarum		A.C. Hayward B385				1961	1960		No		WGS confirms this strain is A. avenae (NCPPB March 2025). WGS (NCPPB May 2025) places this organism in a clade of other A. avenae strains mostly isolated from Saccharum officinarum, but not the type strain or A. sacchari.	ATCC 19307, ICMP 254, LMG 2281, CCUG 15837						https://ncppb.fera.co.uk/furtherinfo/920	
NCPPB 921					921	Acidovorax avenae					Acidovorax avenae subsp. avenae (Manns 1909) Willems et al. 1992	Pseudomonas rubrilineans	Acidovorax avenae subsp. avenae (Manns 1909) Willems et al. 1992, Pseudomonas avenae subsp. avenae Manns 1909	(Manns 1909) Willems et al. 1992	Bacteria	No	No	Brazil				Saccharum officinarum		ex S.C. de Arruda 167	A.C. Hayward		B504	1961	1945		No		WGS confirms this strain is A. avenae (NCPPB March 2025). WGS (NCPPB May 2025) places this organism in a clade of other A. avenae strains mostly isolated from Saccharum officinarum, but not the type strain or A. sacchari.	ICPB XR2						https://ncppb.fera.co.uk/furtherinfo/921	
NCPPB 927					927	Ralstonia solanacearum					Ralstonia sp.		Burkholderia solanacearum (Smith 1896) Yabuuchi et al. 1993, Pseudomonas solanacearum (Smith 1896) Smith 1914	(Smith 1896) Safni et al. 2014	Bacteria	No	No	USA				Saccharum officinarum		ex I.A.S. Gibson	A.C. Hayward		B490	1961	1961		Yes	Hayward, A.C. 1962. Occ. Pap. Maurit. Sug. Res. Inst. No. 13. (1962)	Taxon B (Hayward, 1962). Fatty acids typical of Ralstonia but BOX profile not typical of any R.sol bvs. Phylotype II (NCPPB 2021)							https://ncppb.fera.co.uk/furtherinfo/927	
NCPPB 928					928	Ralstonia pseudosolanacearum					Ralstonia sp.		Ralstonia solanacearum (Smith 1896) Yabuuchi et al. 1996, Burkholderia solanacearum (Smith 1896) Yabuuchi et al. 1993, Pseudomonas solanacearum (Smith 1896) Smith 1914	(Smith 1896) Safni et al. 2014	Bacteria	No	No	Jamaica				Saccharum officinarum		ex J.A. Spence	A.C. Hayward		B213	1961	1956		Yes		Taxon B (Hayward, 1962). Fatty acids typical of Ralstonia but BOX profile not typical of any R.sol bvs. Phylotype III (NCPPB May 2021)							https://ncppb.fera.co.uk/furtherinfo/928	
NCPPB 931					931	Acidovorax sacchari					Acidovorax avenae subsp. avenae (Manns 1909) Willems et al. 1992	Pseudomonas rubrilineans	Acidovorax avenae subsp. avenae (Manns 1909) Willems et al. 1992, Pseudomonas avenae subsp. avenae Manns 1909	(Manns 1909) Willems et al. 1992	Bacteria	No	No	Australia		2	NCPPB Primary Storage	Saccharum officinarum		A.C. Hayward B476				1961	1961		No		WGS indicates this strain is likely to be A. sacchari (NCPPB May 2025)			No				https://ncppb.fera.co.uk/furtherinfo/931	
NCPPB 932					932	Herbaspirillum rubrisubalbicans					Herbaspirillum rubrisubalbicans (Christopher and Edgerton 1930) Baldani et al. 1996	Pseudomonas rubrisubalbicans	Pseudomonas rubrisubalbicans (Christopher and Edgerton 1930) Baldani et al. 1996	(Christopher and Edgerton 1930) Baldani et al. 1996	Bacteria	No	No	Australia				Saccharum officinarum		A.C. Hayward B477				1961	1961		No									https://ncppb.fera.co.uk/furtherinfo/932	
NCPPB 933					933	Robbsia andropogonis					Burkholderia andropogonis (Smith 1911) Gillis et al. 1995	Burkholderia andropogonis	Pseudomonas andropogonis (Smith 1911) Stapp 1928, Burkholderia adropogonis (Smith 1911) Gillis et al. 1995, Paraburkholderia andropogonis (Gillis et al. 1995) Sawana et al. 2014	Lopes-Santos et al 2017	Bacteria	No	No	USA				Zea mays		A.J. Ullstrup				1961	1959		Yes			ATCC 23060						https://ncppb.fera.co.uk/furtherinfo/933	
NCPPB 934					934	Robbsia andropogonis					Burkholderia andropogonis (Smith 1911) Gillis et al. 1995	Burkholderia andropogonis	Pseudomonas andropogonis (Smith 1911) Stapp 1928, Burkholderia adropogonis (Smith 1911) Gillis et al. 1995, Paraburkholderia andropogonis (Gillis et al. 1995) Sawana et al. 2014	Lopes-Santos et al 2017	Bacteria	Yes	No	USA				Sorghum vulgare		A.J. Ullstrup				1961	1959		Yes			ATCC 23061, ICMP 2807						https://ncppb.fera.co.uk/furtherinfo/934	
NCPPB 943	SAMN05216599 	 	GCF_900104015.1 	PSE_AA2015AA 	943	Pseudomonas cichorii					Pseudomonas cichorii (Swingle 1925) Stapp 1928	Pseudomonas cichorii		(Swingle 1925) Stapp 1928	Bacteria	Yes	No	Germany				Cichorium endivia		ex  W. Kotte	ICPB PC1	ex NRRL B-832		1961	1929		Yes		LOPAT Group III. REP-PCR cluster 62	ATCC 10857, ICMP 5707, ATCC 19303, CFBP 2101, LMG 2162						https://ncppb.fera.co.uk/furtherinfo/943	 title = Pseudomonas cichorii NCPPB 943; 
NCPPB 945					945	Burkholderia cepacia					Burkholderia cepacia (ex Burkholder 1950) Yabuuchi et al. 1993	Pseudomonas cepacia	Pseudomonas cepacia Burkholder 1950	(ex Burkholder 1950) Yabuuchi et al. 1993	Bacteria	No	No								ICPB PC22	ex W.H. Burkholder		1961			No		WGS confirms this strain is B. cepacia (NCPPB March 2025). Cross reacts with Ralstonia solanacearum polyclonal antisera	SMT 55						https://ncppb.fera.co.uk/furtherinfo/945	
NCPPB 946					946	Burkholderia cepacia					Burkholderia cepacia (ex Burkholder 1950) Yabuuchi et al. 1993	Pseudomonas cepacia	Pseudomonas cepacia Burkholder 1950	(ex Burkholder 1950) Yabuuchi et al. 1993	Bacteria	No	No								IPCB PC24	ex W.H. Burkholder		1961			No		WGS confirms this strain is B. cepacia (NCPPB March 2025).							https://ncppb.fera.co.uk/furtherinfo/946	
NCPPB 947					947	Burkholderia gladioli pv. alliicola					Pseudomonas gladioli pv. alliicola (Burkholder 1942) Young, Dye & Wilkie 1978	Pseudomonas alliicola	Pseudomonas gladioli pv. alliicola (Burkholder 1942) Young, Dye & Wilkie 1978	(Burkholder 1942) Young et al. 1996	Bacteria	Yes	Yes	New Zealand		2	NCPPB Primary Storage	Allium cepa		ex W.H. Burkholder	ICPB PA7			1961	1939		No			ATCC 19302, ICMP 2804		No				https://ncppb.fera.co.uk/furtherinfo/947	
NCPPB 948					948	Burkholderia gladioli pv. alliicola					Pseudomonas gladioli pv. alliicola (Burkholder 1942) Young, Dye & Wilkie 1978	Pseudomonas alliicola	Pseudomonas gladioli pv. alliicola (Burkholder 1942) Young, Dye & Wilkie 1978	(Burkholder 1942) Young et al. 1996	Bacteria	No	No							ex W.H. Burkholder	ICPB PA10			1961	1939		Yes									https://ncppb.fera.co.uk/furtherinfo/948	
NCPPB 949					949	Pseudomonas marginalis pv. pastinaceae					Pseudomonas marginalis pv. pastinaceae (Burkholder 1960) Young, Dye and Wilkie 1978	Pseudomonas marginalis pv. pastinaceae (Burkholder 1960) Young, Dye and Wilkie 1978	Pseudomonas marginalis (Brown 1918) Stevens 1925	(Burkholder 1960) Young, Dye and Wilkie 1978	Bacteria	No	No	USA				Pastinaca sativa.		ex W.H. Burkholder	ICPB PP9	ex R.S. Dickey		1961	1959		Yes									https://ncppb.fera.co.uk/furtherinfo/949	
NCPPB 950					950	Pseudomonas cichorii					Pseudomonas cichorii (Swingle 1925) Stapp 1928	Pseudomonas cichorii		(Swingle 1925) Stapp 1928	Bacteria	No	No	USA				Lactuca sativa		ex W.H. Burkholder	ICPB PC26			1961	1952		Yes		LOPAT Group III							https://ncppb.fera.co.uk/furtherinfo/950	
NCPPB 952					952	Pseudomonas syringae pv. maculicola					Pseudomonas syringae pv. maculicola (McCulloch 1911) Young, Dye & Wilkie 1978	Pseudomonas  maculicola		(McCulloch 1911) Young, Dye & Wilkie 1978	Bacteria	No	No	USA						ex W.H. Burkholder	ICPB PMl			1961	1937		No		Partial gene (rpoD) sequence is identical to the pathotype strain NCPPB 2039 (July 2016)	NRRL B-844, Clara G37						https://ncppb.fera.co.uk/furtherinfo/952	
NCPPB 953					953	Pseudomonas syringae pv. lapsa					Pseudomonas syringae pv. lapsa (Ark 1940) Young, Dye & Wilkie 1978	Pseudomonas  lapsa		(Ark 1940) Young, Dye & Wilkie 1978	Bacteria	No	No							ex P.A. Ark	ICPB PL2			1961			No		Atypical REP-PCR profile.	NRRL B-842						https://ncppb.fera.co.uk/furtherinfo/953	
NCPPB 958					958	Pseudomonas syringae pv. aceris					Pseudomonas syringae pv. aceris (Ark 1939) Young, Dye & Wilkie 1978	Pseudomonas syringae pv. aceris (Ark 1939) Young, Dye & Wilkie 1978		(Ark 1939) Young, Dye & Wilkie 1978	Bacteria	No	Yes	USA (California)				Acer sp.		P.A. Ark	ICPB Pal	ex P.A. Ark		1961			No	Literature:  Thakur, Shalabh; Weir, Bevan S.; Guttman, David S. (2016)Phytopathogen Genome Announcement: Draft Genome Sequences of 62 Pseudomonas syringae Type and Pathotype Strains.Molecular Plant-Microbe Interactions®29(4)243-246. DOI: 10.1094/MPMI-01-16-0013-TA  (). DOI: 10.3390/microorganisms8081137.  Visnovsky, Sandra B.; Panda, Preeti; Everett, Kerry R.; Lu, Ashley; Butler, Ruth C.; Taylor, Robert K.; Pitman, Andrew R. (2020)A PCR diagnostic assay for rapid detection of plant pathogenic pseudomonads.Plant Pathology69(7)1311-1330. DOI: 10.1111/ppa.13204	LOPAT Ib	NRRL B-820, ATCC 10853, ICMP 2802, CFBP 2339						https://ncppb.fera.co.uk/furtherinfo/958	
NCPPB 959					959	Pseudomonas asplenii					Pseudomonas asplenii (Ark and Tompkins 1946) Savulescu 1947	Pseudomonas asplenii (Ark & Tompkins 1946) Savulescu 1947		(Ark & Tompkins 1946) Savulescu 1947	Bacteria	No	No								ICPB PA17	ex P.A. Ark		1961			No		LOPAT Group V	ATCC 10855, NRRL B-829		No				https://ncppb.fera.co.uk/furtherinfo/959	
NCPPB 961					961	Acidovorax cattleyae					Acidovorax avenae subsp. cattleyae (Pavarino 1911) Willems et al. 1992	Pseudomonas cattleyae  (Pavarino 1911) Savulescu 1947	Pseudomonas cattleyae (Pavarino 1911) Savulescu 1947	(Pavarino 1911) Schaad et al. 2009	Bacteria	Yes	No	Unknown		2	NCPPB Primary Storage	Unknown		P.A. Ark	ICPB PC21	ex P.A. Ark		1961			No		WGS confirms this strain is A. cattleyae (NCPPB March 2025)	NRRL B-835, ICMP 2826		No				https://ncppb.fera.co.uk/furtherinfo/961	
NCPPB 963					963	Pseudomonas syringae pv. ribicola					(Bohn & Maloit 1946) Young, Dye & Wilkie 1978	Pseudomonas ribicola		(Bohn & Maloit 1946) Young, Dye & Wilkie 1978	Bacteria	No	Yes	USA (Wyoming)				Ribes aureum (golden currant)		G.W. Bohn	ICPB PR2	ex G.W. Bohn B6		1961			No	Literature:  Visnovsky, Sandra B.; Panda, Preeti; Everett, Kerry R.; Lu, Ashley; Butler, Ruth C.; Taylor, Robert K.; Pitman, Andrew R. (2020) A PCR diagnostic assay for rapid detection of plant pathogenic pseudomonads.Plant Pathology 69 (7) 1311-1330. DOI: 10.1111/ppa.13204	LOPAT - - - - -	NRRL B-859, ATCC 13456, ICMP 3882						https://ncppb.fera.co.uk/furtherinfo/963	
NCPPB 966					966	Pseudomonas syringae pv. tomato					Pseudomonas syringae pv. tomato (Okabe 1933) Young, Dye and Wilkie 1978	Pseudomonas tomato		(Okabe 1933) Young, Dye and Wilkie 1978	Bacteria	No	No	Canada						ex W.A.F. Hagborg 1331	ICPB PT8			1961	1941		No			NRRL B-883						https://ncppb.fera.co.uk/furtherinfo/966	
NCPPB 967					967	Pseudomonas fluorescens					Pseudomonas fluorescens Migula 1895	P. washingtoniae		(Trevisan 1889) Migula 1895	Bacteria	No	No	USA							ICPB PW2	ex Brown		1961	1944		No			ATCC 13459, NRRL B-899						https://ncppb.fera.co.uk/furtherinfo/967	
NCPPB 968					968	Robbsia andropogonis					Burkholderia andropogonis (Smith 1911) Gillis et al. 1995	Pseudomonas woodsii.	Pseudomonas andropogonis (Smith 1911) Stapp 1928, Burkholderia adropogonis (Smith 1911) Gillis et al. 1995, Paraburkholderia andropogonis (Gillis et al. 1995) Sawana et al. 2014	Lopes-Santos et al 2017	Bacteria	No	No	USA				Dianthus caryophyllus		ex C.J.Olsen		ex J. Tammen		1961	1957		Yes			ICPB PW102, ATCC 19311, ICMP 3967, DSMZ 9884, LMG 2362						https://ncppb.fera.co.uk/furtherinfo/968	
NCPPB 980	SAMD00538062 	 			980	Pseudomonas syringae pv. mori					Pseudomonas syringae pv. mori (Boyer & Lambert 1893) Young, Dye & Wilkie 1978	Pseudomonas  mori		(Boyer & Lambert 1893) Young, Dye & Wilkie 1978	Bacteria	No	No	Unknown				Morus sp. (mulberry)		W.H. Burkholder	ICPB PM117	ex W.H. Burkholder Mori 3		1961			No			ATCC 19872, ICMP 3590		No				https://ncppb.fera.co.uk/furtherinfo/980	 history = IFO 14080 <- ATCC 19872 <- NCPPB 980 <- M. Starr, PM 117 <- W. Burkholder; Other_CC = ATCC 19872 ; ICMP 3590 ; NCPPB 980; 
NCPPB 981					981	Pseudomonas syringae pv. syringae					Pseudomonas syringae pv. syringae van Hall 1902	P. rimaefaciens		van Hall 1902	Bacteria	No	No	UK				Populus canadensis var. eugenei			ICPB PR7	ex W.J. Dowson 171		1961			No		REP-PCR close to strains from Rosaceae, poplar and willow (296,2052,not pv.syringae).Genomospecies 2?	NRRL B863, ICMP 3887						https://ncppb.fera.co.uk/furtherinfo/981	
NCPPB 996					996	Pseudomonas syringae pv. tomato					Pseudomonas syringae pv. tomato (Okabe 1933) Young, Dye and Wilkie 1978	Pseudomonas tomato		(Okabe 1933) Young, Dye and Wilkie 1978	Bacteria	No	No	Canada						(W. A. F. Hagbourg)	ATCC 10862	ex B.A. Friedman ex W.H. Burkholder PT7		1961	1941		No			ATCC 19514, NRRL B-882						https://ncppb.fera.co.uk/furtherinfo/996	
NCPPB 1006	SAMN07177411 	 	GCF_002269785.1 		1006	Pseudomonas savastanoi pv. fraxini					Pseudomonas savastanoi pv. fraxinii( Janse 1982) Young et al. 1996	P. savastanoi var. fraxini.	Pseudomonas syringae pv. savastanoi (ex Smith 1908) Young Dye & Wilkie 1978	( Janse 1982) Young et al. 1996	Bacteria	No	No					Fraxinus sp			ICPB PSl9	ex H.J. Conn ex  N.A. Brown		1961			No			NRRL B-875						https://ncppb.fera.co.uk/furtherinfo/1006	 strain = NCPPB 1006; 
NCPPB 1008					1008	Pseudomonas syringae pv. tomato					Pseudomonas syringae pv. tomato (Okabe 1933) Young, Dye and Wilkie 1978	Pseudomonas tomato		(Okabe 1933) Young, Dye and Wilkie 1978	Bacteria	No	No	USA		2	NCPPB Primary Storage	Solanum lycopersicum		ex W.H. Burkholder	ICPB PT9			1961	1942		Yes			NRRL B-884		No				https://ncppb.fera.co.uk/furtherinfo/1008	
NCPPB 1010	SAMN42036870 	 		PSE_AA6428AA 	1010	Pseudomonas syringae pv. ribicola					(Bohn & Maloit 1946) Young, Dye & Wilkie 1978	Pseudomonas  ribicola		(Bohn & Maloit 1946) Young, Dye & Wilkie 1978	Bacteria	No	No					Ribes aureum			ICPB PR	ex G.W. Bohn B5		1961			No		Atypical REP-PCR profile.	NRRL B-858						https://ncppb.fera.co.uk/furtherinfo/1010	 title = NCPPB1010-draft; strain = NCPPB1010; 
NCPPB 1011					1011	Acidovorax avenae					Acidovorax avenae subsp. avenae (Manns 1909) Willems et al. 1992	Pseudomonas alboprecipitans	Acidovorax avenae subsp. avenae (Manns 1909) Willems et al. 1992, Pseudomonas avenae subsp. avenae Manns 1909	(Manns 1909) Willems et al. 1992	Bacteria	Yes	No	USA				Zea mays		ex A.J. Ullstrup	ICPB PA117p			1961	1958		No		WGS confirms this strain is A. avenae (NCPPB March 2025)	ATCC 19860, ICMP 3183, CCUG 15838, CFBP 2425, LMG 2117,						https://ncppb.fera.co.uk/furtherinfo/1011	
NCPPB 1012					1012	Robbsia andropogonis					Burkholderia andropogonis (Smith 1911) Gillis et al. 1995	Burkholderia andropogonis	Pseudomonas andropogonis (Smith 1911) Stapp 1928, Burkholderia adropogonis (Smith 1911) Gillis et al. 1995, Paraburkholderia andropogonis (Gillis et al. 1995) Sawana et al. 2014	Lopes-Santos et al 2017	Bacteria	No	No	USA				Zea mays			ICPB PA115	ex A.J. Ullstrup		1961	1958		No			ATCC 23062, ICMP 2808						https://ncppb.fera.co.uk/furtherinfo/1012	
NCPPB 1015					1015	Pseudomonas syringae pv. papulans					Pseudomonas syringae pv. papulans (Rose 1917) Dhanvantari 1977	Pseudomonas papulans		(Rose 1917) Dhanvantari 1977	Bacteria	No	No								ICPB PP4	ex ATCC 7389		1961			No		Exhibits ice nucleation activity	NRRL B-855						https://ncppb.fera.co.uk/furtherinfo/1015	
NCPPB 1016	SAMN44673088 	 			1016	Pseudomonas syringae pv. sesami					Pseudomonas syringae pv. sesami (Malkoff 1906) Young, Dye & Wilkie 1978	Pseudomonas  sesami		(Malkoff 1906) Young, Dye & Wilkie 1978	Bacteria	No	Yes	Yugoslavia				Sesamum sp.		D. Sutic				1961			Yes			ATCC 19879, ICMP 763, CFBP 1671						https://ncppb.fera.co.uk/furtherinfo/1016	 strain = NCPPB 1016; 
NCPPB 1017					1017	Pseudomonas syringae pv. sesami					Pseudomonas syringae pv. sesami (Malkoff 1906) Young, Dye & Wilkie 1978	Pseudomonas  sesami		(Malkoff 1906) Young, Dye & Wilkie 1978	Bacteria	No	No	Yugoslavia				Sesamum sp.		D. Sutic				1961			Yes			ATCC 19880, ICMP 764						https://ncppb.fera.co.uk/furtherinfo/1017	
NCPPB 1018					1018	Ralstonia pseudosolanacearum					Ralstonia solanacearum (Smith 1896) Yabuuchi et al. 1996	Pseudomonas solanacearum (Smith 1896) 1914	Ralstonia solanacearum (Smith 1896) Yabuuchi et al. 1996, Burkholderia solanacearum (Smith 1896) Yabuuchi et al. 1993, Pseudomonas solanacearum (Smith 1896) Smith 1914	(Smith 1896) Safni et al. 2014	Bacteria	No	No	Angola				Solanum tuberosum		M. de L. d'Oliveira				1961	1961		No		Biovar I							https://ncppb.fera.co.uk/furtherinfo/1018	
NCPPB 1019					1019	Ralstonia solanacearum					Ralstonia solanacearum (Smith 1896) Yabuuchi et al. 1996	Pseudomonas solanacearum (Smith 1896) 1914	Burkholderia solanacearum (Smith 1896) Yabuuchi et al. 1993, Pseudomonas solanacearum (Smith 1896) Smith 1914	(Smith 1896) Yabuuchi et al. 1996	Bacteria	No	No	Portugal				Solanum lycopersicum		M. de L. d'Oliveira				1961	1960		No		Biovar II.							https://ncppb.fera.co.uk/furtherinfo/1019	
NCPPB 1022					1022	Pseudomonas cichorii					Pseudomonas cichorii (Swingle 1925) Stapp 1928	Pseudomonas sp.		(Swingle 1925) Stapp 1928	Bacteria	No	No	Zimbabwe				Dahlia sp.		ex A. Rothwell MR 16851	A.C. Hayward		B514	1961	1961		Yes		LOPAT Group III. Atypical REP-PCR profile							https://ncppb.fera.co.uk/furtherinfo/1022	
NCPPB 1024					1024	Robbsia andropogonis					Burkholderia andropogonis (Smith 1911) Gillis et al. 1995	Pseudomonas stizolobii	Pseudomonas andropogonis (Smith 1911) Stapp 1928, Burkholderia adropogonis (Smith 1911) Gillis et al. 1995, Paraburkholderia andropogonis (Gillis et al. 1995) Sawana et al. 2014	Lopes-Santos et al 2017	Bacteria	No	No	Zambia				Stizolobium deeringianum		ex C. Polhill	A.C. Hayward		B520	1961	1961		No			ATCC 19309, ICMP 3995						https://ncppb.fera.co.uk/furtherinfo/1024	
NCPPB 1026					1026	Herbaspirillum rubrisubalbicans					Herbaspirillum rubrisubalbicans (Christopher and Edgerton 1930) Baldani et al. 1996	Pseudomonas rubrisubalbicans	Pseudomonas rubrisubalbicans (Christopher and Edgerton 1930) Baldani et al. 1996	(Christopher and Edgerton 1930) Baldani et al. 1996	Bacteria	No	No	Jamaica				Saccharum officinarum		A.C. Hayward B572				1961	1961		No									https://ncppb.fera.co.uk/furtherinfo/1026	
NCPPB 1027					1027	Herbaspirillum rubrisubalbicans					Herbaspirillum rubrisubalbicans (Christopher and Edgerton 1930) Baldani et al. 1996	Pseudomonas rubrisubalbicans	Pseudomonas rubrisubalbicans (Christopher and Edgerton 1930) Baldani et al. 1996	(Christopher and Edgerton 1930) Baldani et al. 1996	Bacteria	Yes	No	USA				Saccharum officinarum		A.C. Hayward B579				1961	1961		No			ATCC 19308, ICMP 5777, CFBP 1202, LMG 2286, DSMZ 9440						https://ncppb.fera.co.uk/furtherinfo/1027	
NCPPB 1029					1029	Ralstonia pseudosolanacearum					Ralstonia solanacearum (Smith 1896) Yabuuchi et al. 1996	Pseudomonas solanacearum (Smith 1896) 1914	Ralstonia solanacearum (Smith 1896) Yabuuchi et al. 1996, Burkholderia solanacearum (Smith 1896) Yabuuchi et al. 1993, Pseudomonas solanacearum (Smith 1896) Smith 1914	(Smith 1896) Safni et al. 2014	Bacteria	Yes	No	Reunion		2	NCPPB Primary Storage	Pelargonium capitatum			A.C.Hayward		B509	1961	1961		No		Biovar I.			No				https://ncppb.fera.co.uk/furtherinfo/1029	
NCPPB 1033					1033	Pseudomonas syringae pv. sesami					Pseudomonas syringae pv. sesami (Malkoff 1906) Young, Dye & Wilkie 1978	Pseudomonas  sesami		(Malkoff 1906) Young, Dye & Wilkie 1978	Bacteria	No	No	Greece				Sesamum indicum		D.G. Zachos				1961	1959		Yes			ATCC 19881, ICMP 4414						https://ncppb.fera.co.uk/furtherinfo/1033	
NCPPB 1034					1034	Pseudomonas syringae pv. mori					Pseudomonas syringae pv. mori (Boyer & Lambert 1893) Young, Dye & Wilkie 1978	Pseudomonas  mori		(Boyer & Lambert 1893) Young, Dye & Wilkie 1978	Bacteria	No	Yes	Hungary				Morus alba		Z. Klement Tol				1961	1958		Yes			ATCC 19873, ICMP 4331, LMG 5074, CFBP 1642						https://ncppb.fera.co.uk/furtherinfo/1034	
NCPPB 1037					1037	Pseudomonas syringae pv. mori					Pseudomonas syringae pv. mori (Boyer & Lambert 1893) Young, Dye & Wilkie 1978	Pseudomonas  mori		(Boyer & Lambert 1893) Young, Dye & Wilkie 1978	Bacteria	No	No	Hungary				Morus alba		Z. Klement TO6				1961	1958		Yes									https://ncppb.fera.co.uk/furtherinfo/1037	
NCPPB 1038					1038	Pseudomonas syringae					Pseudomonas syringae van Hall 1902	Pseudomonas syringae van Hall 1902		van Hall 1902	Bacteria	No	No	Brazil				Piper nigrum		C.F. Robbs ENA 1710				1961	1958		Yes		LOPAT Gp Ib (NCPPB).	ICMP 4480						https://ncppb.fera.co.uk/furtherinfo/1038	
NCPPB 1039					1039	Pseudomonas cichorii					Pseudomonas cichorii (Swingle 1925) Stapp 1928	Pseudomonas cichorii		(Swingle 1925) Stapp 1928	Bacteria	No	No	Brazil				Nicotiana tabacum		C.F. Robbs ENA-1240				1961	1958		Yes		LOPAT Group III							https://ncppb.fera.co.uk/furtherinfo/1039	
NCPPB 1041					1041	Pseudomonas syringae					Pseudomonas syringae van Hall 1902	Pseudomonas syringae van Hall 1902		van Hall 1902	Bacteria	No	No	Brazil				Piper nigrum		C.F. Robbs ENA 1700				1961	1958		Yes		LOPAT Gp Ib (NCPPB).	ICMP 4370						https://ncppb.fera.co.uk/furtherinfo/1041	
NCPPB 1049					1049	Ralstonia solanacearum					Ralstonia solanacearum (Smith 1896) Yabuuchi et al. 1996	Pseudomonas solanacearum (Smith 1896) 1914	Burkholderia solanacearum (Smith 1896) Yabuuchi et al. 1993, Pseudomonas solanacearum (Smith 1896) Smith 1914	(Smith 1896) Yabuuchi et al. 1996	Bacteria	No	No	Kenya		2	NCPPB Primary Storage	Solanum lycopersicum		A.C. Hayward B629				1961	1961		No		Biovar II			No				https://ncppb.fera.co.uk/furtherinfo/1049	
NCPPB 1052					1052	Ralstonia pseudosolanacearum					Ralstonia solanacearum (Smith 1896) Yabuuchi et al. 1996	Pseudomonas solanacearum (Smith 1896) 1914	Ralstonia solanacearum (Smith 1896) Yabuuchi et al. 1996, Burkholderia solanacearum (Smith 1896) Yabuuchi et al. 1993, Pseudomonas solanacearum (Smith 1896) Smith 1914	(Smith 1896) Safni et al. 2014	Bacteria	No	No	Malaysia		2	NCPPB Primary Storage	Zingiber officinale		A.C. Hayward B669				1961	1961		No		Biovar IV.	ICPB PS 297		No				https://ncppb.fera.co.uk/furtherinfo/1052	
NCPPB 1053					1053	Pseudomonas syringae pv. syringae					Pseudomonas syringae pv. syringae van Hall 1902	Pseudomonas syringae		van Hall 1902	Bacteria	No	No	Ethiopia		2	NCPPB Primary Storage	Pennisetum glaucum		A.C. Hayward B667				1961	1961		Yes		REP-PCR close to strains from some Rosaceae and some Gramineae mainly from Australia and NZ(cluster 53).Genomospecies 1?	ICMP 4490		No				https://ncppb.fera.co.uk/furtherinfo/1053	
NCPPB 1055					1055	Pseudomonas syringae pv. helianthi					Pseudomonas syringae pv. helianthi (Kawamura 1934) Young, Dye & Wilkie 1978	Pseudomonas helianthi		(Kawamura 1934) Young, Dye & Wilkie 1978	Bacteria	No	No	Ethiopia		2	NCPPB Primary Storage	Helianthus annuus		A.C. Hayward B664B				1961	1961		No			ICPB PH103		No				https://ncppb.fera.co.uk/furtherinfo/1055	
NCPPB 1057					1057	Pseudomonas savastanoi pv. phaseolicola					Pseudomonas syringae pv. phaseolicola ( Burkholder 1926 ) Young et al. 1976	Pseudomonas phaseolicola Burkholder 1926	Pseudomonas syringae pv. phaseolicola (Burkholder 1926) Young et al. 1978	( Burkholder 1926 ) Gardan et al. 1992	Bacteria	No	No	Ethiopia				Phaseolus vulgaris		A.C. Hayward B660				1961	1961		Yes		Race 1.							https://ncppb.fera.co.uk/furtherinfo/1057	
NCPPB 1070					1070	Pseudomonas syringae pv. syringae					Pseudomonas syringae pv. syringae van Hall 1902	Pseudomonas syringae		van Hall 1902	Bacteria	No	No	UK		2	NCPPB Primary Storage	Syringa vulgaris		E. Billing W48/3				1961	1960		Yes		REP-PCR exclusive lilac /forsythia group.Genomospecies 1?	ICMP 3476		No				https://ncppb.fera.co.uk/furtherinfo/1070	
NCPPB 1071					1071	Pseudomonas syringae pv. syringae					Pseudomonas syringae pv. syringae van Hall 1902	Pseudomonas syringae		van Hall 1902	Bacteria	No	No	UK		2	NCPPB Primary Storage	Syringa vulgaris		E. Billing W54/1				1961	1961		Yes		REP-PCR exclusive lilac /forsythia group.Genomospecies 1?	ICMP 3477		No				https://ncppb.fera.co.uk/furtherinfo/1071	
NCPPB 1074					1074	Pseudomonas syringae pv. syringae					Pseudomonas syringae pv. syringae van Hall 1902	Pseudomonas syringae		van Hall 1902	Bacteria	No	No	UK		2	NCPPB Primary Storage	Pyrus communis		E. Billing W136				1961	1959		No		Pathogenic to detached pear fruit	ICMP 4491		No				https://ncppb.fera.co.uk/furtherinfo/1074	
NCPPB 1075					1075	Pseudomonas syringae pv. syringae					Pseudomonas syringae pv. syringae van Hall 1902	Pseudomonas syringae		van Hall 1902	Bacteria	No	No	UK		2	NCPPB Primary Storage	Pyrus communis		E. Billing W155				1961	1959		No		Pathogenic to detached pear fruit			No				https://ncppb.fera.co.uk/furtherinfo/1075	
NCPPB 1076					1076	Pseudomonas syringae pv. syringae					Pseudomonas syringae pv. syringae van Hall 1902	Pseudomonas syringae		van Hall 1902	Bacteria	No	No	UK		2	NCPPB Primary Storage	Pyrus communis		E. Billing W173				1961	1959		No		Pathogenic to detached pear fruit			No				https://ncppb.fera.co.uk/furtherinfo/1076	
NCPPB 1077					1077	Pseudomonas syringae pv. syringae					Pseudomonas syringae pv. syringae van Hall 1902	Pseudomonas syringae		van Hall 1902	Bacteria	No	No	UK		2	NCPPB Primary Storage	Pyrus communis		E. Billing W278				1961	1959		No		Pathogenic to detached pear fruit.REP-PCR group from apple and pear(cluster 56)Genomospecies 1?			No				https://ncppb.fera.co.uk/furtherinfo/1077	
NCPPB 1078					1078	Pseudomonas syringae pv. syringae					Pseudomonas syringae pv. syringae van Hall 1902	Pseudomonas syringae		van Hall 1902	Bacteria	No	No	UK		2	NCPPB Primary Storage	Pyrus communis		E. Billing W211				1961	1959		No		Pathogenic to detached pear fruit			No				https://ncppb.fera.co.uk/furtherinfo/1078	
NCPPB 1080					1080	Pseudomonas viridiflava					Pseudomonas viridiflava (Burkholder 1930) Dowson 1939	Pseudomonas sp.		(Burkholder 1930) Dowson 1939	Bacteria	No	No	UK		2	NCPPB Primary Storage	Pyrus communis		E. Billing W49				1961	1960		Yes		LOPAT Group II. REP-PCR cluster 82			No				https://ncppb.fera.co.uk/furtherinfo/1080	
NCPPB 1081					1081	Pseudomonas syringae pv. syringae					Pseudomonas syringae pv. syringae van Hall 1902	Pseudomonas syringae		van Hall 1902	Bacteria	No	No	UK		2	NCPPB Primary Storage	Pyrus communis		E. Billing W83				1961	1960		No		Pathogenic to detached pear fruit			No				https://ncppb.fera.co.uk/furtherinfo/1081	
NCPPB 1085					1085	Pseudomonas syringae pv. syringae					Pseudomonas syringae pv. syringae van Hall 1902	Pseudomonas syringae		van Hall 1902	Bacteria	No	No	New Zealand		2	NCPPB Primary Storage	Pyrus communis		ex D.W. Dye P148	E. Billing		Z148	1961	1953		No		Pathogenic to detached pear fruit.REP-PCR close to strains from apple , pear &willow(cluster 44)Genomospecies 1?	ICMP 455, CFBP P5135, ATCC 13393		No				https://ncppb.fera.co.uk/furtherinfo/1085	
NCPPB 1086					1086	Pseudomonas syringae pv. syringae					Pseudomonas syringae pv. syringae van Hall 1902	Pseudomonas syringae		van Hall 1902	Bacteria	No	No	New Zealand		2	NCPPB Primary Storage	Malus sylvestris		ex D.W. Dye P161	E. Billing	ex N. Schefferle	Z161	1961			No		REP-PCR unique?			No				https://ncppb.fera.co.uk/furtherinfo/1086	
NCPPB 1087					1087	Pseudomonas syringae pv. syringae					Pseudomonas syringae pv. syringae van Hall 1902	Pseudomonas syringae		van Hall 1902	Bacteria	No	No	Hungary		2	NCPPB Primary Storage	Prunus avium		ex Z. Klement Abl	E. Billing			1961	1958-59		Yes		REP-PCR group of strains from Rosaceae Willows and Poplar(cluster 21/22).Genomospecies 2?	ICMP 3683		No				https://ncppb.fera.co.uk/furtherinfo/1087	
NCPPB 1089					1089	Pseudomonas syringae pv. syringae					Pseudomonas syringae pv. syringae van Hall 1902	Pseudomonas syringae		van Hall 1902	Bacteria	No	No	Hungary		2	NCPPB Primary Storage	Prunus avium		ex Z. Klement AB3	E. Billing		KAB3	1961	1958-59		Yes			ICMP 3026		No				https://ncppb.fera.co.uk/furtherinfo/1089	
NCPPB 1091					1091	Pseudomonas syringae pv. syringae					Pseudomonas syringae pv. syringae van Hall 1902	Pseudomonas syringae		van Hall 1902	Bacteria	No	No	New Zealand		2	NCPPB Primary Storage	Prunus persica		ex D.W. Dye P32	E. Billing	ex N. Schefferle	Z32	1961			No		REP-PCR close to strains from some Rosaceae and some Gramineae mainly from Australia and NZ(cluster 53).Genomospecies 1?	ICMP 3687		No				https://ncppb.fera.co.uk/furtherinfo/1091	
NCPPB 1092					1092	Pseudomonas syringae pv. syringae					Pseudomonas syringae pv. syringae van Hall 1902	Pseudomonas syringae		van Hall 1902	Bacteria	No	No	New Zealand		2	NCPPB Primary Storage	Prunus armeniaca		ex D.W. Dye P40	E. Billing		Z40	1961	1951		Yes			ICMP 3686		No				https://ncppb.fera.co.uk/furtherinfo/1092	
NCPPB 1093					1093	Pseudomonas syringae pv. syringae					Pseudomonas syringae pv. syringae van Hall 1902	Pseudomonas syringae		van Hall 1902	Bacteria	No	No	New Zealand		2	NCPPB Primary Storage	Prunus armeniaca		ex D.W. Dye P125	E. Billing		Z125	1961	1951		Yes		REP-PCR close to strains from some Rosaceae and some Gramineae mainly from Australia and NZ(cluster 53).Genomospecies 1?	ICMP 462		No				https://ncppb.fera.co.uk/furtherinfo/1093	
NCPPB 1096	SAMN42036866 	 		PSE_AA6408AA 	1096	Pseudomonas syringae pv. lachrymans					Pseudomonas syringae pv. lachrymans (Smith & Bryan 1915) Young, Dye & Wilkie 1978	Pseudomonas lachrymans		(Smith & Bryan 1915) Young, Dye & Wilkie 1978	Bacteria	No	No	Hungary		2	NCPPB Primary Storage	Cucumis sativus		ex Z. Klement RO2	E. Billing		KR02	1961	1957		Yes					No				https://ncppb.fera.co.uk/furtherinfo/1096	 title = NCPPB1096-draft; 
NCPPB 1099					1099	Pseudomonas savastanoi pv. phaseolicola					Pseudomonas syringae pv. phaseolicola ( Burkholder 1926 ) Young et al. 1976	Pseudomonas phaseolicola Burkholder 1926	Pseudomonas syringae pv. phaseolicola (Burkholder 1926) Young et al. 1978	( Burkholder 1926 ) Gardan et al. 1992	Bacteria	No	No	New Zealand		2	NCPPB Primary Storage	Phaseolus vulgaris		ex D.W. Dye PQ15	E. Billing	ex N. Schefferle	ZJ3	1961			Yes					No				https://ncppb.fera.co.uk/furtherinfo/1099	
NCPPB 1103					1103	Pseudomonas savastanoi pv. phaseolicola					Pseudomonas syringae pv. phaseolicola ( Burkholder 1926 ) Young et al. 1976	Pseudomonas phaseolicola Burkholder 1926	Pseudomonas syringae pv. phaseolicola (Burkholder 1926) Young et al. 1978	( Burkholder 1926 ) Gardan et al. 1992	Bacteria	No	No	Hungary		2	NCPPB Primary Storage	Phaseolus vulgaris.		ex Z. Klement E1356	E. Billing		KE1356	1961	1956		Yes		Race 1			No				https://ncppb.fera.co.uk/furtherinfo/1103	
NCPPB 1106	SAMN02420326 	 			1106	Pseudomonas syringae pv. tomato					Pseudomonas syringae pv. tomato (Okabe 1933) Young, Dye and Wilkie 1978	Pseudomonas tomato		(Okabe 1933) Young, Dye and Wilkie 1978	Bacteria	No	Yes	UK. (Guernsey)		2	NCPPB Primary Storage	Solanum lycopersicum		R.A. Lelliott T44				1961	1960		Yes			ICMP 2844, CFBP 2212, LMG 5093		No				https://ncppb.fera.co.uk/furtherinfo/1106	 title = Pseudomonas syringae pv. tomato NCPPB1106; strain = NCPPB1106; 
NCPPB 1107					1107	Pseudomonas syringae pv. tomato					Pseudomonas syringae pv. tomato (Okabe 1933) Young, Dye and Wilkie 1978	Pseudomonas tomato		(Okabe 1933) Young, Dye and Wilkie 1978	Bacteria	No	No	UK. (Guernsey)		2	NCPPB Primary Storage	Solanum lycopersicum		R.A. Lelliott T74				1961	1960		Yes					No				https://ncppb.fera.co.uk/furtherinfo/1107	
NCPPB 1115					1115	Ralstonia solanacearum					Ralstonia solanacearum (Smith 1896) Yabuuchi et al. 1996	Pseudomonas solanacearum (Smith 1896) 1914	Burkholderia solanacearum (Smith 1896) Yabuuchi et al. 1993, Pseudomonas solanacearum (Smith 1896) Smith 1914	(Smith 1896) Yabuuchi et al. 1996	Bacteria	No	No	Egypt		2	NCPPB Primary Storage	Solanum tuberosum		R.A. Lelliott VI				1962	1961		No		Biovar II.			No				https://ncppb.fera.co.uk/furtherinfo/1115	
NCPPB 1116					1116	Pseudomonas tolaasii					Pseudomonas tolaasii Paine 1919	Pseudomonas tolaasii		Paine 1919	Bacteria	No	No	UK		2	NCPPB Primary Storage	Agaricus bisporus		L.A.E. Baker P104				1962	1961		Yes		WGS confirms this is P. tolaasii. LOPAT Group V			No				https://ncppb.fera.co.uk/furtherinfo/1116	
NCPPB 1118					1118	Acidovorax avenae					Acidovorax avenae subsp. avenae (Manns 1909) Willems et al. 1992	Pseudomonas rubrilineans	Acidovorax avenae subsp. avenae (Manns 1909) Willems et al. 1992, Pseudomonas avenae subsp. avenae Manns 1909	(Manns 1909) Willems et al. 1992	Bacteria	No	No	India		2	NCPPB Primary Storage	Saccharum officinarum		ex G. Rangaswami	A.C. Hayward		B827	1962	1961		Yes		WGS confirms this strain is A. avenae (NCPPB March 2025). WGS (NCPPB May 2025) places this organism in a clade of other A. avenae strains mostly isolated from Saccharum officinarum, but not the type strain or A. sacchari.			No				https://ncppb.fera.co.uk/furtherinfo/1118	
NCPPB 1123					1123	Ralstonia pseudosolanacearum					Ralstonia solanacearum (Smith 1896) Yabuuchi et al. 1996	Pseudomonas solanacearum (Smith 1896) 1914	Ralstonia solanacearum (Smith 1896) Yabuuchi et al. 1996, Burkholderia solanacearum (Smith 1896) Yabuuchi et al. 1993, Pseudomonas solanacearum (Smith 1896) Smith 1914	(Smith 1896) Safni et al. 2014	Bacteria	No	No	Papua New Guinea		2	NCPPB Primary Storage	Solanum lycopersicum		ex D. Shaw 3363	A.C. Hayward		B786A	1962	1961		No		Biovar IV			No				https://ncppb.fera.co.uk/furtherinfo/1123	
NCPPB 1127					1127	Robbsia andropogonis					Burkholderia andropogonis (Smith 1911) Gillis et al. 1995	Pseudomonas stizolobii	Pseudomonas andropogonis (Smith 1911) Stapp 1928, Burkholderia adropogonis (Smith 1911) Gillis et al. 1995, Paraburkholderia andropogonis (Gillis et al. 1995) Sawana et al. 2014	Lopes-Santos et al 2017	Bacteria	No	No	Zimbabwe		2	NCPPB Primary Storage	Bougainvillea sp.		ex A. Rothwell MR 17197	A.C. Hayward		B783	1962	1961		Yes		Cross reacts with Ralstonia solanacearum polyclonal antisera	SMT 53		No				https://ncppb.fera.co.uk/furtherinfo/1127	
NCPPB 1130					1130	Robbsia andropogonis					Burkholderia andropogonis (Smith 1911) Gillis et al. 1995	Pseudomonas stizolobii	Pseudomonas andropogonis (Smith 1911) Stapp 1928, Burkholderia adropogonis (Smith 1911) Gillis et al. 1995, Paraburkholderia andropogonis (Gillis et al. 1995) Sawana et al. 2014	Lopes-Santos et al 2017	Bacteria	No	No	Zimbabwe		2	NCPPB Primary Storage	Bougainvillea sp.		A.C. Hayward B806				1962	1961		Yes					No				https://ncppb.fera.co.uk/furtherinfo/1130	
NCPPB 1134					1134	Pseudomonas savastanoi pv. glycinea					Pseudomonas savastanoi pv. glycinea ( Coerper 1919 ) Gardan et al. 1992	Pseudomonas glycinea Coerper 1919	Pseudomonas syringae pv. glycinea (Coerper 1919) Young et al.1976	( Coerper 1919 ) Gardan et al. 1992	Bacteria	No	No	Zimbabwe		2	NCPPB Primary Storage	Glycine javanica		A.C. Hayward B792A		.		1962	1961		No					No				https://ncppb.fera.co.uk/furtherinfo/1134	
NCPPB 1137					1137	Pseudomonas savastanoi pv. glycinea					Pseudomonas savastanoi pv. glycinea ( Coerper 1919 ) Gardan et al. 1992	Pseudomonas glycinea Coerper 1919	Pseudomonas syringae pv. glycinea (Coerper 1919) Young et al.1976	( Coerper 1919 ) Gardan et al. 1992	Bacteria	No	No	Zimbabwe		2	NCPPB Primary Storage	Glycine javanica		ex A. Rothwell MR17241	A.C. Hayward		B811	1962	1961		No					No				https://ncppb.fera.co.uk/furtherinfo/1137	
NCPPB 1139					1139	Pseudomonas savastanoi pv. glycinea					Pseudomonas savastanoi pv. glycinea ( Coerper 1919 ) Gardan et al. 1992	Pseudomonas glycinea Coerper 1919	Pseudomonas syringae pv. glycinea (Coerper 1919) Young et al.1976	( Coerper 1919 ) Gardan et al. 1992	Bacteria	No	No	Zimbabwe		2	NCPPB Primary Storage	Glycine javanica		A.C. Hayward B809B				1962	1961		No					No				https://ncppb.fera.co.uk/furtherinfo/1139	
NCPPB 1140					1140	Ralstonia pseudosolanacearum					Ralstonia solanacearum (Smith 1896) Yabuuchi et al. 1996	Pseudomonas solanacearum (Smith 1896) 1914	Ralstonia solanacearum (Smith 1896) Yabuuchi et al. 1996, Burkholderia solanacearum (Smith 1896) Yabuuchi et al. 1993, Pseudomonas solanacearum (Smith 1896) Smith 1914	(Smith 1896) Safni et al. 2014	Bacteria	No	No	Papua New Guinea		2	NCPPB Primary Storage	Solanum lycopersicum		A.C. Hayward B788				1962	1961		No		Biovar III. Phylotype I (NCPPB May 2021)			No				https://ncppb.fera.co.uk/furtherinfo/1140	
NCPPB 1162					1162	Pseudomonas cannabina pv. cannabina					Pseudomonas cannabina (ex Sutic & Dowson 1959) Gardan et al. 1999	Pseudomonas cannabina Sutic & Dowson 1959	Pseudomonas syringae pv. cannabina (Sutic & Dowson 1959) Young, Dye & Wilkie 1978	(ex uti? & Dowson 1959) Gardan et al. 1999 emend. Bull et al. 2010	Bacteria	No	No	Yugoslavia		2	NCPPB Primary Storage	Cannabis sativa		D.S. Sutic				1962	1958		No					No				https://ncppb.fera.co.uk/furtherinfo/1162	
NCPPB 1187					1187	Pseudomonas grimontii					Pseudomonas marginalis pv. marginalis (Brown 1918) Stevens 1925	Pseudomonas sp.	Pseudomonas grimontii Baïda et al. 2002	(Brown 1918) Stevens 1925	Bacteria	No	No	UK		2	NCPPB Primary Storage	Solanum tuberosum		A.M. Paton M42				1962			No		Whole genome sequencing places this strain in P. grimontii (NCPPB July 2023)	ICPB PM172		No				https://ncppb.fera.co.uk/furtherinfo/1187	
NCPPB 1205					1205	Pseudomonas syringae pv. syringae					Pseudomonas syringae pv. syringae van Hall 1902	Pseudomonas sp.		van Hall 1902	Bacteria	No	No	UK		2	NCPPB Primary Storage	Syringa vulgaris		A.M. Paton M82				1962			Yes		REP-PCR exclusive lilac /forsythia group.Genomospecies 1?	ICMP 3478		No				https://ncppb.fera.co.uk/furtherinfo/1205	
NCPPB 1213					1213	Pseudomonas syringae pv. sesami					Pseudomonas syringae pv. sesami (Malkoff 1906) Young, Dye & Wilkie 1978	Pseudomonas  sesami		(Malkoff 1906) Young, Dye & Wilkie 1978	Bacteria	No	No			2	NCPPB Primary Storage	Sesamum indicum			W.J. Dowson	ex C.A. Thomas V25		1962			Yes					No				https://ncppb.fera.co.uk/furtherinfo/1213	
NCPPB 1214					1214	Pseudomonas syringae pv. sesami					Pseudomonas syringae pv. sesami (Malkoff 1906) Young, Dye & Wilkie 1978	Pseudomonas  sesami		(Malkoff 1906) Young, Dye & Wilkie 1978	Bacteria	No	No			2	NCPPB Primary Storage	Sesamum indicum			W.J. Dowson	ex C.A. Thomas MI		1962			No					No				https://ncppb.fera.co.uk/furtherinfo/1214	
NCPPB 1224					1224	Pseudomonas aeruginosa					Pseudomonas aeruginosa (Schroeter 1872) Migula 1900	Pseudomonas polycolor		(Schroeter 1872) Migula 1900	Bacteria	No	No	Puerto Rico		2	NCPPB Primary Storage	Aglaonema commutatum		ex A.C. Monllor	J.E. Perez		PR129B	1962	1961		No					No				https://ncppb.fera.co.uk/furtherinfo/1224	
NCPPB 1225					1225	Ralstonia solanacearum					Ralstonia solanacearum (Smith 1896) Yabuuchi et al. 1996	Pseudomonas solanacearum (Smith 1896) 1914	Burkholderia solanacearum (Smith 1896) Yabuuchi et al. 1993, Pseudomonas solanacearum (Smith 1896) Smith 1914	(Smith 1896) Yabuuchi et al. 1996	Bacteria	No	No	Puerto Rico		2	NCPPB Primary Storage	Solanum lycopersicum		ex A.C. Monllor	J.E. Perez		PR65	1962	1958		Yes		Biovar I.			No				https://ncppb.fera.co.uk/furtherinfo/1225	
NCPPB 1226					1226	Ralstonia solanacearum					Ralstonia solanacearum (Smith 1896) Yabuuchi et al. 1996	Pseudomonas solanacearum (Smith 1896) 1914	Burkholderia solanacearum (Smith 1896) Yabuuchi et al. 1993, Pseudomonas solanacearum (Smith 1896) Smith 1914	(Smith 1896) Yabuuchi et al. 1996	Bacteria	No	No	Puerto Rico		2	NCPPB Primary Storage	Solanum lycopersicum		ex A.C. Monllor	J.E. Perez		PR69	1962	1958		No		Biovar I.			No				https://ncppb.fera.co.uk/furtherinfo/1226	
NCPPB 1229					1229	Pseudomonas syringae pv. helianthi					Pseudomonas syringae pv. helianthi (Kawamura 1934) Young, Dye & Wilkie 1978	Pseudomonas helianthi		(Kawamura 1934) Young, Dye & Wilkie 1978	Bacteria	No	No	Zambia		2	NCPPB Primary Storage	Helianthus annuus.		A.C. Hayward B879A				1962	1962		No					No				https://ncppb.fera.co.uk/furtherinfo/1229	
NCPPB 1232					1232	Pseudomonas sp.					Pseudomonas marginalis pv. marginalis (Brown 1918) Stevens 1925	Pseudomonas sp.	Pseudomonas sp. Migula 1894	(Brown 1918) Stevens 1925	Bacteria	No	No	Uganda		2	NCPPB Primary Storage	Musa sp.		A.C. Hayward B853				1962	1962		Yes		LOPAT Gp IVb (NCPPB) | Whole genome sequencing indicates this strain is not P. marginalis (NCPPB July 2023)			No				https://ncppb.fera.co.uk/furtherinfo/1232	
NCPPB 1233					1233	Pseudomonas syringae pv. tabaci					Pseudomonas syringae pv. tabaci (Wolf & Foster 1917) Young, Dye and Wilkie 1978	Pseudomonas  tabaci		(Wolf & Foster 1917) Young, Dye and Wilkie 1978	Bacteria	No	No	Zambia		2	NCPPB Primary Storage	Nicotiana tabacum		A.C. Hayward B873A				1962	1962		No		Non-levan (NCPPB).			No				https://ncppb.fera.co.uk/furtherinfo/1233	
NCPPB 1234					1234	Pseudomonas syringae pv. tabaci					Pseudomonas syringae pv. tabaci (Wolf & Foster 1917) Young, Dye and Wilkie 1978	Pseudomonas  tabaci		(Wolf & Foster 1917) Young, Dye and Wilkie 1978	Bacteria	No	No	Zambia		2	NCPPB Primary Storage	Nicotiana tabacum		A.C. Hayward B875				1962	1962		No					No				https://ncppb.fera.co.uk/furtherinfo/1234	
NCPPB 1237					1237	Pseudomonas syringae pv. tabaci					Pseudomonas syringae pv. tabaci (Wolf & Foster 1917) Young, Dye and Wilkie 1978	P. angulata		(Wolf & Foster 1917) Young, Dye and Wilkie 1978	Bacteria	No	No	Malawi		2	NCPPB Primary Storage	Nicotiana tabacum		A.C. Hayward B931				1962	1962		No			ICPB PA130		No				https://ncppb.fera.co.uk/furtherinfo/1237	
NCPPB 1238					1238	Pseudomonas syringae pv. tabaci					Pseudomonas syringae pv. tabaci (Wolf & Foster 1917) Young, Dye and Wilkie 1978	P. angulata.		(Wolf & Foster 1917) Young, Dye and Wilkie 1978	Bacteria	No	No	Malawi		2	NCPPB Primary Storage	Nicotiana tabacum		A.C. Hayward B934				1962	1962		No			ICPB PA131		No				https://ncppb.fera.co.uk/furtherinfo/1238	
NCPPB 1239					1239	Pseudomonas syringae					Pseudomonas syringae van Hall 1902	Pseudomonas syringae van Hall 1902		van Hall 1902	Bacteria	No	No	Kenya		2	NCPPB Primary Storage	Phaseolus lunatus		A.C. Hayward B958A				1962	1962		Yes		LOPAT Gp Ib (NCPPB).			No				https://ncppb.fera.co.uk/furtherinfo/1239	
NCPPB 1240					1240	Pseudomonas syringae					Pseudomonas syringae van Hall 1902	Pseudomonas syringae van Hall 1902		van Hall 1902	Bacteria	No	No	Zambia		2	NCPPB Primary Storage	Hibiscus rosasinensis		A.C. Hayward B975				1962	1962		No		LOPAT Gp Ib (NCPPB).			No				https://ncppb.fera.co.uk/furtherinfo/1240	
NCPPB 1242					1242	Pseudomonas syringae pv. syringae					Pseudomonas syringae pv. syringae van Hall 1902	Pseudomonas syringae		van Hall 1902	Bacteria	No	No	Australia		2	NCPPB Primary Storage	Panicum miliaceum		A.C. Hayward B997				1962	1962		Yes		REP-PCR close to strains from some Rosaceae and some Gramineae mainly from Australia and NZ(cluster 53).Genomospecies 1?	ICMP 4860		No				https://ncppb.fera.co.uk/furtherinfo/1242	
NCPPB 1243					1243	Herbaspirillum rubrisubalbicans					Herbaspirillum rubrisubalbicans (Christopher and Edgerton 1930) Baldani et al. 1996	Pseudomonas rubrisubalbicans	Pseudomonas rubrisubalbicans (Christopher and Edgerton 1930) Baldani et al. 1996	(Christopher and Edgerton 1930) Baldani et al. 1996	Bacteria	No	No	Sri Lanka		2	NCPPB Primary Storage	Saccharum officinarum		A.C. Hayward B1011				1962	1962		No					No				https://ncppb.fera.co.uk/furtherinfo/1243	
NCPPB 1245					1245	Pseudomonas savastanoi pv. glycinea					Pseudomonas savastanoi pv. glycinea ( Coerper 1919 ) Gardan et al. 1992	Pseudomonas glycinea Coerper 1919	Pseudomonas syringae pv. glycinea (Coerper 1919) Young et al.1976	( Coerper 1919 ) Gardan et al. 1992	Bacteria	No	No	Canada		2	NCPPB Primary Storage	Glycine max			W.A.F. Hagborg		1659	1962	1943		Yes			ICPB PG107		No				https://ncppb.fera.co.uk/furtherinfo/1245	
NCPPB 1248					1248	Pseudomonas viridiflava					Pseudomonas viridiflava (Burkholder 1930) Dowson 1939	Pseudomonas sp.		(Burkholder 1930) Dowson 1939	Bacteria	No	No	UK		2	NCPPB Primary Storage	Chrysanthemum morifolium		ex M.A. Edwards	E. Billing		SC2	1962			No		LOPAT Group II. REP-PCR cluster 88			No				https://ncppb.fera.co.uk/furtherinfo/1248	
NCPPB 1250					1250	Pseudomonas viridiflava					Pseudomonas viridiflava (Burkholder 1930) Dowson 1939	Pseudomonas sp.		(Burkholder 1930) Dowson 1939	Bacteria	No	No	UK		2	NCPPB Primary Storage	Petroselinum crispum		E. Billing P48				1962			No		LOPAT Group II. REP-PCR cluster 81			No				https://ncppb.fera.co.uk/furtherinfo/1250	
NCPPB 1252					1252	Pseudomonas viridiflava					Pseudomonas viridiflava (Burkholder 1930) Dowson 1939	Pseudomonas sp.		(Burkholder 1930) Dowson 1939	Bacteria	No	No	UK		2	NCPPB Primary Storage	Pyrus communis		E. Billing W99				1962	1960		No		LOPAT Group II; Atypical REP-PCR profile			No				https://ncppb.fera.co.uk/furtherinfo/1252	
NCPPB 1253					1253	Pseudomonas syringae pv. coronafaciens					Pseudomonas syringae pv. coronafaciens (Elliott 1920) Young, Dye & Wilkie 1978	Pseudomonas. coronafaciens		(Elliott 1920) Young, Dye & Wilkie 1978	Bacteria	No	No	UK		2	NCPPB Primary Storage	Avena sativa		E. Billing W63				1962			No			ICPB PC132		No				https://ncppb.fera.co.uk/furtherinfo/1253	
NCPPB 1254					1254	Pseudomonas syringae pv. delphinii					Pseudomonas syringae pv. delphinii (Smith 1904) Young, Dye & Wilkie 1978	Pseudomonas sp.		(Smith 1904) Young, Dye & Wilkie 1978	Bacteria	No	No	UK		2	NCPPB Primary Storage	Delphinium elatum		E. Billing				1962	1962		No		LOPAT Group Ib			No				https://ncppb.fera.co.uk/furtherinfo/1254	
NCPPB 1259					1259	Pseudomonas syringae pv. syringae					Pseudomonas syringae pv. syringae van Hall 1902	Pseudomonas syringae		van Hall 1902	Bacteria	No	No	UK		2	NCPPB Primary Storage	Pyrus communis		L.A.E. Baker 413				1962	1962		No		Pathogenic to detached pear fruit	ICMP 5079		No				https://ncppb.fera.co.uk/furtherinfo/1259	
NCPPB 1260					1260	Pseudomonas syringae pv. syringae					Pseudomonas syringae pv. syringae van Hall 1902	Pseudomonas syringae		van Hall 1902	Bacteria	No	No	UK		2	NCPPB Primary Storage	Pyrus communis		L.A.E. Baker 417				1962	1962		No		Pathogenic to detached pear fruit			No				https://ncppb.fera.co.uk/furtherinfo/1260	
NCPPB 1271					1271	Pseudomonas savastanoi pv. glycinea					Pseudomonas savastanoi pv. glycinea ( Coerper 1919 ) Gardan et al. 1992	Pseudomonas glycinea Coerper 1919	Pseudomonas syringae pv. glycinea (Coerper 1919) Young et al.1976	( Coerper 1919 ) Gardan et al. 1992	Bacteria	No	No			2	NCPPB Primary Storage	Glycine max		ex W.A.F. Hagborg 1636	NCIB 8613			1962			No			NCIB 8613, ICPB PG106		No				https://ncppb.fera.co.uk/furtherinfo/1271	
NCPPB 1273					1273	Pseudomonas syringae					Pseudomonas syringae van Hall 1902	Pseudomonas syringae van Hall 1902		van Hall 1902	Bacteria	No	No	UK		2	NCPPB Primary Storage	Magnolia soulangeana		R.A.Lelliott ex M.K.Sharp				1962	1962		No					No				https://ncppb.fera.co.uk/furtherinfo/1273	
NCPPB 1283					1283	Pseudomonas syringae pv. syringae					Pseudomonas syringae pv. syringae van Hall 1902	Pseudomonas syringae		van Hall 1902	Bacteria	No	No	UK		2	NCPPB Primary Storage	Pyrus communis		G.E. Jones73				1962	1959		No					No				https://ncppb.fera.co.uk/furtherinfo/1283	
NCPPB 1285					1285	Pseudomonas syringae pv. syringae					Pseudomonas syringae pv. syringae van Hall 1902	Pseudomonas syringae		van Hall 1902	Bacteria	No	No	UK		2	NCPPB Primary Storage	Pyrus communis		G.E. Jones 75				1962	1959		No					No				https://ncppb.fera.co.uk/furtherinfo/1285	
NCPPB 1292					1292	Pseudomonas syringae pv. syringae					Pseudomonas syringae pv. syringae van Hall 1902	Pseudomonas syringae		van Hall 1902	Bacteria	No	No	UK		2	NCPPB Primary Storage	Prunus domestica		G.E. Jones 82				1962	1959		No			ICMP 3689		No				https://ncppb.fera.co.uk/furtherinfo/1292	
NCPPB 1294					1294	Pseudomonas syringae pv. syringae					Pseudomonas syringae pv. syringae van Hall 1902	Pseudomonas syringae		van Hall 1902	Bacteria	No	No	UK		2	NCPPB Primary Storage	Pyrus communis		G.E. Jones 84				1962	1959		No					No				https://ncppb.fera.co.uk/furtherinfo/1294	
NCPPB 1295					1295	Pseudomonas syringae pv. syringae					Pseudomonas syringae pv. syringae van Hall 1902	Pseudomonas syringae		van Hall 1902	Bacteria	No	No	UK		2	NCPPB Primary Storage	Pyrus communis		G.E. Jones 86				1962	1959		No		REP-PCR group from apple and pear(cluster 56)Genomospecies 1?			No				https://ncppb.fera.co.uk/furtherinfo/1295	
NCPPB 1296					1296	Pseudomonas syringae pv. syringae					Pseudomonas syringae pv. syringae van Hall 1902	Pseudomonas syringae		van Hall 1902	Bacteria	No	No	UK		2	NCPPB Primary Storage	Crataegus sp.		G.E. Jones 87				1962	1961		No		REP-PCR group of strains from Rosaceae Willows and Poplar(cluster 21/22).Genomospecies 2?	ICMP 4377		No				https://ncppb.fera.co.uk/furtherinfo/1296	
NCPPB 1304					1304	Pseudomonas syringae pv. syringae					Pseudomonas syringae pv. syringae van Hall 1902	Pseudomonas syringae		van Hall 1902	Bacteria	No	No	UK		2	NCPPB Primary Storage	Malus sylvestris		G.E. Jones  189				1962	1960		No		REP-PCR close to pv.aptata.Genomospecies 1?			No				https://ncppb.fera.co.uk/furtherinfo/1304	
NCPPB 1306					1306	Pseudomonas sp.					Pseudomonas marginalis pv. marginalis (Brown 1918) Stevens 1925	P. syringae.	Pseudomonas sp. Migula 1894	(Brown 1918) Stevens 1925	Bacteria	No	No	UK		2	NCPPB Primary Storage	Populus sp.		G.E. Jones 299				1962	1961		No		Whole genome sequencing indicates this strain is not P. marginalis (NCPPB July 2023)			No				https://ncppb.fera.co.uk/furtherinfo/1306	
NCPPB 1307					1307	Pseudomonas sp.					Pseudomonas marginalis pv. marginalis (Brown 1918) Stevens 1925	P. syringae.	Pseudomonas sp. Migula 1894	(Brown 1918) Stevens 1925	Bacteria	No	No	UK		2	NCPPB Primary Storage	Populus sp.		G.E. Jones 300				1962	1961		No		LOPAT Gp IVb. - Whole genome sequencing indicates this strain is not P. marginalis (NCPPB July 2023)			No				https://ncppb.fera.co.uk/furtherinfo/1307	
NCPPB 1311					1311	Pseudomonas sp.					Pseudomonas tolaasii Paine 1919	Pseudomonas tolaasii	Pseudomonas tolaasii Paine 1919	Migula 1894	Bacteria	No	No	UK		2	NCPPB Primary Storage	Agaricus bisporus		G.E. Jones 341				1962	1962		Yes		This strain was thought to be P. tolaasii but our WGS studies show that it is closer to P. edaphica. LOPAT Group V			No				https://ncppb.fera.co.uk/furtherinfo/1311	
NCPPB 1315					1315	Pseudomonas syringae pv. syringae					Pseudomonas syringae pv. syringae van Hall 1902	Pseudomonas syringae		van Hall 1902	Bacteria	No	No	UK		2	NCPPB Primary Storage	Pyracantha sp.		G.E. Jones 350				1962	1962		No		REP-PCR same as 2434 from USA oleander			No				https://ncppb.fera.co.uk/furtherinfo/1315	
NCPPB 1316					1316	Pseudomonas syringae					Pseudomonas syringae van Hall 1902	Pseudomonas syringae van Hall 1902		van Hall 1902	Bacteria	No	No	UK		2	NCPPB Primary Storage	Crataegus sp. (hawthorn)		G.E. Jones 278				1962	1960		No		LOPAT ----+. (Not pathogenic).			No				https://ncppb.fera.co.uk/furtherinfo/1316	
NCPPB 1319					1319	Pseudomonas petroselini					Pseudomonas marginalis (Brown 1918) Stevens 1925	Pseudomonas sp. (not pathogenic)	Pseudomonas petroselini Sawada et al. 2022	(Brown 1918) Stevens 1925	Bacteria	No	No	UK		2	NCPPB Primary Storage	Crataegus sp. (hawthorn)		G.E. Jones W20				1962	1960		No		Fatty acids typical of Pseudomonas sp.LOPAT IVa.Associated with plant material; not known to be pathogenic. - Whole genome sequencing places this strain in P. petroselini (NCPPB July 2023)			No				https://ncppb.fera.co.uk/furtherinfo/1319	
NCPPB 1320					1320	Pseudomonas savastanoi pv. phaseolicola					Pseudomonas syringae pv. phaseolicola ( Burkholder 1926 ) Young et al. 1976	Pseudomonas phaseolicola Burkholder 1926	Pseudomonas syringae pv. phaseolicola (Burkholder 1926) Young et al. 1978	( Burkholder 1926 ) Gardan et al. 1992	Bacteria	No	No	UK		2	NCPPB Primary Storage	Phaseolus coccineus		G.E. Jones 279				1962	1960		No					No				https://ncppb.fera.co.uk/furtherinfo/1320	
NCPPB 1321					1321	Pseudomonas savastanoi pv. phaseolicola					Pseudomonas syringae pv. phaseolicola ( Burkholder 1926 ) Young et al. 1976	Pseudomonas phaseolicola Burkholder 1926	Pseudomonas syringae pv. phaseolicola (Burkholder 1926) Young et al. 1978	( Burkholder 1926 ) Gardan et al. 1992	Bacteria	No	No	UK		2	NCPPB Primary Storage	Phaseolus vulgaris		G.E. Jones 331				1962	1961		Yes		Race 2			No				https://ncppb.fera.co.uk/furtherinfo/1321	
NCPPB 1323					1323	Ralstonia solanacearum					Ralstonia solanacearum (Smith 1896) Yabuuchi et al. 1996	Pseudomonas solanacearum (Smith 1896) 1914	Burkholderia solanacearum (Smith 1896) Yabuuchi et al. 1993, Pseudomonas solanacearum (Smith 1896) Smith 1914	(Smith 1896) Yabuuchi et al. 1996	Bacteria	No	No	Sri Lanka		2	NCPPB Primary Storage	Solanum tuberosum		A.C. Hayward B1114				1962	1962		Yes		Biovar II.			No				https://ncppb.fera.co.uk/furtherinfo/1323	
NCPPB 1327					1327	Pseudomonas syringae pv. coronafaciens					Pseudomonas syringae pv. coronafaciens (Elliott 1920) Young, Dye & Wilkie 1978	Pseudomonas. coronafaciens		(Elliott 1920) Young, Dye & Wilkie 1978	Bacteria	No	No	Canada		2	NCPPB Primary Storage	Secale cereale		A.C. Hayward B1129				1962	1962		No					No				https://ncppb.fera.co.uk/furtherinfo/1327	
NCPPB 1328					1328	Pseudomonas syringae pv. atropurpurea					Pseudomonas syringae pv. atropurpurea (Reddy & Godkin 1923) Young, Dye & Wilkie 1978	Pseudomonas atropurpurea		(Reddy & Godkin 1923) Young, Dye & Wilkie 1978	Bacteria	No	No	Canada		2	NCPPB Primary Storage	Bromus sp.		A.C. Hayward B1128				1962	1962		No					No				https://ncppb.fera.co.uk/furtherinfo/1328	
NCPPB 1330					1330	Pseudomonas syringae pv. sesami					Pseudomonas syringae pv. sesami (Malkoff 1906) Young, Dye & Wilkie 1978	Pseudomonas  sesami		(Malkoff 1906) Young, Dye & Wilkie 1978	Bacteria	No	No	Tanzania		2	NCPPB Primary Storage	Sesamum indicum		A.C. Hayward B999				1962	1962		No		Atypical REP-PCR profile.			No				https://ncppb.fera.co.uk/furtherinfo/1330	
NCPPB 1331					1331	Ralstonia solanacearum					Ralstonia solanacearum (Smith 1896) Yabuuchi et al. 1996	Pseudomonas solanacearum (Smith 1896) 1914	Burkholderia solanacearum (Smith 1896) Yabuuchi et al. 1993, Pseudomonas solanacearum (Smith 1896) Smith 1914	(Smith 1896) Yabuuchi et al. 1996	Bacteria	No	No	India		2	NCPPB Primary Storage	Solanum tuberosum		A.C. Hayward B1202				1962	1962		No		Biovar II.			No				https://ncppb.fera.co.uk/furtherinfo/1331	
NCPPB 1341					1341	Pseudomonas savastanoi pv. phaseolicola					Pseudomonas syringae pv. phaseolicola ( Burkholder 1926 ) Young et al. 1976	Pseudomonas phaseolicola Burkholder 1926	Pseudomonas syringae pv. phaseolicola (Burkholder 1926) Young et al. 1978	( Burkholder 1926 ) Gardan et al. 1992	Bacteria	No	No	Tanzania		2	NCPPB Primary Storage	Phaseolus vulgaris		A.C. Hayward B1209				1962	1962		Yes		Race 2.			No				https://ncppb.fera.co.uk/furtherinfo/1341	
NCPPB 1342					1342	Pseudomonas savastanoi pv. savastanoi					Pseudomonas savastanoi pv. savastanoi (ex Smith 1908) Gardan et al. 1992	Pseudomonas savastanoi Smith 1908	Pseudomonas syringae pv. savastanoi (ex Smith 1908) Young Dye & Wilkie 1978	(ex Smith 1908) Gardan et al. 1992	Bacteria	No	No	USA		2	NCPPB Primary Storage	Olea europaea		E.E. Wilson 07				1962	1961		Yes		Atypical REP-PCR profile			No				https://ncppb.fera.co.uk/furtherinfo/1342	
NCPPB 1345					1345	Pseudomonas savastanoi pv. nerii					Pseudomonas savastanoi pv nerii( Janse 1982) Young et al. 1996	Pseudomonas tonelliana	Pseudomonas syringae pv. savastanoi (ex Smith 1908) Young Dye & Wilkie 1978	( Janse 1982) Young et al. 1996	Bacteria	No	No	USA		2	NCPPB Primary Storage	Nerium oleander		E.E. Wilson	E.E. Wilson		N15	1962	1961		Yes					No				https://ncppb.fera.co.uk/furtherinfo/1345	
NCPPB 1348					1348	Pseudomonas syringae pv. coronafaciens					Pseudomonas syringae pv. coronafaciens (Elliott 1920) Young, Dye & Wilkie 1978	Pseudomonas. coronafaciens		(Elliott 1920) Young, Dye & Wilkie 1978	Bacteria	No	No	Canada		2	NCPPB Primary Storage	Avena sativa			W.A.F. Hagborg		1708	1962	1940		Yes			ICPB PC135		No				https://ncppb.fera.co.uk/furtherinfo/1348	
NCPPB 1349					1349	Pseudomonas syringae pv. coronafaciens					Pseudomonas syringae pv. coronafaciens (Elliott 1920) Young, Dye & Wilkie 1978	Pseudomonas. coronafaciens		(Elliott 1920) Young, Dye & Wilkie 1978	Bacteria	No	No	Canada		2	NCPPB Primary Storage	Avena sativa			W.A.F. Hagborg		3783	1962	1942		Yes					No				https://ncppb.fera.co.uk/furtherinfo/1349	
NCPPB 1351					1351	Pseudomonas syringae pv. coronafaciens					Pseudomonas syringae pv. coronafaciens (Elliott 1920) Young, Dye & Wilkie 1978	Pseudomonas. coronafaciens		(Elliott 1920) Young, Dye & Wilkie 1978	Bacteria	No	No	Canada				Avena sativa			W.A.F. Hagborg		1712	1962	1943		Yes					No				https://ncppb.fera.co.uk/furtherinfo/1351	
NCPPB 1352					1352	Pseudomonas syringae pv. coronafaciens					Pseudomonas syringae pv. coronafaciens (Elliott 1920) Young, Dye & Wilkie 1978	Pseudomonas. coronafaciens		(Elliott 1920) Young, Dye & Wilkie 1978	Bacteria	No	No	Canada		2	NCPPB Primary Storage	Avena sativa			W.A.F. Hagborg		1779	1962	1944		Yes					No				https://ncppb.fera.co.uk/furtherinfo/1352	
NCPPB 1354					1354	Pseudomonas syringae pv. coronafaciens					Pseudomonas syringae pv. coronafaciens (Elliott 1920) Young, Dye & Wilkie 1978	Pseudomonas. coronafaciens		(Elliott 1920) Young, Dye & Wilkie 1978	Bacteria	No	No	Canada		2	NCPPB Primary Storage	Avena sativa			W.A.F. Hagborg		3110	1962	1946		Yes					No				https://ncppb.fera.co.uk/furtherinfo/1354	
NCPPB 1355					1355	Pseudomonas syringae pv. coronafaciens					Pseudomonas syringae pv. coronafaciens (Elliott 1920) Young, Dye & Wilkie 1978	Pseudomonas. coronafaciens		(Elliott 1920) Young, Dye & Wilkie 1978	Bacteria	No	No	Canada		2	NCPPB Primary Storage	Avena sativa			W.A.F. Hagborg		4017	1962	1952		Yes					No				https://ncppb.fera.co.uk/furtherinfo/1355	
NCPPB 1356					1356	Pseudomonas syringae pv. coronafaciens					Pseudomonas syringae pv. coronafaciens (Elliott 1920) Young, Dye & Wilkie 1978	Pseudomonas. coronafaciens		(Elliott 1920) Young, Dye & Wilkie 1978	Bacteria	No	No	Canada		2	NCPPB Primary Storage	Avena sativa			W.A.F. Hagborg		4354	1962	1954		Yes					No				https://ncppb.fera.co.uk/furtherinfo/1356	
NCPPB 1357					1357	Pseudomonas syringae pv. coronafaciens					Pseudomonas syringae pv. coronafaciens (Elliott 1920) Young, Dye & Wilkie 1978	Pseudomonas. coronafaciens		(Elliott 1920) Young, Dye & Wilkie 1978	Bacteria	No	No	Canada		2	NCPPB Primary Storage	Avena sativa			W.A.F. Hagborg		5260	1962	1962		Yes			ICPB PC133		No				https://ncppb.fera.co.uk/furtherinfo/1357	
NCPPB 1358					1358	Pseudomonas syringae pv. pisi					Pseudomonas syringae pv. pisi (Sacket 1916) Young, Dye & Wilkie 1978	Pseudomonas  pisi		(Sacket 1916) Young, Dye & Wilkie 1978	Bacteria	No	No	Canada		2	NCPPB Primary Storage	Pisum sativum			W.A.F.Hagborg		3128	1962	1946		Yes					No				https://ncppb.fera.co.uk/furtherinfo/1358	
NCPPB 1359					1359	Pseudomonas syringae pv. pisi					Pseudomonas syringae pv. pisi (Sacket 1916) Young, Dye & Wilkie 1978	Pseudomonas  pisi		(Sacket 1916) Young, Dye & Wilkie 1978	Bacteria	No	No	Canada		2	NCPPB Primary Storage	Pisum sativum			W.A.F.Hagborg		3750	1962	1946		Yes					No				https://ncppb.fera.co.uk/furtherinfo/1359	
NCPPB 1361					1361	Pseudomonas syringae pv. pisi					Pseudomonas syringae pv. pisi (Sacket 1916) Young, Dye & Wilkie 1978	Pseudomonas  pisi		(Sacket 1916) Young, Dye & Wilkie 1978	Bacteria	No	No	Canada		2	NCPPB Primary Storage	Pisum sativum			W.A.F.Hagborg		3211	1962	1946		Yes					No				https://ncppb.fera.co.uk/furtherinfo/1361	
NCPPB 1363					1363	Pseudomonas syringae pv. pisi					Pseudomonas syringae pv. pisi (Sacket 1916) Young, Dye & Wilkie 1978	Pseudomonas  pisi		(Sacket 1916) Young, Dye & Wilkie 1978	Bacteria	No	No	Canada		2	NCPPB Primary Storage	Pisum sativum			W.A.F. Hagborg		3886	1962	1951		Yes					No				https://ncppb.fera.co.uk/furtherinfo/1363	
NCPPB 1364					1364	Pseudomonas syringae pv. pisi					Pseudomonas syringae pv. pisi (Sacket 1916) Young, Dye & Wilkie 1978	Pseudomonas  pisi		(Sacket 1916) Young, Dye & Wilkie 1978	Bacteria	No	No	Canada		2	NCPPB Primary Storage	Pisum sativum			W.A.F.Hagborg		4070	1962	1952		Yes		REP-PCR cluster 50, Race 1			No				https://ncppb.fera.co.uk/furtherinfo/1364	
NCPPB 1366					1366	Pseudomonas syringae pv. pisi					Pseudomonas syringae pv. pisi (Sacket 1916) Young, Dye & Wilkie 1978	Pseudomonas  pisi		(Sacket 1916) Young, Dye & Wilkie 1978	Bacteria	No	No	Canada		2	NCPPB Primary Storage	Pisum sativum			W.A.F. Hagborg		4799	1962	1958		Yes		Race 2. REP-PCR cluster 50			No				https://ncppb.fera.co.uk/furtherinfo/1366	
NCPPB 1367					1367	Pseudomonas syringae pv. tomato					Pseudomonas syringae pv. tomato (Okabe 1933) Young, Dye and Wilkie 1978	Pseudomonas tomato		(Okabe 1933) Young, Dye and Wilkie 1978	Bacteria	No	No	Canada		2	NCPPB Primary Storage	Solanum lycopersicum			W.A.F. Hagborg		1799	1962	1944		Yes					No				https://ncppb.fera.co.uk/furtherinfo/1367	
NCPPB 1368					1368	Pseudomonas syringae pv. tomato					Pseudomonas syringae pv. tomato (Okabe 1933) Young, Dye and Wilkie 1978	Pseudomonas tomato		(Okabe 1933) Young, Dye and Wilkie 1978	Bacteria	No	No	Canada		2	NCPPB Primary Storage	Solanum lycopersicum			W.A.F. Hagborg		3420	1962	1948		Yes					No				https://ncppb.fera.co.uk/furtherinfo/1368	
NCPPB 1369					1369	Pseudomonas syringae pv. tomato					Pseudomonas syringae pv. tomato (Okabe 1933) Young, Dye and Wilkie 1978	Pseudomonas tomato		(Okabe 1933) Young, Dye and Wilkie 1978	Bacteria	No	No	Canada				Solanum lycopersicum			W.A.F. Hagborg		4513	1962	1956		Yes									https://ncppb.fera.co.uk/furtherinfo/1369	
NCPPB 1372					1372	Pseudomonas savastanoi pv. phaseolicola					Pseudomonas syringae pv. phaseolicola ( Burkholder 1926 ) Young et al. 1976	Pseudomonas phaseolicola Burkholder 1926	Pseudomonas syringae pv. phaseolicola (Burkholder 1926) Young et al. 1978	( Burkholder 1926 ) Gardan et al. 1992	Bacteria	No	No	Canada		2	NCPPB Primary Storage	Phaseolus vulgaris			W.A.F. Hagborg		2076	1962	1945		Yes					No				https://ncppb.fera.co.uk/furtherinfo/1372	
NCPPB 1374					1374	Pseudomonas savastanoi pv. phaseolicola					Pseudomonas syringae pv. phaseolicola ( Burkholder 1926 ) Young et al. 1976	Pseudomonas phaseolicola Burkholder 1926	Pseudomonas syringae pv. phaseolicola (Burkholder 1926) Young et al. 1978	( Burkholder 1926 ) Gardan et al. 1992	Bacteria	No	No	Canada		2	NCPPB Primary Storage	Phaseolus vulgaris			W.A.F. Hagborg		3573	1962	1949		Yes					No				https://ncppb.fera.co.uk/furtherinfo/1374	
NCPPB 1382					1382	Pseudomonas viridiflava					Pseudomonas viridiflava (Burkholder 1930) Dowson 1939	Pseudomonas marginalis		(Burkholder 1930) Dowson 1939	Bacteria	No	No	Kenya		2	NCPPB Primary Storage	Solanum lycopersicum		ex R.A. Robinson	A.C. Hayward		B1292B	1962	1962		Yes		LOPAT Group II; Atypical REP-PCR profile			No				https://ncppb.fera.co.uk/furtherinfo/1382	
NCPPB 1386					1386	Pseudomonas syringae pv. passiflorae					Pseudomonas syringae pv. passiflorae (Reid 1938) Young, Dye & Wilkie 1978	Pseudomonas  passiflorae		(Reid 1938) Young, Dye & Wilkie 1978	Bacteria	No	No	New Zealand		2	NCPPB Primary Storage	Passiflora edulis.		N.L. Baigent & M.P. Starr Pf2				1963	1962		Yes		LOPAT Group Ib			No				https://ncppb.fera.co.uk/furtherinfo/1386	
NCPPB 1387					1387	Pseudomonas syringae pv. passiflorae					Pseudomonas syringae pv. passiflorae (Reid 1938) Young, Dye & Wilkie 1978	Pseudomonas  passiflorae		(Reid 1938) Young, Dye & Wilkie 1978	Bacteria	No	Yes	New Zealand		2	NCPPB Primary Storage	Passiflora edulis		N.L. Baigent & M.P. Starr Pf3				1963	1962		Yes		LOPAT Group Ib.	ICMP 129, CFBP 2346, LMG 5185		No				https://ncppb.fera.co.uk/furtherinfo/1387	
NCPPB 1388					1388	Pseudomonas syringae pv. passiflorae					Pseudomonas syringae pv. passiflorae (Reid 1938) Young, Dye & Wilkie 1978	Pseudomonas  passiflorae		(Reid 1938) Young, Dye & Wilkie 1978	Bacteria	No	No	New Zealand		2	NCPPB Primary Storage	Passiflora edulis		N.L. Baigent & M.P. Starr Pf9				1963	1962		Yes		LOPAT Group Ib			No				https://ncppb.fera.co.uk/furtherinfo/1388	
NCPPB 1390					1390	Pseudomonas syringae pv. passiflorae					Pseudomonas syringae pv. passiflorae (Reid 1938) Young, Dye & Wilkie 1978	Pseudomonas  passiflorae		(Reid 1938) Young, Dye & Wilkie 1978	Bacteria	No	No	New Zealand		2	NCPPB Primary Storage	Passiflora edulis		N.L. Baigent & M.P. Starr Pf25				1963	1962		Yes		LOPAT Group Ib			No				https://ncppb.fera.co.uk/furtherinfo/1390	
NCPPB 1391					1391	Pseudomonas syringae pv. passiflorae					Pseudomonas syringae pv. passiflorae (Reid 1938) Young, Dye & Wilkie 1978	Pseudomonas  passiflorae		(Reid 1938) Young, Dye & Wilkie 1978	Bacteria	No	No	New Zealand		2	NCPPB Primary Storage	Passiflora edulis		N.L. Baigent & M.P. Starr PflO0				1963	1961		Yes		LOPAT Group Ib			No				https://ncppb.fera.co.uk/furtherinfo/1391	
NCPPB 1392					1392	Acidovorax oryzae					Acidovorax avenae subsp. avenae (Manns 1909) Willems et al. 1992	Pseudomonas setariae.	Pseudomonas avenae subsp. avenae Manns 1909	Schaad et al.2009	Bacteria	Yes	No	Japan		2	NCPPB Primary Storage	Oryza sativa		K. Ohata				1963	1955		No	Schaad et al.2009 https://digitalcommons.unl.edu/plantpathpapers/133	WGS confirms this strain is A. oryzae (NCPPB March 2025)	ATCC 19882, ICPB PS177, ICMP 3960, LMG 1806, CCUG 15836		No				https://ncppb.fera.co.uk/furtherinfo/1392	
NCPPB 1398					1398	Pseudomonas syringae pv. antirrhini					Pseudomonas syringae pv. antirrhini (Takimoto 1920) Young Dye & Wilkie 1978	P.antirrhini		(Takimoto 1920) Young Dye & Wilkie 1978	Bacteria	No	No	Australia		2	NCPPB Primary Storage	Antirrhinum majus		ex P.G. Valder	A.C. Hayward		B1383	1963	1962		Yes					No				https://ncppb.fera.co.uk/furtherinfo/1398	
NCPPB 1399	SAMN42036869 	 		PSE_AA6814AA 	1399	Pseudomonas syringae pv. garcae					Pseudomonas syringae pv. garcae (Amaral et al. 1956) Young, Dye & Wilkie 1978	Pseudomonas garcae		(do Amaral et al. 1956) Young, Dye & Wilkie 1978	Bacteria	No	No	Kenya		2	NCPPB Primary Storage	Coffea arabica		A.C. Hayward B1380				1963	1962		No					No				https://ncppb.fera.co.uk/furtherinfo/1399	 title = NCPPB1399-draft; strain = NCPPB1399; 
NCPPB 1400					1400	Ralstonia pseudosolanacearum					Ralstonia solanacearum (Smith 1896) Yabuuchi et al. 1996	Pseudomonas solanacearum (Smith 1896) 1914	Ralstonia solanacearum (Smith 1896) Yabuuchi et al. 1996, Burkholderia solanacearum (Smith 1896) Yabuuchi et al. 1993, Pseudomonas solanacearum (Smith 1896) Smith 1914	(Smith 1896) Safni et al. 2014	Bacteria	No	No			2	NCPPB Primary Storage	Solanum lycopersicum		ex W.H. Sutton	A.C. Hayward		B1364	1963	1962		No		Biovar IV. Phylotype I (NCPPB May 2021)			No				https://ncppb.fera.co.uk/furtherinfo/1400	
NCPPB 1407					1407	Pseudomonas syringae pv. mori					Pseudomonas syringae pv. mori (Boyer & Lambert 1893) Young, Dye & Wilkie 1978	Pseudomonas  mori		(Boyer & Lambert 1893) Young, Dye & Wilkie 1978	Bacteria	No	No	Hungary		2	NCPPB Primary Storage	Morus alba		Z. Klement TO2				1960	1958		Yes					No				https://ncppb.fera.co.uk/furtherinfo/1407	
NCPPB 1408					1408	Pseudomonas syringae pv. tabaci					Pseudomonas syringae pv. tabaci (Wolf & Foster 1917) Young, Dye and Wilkie 1978	Pseudomonas  tabaci		(Wolf & Foster 1917) Young, Dye and Wilkie 1978	Bacteria	No	No	Hungary		2	NCPPB Primary Storage	Nicotiana tabacum		Z. Klement H35				1960	1959		Yes			ICPB PT126		No				https://ncppb.fera.co.uk/furtherinfo/1408	
NCPPB 1410					1410	Pseudomonas cannabina pv. cannabina					Pseudomonas cannabina (ex Sutic & Dowson 1959) Gardan et al. 1999	Pseudomonas cannabina Sutic & Dowson 1959	Pseudomonas syringae pv. cannabina (Sutic & Dowson 1959) Young, Dye & Wilkie 1978	(ex uti? & Dowson 1959) Gardan et al. 1999 emend. Bull et al. 2010	Bacteria	No	No	Hungary		2	NCPPB Primary Storage	Cannabis sativa		Z. Klement L02				1960	1957		Yes					No				https://ncppb.fera.co.uk/furtherinfo/1410	
NCPPB 1413					1413	Pseudomonas syringae pv. mori					Pseudomonas syringae pv. mori (Boyer & Lambert 1893) Young, Dye & Wilkie 1978	Pseudomonas  mori		(Boyer & Lambert 1893) Young, Dye & Wilkie 1978	Bacteria	No	No	Hungary		2	NCPPB Primary Storage	Morus alba		Z. Klement TO4				1960	1958		Yes					No				https://ncppb.fera.co.uk/furtherinfo/1413	
NCPPB 1415					1415	Pseudomonas syringae pv. mori					Pseudomonas syringae pv. mori (Boyer & Lambert 1893) Young, Dye & Wilkie 1978	Pseudomonas  mori		(Boyer & Lambert 1893) Young, Dye & Wilkie 1978	Bacteria	No	No	Hungary		2	NCPPB Primary Storage	Morus alba		Z. Klement TO5				1960	1958		Yes					No				https://ncppb.fera.co.uk/furtherinfo/1415	
NCPPB 1417					1417	Pseudomonas syringae pv. syringae					Pseudomonas syringae pv. syringae van Hall 1902	P. oryzicola.		van Hall 1902	Bacteria	No	No	Hungary		2	NCPPB Primary Storage	Oryza sativa		Z. Klement A309				1960	1956		Yes		Pathogenic to detached pear fruit.REP-PCR close to strains from apple, pear &willow(cluster 44)Genomospecies 1?	ICMP 3877		No				https://ncppb.fera.co.uk/furtherinfo/1417	
NCPPB 1425					1425	Pseudomonas syringae pv. lachrymans					Pseudomonas syringae pv. lachrymans (Smith & Bryan 1915) Young, Dye & Wilkie 1978	Pseudomonas lachrymans		(Smith & Bryan 1915) Young, Dye & Wilkie 1978	Bacteria	No	No	Hungary		2	NCPPB Primary Storage	Cucumis sativus		Z. Klement RO6				1960	1958		Yes					No				https://ncppb.fera.co.uk/furtherinfo/1425	
NCPPB 1427	SAMN44673089 	 			1427	Pseudomonas syringae pv. tabaci					Pseudomonas syringae pv. tabaci (Wolf & Foster 1917) Young, Dye and Wilkie 1978	Pseudomonas  tabaci		(Wolf & Foster 1917) Young, Dye and Wilkie 1978	Bacteria	No	Yes	Hungary		2	NCPPB Primary Storage	Nicotiana tabacum		Z. Klement H59				1960	1959		Yes			ICPB PT124, PDDCC 2835, ICMP 2835, LMG 5393		No				https://ncppb.fera.co.uk/furtherinfo/1427	 strain = NCPPB 1427; 
NCPPB 1428					1428	Pseudomonas syringae pv. lachrymans					Pseudomonas syringae pv. lachrymans (Smith & Bryan 1915) Young, Dye & Wilkie 1978	Pseudomonas lachrymans		(Smith & Bryan 1915) Young, Dye & Wilkie 1978	Bacteria	No	No	Hungary		2	NCPPB Primary Storage	Cucumis sativus		Z. Klement RO8				1960	1958		Yes					No				https://ncppb.fera.co.uk/furtherinfo/1428	
NCPPB 1429					1429	Pseudomonas syringae pv. tabaci					Pseudomonas syringae pv. tabaci (Wolf & Foster 1917) Young, Dye and Wilkie 1978	Pseudomonas  tabaci		(Wolf & Foster 1917) Young, Dye and Wilkie 1978	Bacteria	No	No	Hungary		2	NCPPB Primary Storage	Nicotiana tabacum		Z. Klement H04				1960	1956		Yes		Non-toxin producing strain (Z. Klement pers. comm.).	ICPB PT125		No				https://ncppb.fera.co.uk/furtherinfo/1429	
NCPPB 1434					1434	Pseudomonas syringae pv. pisi					Pseudomonas syringae pv. pisi (Sacket 1916) Young, Dye & Wilkie 1978	Pseudomonas  pisi		(Sacket 1916) Young, Dye & Wilkie 1978	Bacteria	No	No	Hungary		2	NCPPB Primary Storage	Pisum sativum		Z. Klement P. 035				1960	1956		Yes					No				https://ncppb.fera.co.uk/furtherinfo/1434	
NCPPB 1436					1436	Pseudomonas syringae pv. lachrymans					Pseudomonas syringae pv. lachrymans (Smith & Bryan 1915) Young, Dye & Wilkie 1978	Pseudomonas lachrymans		(Smith & Bryan 1915) Young, Dye & Wilkie 1978	Bacteria	No	Yes	Hungary		2	NCPPB Primary Storage	Cucumis sativus		Z. Klement RO16				1960	1957		Yes		Formerly identified as Ps. lachrymans; partial gene sequencing or rpoD indicates this is likely to be PG.3, G.sp. 2 (Parkinson et al 2010)	ICMP 3507 (as P. syringae pv. Syringae)		No				https://ncppb.fera.co.uk/furtherinfo/1436	
NCPPB 1437					1437	Pseudomonas cannabina pv. cannabina					Pseudomonas cannabina (ex Sutic & Dowson 1959) Gardan et al. 1999	Pseudomonas cannabina Sutic & Dowson 1959	Pseudomonas syringae pv. cannabina (Sutic & Dowson 1959) Young, Dye & Wilkie 1978	(ex uti? & Dowson 1959) Gardan et al. 1999 emend. Bull et al. 2010	Bacteria	Yes	No	Hungary		2	NCPPB Primary Storage	Cannabis sativa		Z. Klement L01				1960	1957		Yes			ICMP 2823, CFBP 2341, LMG 5096		No				https://ncppb.fera.co.uk/furtherinfo/1437	
NCPPB 1445					1445	Pseudomonas syringae pv. mori					Pseudomonas syringae pv. mori (Boyer & Lambert 1893) Young, Dye & Wilkie 1978	Pseudomonas  mori		(Boyer & Lambert 1893) Young, Dye & Wilkie 1978	Bacteria	No	No	Hungary		2	NCPPB Primary Storage	Morus alba		Z. Klement TO3				1960	1958		Yes					No				https://ncppb.fera.co.uk/furtherinfo/1445	
NCPPB 1462					1462	Pseudomonas syringae pv. morsprunorum					Pseudomonas syringae pv. morsprunorum (Wormald 1931) Young, Dye & Wilkie 1978	Pseudomonas morsprunorum		(Wormald 1931) Young, Dye & Wilkie 1978	Bacteria	No	No	UK		2	NCPPB Primary Storage	Leaf washings of Prunus avium		ex C.M.E. Garrett	J.E. Crosse		C22	1963	1960		Yes		Whole genome sequencing places this strain with other Race 1 Psm in the Pseudomonas amygdali clade (NCPPB May 2026)			No				https://ncppb.fera.co.uk/furtherinfo/1462	
NCPPB 1463					1463	Pseudomonas syringae pv. morsprunorum					Pseudomonas syringae pv. morsprunorum (Wormald 1931) Young, Dye & Wilkie 1978	Pseudomonas morsprunorum		(Wormald 1931) Young, Dye & Wilkie 1978	Bacteria	No	No	UK		2	NCPPB Primary Storage	Prunus avium		ex C.M.E. Garrett	J.E. Crosse		C46	1963	1961		Yes		Whole genome sequencing places this strain with other Race 1 Psm in the Pseudomonas amygdali clade (NCPPB May 2026)			No				https://ncppb.fera.co.uk/furtherinfo/1463	
NCPPB 1464					1464	Pseudomonas savastanoi pv. fraxini					Pseudomonas savastanoi pv. fraxinii( Janse 1982) Young et al. 1996	Pseudomonas savastanoi	Pseudomonas syringae pv. savastanoi (ex Smith 1908) Young Dye & Wilkie 1978	( Janse 1982) Young et al. 1996	Bacteria	No	No	UK		2	NCPPB Primary Storage	Fraxinus sp.		A.C. Hayward B84				1963	1959		Yes	Sutic, D., Dowson, W.J. 1963. Phytopath. 49: 156		D. Sutic AC7		No				https://ncppb.fera.co.uk/furtherinfo/1464	
NCPPB 1465					1465	Pseudomonas savastanoi pv. fraxini					Pseudomonas savastanoi pv. fraxinii( Janse 1982) Young et al. 1996	Pseudomonas savastanoi	Pseudomonas syringae pv. savastanoi (ex Smith 1908) Young Dye & Wilkie 1978	( Janse 1982) Young et al. 1996	Bacteria	No	No	UK		2	NCPPB Primary Storage	Fraxinus sp.		A.C. Hayward B85				1963	1959		Yes	Sutic, D., Dowson, W.J. 1963. Phytopath. 49: 156	Atypical REP-PCR profile	D. Sutic AC3/3		No				https://ncppb.fera.co.uk/furtherinfo/1465	
NCPPB 1474					1474	Pseudomonas viridiflava					Pseudomonas viridiflava (Burkholder 1930) Dowson 1939	Pseudomonas marginalis		(Burkholder 1930) Dowson 1939	Bacteria	No	No	Uganda		2	NCPPB Primary Storage	Capsicum frutescens		ex C.L.A. Leakey	A.C. Hayward		B1558	1963	1963		No		LOPAT Group II; Atypical REP-PCR profile			No				https://ncppb.fera.co.uk/furtherinfo/1474	
NCPPB 1479					1479	Pseudomonas savastanoi pv. savastanoi					Pseudomonas savastanoi pv. savastanoi (ex Smith 1908) Gardan et al. 1992	Pseudomonas savastanoi Smith 1908	Pseudomonas syringae pv. savastanoi (ex Smith 1908) Young Dye & Wilkie 1978	(ex Smith 1908) Gardan et al. 1992	Bacteria	No	No	Yugoslavia		2	NCPPB Primary Storage	Olea europaea		D. Sutic 2				1963	1955		No					No				https://ncppb.fera.co.uk/furtherinfo/1479	
NCPPB 1480					1480	Pseudomonas savastanoi pv. savastanoi					Pseudomonas savastanoi pv. savastanoi (ex Smith 1908) Gardan et al. 1992	Pseudomonas savastanoi Smith 1908	Pseudomonas syringae pv. savastanoi (ex Smith 1908) Young Dye & Wilkie 1978	(ex Smith 1908) Gardan et al. 1992	Bacteria	No	No	Yugoslavia		2	NCPPB Primary Storage	Olea europaea		D. Sutic 3				1963	1955		No					No				https://ncppb.fera.co.uk/furtherinfo/1480	
NCPPB 1481					1481	Pseudomonas savastanoi pv. savastanoi					Pseudomonas savastanoi pv. savastanoi (ex Smith 1908) Gardan et al. 1992	Pseudomonas savastanoi Smith 1908	Pseudomonas syringae pv. savastanoi (ex Smith 1908) Young Dye & Wilkie 1978	(ex Smith 1908) Gardan et al. 1992	Bacteria	No	No	Yugoslavia		2	NCPPB Primary Storage	Olea europaea		D. Sutic 4				1963	1955		No					No				https://ncppb.fera.co.uk/furtherinfo/1481	
NCPPB 1483					1483	Ralstonia solanacearum					Ralstonia solanacearum (Smith 1896) Yabuuchi et al. 1996	Pseudomonas solanacearum (Smith 1896) 1914	Burkholderia solanacearum (Smith 1896) Yabuuchi et al. 1993, Pseudomonas solanacearum (Smith 1896) Smith 1914	(Smith 1896) Yabuuchi et al. 1996	Bacteria	No	No	Australia		2	NCPPB Primary Storage	Solanum tuberosum		A.C. Hayward B1736				1963	1963		Yes		Biovar II.			No				https://ncppb.fera.co.uk/furtherinfo/1483	
NCPPB 1484					1484	Ralstonia solanacearum					Ralstonia solanacearum (Smith 1896) Yabuuchi et al. 1996	Pseudomonas solanacearum (Smith 1896) 1914	Ralstonia solanacearum (Smith 1896) Yabuuchi et al. 1996, Burkholderia solanacearum (Smith 1896) Yabuuchi et al. 1993, Pseudomonas solanacearum (Smith 1896) Smith 1914	Safni et al. 2014	Bacteria	No	No	Mauritius		2	NCPPB Primary Storage	Strelitzia reginae		ex A. Felix F76	A.C. Hayward		B1730	1963	1963		No		Biovar III. Phylotype II (NCPPB 2021)			No				https://ncppb.fera.co.uk/furtherinfo/1484	
NCPPB 1485					1485	Ralstonia pseudosolanacearum					Ralstonia solanacearum (Smith 1896) Yabuuchi et al. 1996	Pseudomonas solanacearum (Smith 1896) 1914	Ralstonia solanacearum (Smith 1896) Yabuuchi et al. 1996, Burkholderia solanacearum (Smith 1896) Yabuuchi et al. 1993, Pseudomonas solanacearum (Smith 1896) Smith 1914	(Smith 1896) Safni et al. 2014	Bacteria	No	No	Mauritius		2	NCPPB Primary Storage	Phaseolus vulgaris		ex A. Felix F74	A.C. Hayward		B1728	1963	1963		No		Biovar III. Phylotype I (NCPPB May 2021)			No				https://ncppb.fera.co.uk/furtherinfo/1485	
NCPPB 1486					1486	Ralstonia pseudosolanacearum					Ralstonia solanacearum (Smith 1896) Yabuuchi et al. 1996	Pseudomonas solanacearum (Smith 1896) 1914	Ralstonia solanacearum (Smith 1896) Yabuuchi et al. 1996, Burkholderia solanacearum (Smith 1896) Yabuuchi et al. 1993, Pseudomonas solanacearum (Smith 1896) Smith 1914	(Smith 1896) Safni et al. 2014	Bacteria	No	No	Uganda		2	NCPPB Primary Storage	Arachis hypogaea		A.C. Hayward B1721				1963	1963		No		Biovar III.			No				https://ncppb.fera.co.uk/furtherinfo/1486	
NCPPB 1494					1494	Pseudomonas savastanoi pv. phaseolicola					Pseudomonas syringae pv. phaseolicola ( Burkholder 1926 ) Young et al. 1976	Pseudomonas phaseolicola Burkholder 1926	Pseudomonas syringae pv. phaseolicola (Burkholder 1926) Young et al. 1978	( Burkholder 1926 ) Gardan et al. 1992	Bacteria	No	No	UK		2	NCPPB Primary Storage	Phaseolus coccineus		R.A. Lelliott				1963	1963		No					No				https://ncppb.fera.co.uk/furtherinfo/1494	
NCPPB 1497					1497	Pseudomonas syringae					Pseudomonas syringae van Hall 1902	P. vignae		van Hall 1902	Bacteria	No	No			2	NCPPB Primary Storage				C.M. Moskovets		1025	1963			Yes					No				https://ncppb.fera.co.uk/furtherinfo/1497	
NCPPB 1501					1501	Pseudomonas syringae					Pseudomonas syringae van Hall 1902	Pseudomonas syringae van Hall 1902		van Hall 1902	Bacteria	No	No	UK		2	NCPPB Primary Storage	Prunus persica (peach)		ex P. Matthews 91	E. Billing		M91	1963			Yes		Intermediate between P. syringae and P. morsprunorum (E. Billing pers. comm.). REP-PCR close to type and some others of P.s.morsprunorum (2995,1502). Genomospecies 3; rpoD same as former type of P. s. morsprunorum NCPPB 2995 and P.avellanae NCPPB 3487T (weak Levan), 15-4-2016	ICMP 3690		No				https://ncppb.fera.co.uk/furtherinfo/1501	
NCPPB 1502					1502	Pseudomonas syringae					Pseudomonas syringae van Hall 1902	Pseudomonas syringae van Hall 1902		van Hall 1902	Bacteria	No	No	UK		2	NCPPB Primary Storage	Prunus avium		ex P. Matthews 122	E. Billing		M122	1963			Yes		REP-PCR close to type and some others of P.s.morsprunorum (2995, 1501). Genomospecies 3; rpoD same as former type of P. s. morsprunorum NCPPB 2995 and P.avellanae NCPPB 3487T (weak Levan), 15-4-2016			No				https://ncppb.fera.co.uk/furtherinfo/1502	
NCPPB 1503					1503	Pseudomonas sp.					Pseudomonas sp.	Pseudomonas sp. (not pathogenic)		Migula 1894	Bacteria	No	No	UK		2	NCPPB Primary Storage	Agaricus bisporus			E. Billing		381/1	1963			No		Fatty acids typical of Pseudomonas sp.LOPAT Va Associated with plant material; not known to be pathogenic.Associated with plant material; not known to be pathogenic.			No				https://ncppb.fera.co.uk/furtherinfo/1503	
NCPPB 1506					1506	Pseudomonas savastanoi pv. savastanoi					Pseudomonas savastanoi pv. savastanoi (ex Smith 1908) Gardan et al. 1992	Pseudomonas savastanoi Smith 1908	Pseudomonas syringae pv. savastanoi (ex Smith 1908) Young Dye & Wilkie 1978	(ex Smith 1908) Gardan et al. 1992	Bacteria	No	No	Italy		2	NCPPB Primary Storage	Olea europaea		M. Ribaldi Strain Perugia 21				1963	1958		Yes					No				https://ncppb.fera.co.uk/furtherinfo/1506	
NCPPB 1511					1511	Pseudomonas cichorii					Pseudomonas cichorii (Swingle 1925) Stapp 1928	Pseudomonas cichorii		(Swingle 1925) Stapp 1928	Bacteria	No	No	USA		2	NCPPB Primary Storage	Brassica oleracea var. capitata		ex C. Wehlburg	P. Thayer		62-4	1963	1962		Yes		LOPAT Group III			No				https://ncppb.fera.co.uk/furtherinfo/1511	
NCPPB 1513					1513	Pseudomonas cichorii					Pseudomonas cichorii (Swingle 1925) Stapp 1928	Pseudomonas cichorii		(Swingle 1925) Stapp 1928	Bacteria	No	No	USA		2	NCPPB Primary Storage	Apium graveolens var. dulce		P. Thayer 140				1963	1962		Yes		LOPAT Group III. REP-PCR cluster 31			No				https://ncppb.fera.co.uk/furtherinfo/1513	
NCPPB 1557					1557	Pseudomonas sp.					Pseudomonas marginalis pv. marginalis (Brown 1918) Stevens 1925	Pseudomonas marginalis (Brown 1918) Stevens 1925	Pseudomonas sp. Migula 1894	(Brown 1918) Stevens 1925	Bacteria	No	No	UK				Brassica oleracea var. botrytis		G.E. Jones 60/63				1963	1963		No		LOPAT Gp IVb (NCPPB) | Whole genome sequencing indicates this strain is not P. marginalis (NCPPB July 2023)							https://ncppb.fera.co.uk/furtherinfo/1557	
NCPPB 1558					1558	Pseudomonas petroselini					Pseudomonas marginalis pv. marginalis (Brown 1918) Stevens 1925	Pseudomonas marginalis (Brown 1918) Stevens 1925	Pseudomonas petroselini Sawada et al. 2022	(Brown 1918) Stevens 1925	Bacteria	No	No	UK				Phaseolus coccineus		G.E. Jones 64/63				1963	1963		No		Whole genome sequencing places this strain in P. petroselini (NCPPB July 2023)	ICPB PM173						https://ncppb.fera.co.uk/furtherinfo/1558	
NCPPB 1559					1559	Pseudomonas marginalis pv. marginalis					Pseudomonas marginalis pv. marginalis (Brown 1918) Stevens 1925	Pseudomonas marginalis (Brown 1918) Stevens 1925		(Brown 1918) Stevens 1925	Bacteria	No	No	UK		2	NCPPB Primary Storage	Lobelia erinus		R.A. Lelliott Lobl				1963	1963		No		Whole genome sequencing confirms this strain is P. marginalis (NCPPB July 2023)			No				https://ncppb.fera.co.uk/furtherinfo/1559	
NCPPB 1579					1579	Ralstonia pseudosolanacearum					Ralstonia solanacearum (Smith 1896) Yabuuchi et al. 1996	Pseudomonas solanacearum (Smith 1896) 1914	Ralstonia solanacearum (Smith 1896) Yabuuchi et al. 1996, Burkholderia solanacearum (Smith 1896) Yabuuchi et al. 1993, Pseudomonas solanacearum (Smith 1896) Smith 1914	(Smith 1896) Safni et al. 2014	Bacteria	No	No	Hawaii		2	NCPPB Primary Storage	Zingiber officinale		ex V.L. Quinon	A.C. Hayward	ex M. Aragaki GW	B2061	1963	1961		Yes		Biovar IV. Race 1.	ATCC 33194		No				https://ncppb.fera.co.uk/furtherinfo/1579	
NCPPB 1580					1580	Ralstonia pseudosolanacearum					Ralstonia solanacearum (Smith 1896) Yabuuchi et al. 1996	Pseudomonas solanacearum (Smith 1896) 1914	Ralstonia solanacearum (Smith 1896) Yabuuchi et al. 1996, Burkholderia solanacearum (Smith 1896) Yabuuchi et al. 1993, Pseudomonas solanacearum (Smith 1896) Smith 1914	(Smith 1896) Safni et al. 2014	Bacteria	No	No	Hawaii		2	NCPPB Primary Storage	Solanum lycopersicum		ex M. Aragaki TW	A.C. Hayward	.	B2062	1963	1959		Yes		Biovar IV			No				https://ncppb.fera.co.uk/furtherinfo/1580	
NCPPB 1581					1581	Ralstonia pseudosolanacearum					Ralstonia solanacearum (Smith 1896) Yabuuchi et al. 1996	Pseudomonas solanacearum (Smith 1896) 1914	Ralstonia solanacearum (Smith 1896) Yabuuchi et al. 1996, Burkholderia solanacearum (Smith 1896) Yabuuchi et al. 1993, Pseudomonas solanacearum (Smith 1896) Smith 1914	(Smith 1896) Safni et al. 2014	Bacteria	No	No	Hawaii				Strelitzia reginae		ex V.L. Quinon	A.C. Hayward	ex M. Aragaki SW	B2063	1963	1961		Yes		Biovar III. Race 1. Phylotype I (NCPPB May 2021)							https://ncppb.fera.co.uk/furtherinfo/1581	
NCPPB 1584					1584	Ralstonia solanacearum					Ralstonia solanacearum (Smith 1896) Yabuuchi et al. 1996	Pseudomonas solanacearum (Smith 1896) 1914	Burkholderia solanacearum (Smith 1896) Yabuuchi et al. 1993, Pseudomonas solanacearum (Smith 1896) Smith 1914	(Smith 1896) Yabuuchi et al. 1996	Bacteria	No	No	Cyprus		2	NCPPB Primary Storage	Solanum tuberosum		R.A. Lelliott				1963	1963		Yes		Biovar II.SMT reference strain (EC official method),	SMT23, CFBP 4598		No				https://ncppb.fera.co.uk/furtherinfo/1584	
NCPPB 1601					1601	Pseudomonas fluorescens					Pseudomonas fluorescens Migula 1895			(Trevisan 1889) Migula 1895	Bacteria	No	No			2	NCPPB Primary Storage	Isolated from creamery waste		ex O. Lysenko	ATCC 11251			1963			No		Biotype C.	ATCC 948, NRRL B-10, Stanier 181		No				https://ncppb.fera.co.uk/furtherinfo/1601	
NCPPB 1603					1603	Pseudomonas sp.					Pseudomonas marginalis pv. marginalis (Brown 1918) Stevens 1925	Pseudomonas marginalis (Brown 1918) Stevens 1925	Pseudomonas sp. Migula 1894	(Brown 1918) Stevens 1925	Bacteria	No	No	UK		2	NCPPB Primary Storage	Dahlia sp.		M.R.M. Clark Ps XXIV				1964	1964		Yes		Whole genome sequencing indicates this strain is not P. marginalis (NCPPB July 2023)			No				https://ncppb.fera.co.uk/furtherinfo/1603	
NCPPB 1604					1604	Pseudomonas sp.					Pseudomonas marginalis pv. marginalis (Brown 1918) Stevens 1925	Pseudomonas marginalis (Brown 1918) Stevens 1925	Pseudomonas sp. Migula 1894	(Brown 1918) Stevens 1925	Bacteria	No	No	UK		2	NCPPB Primary Storage	Dahlia sp.		M.R.M. Clark Ps XXII				1964	1964		Yes		Whole genome sequencing indicates this strain is not P. marginalis (NCPPB July 2023)	ICPB PM174		No				https://ncppb.fera.co.uk/furtherinfo/1604	
NCPPB 1605					1605	Pseudomonas sp.					Pseudomonas sp.	P. marginalis		Migula 1894	Bacteria	No	No	UK		2	NCPPB Primary Storage	Hyacinthus orientalis		M.R.M. Clark PS XX				1964	1964		Yes		Pathogenic to lettuce (M.R.M. Clark). LOPAT Gp Va (NCPPB).			No				https://ncppb.fera.co.uk/furtherinfo/1605	
NCPPB 1606					1606	Pseudomonas sp.					Pseudomonas marginalis pv. marginalis (Brown 1918) Stevens 1925	Pseudomonas marginalis (Brown 1918) Stevens 1925	Pseudomonas sp. Migula 1894	(Brown 1918) Stevens 1925	Bacteria	No	No	UK		2	NCPPB Primary Storage	Dahlia sp.		M.R.M. Clark Ps 23				1964	1964		Yes		Whole genome sequencing indicates this strain is not P. marginalis (NCPPB July 2023)			No				https://ncppb.fera.co.uk/furtherinfo/1606	
NCPPB 1608					1608	Robbsia andropogonis					Burkholderia andropogonis (Smith 1911) Gillis et al. 1995	Pseudomonas stizolobii.	Pseudomonas andropogonis (Smith 1911) Stapp 1928, Burkholderia adropogonis (Smith 1911) Gillis et al. 1995, Paraburkholderia andropogonis (Gillis et al. 1995) Sawana et al. 2014	Lopes-Santos et al 2017	Bacteria	No	No	Zimbabwe		2	NCPPB Primary Storage	Bougainvillea sp.			A.C. Hayward		B1351	1964	1962		No					No				https://ncppb.fera.co.uk/furtherinfo/1608	
NCPPB 1611					1611	Pseudomonas sp.					Pseudomonas marginalis pv. marginalis (Brown 1918) Stevens 1925	Pseudomonas marginalis (Brown 1918) Stevens 1925	Pseudomonas sp. Migula 1894	(Brown 1918) Stevens 1925	Bacteria	No	No	UK		2	NCPPB Primary Storage	Rheum rhaponticum		M.R.M. Clark R8				1964	1964		Yes		Whole genome sequencing indicates this strain is not P. marginalis (NCPPB July 2023)			No				https://ncppb.fera.co.uk/furtherinfo/1611	
NCPPB 1613					1613	Herbaspirillum rubrisubalbicans					Herbaspirillum rubrisubalbicans (Christopher and Edgerton 1930) Baldani et al. 1996	Pseudomonas rubrisubalbicans	Pseudomonas rubrisubalbicans (Christopher and Edgerton 1930) Baldani et al. 1996	(Christopher and Edgerton 1930) Baldani et al. 1996	Bacteria	No	No	Nigeria		2	NCPPB Primary Storage	Saccharum officinarum		ex S.D. Agboola 973	A.C. Hayward		B2198B	1964	1964		No					No				https://ncppb.fera.co.uk/furtherinfo/1613	
NCPPB 1614					1614	Ralstonia solanacearum					Ralstonia solanacearum (Smith 1896) Yabuuchi et al. 1996	Pseudomonas solanacearum (Smith 1896) 1914	Burkholderia solanacearum (Smith 1896) Yabuuchi et al. 1993, Pseudomonas solanacearum (Smith 1896) Smith 1914	(Smith 1896) Yabuuchi et al. 1996	Bacteria	No	No	Malaysia		2	NCPPB Primary Storage	Solanum tuberosum		A.C. Hayward B2217				1964	1964		Yes		Biovar II.			No				https://ncppb.fera.co.uk/furtherinfo/1614	
NCPPB 1617					1617	Pseudomonas corrugata					Pseudomonas corrugataRoberts and Scarlett 1981 emend. Sutra et al. 1997	Pseudomonas sp. (not pathogenic)		( ex Scarlett et al. 1978) Roberts & Scarlett 1981	Bacteria	No	No	Zambia		2	NCPPB Primary Storage	Solanum lycopersicum		A.C. Hayward B2249D				1964	1964		Yes					No				https://ncppb.fera.co.uk/furtherinfo/1617	
NCPPB 1621					1621	Ralstonia pseudosolanacearum					Ralstonia solanacearum (Smith 1896) Yabuuchi et al. 1996	Pseudomonas solanacearum (Smith 1896) 1914	Ralstonia solanacearum (Smith 1896) Yabuuchi et al. 1996, Burkholderia solanacearum (Smith 1896) Yabuuchi et al. 1993, Pseudomonas solanacearum (Smith 1896) Smith 1914	(Smith 1896) Safni et al. 2014	Bacteria	No	No	Mauritius		2	NCPPB Primary Storage	Solanum tuberosum		A.C. Hayward B394B				1964	1960		No		Carbohydrate metabolism different from Biotypes I-IV. Phylotype I (NCPPB May 2021)			No				https://ncppb.fera.co.uk/furtherinfo/1621	
NCPPB 1626					1626	Pseudomonas syringae pv. apii					Pseudomonas syringae pv. apii (Jagger 1921) Young, Dye & Wilkie 1978	Pseudomonas apii		(Jagger 1921) Young, Dye & Wilkie 1978	Bacteria	No	Yes	USA		2	NCPPB Primary Storage	Apium graveolens var. dulce		ex W.H. Burkholder PJ2	ICPB PA102			1964	1942		No			ATCC 9654, NRRL B-772, ICMP 2814, CFBP 2103, LMG 2132		No				https://ncppb.fera.co.uk/furtherinfo/1626	
NCPPB 1647					1647	Pseudomonas savastanoi pv. phaseolicola					Pseudomonas syringae pv. phaseolicola ( Burkholder 1926 ) Young et al. 1976	Pseudomonas phaseolicola Burkholder 1926	Pseudomonas syringae pv. phaseolicola (Burkholder 1926) Young et al. 1978	( Burkholder 1926 ) Gardan et al. 1992	Bacteria	No	No	Tanzania		2	NCPPB Primary Storage	Dolichos sp. (wild)		A.C. Hayward B2317				1964	1964		No					No				https://ncppb.fera.co.uk/furtherinfo/1647	
NCPPB 1652					1652	Pseudomonas syringae					Pseudomonas syringae van Hall 1902	P. pisi		van Hall 1902	Bacteria	No	No	South Africa				Pisum sativum		ex B.H. Boelema P2	A.C. Hayward		B2328 e	1964	1957		Yes			ICPB PP125						https://ncppb.fera.co.uk/furtherinfo/1652	
NCPPB 1653					1653	Pseudomonas syringae pv. pisi					Pseudomonas syringae pv. pisi (Sacket 1916) Young, Dye & Wilkie 1978	Pseudomonas  pisi		(Sacket 1916) Young, Dye & Wilkie 1978	Bacteria	No	No	South Africa				Pisum sativum		ex B.H. Boelema P7	A.C. Hayward		B2329	1964	1961		Yes									https://ncppb.fera.co.uk/furtherinfo/1653	
NCPPB 1673					1673	Herbaspirillum rubrisubalbicans					Herbaspirillum rubrisubalbicans (Christopher and Edgerton 1930) Baldani et al. 1996	Pseudomonas rubrisubalbicans	Pseudomonas rubrisubalbicans (Christopher and Edgerton 1930) Baldani et al. 1996	(Christopher and Edgerton 1930) Baldani et al. 1996	Bacteria	No	No	Tanzania				Saccharum officinarum		A.C. Hayward B2541B			B2541B	1964	1964		No									https://ncppb.fera.co.uk/furtherinfo/1673	
NCPPB 1676					1676	Pseudomonas grimontii					Pseudomonas marginalis pv. marginalis (Brown 1918) Stevens 1925	Pseudomonas marginalis (Brown 1918) Stevens 1925		Baïda et al. 2002	Bacteria	No	No	UK				Phaseolus vulgaris		G.E. Jones C410				1964	1963		No		Whole genome sequencing places this strain in P. grimontii (NCPPB July 2023)							https://ncppb.fera.co.uk/furtherinfo/1676	
NCPPB 1677					1677	Pseudomonas grimontii					Pseudomonas marginalis pv. marginalis (Brown 1918) Stevens 1925	Pseudomonas marginalis (Brown 1918) Stevens 1925	Pseudomonas grimontii Baïda et al. 2002	(Brown 1918) Stevens 1925	Bacteria	No	No	UK				Dianthus caryophyllus		G.E. Jones C422				1964	1963		No		Whole genome sequencing places this strain in P. grimontii (NCPPB July 2023)							https://ncppb.fera.co.uk/furtherinfo/1677	
NCPPB 1678					1678	Pseudomonas grimontii					Pseudomonas marginalis pv. marginalis (Brown 1918) Stevens 1925	Pseudomonas marginalis (Brown 1918) Stevens 1925		(Brown 1918) Stevens 1925	Bacteria	No	No	UK		2	NCPPB Primary Storage	Dahlia sp.		G.E. Jones C444				1964	1964		No		Whole genome sequencing places this strain in P. grimontii (NCPPB July 2023)			No				https://ncppb.fera.co.uk/furtherinfo/1678	
NCPPB 1679					1679	Pseudomonas petroselini					Pseudomonas marginalis pv. marginalis (Brown 1918) Stevens 1925	Pseudomonas marginalis (Brown 1918) Stevens 1925	Pseudomonas petroselini Sawada et al. 2022	(Brown 1918) Stevens 1925	Bacteria	No	No	UK		2	NCPPB Primary Storage	Chrysanthemum morifolium		G.E. Jones C461				1964	1964		No		Whole genome sequencing places this strain in P. petroselini (NCPPB July 2023)			No				https://ncppb.fera.co.uk/furtherinfo/1679	
NCPPB 1683					1683	Stenotrophomonas hibiscicola					Stenotrophomonas maltophilia (Hugh)	Pseudomonas hibisicola	Pseudomonas hibiscicola Moniz 1963	(Moniz 1963) Nguyen et al. 2024	Bacteria	Yes	No	India		2	NCPPB Primary Storage	Hibiscus rosasinensis			G. Rangaswami			1964			No			ATCC 19867, ICMP 3945		No				https://ncppb.fera.co.uk/furtherinfo/1683	
NCPPB 1689					1689	Pseudomonas petroselini					Pseudomonas marginalis pv. marginalis (Brown 1918) Stevens 1925	Pseudomonas marginalis (Brown 1918) Stevens 1925	Pseudomonas petroselini Sawada et al. 2022	(Brown 1918) Stevens 1925	Bacteria	No	No	UK		2	NCPPB Primary Storage	Lactuca sativa		M.R.M. Clark 19083				1965	1965		No		Whole genome sequencing places this strain in P. petroselini (NCPPB July 2023)			No				https://ncppb.fera.co.uk/furtherinfo/1689	
NCPPB 1690					1690	Pseudomonas grimontii					Pseudomonas marginalis pv. marginalis (Brown 1918) Stevens 1925	Pseudomonas marginalis (Brown 1918) Stevens 1925	Pseudomonas grimontii Baïda et al. 2002	(Brown 1918) Stevens 1925	Bacteria	No	No	UK		2	NCPPB Primary Storage	Hyacinthus orientalis		M.R.M. Clark 19066/3				1965	1965		No		Whole genome sequencing places this strain in P. grimontii (NCPPB July 2023)			No				https://ncppb.fera.co.uk/furtherinfo/1690	
NCPPB 1693					1693	Robbsia andropogonis					Burkholderia andropogonis (Smith 1911) Gillis et al. 1995	Pseudomonas stizolobii	Pseudomonas andropogonis (Smith 1911) Stapp 1928, Burkholderia adropogonis (Smith 1911) Gillis et al. 1995, Paraburkholderia andropogonis (Gillis et al. 1995) Sawana et al. 2014	Lopes-Santos et al 2017	Bacteria	No	No	Uganda		2	NCPPB Primary Storage	Rheum rhaponticum		A.C. Hayward B2659A				1965	1965		No					No				https://ncppb.fera.co.uk/furtherinfo/1693	
NCPPB 1694					1694	Robbsia andropogonis					Burkholderia andropogonis (Smith 1911) Gillis et al. 1995	Pseudomonas stizolobii	Pseudomonas andropogonis (Smith 1911) Stapp 1928, Burkholderia adropogonis (Smith 1911) Gillis et al. 1995, Paraburkholderia andropogonis (Gillis et al. 1995) Sawana et al. 2014	Lopes-Santos et al 2017	Bacteria	No	No	Uganda		2	NCPPB Primary Storage	Rheum rhaponticum		A.C. Hayward B2659C				1965	1965		No					No				https://ncppb.fera.co.uk/furtherinfo/1694	
NCPPB 1695					1695	Ralstonia solanacearum					Ralstonia sp.		Burkholderia solanacearum (Smith 1896) Yabuuchi et al. 1993, Pseudomonas solanacearum (Smith 1896) Smith 1914	(Smith 1896) Safni et al. 2014	Bacteria	No	No	Tanzania		2	NCPPB Primary Storage	Saccharum officinarum			A.C. Hayward	ex D.R.W. Watson	B2669	1965	1965		Yes	Hayward, A.C. 1962. Occ. Pap. Maurit. Sug. Res. Inst. No. 13. (1962)	Taxon B (Hayward, 1962). Fatty acids typical of Ralstonia but BOX profile not typical of any R.sol bvs. Phylotype II (NCPPB May 2021)			No				https://ncppb.fera.co.uk/furtherinfo/1695	
NCPPB 1696					1696	Pseudomonas syringae pv. syringae					Pseudomonas syringae pv. syringae van Hall 1902	P. hibisci.		van Hall 1902	Bacteria	No	No	Kenya		2	NCPPB Primary Storage	Hibiscus esculentus		A.C. Hayward B2675				1965	1965		Yes		REP-PCR cluster 67. Genomospecies 1?	ICMP 5074		No				https://ncppb.fera.co.uk/furtherinfo/1696	
NCPPB 1702					1702	Ralstonia pseudosolanacearum					Ralstonia solanacearum (Smith 1896) Yabuuchi et al. 1996	Pseudomonas solanacearum (Smith 1896) 1914	Ralstonia solanacearum (Smith 1896) Yabuuchi et al. 1996, Burkholderia solanacearum (Smith 1896) Yabuuchi et al. 1993, Pseudomonas solanacearum (Smith 1896) Smith 1914	(Smith 1896) Safni et al. 2014	Bacteria	No	No	Fiji				Solanum tuberosum		A.C. Hayward B2122				1965	1964		Yes		Biovar III.							https://ncppb.fera.co.uk/furtherinfo/1702	
NCPPB 1703					1703	Ralstonia solanacearum					Ralstonia solanacearum (Smith 1896) Yabuuchi et al. 1996	Pseudomonas solanacearum (Smith 1896) 1914	Burkholderia solanacearum (Smith 1896) Yabuuchi et al. 1993, Pseudomonas solanacearum (Smith 1896) Smith 1914	(Smith 1896) Yabuuchi et al. 1996	Bacteria	No	No	Netherlands				Solanum tuberosum		A.C. Hayward B2674		.		1965	1965		No		Biovar II (atypical)							https://ncppb.fera.co.uk/furtherinfo/1703	
NCPPB 1752					1752	Pseudomonas savastanoi pv. phaseolicola					Pseudomonas syringae pv. phaseolicola ( Burkholder 1926 ) Young et al. 1976	Pseudomonas phaseolicola Burkholder 1926	Pseudomonas syringae pv. phaseolicola (Burkholder 1926) Young et al. 1978	( Burkholder 1926 ) Gardan et al. 1992	Bacteria	No	No	UK				Phaseolus coccineus		D.C. Graham				1965	1965		Yes									https://ncppb.fera.co.uk/furtherinfo/1752	
NCPPB 1753					1753	Pseudomonas syringae pv. delphinii					Pseudomonas syringae pv. delphinii (Smith 1904) Young, Dye & Wilkie 1978	Pseudomonas delphinii		(Smith 1904) Young, Dye & Wilkie 1978	Bacteria	No	No	UK				Delphinium elatum		D.C. Graham				1965	1965		No		LOPAT Group Ib							https://ncppb.fera.co.uk/furtherinfo/1753	
NCPPB 1761					1761	Pseudomonas syringae pv. antirrhini					Pseudomonas syringae pv. antirrhini (Takimoto 1920) Young Dye & Wilkie 1978	P.antirrhini		(Takimoto 1920) Young Dye & Wilkie 1978	Bacteria	No	No	UK		2	NCPPB Primary Storage	Antirrhinum majus		R.A. Lelliott A4				1965	1965		Yes					No				https://ncppb.fera.co.uk/furtherinfo/1761	
NCPPB 1763					1763	Ralstonia pseudosolanacearum					Ralstonia solanacearum (Smith 1896) Yabuuchi et al. 1996	Pseudomonas solanacearum (Smith 1896) 1914	Ralstonia solanacearum (Smith 1896) Yabuuchi et al. 1996, Burkholderia solanacearum (Smith 1896) Yabuuchi et al. 1993, Pseudomonas solanacearum (Smith 1896) Smith 1914	(Smith 1896) Safni et al. 2014	Bacteria	No	No	Seychelles		2	NCPPB Primary Storage	Solanum lycopersicum		R. A. Lelliott Ps1				1965	1965		Yes		Biovar III. Phylotype I (NCPPB May 2021)			No				https://ncppb.fera.co.uk/furtherinfo/1763	
NCPPB 1764					1764	Pseudomonas savastanoi pv. glycinea					Pseudomonas savastanoi pv. glycinea ( Coerper 1919 ) Gardan et al. 1992	Pseudomonas glycinea Coerper 1919	Pseudomonas syringae pv. glycinea (Coerper 1919) Young et al.1976	( Coerper 1919 ) Gardan et al. 1992	Bacteria	No	No			2	NCPPB Primary Storage	Glycine max			H. Tachibana			1965			No	Tachibana, H., Shih, M. 1965. Plant Dis. Reptr. 49: 396	Leaf crinkling strain.Atypical REP-PCR profile			No				https://ncppb.fera.co.uk/furtherinfo/1764	
NCPPB 1766					1766	Pseudomonas syringae pv. maculicola					Pseudomonas syringae pv. maculicola (McCulloch 1911) Young, Dye & Wilkie 1978	Pseudomonas  maculicola		(McCulloch 1911) Young, Dye & Wilkie 1978	Bacteria	No	No	UK		2	NCPPB Primary Storage	Brassica oleracea var. botrytis		G.E. Jones 474				1965	1965		Yes		Partial gene (rpoD) sequence is identical to the pathotype strain NCPPB 2039 (July 2016)	ATCC 33190, ICMP 5034		No				https://ncppb.fera.co.uk/furtherinfo/1766	
NCPPB 1767					1767	Pseudomonas syringae					Pseudomonas syringae van Hall 1902	Pseudomonas syringae van Hall 1902		van Hall 1902	Bacteria	No	No	UK		2	NCPPB Primary Storage	Trifolium pratense		R.A. Lelliott C7				1965	1965		Yes	Oxtoby, J., Lelliot, R.A. 1966. Plant Path. 15: 129		ICMP 4914		No				https://ncppb.fera.co.uk/furtherinfo/1767	
NCPPB 1768					1768	Pseudomonas syringae pv. atropurpurea					Pseudomonas syringae pv. atropurpurea (Reddy & Godkin 1923) Young, Dye & Wilkie 1978	Pseudomonas atropurpurea		(Reddy & Godkin 1923) Young, Dye & Wilkie 1978	Bacteria	No	No	UK		2	NCPPB Primary Storage	Agrostis sp.		D.C. Graham G127				1965	1965		Yes					No				https://ncppb.fera.co.uk/furtherinfo/1768	
NCPPB 1769					1769	Pseudomonas syringae pv. atropurpurea					Pseudomonas syringae pv. atropurpurea (Reddy & Godkin 1923) Young, Dye & Wilkie 1978	Pseudomonas atropurpurea		(Reddy & Godkin 1923) Young, Dye & Wilkie 1978	Bacteria	No	No	UK		2	NCPPB Primary Storage	Arrhenatherum elatius		D.C. Graham G128				1965	1965		Yes					No				https://ncppb.fera.co.uk/furtherinfo/1769	
NCPPB 1770					1770	Pseudomonas syringae pv. syringae					Pseudomonas syringae pv. syringae van Hall 1902	Pseudomonas syringae		van Hall 1902	Bacteria	No	No	UK		2	NCPPB Primary Storage	Phaseolus vulgaris.		D.C. Graham G129				1965	1965		Yes			ICMP 3889		No				https://ncppb.fera.co.uk/furtherinfo/1770	
NCPPB 1777					1777	Pseudomonas syringae pv. maculicola					Pseudomonas syringae pv. maculicola (McCulloch 1911) Young, Dye & Wilkie 1978	Pseudomonas  maculicola		(McCulloch 1911) Young, Dye & Wilkie 1978	Bacteria	No	No	UK				Brassica oleracea var. botrytis		R.A. Lelliott Pm3				1965	1965		Yes		Partial gene (rpoD) sequence is identical to the pathotype strain NCPPB 2039 (July 2016)							https://ncppb.fera.co.uk/furtherinfo/1777	
NCPPB 1778					1778	Pseudomonas syringae pv. antirrhini					Pseudomonas syringae pv. antirrhini (Takimoto 1920) Young Dye & Wilkie 1978	P. fluroescens var. antirrhinastri		(Takimoto 1920) Young Dye & Wilkie 1978	Bacteria	No	No	Australia				Antirrhinum majus		M. L. Moffett 16266				1965	1964		Yes	Moffett, M.L. 1966. Qd. J. Agric. Anim. Sci. 23: 121				No				https://ncppb.fera.co.uk/furtherinfo/1778	
NCPPB 1781					1781	Pseudomonas syringae pv. morsprunorum					Pseudomonas syringae pv. morsprunorum (Wormald 1931) Young, Dye & Wilkie 1978	Pseudomonas morsprunorum		(Wormald 1931) Young, Dye & Wilkie 1978	Bacteria	No	No	Italy				Prunus avium		G.L. Ercolani CF2				1965	1965		Yes		Whole genome sequencing places this strain with other Race 1 Psm in the Pseudomonas amygdali clade (NCPPB May 2026)			No				https://ncppb.fera.co.uk/furtherinfo/1781	
NCPPB 1783					1783	Pseudomonas savastanoi pv. glycinea					Pseudomonas savastanoi pv. glycinea ( Coerper 1919 ) Gardan et al. 1992	Pseudomonas glycinea Coerper 1919	Pseudomonas syringae pv. glycinea (Coerper 1919) Young et al.1976	( Coerper 1919 ) Gardan et al. 1992	Bacteria	No	No	Yugoslavia				Glycine max		ex M. Babovic	D. Sutic			1966	1962		Yes									https://ncppb.fera.co.uk/furtherinfo/1783	
NCPPB 1789					1789	Ralstonia solanacearum					Ralstonia solanacearum (Smith 1896) Yabuuchi et al. 1996	Pseudomonas solanacearum (Smith 1896) 1914	Burkholderia solanacearum (Smith 1896) Yabuuchi et al. 1993, Pseudomonas solanacearum (Smith 1896) Smith 1914	(Smith 1896) Yabuuchi et al. 1996	Bacteria	No	No	Greece				Solanum tuberosum		C.G. Panagopoulos 8				1966	1965		Yes					No				https://ncppb.fera.co.uk/furtherinfo/1789	
NCPPB 1793					1793	Pseudomonas fluorescens					Pseudomonas fluorescens Migula 1895			(Trevisan 1889) Migula 1895	Bacteria	No	No					Caterpillar			ICPB 2760-392	ex R.Y. Stanier 392 ex NRRL B-2075 ex O. Lysenko 4		1966			No		Biotype A.	ATCC 17813						https://ncppb.fera.co.uk/furtherinfo/1793	
NCPPB 1797					1797	Pseudomonas fluorescens					Pseudomonas fluorescens Migula 1895			(Trevisan 1889) Migula 1895	Bacteria	No	No								ICPB 2656-191	ex R.Y. Stanier 191 ex 0. Jessen PJ236 ex M.E. Rhodes 22/1		1966			No		Biotype C.	ATCC 17559						https://ncppb.fera.co.uk/furtherinfo/1797	
NCPPB 1798					1798	Pseudomonas fluorescens					Pseudomonas fluorescens Migula 1895			(Trevisan 1889) Migula 1895	Bacteria	No	No								ICPB 2712-30	ex R.Y. Stanier 30 ex NRRL B-560		1966			No		Biotype D.	ATCC 9446						https://ncppb.fera.co.uk/furtherinfo/1798	
NCPPB 1799					1799	Pseudomonas fluorescens					Pseudomonas fluorescens Migula 1895			(Trevisan 1889) Migula 1895	Bacteria	No	No								ICPB 2714-32	ex R.Y. Stanier 32 ex NRRL B-977		1966	1966		No		Biotype D.	ATCC 17411						https://ncppb.fera.co.uk/furtherinfo/1799	
NCPPB 1801					1801	Pseudomonas fluorescens					Pseudomonas fluorescens Migula 1895			(Trevisan 1889) Migula 1895	Bacteria	No	No	USA		2	NCPPB Primary Storage	Soil			ICPB 2720-39	ex R.Y.Stanier 39 ex NRRLc-1681					No		Biotype E.			No				https://ncppb.fera.co.uk/furtherinfo/1801	
NCPPB 1802					1802	Pseudomonas fluorescens					Pseudomonas fluorescens Migula 1895			(Trevisan 1889) Migula 1895	Bacteria	No	No					Soil		W.B. Hugo and M. Turner	ICPB 2722-83	ex R.Y.Stanier 83 ex NRRLc-1864 ex P.H.A. Sneath LA		1966			No		Biotype F.	ATCC 12983						https://ncppb.fera.co.uk/furtherinfo/1802	
NCPPB 1804					1804	Pseudomonas fluorescens					Pseudomonas fluorescens Migula 1895			(Trevisan 1889) Migula 1895	Bacteria	No	No	USA				Tryptophan enrichment of water.		ex N.J. Palleroni	ICPB 2767-1	ex R.Y. Stanier 1		1966			No		Biotype G.	ATCC 17386						https://ncppb.fera.co.uk/furtherinfo/1804	
NCPPB 1805					1805	Pseudomonas fluorescens					Pseudomonas fluorescens Migula 1895			(Trevisan 1889) Migula 1895	Bacteria	No	No					Soil		ex H. Stolp 40	ICPB 2440-40			1966			No		Biotype G.	R.Y. Stanier 149, ATCC 17518						https://ncppb.fera.co.uk/furtherinfo/1805	
NCPPB 1810					1810	Pseudomonas viridiflava					Pseudomonas viridiflava (Burkholder 1930) Dowson 1939	Pseudomonas viridiflava		(Burkholder 1930) Dowson 1939	Bacteria	No	No	UK		2	NCPPB Primary Storage	Phaseolus vulgaris		ex A.F. Lott	E. Billing		Aa	1966	1965		Yes		LOPAT Group II. REP-PCR cluster 46			No				https://ncppb.fera.co.uk/furtherinfo/1810	
NCPPB 1814					1814	Pseudomonas sp.					Pseudomonas sp.	Pseudomonas sp. (not pathogenic)		Migula 1894	Bacteria	No	No	UK				Cotoneaster sp.		G.E. Jones C533				1966	1966		No		Fatty acids typical of Pseudomonas sp.LOPAT Vb.Associated with plant material; not known to be pathogenic.Associated with plant material; not known to be pathogenic.			No				https://ncppb.fera.co.uk/furtherinfo/1814	
NCPPB 1816					1816	Pseudomonas syringae pv. antirrhini					Pseudomonas syringae pv. antirrhini (Takimoto 1920) Young Dye & Wilkie 1978	P.antirrhini		(Takimoto 1920) Young Dye & Wilkie 1978	Bacteria	No	No	UK		2	NCPPB Primary Storage	Antirrhinum majus		G.E. Jones C538A				1966	1965		Yes					No				https://ncppb.fera.co.uk/furtherinfo/1816	
NCPPB 1817					1817	Pseudomonas syringae pv. antirrhini					Pseudomonas syringae pv. antirrhini (Takimoto 1920) Young Dye & Wilkie 1978	P.antirrhini		(Takimoto 1920) Young Dye & Wilkie 1978	Bacteria	No	Yes	UK		2	NCPPB Primary Storage	Antirrhinum majus		G.E. Jones C539				1966	1965		Yes			ICMP 4303, CFBP 1620, LMG 5057		No				https://ncppb.fera.co.uk/furtherinfo/1817	
NCPPB 1820					1820	Pseudomonas cannabina pv. alisalensis					Pseudomonas syringae pv. maculicola (McCulloch 1911) Young, Dye & Wilkie 1978	Pseudomonas  maculicola	Pseudomonas syringae pv. maculicola (McCulloch 1911) Young, Dye & Wilkie 1978	Bull et al. 2010	Bacteria	No	No	USA		2	NCPPB Primary Storage	Raphanus sativus		D.H. Williams & N. Keen B70				1966	1965		Yes		Radish strain. Atypical REP-PCR profile. Partial gene (rpoD) sequencing indicates this isolate is Pseudomonas cannabina pv. alisalensis.	ICPB PM176		No				https://ncppb.fera.co.uk/furtherinfo/1820	
NCPPB 1824					1824	Ralstonia solanacearum					Ralstonia solanacearum (Smith 1896) Yabuuchi et al. 1996	Pseudomonas solanacearum (Smith 1896) 1914	Burkholderia solanacearum (Smith 1896) Yabuuchi et al. 1993, Pseudomonas solanacearum (Smith 1896) Smith 1914	(Smith 1896) Yabuuchi et al. 1996	Bacteria	No	No	Egypt		2	NCPPB Primary Storage	Solanum tuberosum		J. Oxtoby Psl				1966	1966		Yes		Biovar II.			No				https://ncppb.fera.co.uk/furtherinfo/1824	
NCPPB 1835					1835	Burkholderia sp.					Pseudomonas syringae van Hall 1902	Xanthomonas panici	Pseudomonas syringae pv. panici (Elliott 1923) Young, Dye & Wilkie 1978		Bacteria	No	No	India		2	NCPPB Primary Storage				ICPB XP184	ex D.W. Dye XRl ex J.V. Bhatt		1966			No	Dye, D.W. 1966. N. Z. Jl. Sci. 9: 843		ATCC 23381, ICMP 623		No				https://ncppb.fera.co.uk/furtherinfo/1835	
NCPPB 1864					1864	Herbaspirillum rubrisubalbicans					Herbaspirillum rubrisubalbicans (Christopher and Edgerton 1930) Baldani et al. 1996	P. andropogonis	Pseudomonas rubrisubalbicans (Christopher and Edgerton 1930) Baldani et al. 1996	(Christopher and Edgerton 1930) Baldani et al. 1996	Bacteria	No	No	USA				Zea mays var. rugosa			ICPB PA120	ex C. Wehlburg 6		1966	1961		Yes	Hale, C.N. Wilkie, J.P. 1972. N. Z. Jl. Agric. Res. 15: 448	Identified as P. rubrisubalbicans by Hale and Wilkie (1972).							https://ncppb.fera.co.uk/furtherinfo/1864	
NCPPB 1865					1865	Pseudomonas syringae pv. tabaci					Pseudomonas syringae pv. tabaci (Wolf & Foster 1917) Young, Dye and Wilkie 1978	P. angulata		(Wolf & Foster 1917) Young, Dye and Wilkie 1978	Bacteria	No	No								ICPB PA3	ex A.C. Braun B99		1966			No			NRRL B-821						https://ncppb.fera.co.uk/furtherinfo/1865	
NCPPB 1866					1866	Pseudomonas syringae pv. tabaci					Pseudomonas syringae pv. tabaci (Wolf & Foster 1917) Young, Dye and Wilkie 1978	P. angulata.		(Wolf & Foster 1917) Young, Dye and Wilkie 1978	Bacteria	No	No	USA				Unknown		W. S. Beach	ICPB Pall	ex W.S. Beach 3		1966			No	Young, J.M.; Triggs, C.M. (1994)Evaluation of determinative tests for pathovars of Pseudomonas syringae van Hall 1902.Journal of Applied Bacteriology77(2)195-207. DOI: 10.1111/j.1365-2672.1994.tb03064.x	LOPAT Ib	NRRL B-824, ATCC 13453, ICMP 4312						https://ncppb.fera.co.uk/furtherinfo/1866	
NCPPB 1868					1868	Pseudomonas syringae pv. atrofaciens					Pseudomonas syringae pv. atrofaciens (McCulloch 1920) Young, Dye & Wilkie 1978	Pseudomonas atrofaciens		(McCulloch 1920) Young, Dye & Wilkie 1978	Bacteria	No	No	Canada				Triticum aestivum			ICPB PA13	ex W.A.F. Hagborg 1440		1966	1942		No			NRRL B-826, ATCC 9004						https://ncppb.fera.co.uk/furtherinfo/1868	
NCPPB 1869					1869	Pseudomonas syringae pv. atrofaciens					Pseudomonas syringae pv. atrofaciens (McCulloch 1920) Young, Dye & Wilkie 1978	Pseudomonas atrofaciens		(McCulloch 1920) Young, Dye & Wilkie 1978	Bacteria	No	No	Canada				Triticum aestivum			ICPB PA14	ex W.A.F. Hagborg 909		1966	1938		No		Atypical REP-PCR profile.?	NRRL B-827						https://ncppb.fera.co.uk/furtherinfo/1869	
NCPPB 1871					1871	Pseudomonas syringae pv. berberidis					Pseudomonas syringae pv. berberidis (Thornberry & Anderson 1931) Young, Dye & Wilkie 1978	Pseudomonas berberidis		(Thornberry & Anderson 1931) Young, Dye & Wilkie 1978	Bacteria	No	No	USA				Berberis thunbergii			ICPB PB3	ex W.H. Burkholder PB3		1966	1942		No			NRRL B-831, ATCC 13454, ICMP 3640, LMG 2146						https://ncppb.fera.co.uk/furtherinfo/1871	
NCPPB 1872					1872	Pseudomonas caricapapayae					Pseudomonas caricapapayae Robbs 1956	Pseudomonas caricapapayae Robbs 1956		Robbs 1956	Bacteria	No	No	Brazil				Carica papaya		ex C.F. Robbs ENA-213	ICPB PC137			1966	1965		Yes		LOPAT Group I							https://ncppb.fera.co.uk/furtherinfo/1872	
NCPPB 1873					1873	Pseudomonas caricapapayae					Pseudomonas caricapapayae Robbs 1956	Pseudomonas caricapapayae Robbs 1956		Robbs 1956	Bacteria	Yes	No	Brazil				Carica papaya		ex C.F. Robbs ENA-378	ICPB PC138			1966	1966		Yes		LOPAT Group I	ICMP 2855, CFBP 3204, DSMZ 21109, LMG 2152						https://ncppb.fera.co.uk/furtherinfo/1873	
NCPPB 1874					1874	Pseudomonas sp.					Acidovorax avenae subsp. cattleyae (Pavarino 1911) Willems et al. 1992	Pseudomonas cattleyae (Pavarino 1911) Savulescu 1947	Acidovorax avenae subsp. cattleyae (Pavarino 1911) Willems et al. 1992	Migula 1894	Bacteria	No	No	USA				Phalaenopsis sp.		ex P.A. Ark 5034	ICPB PC107			1966	1950		Yes									https://ncppb.fera.co.uk/furtherinfo/1874	
NCPPB 1876					1876	Pseudomonas fluorescens					Pseudomonas fluorescens Migula 1895	Pseudomonas cichorii.		(Trevisan 1889) Migula 1895	Bacteria	No	No	USA				Cichorium endivia			ICPB PC122	ex C. Wehlburg		1966	1960		No		Biotype G.			No				https://ncppb.fera.co.uk/furtherinfo/1876	
NCPPB 1877					1877	Pantoea stewartii subsp. indologenes					Pantoea stewartii subsp. indologenes Mergaert et al. 1993	Pseudomonas cyamopsicola	Erwinia herbicola (Lohnis 1911 ) Dye 1964	Mergaert et al. 1993	Bacteria	No	No			2	NCPPB Primary Storage	Cyamopsis psoralioides			ICPB PC130			1966			No			LMG 2630		No				https://ncppb.fera.co.uk/furtherinfo/1877	
NCPPB 1878					1878	Pseudomonas syringae pv. delphinii					Pseudomonas syringae pv. delphinii (Smith 1904) Young, Dye & Wilkie 1978	Pseudomonas delphinii		(Smith 1904) Young, Dye & Wilkie 1978	Bacteria	No	No	USA		2	NCPPB Primary Storage	Delphinium sp.		ex W.H. Burkholder PDl	ICPB PDl			1966	1933		No		LOPAT Group Ib	Clara G36, NRRL B-836, ATCC 8719, ICMP 523		No				https://ncppb.fera.co.uk/furtherinfo/1878	
NCPPB 1879	SAMN42036868 	 		PSE_AA6815AA 	1879	Pseudomonas syringae pv. delphinii					Pseudomonas syringae pv. delphinii (Smith 1904) Young, Dye & Wilkie 1978	Pseudomonas delphinii		(Smith 1904) Young, Dye & Wilkie 1978	Bacteria	No	Yes	New Zealand				Delphinium sp.			ICPB PD105	ex N. Baigent		1966	1957		Yes		LOPAT Group Ib.Exhibits ice nucleation activity	D.W. Dye PAl, ICMP 529, CFBP 2215, LMG 5381						https://ncppb.fera.co.uk/furtherinfo/1879	 strain = NCPPB1879; title = NCPPB1879-draft; 
NCPPB 1880					1880	Pseudomonas syringae pv. dysoxyli					Pseudomonas syringae pv. dysoxyli (Hutchinson 1949) Young, Dye & Wilkie 1978	Pseudomonas dysoxyli		(Hutchinson 1949) Young, Dye & Wilkie 1978	Bacteria	No	No	New Zealand				Dysoxylum sp.		ex N. Baigent P dy 2	ICPB PD106			1966	1962		No		LOPAT Group II							https://ncppb.fera.co.uk/furtherinfo/1880	
NCPPB 1882					1882	Pseudomonas syringae pv. dysoxyli					Pseudomonas syringae pv. dysoxyli (Hutchinson 1949) Young, Dye & Wilkie 1978	Pseudomonas dysoxyli		(Hutchinson 1949) Young, Dye & Wilkie 1978	Bacteria	No	No	New Zealand				Dysoxylum sp.		ex N. Baigent P dy 8	ICPB PD108			1966	1962		Yes		LOPAT Group II.Atypical REP-PCR profile.							https://ncppb.fera.co.uk/furtherinfo/1882	
NCPPB 1886					1886	Pseudomonas syringae pv. maculicola					Pseudomonas syringae pv. maculicola (McCulloch 1911) Young, Dye & Wilkie 1978	Pseudomonas  maculicola		(McCulloch 1911) Young, Dye & Wilkie 1978	Bacteria	No	No	New Zealand				Brassica oleracea var. botrytis			ICPB PM170	ex N.L. Baigent = D.W. Dye PBl		1966	1958		Yes		Atypical REP-PCR profile.  Partial gene (rpoD) sequencing indicates a close similarity with the pathotype strain of Pseudomonas syringae pv. berberidis NCPPB 2724 (July 2016)							https://ncppb.fera.co.uk/furtherinfo/1886	
NCPPB 1887					1887	Burkholderia gladioli pv. gladioli					Burkholderia gladioli pv. gladioli (Severini 1913) Yabuuchi et al. 1992	Psudomonas marginata	Pseudomonas gladioli pv. gladioli Severini 1913	(Severini 1913) Yabuuchi et al. 1992	Bacteria	No	No	USA				Gladiolus sp.			ICPB PM11			1966	1945		No			NRRL B-851						https://ncppb.fera.co.uk/furtherinfo/1887	
NCPPB 1888					1888	Burkholderia gladioli pv. gladioli					Burkholderia gladioli pv. gladioli (Severini 1913) Yabuuchi et al. 1992	Pseudomonas alliicola	Pseudomonas gladioli pv. gladioli Severini 1913	(Severini 1913) Yabuuchi et al. 1992	Bacteria	No	No	USA				Gladiolus sp.			ICPB PM12			1966	1945		No									https://ncppb.fera.co.uk/furtherinfo/1888	
NCPPB 1891					1891	Burkholderia gladioli pv. gladioli					Burkholderia gladioli pv. gladioli (Severini 1913) Yabuuchi et al. 1992	Psudomonas marginata	Pseudomonas gladioli pv. gladioli Severini 1913	(Severini 1913) Yabuuchi et al. 1992	Bacteria	Yes	Yes	USA				Gladiolus sp.		L. McCulloch	ICPB PM107	ex NRRL B-793		1966			No		LOPAT Ib	ATCC 10248, L. McCulloch Col. 3, ICMP 3950, LMG 2216, CCUG 1782, CFBP 2427						https://ncppb.fera.co.uk/furtherinfo/1891	
NCPPB 1892					1892	Pseudomonas syringae pv. mori					Pseudomonas syringae pv. mori (Boyer & Lambert 1893) Young, Dye & Wilkie 1978	Pseudomonas  mori		(Boyer & Lambert 1893) Young, Dye & Wilkie 1978	Bacteria	No	No	New Zealand				Morus alba			ICPB PM160	ex N.L. Baigent		1966	1962		No									https://ncppb.fera.co.uk/furtherinfo/1892	
NCPPB 1894					1894	Pseudomonas syringae pv. mori					Pseudomonas syringae pv. mori (Boyer & Lambert 1893) Young, Dye & Wilkie 1978	Pseudomonas  mori		(Boyer & Lambert 1893) Young, Dye & Wilkie 1978	Bacteria	No	No	New Zealand				Morus alba			ICPB PM168	ex N.L. Baigent = D.W. Dye PR4		1966	1957		Yes									https://ncppb.fera.co.uk/furtherinfo/1894	
NCPPB 1895					1895	Pseudomonas syringae pv. mori					Pseudomonas syringae pv. mori (Boyer & Lambert 1893) Young, Dye & Wilkie 1978	Pseudomonas  mori		(Boyer & Lambert 1893) Young, Dye & Wilkie 1978	Bacteria	No	No	New Zealand				Morus alba			ICPB PM169			1966	1962		No			D.W. Dye PR7						https://ncppb.fera.co.uk/furtherinfo/1895	
NCPPB 1896					1896	Pseudomonas aeruginosa					Pseudomonas aeruginosa (Schroeter 1872) Migula 1900	Pseudomonas polycolor		(Schroeter 1872) Migula 1900	Bacteria	No	No	Brazil				Allium sp.		ex C.F. Robbs ENA-31	ICPB PP122			1966	1958		Yes									https://ncppb.fera.co.uk/furtherinfo/1896	
NCPPB 1897					1897	Pseudomonas aeruginosa					Pseudomonas aeruginosa (Schroeter 1872) Migula 1900	Pseudomonas polycolor		(Schroeter 1872) Migula 1900	Bacteria	No	No	Brazil		2	NCPPB Primary Storage	Allium sp.		ex C.F. Robbs ENA-316	ICPB PP123			1966	1964		Yes					No				https://ncppb.fera.co.uk/furtherinfo/1897	
NCPPB 1898					1898	Pseudomonas syringae pv. striafaciens					Pseudomonas syringae pv. striafaciens (Elliott 1927) Young, Dye & Wilkie 1978	Pseudomonas striafaciens		(Elliott 1927) Young, Dye & Wilkie 1978	Bacteria	No	Yes	USA				Avena sp.			ICPB PSl	ex ATCC 10730 ex R.S. Dickey ex W.H. Burkholder PSl ex C. Elliott 70		1966			No	J of Ag. Res. Vol, 35, No. 9, 1927, C. Elliott	Not pathogenic to Avena sativa (NCPPB).	ICMP 3961, CFBP 1674, ATCC 10730, LMG 2330						https://ncppb.fera.co.uk/furtherinfo/1898	
NCPPB 1900					1900	Pseudomonas syringae					Pseudomonas syringae van Hall 1902	Pseudomonas syringae van Hall 1902		van Hall 1902	Bacteria	No	No					Phaseolus limensis		ex W.H. Burkholder Sy F	ICPB PS5	.		1966	1937		No			NRRL B-868, ICMP 3890						https://ncppb.fera.co.uk/furtherinfo/1900	
NCPPB 1901					1901	Pseudomonas syringae pv. syringae					Pseudomonas syringae pv. syringae van Hall 1902	Pseudomonas syringae		van Hall 1902	Bacteria	No	No	USA				Phaseolus vulgaris. (Henderson bush bean)		ex R. Nelson	ICPB PS10			1966	1929		No		REP-PCR same as 3196 from bean.Genomospecies 1?	F.M. Clara G15, NRRL B-871, ICMP 4378						https://ncppb.fera.co.uk/furtherinfo/1901	
NCPPB 1902					1902	Pseudomonas syringae pv. syringae					Pseudomonas syringae pv. syringae van Hall 1902	Pseudomonas syringae		van Hall 1902	Bacteria	No	No	New Zealand				Syringa vulgaris			ICPB PS133	ex D.W. Dye P123		1966			No		REP-PCR exclusive lilac /forsythia group.Genomospecies 1?	ICMP 1445						https://ncppb.fera.co.uk/furtherinfo/1902	
NCPPB 1903					1903	Pseudomonas syringae pv. syringae					Pseudomonas syringae pv. syringae van Hall 1902	Pseudomonas syringae		van Hall 1902	Bacteria	No	No	New Zealand				Citrus sp. (New Zealand grapefruit)			ICPB PS134A	ex D.W. Dye P135		1966			No			ICMP 3891						https://ncppb.fera.co.uk/furtherinfo/1903	
NCPPB 1904					1904	Pseudomonas viridiflava					Pseudomonas viridiflava (Burkholder 1930) Dowson 1939	Pseudomonas syringae		(Burkholder 1930) Dowson 1939	Bacteria	No	No	New Zealand				Passiflora edulis			ICPB PS136	ex D.W. Dye P157		1966			No		LOPAT Group II	ATCC 13394, ICMP 372						https://ncppb.fera.co.uk/furtherinfo/1904	
NCPPB 1906					1906	Pseudomonas syringae pv. syringae					Pseudomonas syringae pv. syringae van Hall 1902	Pseudomonas syringae		van Hall 1902	Bacteria	No	No	Hungary				Sorghum vulgare var. sudanense			ICPB PS146	ex Z. Klement AD15		1966	1960		No		REP-PCR cluster of mainly Gramineae strains.Genomospecies 1?	ICMP 4379						https://ncppb.fera.co.uk/furtherinfo/1906	
NCPPB 1907					1907	Pseudomonas syringae pv. syringae					Pseudomonas syringae pv. syringae van Hall 1902	Pseudomonas syringae		van Hall 1902	Bacteria	No	No	USA		2	NCPPB Primary Storage	Prunus persica			ICPB PS148			1966	1956		Yes		REP-PCR close to pv.tomato/maculicola group.Genomospecies 3?	ICMP 3691		No				https://ncppb.fera.co.uk/furtherinfo/1907	
NCPPB 1908					1908	Pseudomonas syringae					Pseudomonas syringae van Hall 1902	Pseudomonas syringae van Hall 1902		van Hall 1902	Bacteria	No	No	USA				Capsicum sp.			ICPB PS173-92B	ex L.H. Person		1966	1963		No			ICMP 3892						https://ncppb.fera.co.uk/furtherinfo/1908	
NCPPB 1909					1909	Pseudomonas syringae					Pseudomonas syringae van Hall 1902	Pseudomonas syringae van Hall 1902		van Hall 1902	Bacteria	No	No	USA				Carthamus tinctorius			ICPB PS176	ex D.C. Erwin B24		1966			No									https://ncppb.fera.co.uk/furtherinfo/1909	
NCPPB 1910					1910	Pseudomonas syringae pv. syringae					Pseudomonas syringae pv. syringae van Hall 1902	Pseudomonas syringae		van Hall 1902	Bacteria	No	No	USA				Phaseolus vulgaris.		ex P.N. Patel SHllBl	ICPB PSl91			1966			No									https://ncppb.fera.co.uk/furtherinfo/1910	
NCPPB 1911					1911	Pseudomonas syringae					Pseudomonas syringae van Hall 1902	Pseudomonas syringae van Hall 1902		van Hall 1902	Bacteria	No	No	New Zealand				Salix sp.			ICPB PS225			1966	1952		Yes			D.W. Dye P126, ICMP 463						https://ncppb.fera.co.uk/furtherinfo/1911	
NCPPB 1913					1913	Pseudomonas syringae					Pseudomonas syringae van Hall 1902	Pseudomonas syringae van Hall 1902		van Hall 1902	Bacteria	No	No	New Zealand				Rubus idaeus			ICPB PS229			1966	1954		Yes			D.W. Dye P159, ICMP 456						https://ncppb.fera.co.uk/furtherinfo/1913	
NCPPB 1914					1914	Pseudomonas syringae					Pseudomonas syringae van Hall 1902	Pseudomonas syringae van Hall 1902		van Hall 1902	Bacteria	No	No	New Zealand				Persea americana			ICPB PS232			1966	1955		Yes			D.W. Dye P163						https://ncppb.fera.co.uk/furtherinfo/1914	
NCPPB 1915					1915	Pseudomonas syringae					Pseudomonas syringae van Hall 1902	Pseudomonas syringae van Hall 1902		van Hall 1902	Bacteria	No	No	New Zealand				Rosa sp.			ICPB PS238			1966	1962		Yes			N.L. Baigent PS614						https://ncppb.fera.co.uk/furtherinfo/1915	
NCPPB 1918					1918	Pseudomonas syringae pv. tabaci					Pseudomonas syringae pv. tabaci (Wolf & Foster 1917) Young, Dye and Wilkie 1978	Pseudomonas  tabaci		(Wolf & Foster 1917) Young, Dye and Wilkie 1978	Bacteria	No	No								ICPB PT5	.		1966			Yes			A.C. Braun le, NRRL B-880						https://ncppb.fera.co.uk/furtherinfo/1918	
NCPPB 1921					1921	Pseudomonas syringae pv. viburni					Pseudomonas syringae pv. viburni (Thornberry & Anderson 1931) Young, Dye and Wilkie 1978	Pseudomonas viburni	Phytomonas viburni Thornberry & Anderson 1931	(Thornberry & Anderson 1931) Young, Dye and Wilkie 1978	Bacteria	No	Yes	USA				Viburnum sp.			ICPB PV7	ex R.S. Dickey ex ATCC 13458 ex W.H. Burkholder PV7 ex H.H. Thornberry V-1		1966			No			NRRL B-896, ICMP 3963, LMG 2351, CFBP 1702, ATCC 13458						https://ncppb.fera.co.uk/furtherinfo/1921	
NCPPB 1923					1923	Pseudomonas sp.					Pseudomonas viridilivida (Brown 1915) Stevens 1925	Pseudomonas viridilivida	Pseudomonas viridilivida (Brown 1915) Stevens 1925	Migula 1894	Bacteria	No	No	USA				Lactuca sativa.		ex N.A. Brown	ICPB PV4	ex W.H. Burkholder		1966	1915		No		Illegitimate name, FAP indicates unusual fluorescent Pseudomonas sp.	ATCC 19048, NRRL B-893, F.M. Clara G23, ICMP 3970						https://ncppb.fera.co.uk/furtherinfo/1923	
NCPPB 1947					1947	Pseudomonas asplenii					Pseudomonas asplenii (Ark and Tompkins 1946) Savulescu 1947	Pseudomonas asplenii (Ark & Tompkins 1946) Savulescu 1947		(Ark & Tompkins 1946) Savulescu 1947	Bacteria	Yes	No	USA (California)				Asplenium nidus (bird's-nest fern)		P.A. Ark and C.M. Tompkins	ICPB PA104	ex NRRL B-733		1966			No		LOPAT Group V	ATCC 23835, ICMP 3944, LMG 2137						https://ncppb.fera.co.uk/furtherinfo/1947	
NCPPB 1957					1957	Pseudomonas sp.					Pseudomonas tolaasii Paine 1919	Pseudomonas tolaasii	Pseudomonas tolaasii Paine 1919, Pseudomonas reactans Iacobellis & Cantore 2003	Migula 1894	Bacteria	No	No	UK				Agaricus bisporus		J. Oxtoby 4d				1966	1966		No		This strain was thought to be P. tolaasii; our WGS studies show it lies in a clade synonymous with ‘Pseudomonas “reactans”’. The taxonomic name ‘P. “reactans” (N. S. Iacobellis & P. Lo Cantore 2003)’ has not been validly published under the rules of the International Code of Nomenclature of Bacteria							https://ncppb.fera.co.uk/furtherinfo/1957	
NCPPB 1962					1962	Burkholderia cepacia					Burkholderia cepacia (ex Burkholder 1950) Yabuuchi et al. 1993	Pseudomonas cepacia	Pseudomonas cepacia Burkholder 1950	(ex Burkholder 1950) Yabuuchi et al. 1993	Bacteria	No	No								ATCC 10856	ex B.A. Friedman ex W.H. Burkholder		1966			No		WGS confirms this strain is B. cepacia (NCPPB March 2025).							https://ncppb.fera.co.uk/furtherinfo/1962	
NCPPB 1964					1964	Pseudomonas fluorescens					Pseudomonas fluorescens Migula 1895			(Trevisan 1889) Migula 1895	Bacteria	Yes	No	UK				Pre-filter tanks		ex M. E. Rhodes 28/5	ATCC 13525	ex NCTC 10038		1966	1951		No		Biotype A.	NCIB 9046, CCEB 456						https://ncppb.fera.co.uk/furtherinfo/1964	
NCPPB 1965					1965	Pseudomonas aeruginosa					Pseudomonas aeruginosa (Schroeter 1872) Migula 1900	Pseudomonas aeruginosa (Schroeter 1872) Migula 1900		(Schroeter 1872) Migula 1900	Bacteria	Yes	No								ATCC 10145	ex F. Kavanagh ex Merck, Sharp & Dohme		1966			No			CCEB 481, NCIB 8295, NCTC 10332, NRRL B-771						https://ncppb.fera.co.uk/furtherinfo/1965	
NCPPB 1967					1967	Delftia acidovorans					Delftia acidovorans (den Dooren de Jong 1926 and Tamoaka et al. 1987) Wen et al. 1999	Pseudomonas acidovorans den Dooren de Jong 1926	Pseudomonas acidovorans (den Dooren de Jong 1926)Tamaoka et al. 1987	(den Dooren de Jong 1926 and Tamoaka et al. 1987) Wen et al. 1999	Bacteria	No	No					Pharyngeal swab			ATCC 17438	ex R.Y. Stanier 61 ex P. Thibault 60.79		1966			No			ATCC 17438, NCTC 9991						https://ncppb.fera.co.uk/furtherinfo/1967	
NCPPB 1969					1969	Comamonas testosteroni					Comamonas testosteroni (Marcus and Talalay 1956) Tamaoka et al. 1987	Pseudomonas testosteroni Marcus and Talalay 1956	Pseudomonas testosteroni (Marcus and Talalay 1956) Tamaoka, Ha and Komagata 1987	(Marcus and Talalay 1956) Tamaoka, Ha and Komagata 1987	Bacteria	Yes	No					Soil enriched with testosterone			ATCC 11996	ex P. Talalay		1966			No			ATCC 11996, NCTC 10698, NCIB 8955, NRRL B-2611						https://ncppb.fera.co.uk/furtherinfo/1969	
NCPPB 1971					1971	Pseudomonas oleovorans subsp. oleovorans					Pseudomonas pseudoalcaligenes Stanier 1966	Pseudomonas pseudoalcaligenes Stanier 1966	Pseudomonas pseudoalcaligenes Stanier 1966	(Lee and Chandler 1941) Saha et al. 2010	Bacteria	Yes	No					Sinus drainage			ATCC 17440	ex R.Y. Stanier 63 ex P.Thibault X-59		1966	1956		No			NCIB 9946						https://ncppb.fera.co.uk/furtherinfo/1971	
NCPPB 1973					1973	Stutzerimonas stutzeri					Pseudomonas stutzeri (Lehmann and Neumann 1896) Sijderius 1946	Pseudomonas stutzeri (Lehmann and Neumann 1896) Sijderius 1946	Pseudomonas stutzeri (Lehmann and Neumann 1896) Sijderius 1946	(Lehmann and Neumann 1896) Lalucat et al. 2022	Bacteria	Yes	No					Isolated from spinal fluid.			ATCC 17588	ex R.Y. Stanier 221 ex H. Lautrop AB201		1966			No			VKM B-975						https://ncppb.fera.co.uk/furtherinfo/1973	
NCPPB 1974					1974	Stenotrophomonas maltophilia					Stenotrophomonas maltophilia (Hugh 1981) Palleroni and Bradbury 1993	Pseudomonas maltophilia	Xanthomonas maltophilia (Hugh 1981) Palleroni and Bradbury 1993	(Hugh 1981) Palleroni and Bradbury 1993	Bacteria	Yes	No					Cancer Patient									No			ATCC 13637; CCM 1640; NCTC 10275; NCIMB 9203; NCIMB 9203; DSM 50170; NCPPB 1974;						https://ncppb.fera.co.uk/furtherinfo/1974	
NCPPB 1975					1975	Stenotrophomonas maltophilia					Stenotrophomonas maltophilia (Hugh 1981) Palleroni and Bradbury 1993	Pseudomonas maltophilia	Xanthomonas maltophilia (Hugh 1981) Palleroni and Bradbury 1993	(Hugh 1981) Palleroni and Bradbury 1993	Bacteria	No	No														No									https://ncppb.fera.co.uk/furtherinfo/1975	
NCPPB 1978					1978	Pseudomonas viridiflava					Pseudomonas viridiflava (Burkholder 1930) Dowson 1939	Pseudomonas syringae		(Burkholder 1930) Dowson 1939	Bacteria	No	No							ex M. Dye	L.A.E. Baker		296	1967			No		LOPAT Group II.			No				https://ncppb.fera.co.uk/furtherinfo/1978	
NCPPB 1979					1979	Pseudomonas sp.					Pseudomonas sp.	Pseudomonas sp. (not pathogenic)		Migula 1894	Bacteria	No	No	UK				Agaricus bisporus		ex E. Billing P92	L. Baker		304	1967	1961		No		Fatty acids typical of Pseudomonas sp.LOPAT Va.Associated with plant material; not known to be pathogenic.Associated with plant material; not known to be pathogenic.							https://ncppb.fera.co.uk/furtherinfo/1979	
NCPPB 1986					1986	Pseudomonas viridiflava					Pseudomonas viridiflava (Burkholder 1930) Dowson 1939	Pseudomonas sp.		(Burkholder 1930) Dowson 1939	Bacteria	No	No	UK				Chrysanthemum morifolium		ex M.A. Edwards Se4;	L.A.E. Baker	.	350	1967			No		LOPAT Group II. REP-PCR cluster 46							https://ncppb.fera.co.uk/furtherinfo/1986	
NCPPB 1987					1987	Pseudomonas viridiflava					Pseudomonas viridiflava (Burkholder 1930) Dowson 1939	Pseudomonas sp.		(Burkholder 1930) Dowson 1939	Bacteria	No	No	UK				Chrysanthemum morifolium		ex M.A. Edwards Se5a	L.A.E. Baker		351	1967			No		LOPAT Group II.							https://ncppb.fera.co.uk/furtherinfo/1987	
NCPPB 1988					1988	Pseudomonas viridiflava					Pseudomonas viridiflava (Burkholder 1930) Dowson 1939	Pseudomonas sp.		(Burkholder 1930) Dowson 1939	Bacteria	No	No	UK				Chrysanthemum morifolium		ex M.A. Edwards Sel4	L.A.E. Baker		352	1967			No		LOPAT Group II.							https://ncppb.fera.co.uk/furtherinfo/1988	
NCPPB 1992					1992	Pseudomonas viridiflava					Pseudomonas viridiflava (Burkholder 1930) Dowson 1939	Pseudomonas sp		(Burkholder 1930) Dowson 1939	Bacteria	No	No	UK				Pyrethrum sp.		L.A.E. Baker 361				1967	1961		No		LOPAT Group II.Atypical REP-PCR profile							https://ncppb.fera.co.uk/furtherinfo/1992	
NCPPB 1996					1996	Pseudomonas agarici					Pseudomonas agarici Young 1970	Pseudomonas sp.		Young 1970	Bacteria	No	No	UK				Agaricus bisporus		L. Baker 455				1967	1963		No		LOPAT Group III							https://ncppb.fera.co.uk/furtherinfo/1996	
NCPPB 1999					1999	Pseudomonas agarici					Pseudomonas agarici Young 1970	Pseudomonas sp.		Young 1970	Bacteria	No	No	UK				Agaricus bisporus		L. Baker Pl3/la				1967	1966		Yes		LOPAT Group III							https://ncppb.fera.co.uk/furtherinfo/1999	
NCPPB 2012					2012	Pseudomonas viridiflava					Pseudomonas viridiflava (Burkholder 1930) Dowson 1939	Pseudomonas viridiflava		(Burkholder 1930) Dowson 1939	Bacteria	No	No	Iran				Phaseolus vulgaris		J. Oxtoby B3				1967	1967		Yes		LOPAT Group II. REP-PCR cluster 86							https://ncppb.fera.co.uk/furtherinfo/2012	
NCPPB 2013					2013	Pseudomonas viridiflava					Pseudomonas viridiflava (Burkholder 1930) Dowson 1939	Pseudomonas viridiflava		(Burkholder 1930) Dowson 1939	Bacteria	No	No	UK				Phaseolus vulgaris		L.A.E. Baker 82a				1967	1967		Yes		LOPAT Group II.			No				https://ncppb.fera.co.uk/furtherinfo/2013	
NCPPB 2023					2023	Pseudomonas viridiflava					Pseudomonas viridiflava (Burkholder 1930) Dowson 1939	Pseudomonas sp.		(Burkholder 1930) Dowson 1939	Bacteria	No	No	W. Germany				Viola tricolor		H. Stolp P.sp.ll;				1967	1967		No	Stolp, H. 1967. NacchrBl. dt. PflSchutzdienst. 19: 154	LOPAT Group II. REP-PCR cluster 81							https://ncppb.fera.co.uk/furtherinfo/2023	
NCPPB 2024					2024	Pseudomonas viridiflava					Pseudomonas viridiflava (Burkholder 1930) Dowson 1939	Pseudomonas sp.		(Burkholder 1930) Dowson 1939	Bacteria	No	No	W. Germany				Viola tricolor		H. Stolp P.sp.14				1967	1967		No	Stolp, H. 1967. NacchrBl. dt. PflSchutzdienst. 19: 154	LOPAT Group II.							https://ncppb.fera.co.uk/furtherinfo/2024	
NCPPB 2025					2025	Pseudomonas viridiflava					Pseudomonas viridiflava (Burkholder 1930) Dowson 1939	Pseudomonas sp.		(Burkholder 1930) Dowson 1939	Bacteria	No	No	W. Germany				Viola tricolor		H. Stolp P.sp.15				1967	1967		No	Stolp, H. 1967. NacchrBl. dt. PflSchutzdienst. 19: 154	LOPAT Group II.							https://ncppb.fera.co.uk/furtherinfo/2025	
NCPPB 2026					2026	Pseudomonas viridiflava					Pseudomonas viridiflava (Burkholder 1930) Dowson 1939	Pseudomonas sp.		(Burkholder 1930) Dowson 1939	Bacteria	No	No	W. Germany				Viola tricolor		H. Stolp P.sp.16				1967	1967		No	Stolp, H. 1967. NacchrBl. dt. PflSchutzdienst. 19: 154	LOPAT Group II.							https://ncppb.fera.co.uk/furtherinfo/2026	
NCPPB 2038					2038	Pseudomonas syringae pv. maculicola					Pseudomonas syringae pv. maculicola (McCulloch 1911) Young, Dye & Wilkie 1978	Pseudomonas  maculicola		(McCulloch 1911) Young, Dye & Wilkie 1978	Bacteria	No	No	UK				Brassica oleracea var. botrytis		ex M.T. Dervish 959/66	J. Harrison			1967	1966		Yes		Partial gene (rpoD) sequence is identical to the pathotype strain NCPPB 2039 (July 2016)							https://ncppb.fera.co.uk/furtherinfo/2038	
NCPPB 2039					2039	Pseudomonas syringae pv. maculicola					Pseudomonas syringae pv. maculicola (McCulloch 1911) Young, Dye & Wilkie 1978	Pseudomonas  maculicola		(McCulloch 1911) Young, Dye & Wilkie 1978	Bacteria	No	Yes	New Zealand		2	NCPPB Primary Storage	Brassica oleracea var. botrytis		ex D. Shackleton DS29	D.W. Dye			1967	1965		No		Exhibits ice nucleation activity. Partial gene (rpoD) sequence is identical to other Pseudomonas syringae pv. maculicola strains (July 2016)	ICMP 3935, CFBP 1657, 5071		No				https://ncppb.fera.co.uk/furtherinfo/2039	
NCPPB 2052					2052	Pseudomonas syringae					Pseudomonas syringae van Hall 1902	Pseudomonas syringae van Hall 1902		van Hall 1902	Bacteria	No	No	UK				Salix matsudana var. tortuosa.		R.A. Lelliott W3				1967	1967		No		REP-PCR close to other strains from poplar and willow (296,981).Genomospecies 2?	ICMP 3893						https://ncppb.fera.co.uk/furtherinfo/2052	
NCPPB 2054					2054	Pseudomonas syringae					Pseudomonas syringae van Hall 1902	Pseudomonas syringae van Hall 1902		van Hall 1902	Bacteria	No	No	UK				Salix matsudana var. tortuosa.			R.A. Lelliott Wl			1967	1967		No									https://ncppb.fera.co.uk/furtherinfo/2054	
NCPPB 2069					2069	Pseudomonas cannabina pv. cannabina					Pseudomonas cannabina (ex Sutic & Dowson 1959) Gardan et al. 1999	Pseudomonas cannabina Sutic & Dowson 1959	Pseudomonas syringae pv. cannabina (Sutic & Dowson 1959) Young, Dye & Wilkie 1978	(ex Šuti? & Dowson 1959) Gardan et al. 1999 emend. Bull et al. 2010	Bacteria	No	No	Yugoslavia				Cannabis sativa		ex W.J. Dowson 610	ICPB PC114			1968			No		Atypical REP-PCR profile.	ATCC 13436, LMG 757, ICMP 439						https://ncppb.fera.co.uk/furtherinfo/2069	
NCPPB 2070					2070	Pseudomonas savastanoi pv. glycinea					Pseudomonas savastanoi pv. glycinea ( Coerper 1919 ) Gardan et al. 1992	Pseudomonas glycinea Coerper 1919	Pseudomonas syringae pv. glycinea (Coerper 1919) Young et al.1976	( Coerper 1919 ) Gardan et al. 1992	Bacteria	No	No	USA				Glycine max		ex M.P. Starr PG7	ICPB PG7			1968	1942		No									https://ncppb.fera.co.uk/furtherinfo/2070	
NCPPB 2073					2073	Pseudomonas syringae					Pseudomonas syringae van Hall 1902	Pseudomonas syringae van Hall 1902		van Hall 1902	Bacteria	No	No	UK				Prunus cerasifera		C.M.E. Garrett EP3				1968	1966		Yes	Graham, C.M.E., Crosse, J.E. 1967. Rep. East Malling Research Station. 1966. p153	Myrobalan pathotype. REP-PCR close to pv. persicae; rpoD sequence very close to NCPPB 2761 T, P. s. pv. persicae	ICMP 3710		No				https://ncppb.fera.co.uk/furtherinfo/2073	
NCPPB 2074					2074	Pseudomonas syringae					Pseudomonas syringae van Hall 1902	Pseudomonas syringae van Hall 1902		van Hall 1902	Bacteria	No	No	UK				Prunus cerasifera		C.M.E. Garrett EP12				1968	1966		Yes	Graham, C.M.E., Crosse, J.E. 1967. Rep. East Malling Research Station. 1966. p153	Myrobalan pathotype. REP-PCR close to pv. persicae; rpoD sequence very close to NCPPB 2761 T, P. s. pv. persicae			No				https://ncppb.fera.co.uk/furtherinfo/2074	
NCPPB 2075					2075	Pseudomonas syringae					Pseudomonas syringae van Hall 1902	Pseudomonas syringae van Hall 1902		van Hall 1902	Bacteria	No	No	UK				Prunus cerasifera			C.M.E. Garrett EP20			1968	1966		Yes	Graham, C.M.E., Crosse, J.E. 1967. Rep. East Malling Research Station. 1966. p153	Myrobalan pathotype. REP-PCR close to pv. persicae; rpoD sequence very close to NCPPB 2761 T, P. s. pv. persicae							https://ncppb.fera.co.uk/furtherinfo/2075	
NCPPB 2076					2076	Pseudomonas syringae					Pseudomonas syringae van Hall 1902	Pseudomonas syringae van Hall 1902		van Hall 1902	Bacteria	No	No	UK				Prunus cerasifera		C.M.E. Garrett EP26				1968	1966		Yes	Graham, C.M.E., Crosse, J.E. 1967. Rep. East Malling Research Station. 1966. p153	Myrobalan pathotype. REP-PCR close to pv. persicae; rpoD sequence very close to NCPPB 2761 T, P. s. pv. persicae	ICMP 3707						https://ncppb.fera.co.uk/furtherinfo/2076	
NCPPB 2077					2077	Pseudomonas syringae					Pseudomonas syringae van Hall 1902	Pseudomonas syringae van Hall 1902		van Hall 1902	Bacteria	No	No	UK				Prunus cerasifera		C.M.E. Garrett EP33				1968	1966		No	Graham, C.M.E., Crosse, J.E. 1967. Rep. East Malling Research Station. 1966. p153	Myrobalan pathotype. REP-PCR close to pv. persicae; rpoD sequence very close to NCPPB 2761 T, P. s. pv. persicae	ICMP 3978						https://ncppb.fera.co.uk/furtherinfo/2077	
NCPPB 2088					2088	Ralstonia solanacearum					Ralstonia solanacearum (Smith 1896) Yabuuchi et al. 1996	Pseudomonas solanacearum (Smith 1896) 1914	Burkholderia solanacearum (Smith 1896) Yabuuchi et al. 1993, Pseudomonas solanacearum (Smith 1896) Smith 1914	(Smith 1896) Yabuuchi et al. 1996	Bacteria	No	No	Nigeria				Solanum tuberosum		D.C. Graham				1968	1968		No		Biovar II.							https://ncppb.fera.co.uk/furtherinfo/2088	
NCPPB 2089					2089	Pseudomonas sp.					Pseudomonas sp.	Pseudomonas sp. (not pathogenic)		Migula 1894	Bacteria	No	No	UK				Brassica oleracea var. botrytis		B.M. Lund C9/183				1968	1967		No		Fatty acids typical of Pseudomonas sp. LOPAT ++---. Associated with plant material; not known to be pathogenic.							https://ncppb.fera.co.uk/furtherinfo/2089	
NCPPB 2091					2091	Pseudomonas viridiflava					Pseudomonas viridiflava (Burkholder 1930) Dowson 1939	Pseudomonas viridiflava		(Burkholder 1930) Dowson 1939	Bacteria	No	No	UK				Brassica oleracea var. botrytis		B.M. Lund C9/411				1968	1967		No		LOPAT Group II.							https://ncppb.fera.co.uk/furtherinfo/2091	
NCPPB 2093					2093	Pseudomonas syringae					Pseudomonas syringae van Hall 1902	Pseudomonas syringae van Hall 1902		van Hall 1902	Bacteria	No	No	UK				Brassica oleracea var. botrytis		B.M. Lund C9/413				1968	1967		No		LOPAT ~ +. (not pathogenic).							https://ncppb.fera.co.uk/furtherinfo/2093	
NCPPB 2096					2096	Pseudomonas syringae pv. lapsa					Pseudomonas syringae pv. lapsa (Ark 1940) Young, Dye & Wilkie 1978	Pseudomonas  lapsa		(Ark 1940) Young, Dye & Wilkie 1978	Bacteria	No	Yes	Unknown				Corn hybrid seed		ex B.P. Chakravarti	ICPB PL117			1968			Yes	Literature:  Jayaraman, Jay; Jones, William T.; Harvey, Dawn; Hemara, Lauren M.; McCann, Honour C.; Yoon, Minsoo; Warring, Suzanne L.; Fineran, Peter C.; Mesarich, Carl H.; Templeton, Matthew D. (2020)Variation at the common polysaccharide antigen locus drives lipopolysaccharide diversity within the Pseudomonas syringae species complex.Environmental Microbiology22(12)5356-5372. DOI: 10.1111/1462-2920.15250	LOPAT Ia	ICMP 3947, CFBP 1731, LMG 2206						https://ncppb.fera.co.uk/furtherinfo/2096	
NCPPB 2106					2106	Pseudomonas syringae pv. syringae					Pseudomonas syringae pv. syringae van Hall 1902	Pseudomonas syringae		van Hall 1902	Bacteria	No	No	Hungary				Sorghum vulgare		ex M. Hevesi	Z. Klement		Cl	1968	1967		Yes		REP-PCR cluster of mainly Gramineae strains.Genomospecies 1?	ICMP 4474						https://ncppb.fera.co.uk/furtherinfo/2106	
NCPPB 2107					2107	Pseudomonas syringae pv. syringae					Pseudomonas syringae pv. syringae van Hall 1902	Pseudomonas syringae		van Hall 1902	Bacteria	No	No	Hungary				Sorghum vulgare		ex M. Hevesi	Z. Klement		C2	1968	1967		No									https://ncppb.fera.co.uk/furtherinfo/2107	
NCPPB 2108					2108	Pseudomonas syringae pv. syringae					Pseudomonas syringae pv. syringae van Hall 1902	Pseudomonas syringae		van Hall 1902	Bacteria	No	No	Hungary				Sorghum vulgare		ex M. Hevesi	Z. Klement		C3	1968	1967		No									https://ncppb.fera.co.uk/furtherinfo/2108	
NCPPB 2109					2109	Pseudomonas syringae pv. syringae					Pseudomonas syringae pv. syringae van Hall 1902	Pseudomonas syringae		van Hall 1902	Bacteria	No	No	Hungary				Sorghum vulgare var. sudanense		ex M. Hevesi	Z. Klement		S2-1	1968	1967		No			ICMP 4375						https://ncppb.fera.co.uk/furtherinfo/2109	
NCPPB 2110					2110	Pseudomonas syringae pv. syringae					Pseudomonas syringae pv. syringae van Hall 1902	Pseudomonas syringae		van Hall 1902	Bacteria	No	No	Hungary				Sorghum vulgare var. sudanense		ex M. Hevesi	Z. Klement		S2-2	1968	1967		No									https://ncppb.fera.co.uk/furtherinfo/2110	
NCPPB 2147					2147	Pseudomonas sp.						Xanthomonas type	Xanthomonas sp.	Migula 1894	Bacteria	No	No	E. Germany				Asparagus officinalis		L. Behr 1				1968	1965		Yes	Behr, L. 1967. Phytopath. Z. 60: 358	Yellow pigmented Pseudomonas syringae.							https://ncppb.fera.co.uk/furtherinfo/2147	
NCPPB 2151					2151	Trinickia caryophylli					Burkholderia caryophylli (Burkholder 1942) Yabuuchi et al. 1993	Pseudomonas caryophylli	Pseudomonas caryophylli (Burkholder 1942) Starr and Burkholder 1942, Burkholderia caryophylli (Burkholder 1942) Yabuuchi et al. 1993, Paraburkholderia caryophilli (Yabuuchi et al. 1993) Sawana et al. 2014	(Burkholder 1942) Estrada-de Los Santos et al. 2018	Bacteria	Yes	No	USA				Dianthus caryophyllus		ex N.A. MacLean	ICPB PC113			1969	1951		No			ATCC 25418, ICMP 512, DSMZ 50341, CCUG 20834, CFBP 2429, LMG 2155						https://ncppb.fera.co.uk/furtherinfo/2151	
NCPPB 2152					2152	Ralstonia pseudosolanacearum					Ralstonia solanacearum (Smith 1896) Yabuuchi et al. 1996	Pseudomonas solanacearum (Smith 1896) 1914	Ralstonia solanacearum (Smith 1896) Yabuuchi et al. 1996, Burkholderia solanacearum (Smith 1896) Yabuuchi et al. 1993, Pseudomonas solanacearum (Smith 1896) Smith 1914	Safni et al. 2014	Bacteria	No	No								ICPB PS121			1969			No		Phylotype I (NCPPB 2021)							https://ncppb.fera.co.uk/furtherinfo/2152	
NCPPB 2153					2153	Ralstonia solanacearum					Ralstonia solanacearum (Smith 1896) Yabuuchi et al. 1996	Pseudomonas solanacearum (Smith 1896) 1914	Ralstonia solanacearum (Smith 1896) Yabuuchi et al. 1996, Burkholderia solanacearum (Smith 1896) Yabuuchi et al. 1993, Pseudomonas solanacearum (Smith 1896) Smith 1914	Safni et al. 2014	Bacteria	No	No					Arachis hypogaea			ICPB PS122	ex A. Kelman		1969	1945		No		Phylotype II (NCPPB 2021)							https://ncppb.fera.co.uk/furtherinfo/2153	
NCPPB 2154					2154	Ralstonia solanacearum					Ralstonia solanacearum (Smith 1896) Yabuuchi et al. 1996	Pseudomonas solanacearum (Smith 1896) 1914	Burkholderia solanacearum (Smith 1896) Yabuuchi et al. 1993, Pseudomonas solanacearum (Smith 1896) Smith 1914	(Smith 1896) Yabuuchi et al. 1996	Bacteria	No	No	Costa Rica				Heliconia sp.			ICPB PS168-200	ex A. Kelman		1969	1958		No									https://ncppb.fera.co.uk/furtherinfo/2154	
NCPPB 2157					2157	Robbsia andropogonis					Burkholderia andropogonis (Smith 1911) Gillis et al. 1995	Pseudomonas woodsii	Pseudomonas andropogonis (Smith 1911) Stapp 1928, Burkholderia adropogonis (Smith 1911) Gillis et al. 1995, Paraburkholderia andropogonis (Gillis et al. 1995) Sawana et al. 2014	Lopes-Santos et al 2017	Bacteria	No	No					Dianthus barbatus			ICPB PW3	ex ATCC 9655		1969	1944		No									https://ncppb.fera.co.uk/furtherinfo/2157	
NCPPB 2168					2168	Pseudomonas syringae pv. morsprunorum					Pseudomonas syringae pv. morsprunorum (Wormald 1931) Young, Dye & Wilkie 1978	Pseudomonas morsprunorum		(Wormald 1931) Young, Dye & Wilkie 1978	Bacteria	No	No	UK				Prunus avium			C.M.E. Garrett		C19	1968			No		Whole genome sequencing places this strain with other Race 1 Psm in the Pseudomonas amygdali clade (NCPPB May 2026)			No				https://ncppb.fera.co.uk/furtherinfo/2168	
NCPPB 2179					2179	Robbsia andropogonis					Burkholderia andropogonis (Smith 1911) Gillis et al. 1995	Burkholderia andropogonis	Pseudomonas andropogonis (Smith 1911) Stapp 1928, Burkholderia adropogonis (Smith 1911) Gillis et al. 1995, Paraburkholderia andropogonis (Gillis et al. 1995) Sawana et al. 2014	Lopes-Santos et al 2017	Bacteria	No	No	Japan				Sorghum vulgare		T. Tominaga Pl-2-2				1969	1963		Yes									https://ncppb.fera.co.uk/furtherinfo/2179	
NCPPB 2180					2180	Robbsia andropogonis					Burkholderia andropogonis (Smith 1911) Gillis et al. 1995	Burkholderia andropogonis	Pseudomonas andropogonis (Smith 1911) Stapp 1928, Burkholderia adropogonis (Smith 1911) Gillis et al. 1995, Paraburkholderia andropogonis (Gillis et al. 1995) Sawana et al. 2014	Lopes-Santos et al 2017	Bacteria	No	No	Japan				Sorghum vulgare var. sudanense		T. Tominaga Pl-2-4				1969	1967		Yes									https://ncppb.fera.co.uk/furtherinfo/2180	
NCPPB 2192	SAMD00540511 SAMN00993368 SAMN04488246 	   	GCF_002813445.1 		2192	Pseudomonas tolaasii					Pseudomonas tolaasii Paine 1919	Pseudomonas tolaasii		Paine 1919	Bacteria	Yes	No	UK				Agaricus bisporus		D.S. Gandy B26				1969	1965		Yes		WGS confirms this is P. tolaasii. LOPAT Group V	ICMP 12883, CFBP 2068, LMG 2342, ATCC 33618						https://ncppb.fera.co.uk/furtherinfo/2192	 Other_CC = ATCC 33618 ; CCUG 23369 ; CCUG 32782 ; CFBP 2068 ; CIP 106735 ; IAM 15125 ; ICMP 12833 ; JCM 21583 ; LMG 2342 ; NCPPB 2192; history = IAM 15125 <- CIP 106735 <- NCPPB 2192 <- D.S. Gandy, B26;  strain = NCPPB 2192; title = Pseudomonas tolaasii NCPPB 2192;  strain = NCPPB 2192; organism = Pseudomonas tolaasii NCPPB 2192; title = Pseudomonas tolaasii NCPPB 2192; 
NCPPB 2193					2193	Pseudomonas edaphica					Pseudomonas tolaasii Paine 1919	Pseudomonas tolaasii	Pseudomonas tolaasii Paine 1919	Ramírez-Bahena et al. 2019	Bacteria	No	No	UK				Agaricus bisporus		D.S. Gandy B196				1969	1968		Yes		WGS shows this organism is P. edaphica. LOPAT Group V							https://ncppb.fera.co.uk/furtherinfo/2193	
NCPPB 2194					2194	Pseudomonas tolaasii					Pseudomonas tolaasii Paine 1919	Pseudomonas tolaasii		Paine 1919	Bacteria	No	No	Canada				Agaricus bisporus			D.S. Gandy	.	B199	1969			Yes		WGS confirms this is P. tolaasii. LOPAT Group V							https://ncppb.fera.co.uk/furtherinfo/2194	
NCPPB 2195					2195	Pseudomonas aeruginosa					Pseudomonas aeruginosa (Schroeter 1872) Migula 1900	Pseudomonas aeruginosa (Schroeter 1872) Migula 1900		(Schroeter 1872) Migula 1900	Bacteria	No	No	UK				Agaricus bisporus		D.S. Gandy B231				1969	1968		Yes									https://ncppb.fera.co.uk/furtherinfo/2195	
NCPPB 2196					2196	Pseudomonas aeruginosa					Pseudomonas aeruginosa (Schroeter 1872) Migula 1900	Pseudomonas aeruginosa (Schroeter 1872) Migula 1900		(Schroeter 1872) Migula 1900	Bacteria	No	No	UK				Agaricus bisporus		D.S. Gandy B235				1969	1968		Yes									https://ncppb.fera.co.uk/furtherinfo/2196	
NCPPB 2197					2197	Pseudomonas aeruginosa					Pseudomonas aeruginosa (Schroeter 1872) Migula 1900	Pseudomonas aeruginosa (Schroeter 1872) Migula 1900		(Schroeter 1872) Migula 1900	Bacteria	No	No	UK				Agaricus bisporus		D.S. Gandy B236				1969	1968		Yes									https://ncppb.fera.co.uk/furtherinfo/2197	
NCPPB 2198					2198	Ralstonia pseudosolanacearum					Ralstonia solanacearum (Smith 1896) Yabuuchi et al. 1996	Pseudomonas solanacearum (Smith 1896) 1914	Ralstonia solanacearum (Smith 1896) Yabuuchi et al. 1996, Burkholderia solanacearum (Smith 1896) Yabuuchi et al. 1993, Pseudomonas solanacearum (Smith 1896) Smith 1914	(Smith 1896) Safni et al. 2014	Bacteria	No	No	Trinidad				Musa sp.		B. Digat Tri Ba2				1969	1968		Yes		Phylogroup I (NCPPB Jan 2024)	INRA 69.1168						https://ncppb.fera.co.uk/furtherinfo/2198	
NCPPB 2199					2199	Ralstonia solanacearum					Ralstonia solanacearum (Smith 1896) Yabuuchi et al. 1996	Pseudomonas solanacearum (Smith 1896) 1914Pseudomonas solanacearum (Smith 1896) 1914	Ralstonia solanacearum (Smith 1896) Yabuuchi et al. 1996, Burkholderia solanacearum (Smith 1896) Yabuuchi et al. 1993, Pseudomonas solanacearum (Smith 1896) Smith 1914	Safni et al. 2014	Bacteria	No	No	Martinique				Solanum melongena		B. Digat Mar An 1				1969	1965		Yes		Phylotype II (NCPPB 2021)	INRA 69.1165		No				https://ncppb.fera.co.uk/furtherinfo/2199	
NCPPB 2200					2200	Ralstonia solanacearum					Ralstonia solanacearum (Smith 1896) Yabuuchi et al. 1996	Pseudomonas solanacearum (Smith 1896) 1914	Ralstonia solanacearum (Smith 1896) Yabuuchi et al. 1996, Burkholderia solanacearum (Smith 1896) Yabuuchi et al. 1993, Pseudomonas solanacearum (Smith 1896) Smith 1914	Safni et al. 2014	Bacteria	No	No	Guadeloupe				Solanum lycopersicum		B. Digat Gua To 2				1969	1966		Yes		Phylotype II (NCPPB 2021)	INRA 69.1161						https://ncppb.fera.co.uk/furtherinfo/2200	
NCPPB 2201					2201	Ralstonia solanacearum					Ralstonia solanacearum (Smith 1896) Yabuuchi et al. 1996	Pseudomonas solanacearum (Smith 1896) 1914	Ralstonia solanacearum (Smith 1896) Yabuuchi et al. 1996, Burkholderia solanacearum (Smith 1896) Yabuuchi et al. 1993, Pseudomonas solanacearum (Smith 1896) Smith 1914	Safni et al. 2014	Bacteria	No	No	Trinidad				Solanum lycopersicum		B. Digat Tri To 3				1969	1968		Yes		Phylotype II (NCPPB 2021)	INRA 69.11730						https://ncppb.fera.co.uk/furtherinfo/2201	
NCPPB 2202					2202	Burkholderia sp.					Ralstonia solanacearum (Smith 1896) Yabuuchi et al. 1996	Pseudomonas solanacearum (Smith 1896) 1914	Burkholderia sp. Yabuuchi et al. 1993 emmend. Gillis et al. 1995	Yabuuchi et al., 1993 emend. Gillis et al., 1995	Bacteria	No	No	Trinidad				Musa sp.		B. Digat Tri Ba 4				1969	1968		No		Identified as Burkholderia sp. 04/10/2000	INRA 69.11700						https://ncppb.fera.co.uk/furtherinfo/2202	
NCPPB 2203					2203	Ralstonia solanacearum					Ralstonia solanacearum (Smith 1896) Yabuuchi et al. 1996	Pseudomonas solanacearum (Smith 1896) 1914	Ralstonia solanacearum (Smith 1896) Yabuuchi et al. 1996, Burkholderia solanacearum (Smith 1896) Yabuuchi et al. 1993, Pseudomonas solanacearum (Smith 1896) Smith 1914	Safni et al. 2014	Bacteria	No	No	Guadeloupe				Solanum lycopersicum		B. Digat Gua To 1				1969	1965		No		Phylotype II (NCPPB 2021)	INRA 68.1038						https://ncppb.fera.co.uk/furtherinfo/2203	
NCPPB 2204					2204	Ralstonia pseudosolanacearum					Ralstonia solanacearum (Smith 1896) Yabuuchi et al. 1996	Pseudomonas solanacearum (Smith 1896) 1914	Ralstonia solanacearum (Smith 1896) Yabuuchi et al. 1996, Burkholderia solanacearum (Smith 1896) Yabuuchi et al. 1993, Pseudomonas solanacearum (Smith 1896) Smith 1914	Safni et al. 2014	Bacteria	No	No	French Guyana		2	NCPPB Primary Storage	Solanum lycopersicum		B. Digat Guy To 1				1969	1968		No		Phylotype I (NCPPB 2021)	INRA 69.11660		No				https://ncppb.fera.co.uk/furtherinfo/2204	
NCPPB 2212					2212	Pseudomonas sp.					Pseudomonas sp.	P. marginata	Burkholderia gladioli pv. gladioli (Severini 1913) Yabuuchi et al. 1992	Migula 1894	Bacteria	No	No	Netherlands				Freesia sp.		ex W. Kamerman S-189b-83	G.J. Saaltink			1969	1968		Yes									https://ncppb.fera.co.uk/furtherinfo/2212	
NCPPB 2222					2222	Pseudomonas syringae pv. pisi					Pseudomonas syringae pv. pisi (Sacket 1916) Young, Dye & Wilkie 1978	Pseudomonas  pisi		(Sacket 1916) Young, Dye & Wilkie 1978	Bacteria	No	No	Italy				Pisum sativum		G.L. Ercolani PPll				1969	1969		Yes		Race 1. REP-PCR cluster 54							https://ncppb.fera.co.uk/furtherinfo/2222	
NCPPB 2224					2224	Pseudomonas sp.					Pseudomonas sp.	P. marginata	Burkholderia gladioli pv. gladioli (Severini 1913) Yabuuchi et al. 1992	Migula 1894	Bacteria	No	No	Netherlands				Iris sp.		W. Kamerman S-190-87				1969	1968		Yes									https://ncppb.fera.co.uk/furtherinfo/2224	
NCPPB 2225					2225	Pseudomonas syringae pv. delphinii					Pseudomonas syringae pv. delphinii (Smith 1904) Young, Dye & Wilkie 1978	Pseudomonas delphinii		(Smith 1904) Young, Dye & Wilkie 1978	Bacteria	No	No	UK		2	NCPPB Primary Storage	Delphinium elatum		J. Oxtoby A137a				1969	1969		No		LOPAT Group Ib			No				https://ncppb.fera.co.uk/furtherinfo/2225	
NCPPB 2242					2242	Pseudomonas syringae pv. morsprunorum					Pseudomonas syringae pv. morsprunorum (Wormald 1931) Young, Dye & Wilkie 1978	Pseudomonas morsprunorum		(Wormald 1931) Young, Dye & Wilkie 1978	Bacteria	No	No	South Africa				Prunus sp.		ex B.H. Boelema 1	J.F. Bradbury		B3888	1969	1967		Yes		Whole genome sequencing places this strain with other Race 1 Psm in the Pseudomonas amygdali clade (NCPPB May 2026)			No				https://ncppb.fera.co.uk/furtherinfo/2242	
NCPPB 2244					2244	Herbaspirillum rubrisubalbicans					Herbaspirillum rubrisubalbicans (Christopher and Edgerton 1930) Baldani et al. 1996	Pseudomonas rubrisubalbicans	Pseudomonas rubrisubalbicans (Christopher and Edgerton 1930) Baldani et al. 1996	(Christopher and Edgerton 1930) Baldani et al. 1996	Bacteria	No	No	Angola				Saccharum officinarum		J.F. Bradbury B3657			B3657	1969	1967		No									https://ncppb.fera.co.uk/furtherinfo/2244	
NCPPB 2245					2245	Ralstonia pseudosolanacearum					Ralstonia solanacearum (Smith 1896) Yabuuchi et al. 1996	Pseudomonas solanacearum (Smith 1896) 1914	Ralstonia solanacearum (Smith 1896) Yabuuchi et al. 1996, Burkholderia solanacearum (Smith 1896) Yabuuchi et al. 1993, Pseudomonas solanacearum (Smith 1896) Smith 1914	Safni et al. 2014	Bacteria	No	No	Australia		2	NCPPB Primary Storage	Stylosanthes humulis		ex S. Aldrich 236	J.F. Bradbury		B4050	1969	1969		Yes		Biovar IV. Phylotype I (NCPPB 2021)			No				https://ncppb.fera.co.uk/furtherinfo/2245	
NCPPB 2246					2246	Pseudomonas syringae					Pseudomonas syringae van Hall 1902	Pseudomonas syringae van Hall 1902		van Hall 1902	Bacteria	No	No	Malawi				Pogostemon cablin		= ICMP 4494	J.F. Bradbury B3997a			1969	1969		No					No				https://ncppb.fera.co.uk/furtherinfo/2246	
NCPPB 2254	SAMEA104365385 SAMN03460427 	  	GCF_900235805.1 GCF_000980905.1 		2254	Pseudomonas syringae pv. persicae					Pseudomonas syringae pv. persicae (Prunier et al. 1970) Young, Dye & Wilkie 1978	Pseudomonas morsprunorum f.sp. persicae	Pseudomonas syringae pv. morsprunorum f.sp. persicae Prunier et al. 1970	(Prunier et al. 1970) Young, Dye & Wilkie 1978	Bacteria	No	No	France				Prunus persica		ex L. Gardan	M . Ride		815.1	1972	1969		Yes									https://ncppb.fera.co.uk/furtherinfo/2254	 title = P. syringae pv. persicae NCPPB 2254; sample_name = NCPPB 2254; Submitter_Id = NCPPB 2254;  strain = NCPPB 2254; 
NCPPB 2260					2260	Pseudomonas syringae pv. syringae					Pseudomonas syringae pv. syringae van Hall 1902	Pseudomonas syringae		van Hall 1902	Bacteria	No	No	Yugoslavia		2	NCPPB Primary Storage	Prunus armeniaca		M. Arsenijevic 77				1970	1967		No			ICMP 3692		No				https://ncppb.fera.co.uk/furtherinfo/2260	
NCPPB 2261					2261	Pseudomonas syringae pv. syringae					Pseudomonas syringae pv. syringae van Hall 1902	Pseudomonas syringae		van Hall 1902	Bacteria	No	No	Yugoslavia				Prunus armeniaca		M. Arsenijevic 96				1970	1967		Yes									https://ncppb.fera.co.uk/furtherinfo/2261	
NCPPB 2263					2263	Pseudomonas syringae pv. syringae					Pseudomonas syringae pv. syringae van Hall 1902	Pseudomonas syringae		van Hall 1902	Bacteria	No	No	Yugoslavia				Sorghum vulgare var. sudanense		M. Arsenijevic Sir. 21				1970	1964		Yes			ICMP 4477						https://ncppb.fera.co.uk/furtherinfo/2263	
NCPPB 2264					2264	Pseudomonas syringae					Pseudomonas syringae van Hall 1902	Pseudomonas syringae van Hall 1902		van Hall 1902	Bacteria	No	No	Yugoslavia				Zea mays			M. Arsenijevic		1a	1970	1965		No			ICMP 4417		No				https://ncppb.fera.co.uk/furtherinfo/2264	
NCPPB 2268					2268	Pseudomonas syringae pv. syringae					Pseudomonas syringae pv. syringae van Hall 1902	Pseudomonas syringae		van Hall 1902	Bacteria	No	No	Yugoslavia				Medicago sativa		M. Arsenijevic 38				1970	1967		Yes		REP-PCR close to pv.aptata.Genomospecies 1?	ICMP 4495						https://ncppb.fera.co.uk/furtherinfo/2268	
NCPPB 2289	SAMN02471740 	 	GCF_000280785.1 		2289	Pseudomonas agarici					Pseudomonas agarici Young 1970	Pseudomonas agarici Young 1970		Young 1970	Bacteria	Yes	No	New Zealand				Agaricus bisporus		J. M. Young 71A				1970	1969		No		LOPAT Group III	ATCC 25941, NZRCC 2656, ICMP 2656, DSMZ 11810, LMG 2112, CFBP 2063						https://ncppb.fera.co.uk/furtherinfo/2289	 strain = NCPPB 2289; title = Sample from Pseudomonas agarici NCPPB 2289; 
NCPPB 2306					2306	Pseudomonas syringae pv. syringae					Pseudomonas syringae pv. syringae van Hall 1902	Pseudomonas syringae		van Hall 1902	Bacteria	No	No	Italy				Pyrus communis		U. Mazzucchi 61				1970	1968		No		Pathogenic to detached pear fruit	ICPB PS277						https://ncppb.fera.co.uk/furtherinfo/2306	
NCPPB 2307					2307	Pseudomonas syringae pv. syringae					Pseudomonas syringae pv. syringae van Hall 1902	Pseudomonas syringae		van Hall 1902	Bacteria	No	No	Italy				Citrus limon		U. Mazzucchi 67				1970	1968		No		Pathogenic to detached pear fruit.REP-PCR close to pv.aptata.Genomospecies 1?	ICMP 4409						https://ncppb.fera.co.uk/furtherinfo/2307	
NCPPB 2313					2313	Ralstonia solanacearum					Ralstonia solanacearum (Smith 1896) Yabuuchi et al. 1996	Pseudomonas solanacearum (Smith 1896) 1914	Ralstonia solanacearum (Smith 1896) Yabuuchi et al. 1996, Burkholderia solanacearum (Smith 1896) Yabuuchi et al. 1993, Pseudomonas solanacearum (Smith 1896) Smith 1914	Yabuuchi et al. 1996	Bacteria	No	No	Costa Rica				Eupatorium sp.			L. Sequeira S-123			1970			No		Phylotype II (NCPPB 2021)							https://ncppb.fera.co.uk/furtherinfo/2313	
NCPPB 2314					2314	Ralstonia solanacearum					Ralstonia solanacearum (Smith 1896) Yabuuchi et al. 1996	Pseudomonas solanacearum (Smith 1896) 1914	Burkholderia solanacearum (Smith 1896) Yabuuchi et al. 1993, Pseudomonas solanacearum (Smith 1896) Smith 1914	(Smith 1896) Yabuuchi et al. 1996	Bacteria	No	No	Colombia		2	NCPPB Primary Storage	Plantago sp.			L. Sequeira		S-210;	1970			No		Race 1.			No				https://ncppb.fera.co.uk/furtherinfo/2314	
NCPPB 2315					2315	Ralstonia solanacearum					Ralstonia solanacearum (Smith 1896) Yabuuchi et al. 1996	Pseudomonas solanacearum (Smith 1896) 1914	Burkholderia solanacearum (Smith 1896) Yabuuchi et al. 1993, Pseudomonas solanacearum (Smith 1896) Smith 1914	(Smith 1896) Yabuuchi et al. 1996	Bacteria	No	No	Peru				Musa sp.			L. Sequeira		S-223	1970			No		Race 2.							https://ncppb.fera.co.uk/furtherinfo/2315	
NCPPB 2316					2316	Ralstonia solanacearum					Ralstonia solanacearum (Smith 1896) Yabuuchi et al. 1996	Pseudomonas solanacearum (Smith 1896) 1914	Burkholderia solanacearum (Smith 1896) Yabuuchi et al. 1993, Pseudomonas solanacearum (Smith 1896) Smith 1914	(Smith 1896) Yabuuchi et al. 1996	Bacteria	No	No	Australia				Solanum tuberosum			L. Sequeira		S-243	1970			No		Race 3.							https://ncppb.fera.co.uk/furtherinfo/2316	
NCPPB 2318					2318	Pseudomonas syringae pv. syringae					Pseudomonas syringae pv. syringae van Hall 1902	Pseudomonas syringae		van Hall 1902	Bacteria	No	No	Romania		2	NCPPB Primary Storage	Prunus domestica		I. Lazar 925				1970	1969		No			ICMP 3694		No				https://ncppb.fera.co.uk/furtherinfo/2318	
NCPPB 2319					2319	Pseudomonas syringae pv. syringae					Pseudomonas syringae pv. syringae van Hall 1902	Pseudomonas syringae		van Hall 1902	Bacteria	No	No	Romania		2	NCPPB Primary Storage	Prunus persica		I. Lazar 531				1970	1969		No			ICMP 3695		No				https://ncppb.fera.co.uk/furtherinfo/2319	
NCPPB 2321					2321	Pseudomonas syringae					Pseudomonas syringae pv. morsprunorum (Wormald 1931) Young, Dye & Wilkie 1978	Pseudomonas morsprunorum	Pseudomonas syringae pv. morsprunorum (Wormald 1931) Young, Dye & Wilkie 1978	van Hall 1902	Bacteria	No	No	Romania				Prunus domestica		I. Lazar 1018				1970	1969		No		Partial gene (rpoD) sequence suggests this is not Pseudomonas syringae pv. morsprunorum - Closest match is P. poae (NCPPB Aug 2017)							https://ncppb.fera.co.uk/furtherinfo/2321	
NCPPB 2322					2322	Pseudomonas syringae pv. morsprunorum					Pseudomonas syringae pv. morsprunorum (Wormald 1931) Young, Dye & Wilkie 1978	Pseudomonas morsprunorum		(Wormald 1931) Young, Dye & Wilkie 1978	Bacteria	No	No	Romania				Prunus domestica		I. Lazar 1201				1970	1969		No		Whole genome sequencing places this strain with other Race 1 Psm in the Pseudomonas amygdali clade (NCPPB May 2026)			No				https://ncppb.fera.co.uk/furtherinfo/2322	
NCPPB 2324					2324	Pseudomonas syringae pv. persicae					Pseudomonas syringae pv. persicae (Prunier et al. 1970) Young, Dye & Wilkie 1978	Pseudomonas morsprunorum f.sp. persicae	Pseudomonas syringae pv. morsprunorum f.sp. persicae Prunier et al. 1970	(Prunier et al. 1970) Young, Dye & Wilkie 1978	Bacteria	No	No	France				Prunus persica		A. Vigouroux A17-2				1970	1968		Yes									https://ncppb.fera.co.uk/furtherinfo/2324	
NCPPB 2325					2325	Pseudomonas tolaasii					Pseudomonas tolaasii Paine 1919	Pseudomonas tolaasii		Paine 1919	Bacteria	No	No	Italy				Agaricus bisporus		G.L. Ercolani 117				1970	1969		Yes		WGS confirms this is P. tolaasii. LOPAT Group V							https://ncppb.fera.co.uk/furtherinfo/2325	
NCPPB 2326					2326	Pseudomonas syringae pv. syringae					Pseudomonas syringae pv. syringae van Hall 1902	Pseudomonas syringae		van Hall 1902	Bacteria	No	No	Italy				Citrus sp.		G.L. Ercolani 120				1970	1970		Yes			ICMP 4496						https://ncppb.fera.co.uk/furtherinfo/2326	
NCPPB 2327					2327	Pseudomonas savastanoi pv. savastanoi					Pseudomonas savastanoi pv. savastanoi (ex Smith 1908) Gardan et al. 1992	Pseudomonas savastanoi Smith 1908	Pseudomonas syringae pv. savastanoi (ex Smith 1908) Young Dye & Wilkie 1978	(ex Smith 1908) Gardan et al. 1992	Bacteria	No	No	Italy				Olea europaea		G.L. Ercolani 206				1970	1969		Yes					No				https://ncppb.fera.co.uk/furtherinfo/2327	
NCPPB 2328					2328	Pseudomonas savastanoi pv. savastanoi					Pseudomonas savastanoi pv. savastanoi (ex Smith 1908) Gardan et al. 1992	Pseudomonas savastanoi Smith 1908	Pseudomonas syringae pv. savastanoi (ex Smith 1908) Young Dye & Wilkie 1978	(ex Smith 1908) Gardan et al. 1992	Bacteria	No	No	Italy				Ligustrum japonicum		G.L. Ercolani 218				1970	1968		Yes	Bottalico, A., Ercolani, G.L. 1971. Phytopath. Mediterranea 10: 130	Atypical REP-PCR profile							https://ncppb.fera.co.uk/furtherinfo/2328	
NCPPB 2331					2331	Pseudomonas syringae pv. eriobotryae					Pseudomonas syringae pv. eriobotryae (Takimoto 1931) Young, Dye & Wilkie 1978	Pseudomonas eriobotryae		(Takimoto 1931) Young, Dye & Wilkie 1978	Bacteria	No	Yes	USA				Eriobotrya japonica		ex. Lai	D.C. Hildebrand		404	1970	1970		Yes			ICMP 4455, LMG 2184		No				https://ncppb.fera.co.uk/furtherinfo/2331	
NCPPB 2341					2341	Pseudomonas viridiflava					Pseudomonas viridiflava (Burkholder 1930) Dowson 1939	Pseudomonas viridiflava		(Burkholder 1930) Dowson 1939	Bacteria	No	No	UK				Brassica oleracea var. gemmifera		F.W. Catton C7				1970	1970		No		LOPAT Group II.							https://ncppb.fera.co.uk/furtherinfo/2341	
NCPPB 2350					2350	Acidovorax sp.					Acidovorax sp.	Pseudomonas sp.(pathogenic)		Willems et al. 1990 emend. Willems et al. 1992	Bacteria	No	No	Puerto Rico				Dracaena sanderiana		J.W. Miller 069-532W				1971	1969		Yes	Miller, J.W., Wehlburg, C. 1969. Proc. Flor. State Hort. Soc. 82: 368								https://ncppb.fera.co.uk/furtherinfo/2350	
NCPPB 2353					2353	Pseudomonas syringae pv. pisi					Pseudomonas syringae pv. pisi (Sacket 1916) Young, Dye & Wilkie 1978	Pseudomonas  pisi		(Sacket 1916) Young, Dye & Wilkie 1978	Bacteria	No	No	New Zealand				Pisum Sativum var. arvense		ex J. Tickle	D.W. Dye		PN13	1971	1970		Yes									https://ncppb.fera.co.uk/furtherinfo/2353	
NCPPB 2354					2354	Pseudomonas syringae pv. pisi					Pseudomonas syringae pv. pisi (Sacket 1916) Young, Dye & Wilkie 1978	Pseudomonas  pisi		(Sacket 1916) Young, Dye & Wilkie 1978	Bacteria	No	No	New Zealand				Pisum sativum		ex J.M. Young 8;	D.W. Dye		PN9	1971	1969		Yes									https://ncppb.fera.co.uk/furtherinfo/2354	
NCPPB 2355					2355	Pseudomonas syringae pv. ciccaronei					Pseudomonas syringae pv. ciccaronei (Ercolani & Caldarola 1972) Young, Dye & Wilkie 1978	Pseudomonas ciccaronei		(Ercolani & Caldarola 1972) Young, Dye & Wilkie 1978	Bacteria	No	Yes	Italy				Ceratonia siliqua			G.L. Ercolani		CR113	1971	1969		Yes			ICPB PC146, ICMP 5710, CFBP 2342, LMG 5541, ATCC 33115		No				https://ncppb.fera.co.uk/furtherinfo/2355	
NCPPB 2356					2356	Pseudomonas syringae pv. mellea					Pseudomonas syringae pv. mellea (Johnson 1923) Young, Dye & Wilkie 1978	Pseudomonas  mellea		(Johnson 1923) Young, Dye & Wilkie 1978	Bacteria	No	Yes	Japan				Nicotiana tabacum		K. Ono N6802				1971	1968		Yes		LOPAT Gp Ib (NCPPB).	ICMP 5711, CFBP 2344, LMG 5072						https://ncppb.fera.co.uk/furtherinfo/2356	
NCPPB 2380					2380	Pseudomonas sp.					Pseudomonas marginalis pv. marginalis (Brown 1918) Stevens 1925	Pseudomonas marginalis (Brown 1918) Stevens 1925	Pseudomonas sp. Migula 1894	(Brown 1918) Stevens 1925	Bacteria	No	No	UK				Lactuca sativa			C. Scarlett		M7A 2L	1971	1971		No		Whole genome sequencing indicates this strain is not P. marginalis (NCPPB July 2023)							https://ncppb.fera.co.uk/furtherinfo/2380	
NCPPB 2385					2385	Pseudomonas savastanoi pv. phaseolicola					Pseudomonas syringae pv. phaseolicola ( Burkholder 1926 ) Young et al. 1976	Pseudomonas phaseolicola Burkholder 1926	Pseudomonas syringae pv. phaseolicola (Burkholder 1926) Young et al. 1978	( Burkholder 1926 ) Gardan et al. 1992	Bacteria	No	No	Australia				Glycine javanica		ex M.L. Moffett 082	J.C. Johnson		18859	1971	1970		Yes		Causes halo-less leaf spot.Atypical REP-PCR profile							https://ncppb.fera.co.uk/furtherinfo/2385	
NCPPB 2386					2386	Robbsia andropogonis					Burkholderia andropogonis (Smith 1911) Gillis et al. 1995	Pseudomonas stizolobii	Pseudomonas andropogonis (Smith 1911) Stapp 1928, Burkholderia adropogonis (Smith 1911) Gillis et al. 1995, Paraburkholderia andropogonis (Gillis et al. 1995) Sawana et al. 2014	Lopes-Santos et al 2017	Bacteria	No	No	Australia				Vicia sativa		A.C. Hayward 0268a				1971	1967		Yes									https://ncppb.fera.co.uk/furtherinfo/2386	
NCPPB 2390					2390	Pseudomonas syringae					Pseudomonas sp.	Pseudomonas sp.(pathogenic)		van Hall 1902	Bacteria	No	No	USA				Phleum pratense		R.D. Durbin 1169				1971	1967		Yes	Taylor, P.A., Maxwell, D.P. Durbin, R.D. 1971. Plant Dis. Reptr. 55: 361	Fatty acid profile similar to P.s. pv. coronafaciens. LOPAT +----							https://ncppb.fera.co.uk/furtherinfo/2390	
NCPPB 2391					2391	Burkholderia glumae					Burkholderia glumae (Kurita and Tabei 1967) Urakami et al. 1994	Burkholderia glumae (Kurita and Tabei 1967) Urakami et al. 1994	Pseudomonas glumae Kurita and Tabei 1967	(Kurita and Tabei 1967) Urakami et al. 1994	Bacteria	No	No	Japan				Oryza sativa		T. Tominaga G741				1971	1967		No									https://ncppb.fera.co.uk/furtherinfo/2391	
NCPPB 2394					2394	Pseudomonas syringae pv. striafaciens					Pseudomonas syringae pv. striafaciens (Elliott 1927) Young, Dye & Wilkie 1978	Pseudomonas striafaciens		(Elliott 1927) Young, Dye & Wilkie 1978	Bacteria	No	No	Japan				Avena sativa		T. Tominaga P1-19-1				1971	1967		Yes									https://ncppb.fera.co.uk/furtherinfo/2394	
NCPPB 2395					2395	Pseudomonas syringae pv. coronafaciens					Pseudomonas syringae pv. coronafaciens (Elliott 1920) Young, Dye & Wilkie 1978	Pseudomonas. coronafaciens		(Elliott 1920) Young, Dye & Wilkie 1978	Bacteria	No	No	Japan				Avena sativa		T. Tominaga P1-5-3				1971	1967		No									https://ncppb.fera.co.uk/furtherinfo/2395	
NCPPB 2396					2396	Pseudomonas syringae pv. atropurpurea					Pseudomonas syringae pv. atropurpurea (Reddy & Godkin 1923) Young, Dye & Wilkie 1978	Pseudomonas atropurpurea		(Reddy & Godkin 1923) Young, Dye & Wilkie 1978	Bacteria	No	No	Japan				Westerwold rye-grass		T. Tominaga 704				1971	1967		No									https://ncppb.fera.co.uk/furtherinfo/2396	
NCPPB 2397					2397	Pseudomonas syringae pv. atropurpurea					Pseudomonas syringae pv. atropurpurea (Reddy & Godkin 1923) Young, Dye & Wilkie 1978	Pseudomonas atropurpurea		(Reddy & Godkin 1923) Young, Dye & Wilkie 1978	Bacteria	No	Yes	Japan				Lolium multiflorum		T. Tominaga Pl-6-1				1971	1967		Yes			ICMP 4457, CFBP 2340, LMG 5030		No				https://ncppb.fera.co.uk/furtherinfo/2397	
NCPPB 2398					2398	Acidovorax avenae					Acidovorax avenae subsp. avenae (Manns 1909) Willems et al. 1992	Pseudomonas alboprecipitans.	Acidovorax avenae subsp. avenae (Manns 1909) Willems et al. 1992, Pseudomonas avenae subsp. avenae Manns 1909	(Manns 1909) Willems et al. 1992	Bacteria	No	No	Japan				Bromus catharticus		T. Tominaga Pl-17-7				1971	1966		No		WGS confirms this strain is A. avenae (NCPPB March 2025). WGS (NCPPB May 2025) places this organism in a clade of other A. avenae strains mostly isolated in Japan.							https://ncppb.fera.co.uk/furtherinfo/2398	
NCPPB 2400					2400	Acidovorax avenae					Acidovorax avenae subsp. avenae (Manns 1909) Willems et al. 1992	Pseudomonas alboprecipitans.	Acidovorax avenae subsp. avenae (Manns 1909) Willems et al. 1992, Pseudomonas avenae subsp. avenae Manns 1909	(Manns 1909) Willems et al. 1992	Bacteria	No	No	Japan				Euchlaena mexicana		T. Tominaga T753				1971	1967		No									https://ncppb.fera.co.uk/furtherinfo/2400	
NCPPB 2401					2401	Acidovorax avenae					Acidovorax avenae subsp. avenae (Manns 1909) Willems et al. 1992	Pseudomonas alboprecipitans.	Acidovorax avenae subsp. avenae (Manns 1909) Willems et al. 1992, Pseudomonas avenae subsp. avenae Manns 1909	(Manns 1909) Willems et al. 1992	Bacteria	No	No	Japan				Zea mays		T. Tominaga Pl-17-1				1971	1966		No		WGS confirms this strain is A. avenae (NCPPB March 2025). WGS (NCPPB May 2025) places this organism in a clade with the type strain (NCPPB 1011) and other strains mostly isolated from Zea mays.							https://ncppb.fera.co.uk/furtherinfo/2401	
NCPPB 2402					2402	Acidovorax avenae					Acidovorax avenae subsp. avenae (Manns 1909) Willems et al. 1992	Pseudomonas alboprecipitans.	Acidovorax avenae subsp. avenae (Manns 1909) Willems et al. 1992, Pseudomonas avenae subsp. avenae Manns 1909	(Manns 1909) Willems et al. 1992	Bacteria	No	No	Japan				Bromus inermis		T. Tominaga SB-3				1971	1967		No									https://ncppb.fera.co.uk/furtherinfo/2402	
NCPPB 2403					2403	Acidovorax avenae					Acidovorax avenae subsp. avenae (Manns 1909) Willems et al. 1992	Pseudomonas alboprecipitans.	Acidovorax avenae subsp. avenae (Manns 1909) Willems et al. 1992, Pseudomonas avenae subsp. avenae Manns 1909	(Manns 1909) Willems et al. 1992	Bacteria	No	No	Japan				Agropyron trichophorum			T. Tominaga		P1-17-4	1971	1966		No		WGS confirms this strain is A. avenae (NCPPB March 2025). WGS (NCPPB May 2025) places this organism in a clade of other A. avenae strains mostly isolated in Japan.							https://ncppb.fera.co.uk/furtherinfo/2403	
NCPPB 2411					2411	Pseudomonas savastanoi pv. glycinea					Pseudomonas savastanoi pv. glycinea ( Coerper 1919 ) Gardan et al. 1992	Pseudomonas glycinea Coerper 1919	Pseudomonas syringae pv. glycinea (Coerper 1919) Young et al.1976	( Coerper 1919 ) Gardan et al. 1992	Bacteria	No	Yes	New Zealand				Glycine max		ex D.R.W. Watson B149	D.W. Dye		PEll	1971	1968		No			ICMP 2189, CFBP 2214, LMG 5066						https://ncppb.fera.co.uk/furtherinfo/2411	
NCPPB 2412					2412	Pseudomonas tolaasii					Pseudomonas tolaasii Paine 1919	Pseudomonas tolaasii		Paine 1919	Bacteria	No	No	New Zealand				Agaricus bisporus		ex D.R.W. Watson A196	D.W. Dye		ND8	1971	1968		No		WGS confirms this is P. tolaasii. LOPAT Group V							https://ncppb.fera.co.uk/furtherinfo/2412	
NCPPB 2413					2413	Pseudomonas sp.					Pseudomonas tolaasii Paine 1919	Pseudomonas tolaasii	Pseudomonas tolaasii Paine 1919	Paine 1919	Bacteria	No	No	New Zealand				Agaricus bisporus		ex D.R.W. Watson B226	D.W. Dye		ND10	1971	1968		No		This strain was thought to be P. tolaasii but our WGS studies show that it is closer to P. edaphica. LOPAT Group V							https://ncppb.fera.co.uk/furtherinfo/2413	
NCPPB 2419					2419	Pseudomonas syringae pv. coronafaciens					Pseudomonas syringae pv. coronafaciens (Elliott 1920) Young, Dye & Wilkie 1978	Pseudomonas. coronafaciens		(Elliott 1920) Young, Dye & Wilkie 1978	Bacteria	No	No	Kenya				Avena sativa		D. C.Harris 110				1971	1970		No	Harder, D.E., Harris, D.C. 1973. E. Africa Agric. F. J 38: 241	Causes symptoms on oats intermediate between halo blight and stripe blight							https://ncppb.fera.co.uk/furtherinfo/2419	
NCPPB 2420					2420	Pseudomonas syringae pv. coronafaciens					Pseudomonas syringae pv. coronafaciens (Elliott 1920) Young, Dye & Wilkie 1978	Pseudomonas. coronafaciens		(Elliott 1920) Young, Dye & Wilkie 1978	Bacteria	No	No	Kenya				Avena sativa		D.C. Harris 109				1972	1970		Yes	Harder, D.E., Harris, D.C. 1973. E. Africa Agric. F. J 38: 241	Causes symptoms on oats intermediate between halo Blight and stripe blight (Harder & Harris, 1973).							https://ncppb.fera.co.uk/furtherinfo/2420	
NCPPB 2424					2424	Pseudomonas syringae pv. tomato					Pseudomonas syringae pv. tomato (Okabe 1933) Young, Dye and Wilkie 1978	Pseudomonas tomato		(Okabe 1933) Young, Dye and Wilkie 1978	Bacteria	No	No	Switzerland				Solanum lycopersicum		T. Burki 190				1971	1969		Yes									https://ncppb.fera.co.uk/furtherinfo/2424	
NCPPB 2426					2426	Pseudomonas syringae pv. syringae					Pseudomonas syringae pv. syringae van Hall 1902	Pseudomonas syringae		van Hall 1902	Bacteria	No	No	Switzerland		2	NCPPB Primary Storage	Prunus cerasus		T. Burki 59				1971	1965		No		LOPAT Gp Ib (NCPPB).			No				https://ncppb.fera.co.uk/furtherinfo/2426	
NCPPB 2427					2427	Pseudomonas syringae pv. morsprunorum					Pseudomonas syringae pv. morsprunorum (Wormald 1931) Young, Dye & Wilkie 1978	Pseudomonas morsprunorum		(Wormald 1931) Young, Dye & Wilkie 1978	Bacteria	No	No	Switzerland				Prunus armeniaca		T. Burki 89				1971	1965		No		Whole genome sequencing places this strain with other Race 1 Psm in the Pseudomonas amygdali clade (NCPPB May 2026)			No				https://ncppb.fera.co.uk/furtherinfo/2427	
NCPPB 2434					2434	Pseudomonas syringae					Pseudomonas syringae van Hall 1902	Pseudomonas syringae van Hall 1902		van Hall 1902	Bacteria	No	No	USA				Nerium oleander		Lai 4134				1972	1971		Yes		REP-PCR not P.savastanoi.Genomospecies 1?	ICMP 4527						https://ncppb.fera.co.uk/furtherinfo/2434	
NCPPB 2435					2435	Pseudomonas savastanoi pv. phaseolicola					Pseudomonas syringae pv. phaseolicola ( Burkholder 1926 ) Young et al. 1976	Pseudomonas phaseolicola Burkholder 1926	Pseudomonas syringae pv. phaseolicola (Burkholder 1926) Young et al. 1978	( Burkholder 1926 ) Gardan et al. 1992	Bacteria	No	No	USA				Phaseolus aureus			H.A.J. Hoitink			1972	1971		No					No				https://ncppb.fera.co.uk/furtherinfo/2435	
NCPPB 2441					2441	Robbsia andropogonis					Burkholderia andropogonis (Smith 1911) Gillis et al. 1995	Pseudomonas woodsii	Pseudomonas andropogonis (Smith 1911) Stapp 1928, Burkholderia adropogonis (Smith 1911) Gillis et al. 1995, Paraburkholderia andropogonis (Gillis et al. 1995) Sawana et al. 2014	Lopes-Santos et al 2017	Bacteria	No	No	USA				Setcreasea purpurea		J.W. Miller 069-686				1972	1969		Yes									https://ncppb.fera.co.uk/furtherinfo/2441	
NCPPB 2442					2442	Pseudomonas viridiflava					Pseudomonas viridiflava (Burkholder 1930) Dowson 1939	Pseudomonas viridiflava		(Burkholder 1930) Dowson 1939	Bacteria	No	No	UK				Antirrhinum sp.		J. Rudland F69				1972	1972		No		LOPAT Group II. REP-PCR cluster 88							https://ncppb.fera.co.uk/furtherinfo/2442	
NCPPB 2445	SAMN03879927 SAMN03976502 	  	GCF_001411965.1 GCF_003699065.1 		2445	Pseudomonas corrugata					Pseudomonas corrugata Roberts and Scarlett 1981 emend. Sutra et al. 1997	Pseudomonas corrugata		( ex Scarlett et al. 1978) Roberts & Scarlett 1981	Bacteria	Yes	No	UK		2	NCPPB Primary Storage	Solanum lycopersicum		G.F. Slade 939/1				1973	1972		No		REP-PCR cluster 45	ICMP 5819, ATCC 29736, CFBP 2431, LMG 2172		No				https://ncppb.fera.co.uk/furtherinfo/2445	 strain = NCPPB2445; title = Pcor NCPPB2445;  title = PcoNCPPB2445; strain = NCPPB2445; 
NCPPB 2447					2447	Pseudomonas corrugata					Pseudomonas corrugata Roberts and Scarlett 1981 emend. Sutra et al. 1997	Pseudomonas corrugata		( ex Scarlett et al. 1978) Roberts & Scarlett 1981	Bacteria	No	No	UK				Solanum lycopersicum		C.M. Scarlett M72/365/11				1972	1972		No		REP-PCR cluster 45							https://ncppb.fera.co.uk/furtherinfo/2447	
NCPPB 2455					2455	Pseudomonas corrugata					Pseudomonas corrugata Roberts and Scarlett 1981 emend. Sutra et al. 1997	Pseudomonas corrugata		( ex Scarlett et al. 1978) Roberts & Scarlett 1981	Bacteria	No	No	UK				Solanum lycopersicum		F.W. Catton C763				1972	1972		No									https://ncppb.fera.co.uk/furtherinfo/2455	
NCPPB 2459					2459	Pseudomonas sp.					Pseudomonas sp.	Pseudomonas sp. (not pathogenic)		Migula 1894	Bacteria	No	No	USA				Spinacia oleracea		D. Sands & L. Hankin 79-5				1972	1970		No		Fatty acids typical of Pseudomonas sp.LOPA -+++.Associated with plant material; not known to be pathogenic.							https://ncppb.fera.co.uk/furtherinfo/2459	
NCPPB 2460					2460	Pseudomonas sp.					Pseudomonas sp.	Pseudomonas sp. (not pathogenic)		Migula 1894	Bacteria	No	No	USA				Spinacia oleracea		D. Sands & L. Hankin 79-8				1972	1970		No		Fatty acids typical of Pseudomonas sp. LOPA-+++. Associated with plant material; not known to be pathogenic.							https://ncppb.fera.co.uk/furtherinfo/2460	
NCPPB 2464					2464	Pseudomonas sp.					Pseudomonas sp.	Pseudomonas sp. (not pathogenic)		Migula 1894	Bacteria	No	No	USA				Sewerage		D. Sands & L. Hankin S-150				1972	1972		No		Fatty acids typical of Pseudomonas sp. LOPA -+++. Associated with plant material; not known to be pathogenic.							https://ncppb.fera.co.uk/furtherinfo/2464	
NCPPB 2472	SAMN04420121 	 	GCF_001543125.1 		2472	Pseudomonas agarici					Pseudomonas agarici Young 1970	Pseudomonas sp.		Young 1970	Bacteria	No	No	UK				Agaricus bisporus			M. Bateson 1223c5			1972	1972		Yes		LOPAT Group III							https://ncppb.fera.co.uk/furtherinfo/2472	 title = Microbe sample from Pseudomonas agarici NCPPB 2472; strain = NCPPB 2472; 
NCPPB 2474					2474	Pseudomonas cichorii					Pseudomonas cichorii (Swingle 1925) Stapp 1928	Pseudomonas cichorii		(Swingle 1925) Stapp 1928	Bacteria	No	No	USA				Argemone mexicana		ex H.A. Bigham	R.E. Stall		PC72-21	1972	1972		Yes		LOPAT Group III. REP-PCR cluster 31							https://ncppb.fera.co.uk/furtherinfo/2474	
NCPPB 2478					2478	Burkholderia gladioli pv. alliicola					Pseudomonas gladioli pv. alliicola (Burkholder 1942) Young, Dye & Wilkie 1978	Pseudomonas alliicola	Pseudomonas gladioli pv. alliicola (Burkholder 1942) Young, Dye & Wilkie 1978	(Burkholder 1942) Young et al. 1996	Bacteria	No	No	India				Allium cepa		ex H.K. Saksena;	J.F. Bradbury		B5084	1972	1972		No									https://ncppb.fera.co.uk/furtherinfo/2478	
NCPPB 2479					2479	Pseudomonas cichorii					Pseudomonas cichorii (Swingle 1925) Stapp 1928	Pseudomonas cichorii		(Swingle 1925) Stapp 1928	Bacteria	No	No	Barbados				Lactuca sativa		ex D. Norse 157a	J.F. Bradbury		B4882	1972	1971		No		LOPAT Group III							https://ncppb.fera.co.uk/furtherinfo/2479	
NCPPB 2480					2480	Pseudomonas syringae pv. striafaciens					Pseudomonas syringae pv. striafaciens (Elliott 1927) Young, Dye & Wilkie 1978	Pseudomonas striafaciens		(Elliott 1927) Young, Dye & Wilkie 1978	Bacteria	No	No	Zimbabwe				Avena sativa		J.F. Bradbury B4757				1972	1971		No		Isolated in the UK. Pathogenicity not tested.							https://ncppb.fera.co.uk/furtherinfo/2480	
NCPPB 2481					2481	Pseudomonas syringae pv. coronafaciens					Pseudomonas syringae pv. coronafaciens (Elliott 1920) Young, Dye & Wilkie 1978	Pseudomonas. coronafaciens		(Elliott 1920) Young, Dye & Wilkie 1978	Bacteria	No	No	Kenya				Avena sativa		ex D.C. Harris	J.F. Bradbury		B4591	1972	1970		Yes	Harder, D.E., Harris, D.C. 1973. E. Africa Agric. F. J 38: 241	Causes symptoms on oats intermediate. Between halo blight and stripe blight							https://ncppb.fera.co.uk/furtherinfo/2481	
NCPPB 2482					2482	Pseudomonas syringae pv. pisi					Pseudomonas syringae pv. pisi (Sacket 1916) Young, Dye & Wilkie 1978	Pseudomonas  pisi		(Sacket 1916) Young, Dye & Wilkie 1978	Bacteria	No	No	India				Pisum sativum		ex S.V. Hegde PPl	J.F. Bradbury		B5021	1972	1971		Yes					No				https://ncppb.fera.co.uk/furtherinfo/2482	
NCPPB 2483					2483	Pseudomonas syringae pv. sesami					Pseudomonas syringae pv. sesami (Malkoff 1906) Young, Dye & Wilkie 1978	Pseudomonas  sesami		(Malkoff 1906) Young, Dye & Wilkie 1978	Bacteria	No	No	India				Sesamum indicum		J.F. Bradbury B5020				1972	1971		No		Atypical REP-PCR profile.							https://ncppb.fera.co.uk/furtherinfo/2483	
NCPPB 2484					2484	Ralstonia pseudosolanacearum					Ralstonia solanacearum (Smith 1896) Yabuuchi et al. 1996	Pseudomonas solanacearum (Smith 1896) 1914	Ralstonia solanacearum (Smith 1896) Yabuuchi et al. 1996, Burkholderia solanacearum (Smith 1896) Yabuuchi et al. 1993, Pseudomonas solanacearum (Smith 1896) Smith 1914	(Smith 1896) Safni et al. 2014	Bacteria	No	No	Uganda				Arachis hypogaea		J.F. Bradbury B4084				1972	1969		No		Biovar III.							https://ncppb.fera.co.uk/furtherinfo/2484	
NCPPB 2485					2485	Robbsia andropogonis					Burkholderia andropogonis (Smith 1911) Gillis et al. 1995	Burkholderia andropogonis	Pseudomonas andropogonis (Smith 1911) Stapp 1928, Burkholderia adropogonis (Smith 1911) Gillis et al. 1995, Paraburkholderia andropogonis (Gillis et al. 1995) Sawana et al. 2014	Lopes-Santos et al 2017	Bacteria	No	No	Kenya				Bougainvillea sp.		J.F. Bradbury B4376a				1972	1970		No									https://ncppb.fera.co.uk/furtherinfo/2485	
NCPPB 2486					2486	Pseudomonas syringae					Pseudomonas syringae van Hall 1902	Pseudomonas syringae van Hall 1902		van Hall 1902	Bacteria	No	No	Iran				Aquilegia olympica		J.F. Bradbury B4277				1972	1969		No									https://ncppb.fera.co.uk/furtherinfo/2486	
NCPPB 2487					2487	Pseudomonas syringae					Pseudomonas syringae van Hall 1902	Pseudomonas syringae van Hall 1902		van Hall 1902	Bacteria	No	No	New Zealand				Protea lacticola		ex A.F. Rainbow 4275	J.F. Bradbury B4914			1972	1970		Yes		Isolated from Protea lacticola inoculated with an organism isolated from Lupinus sp.			No				https://ncppb.fera.co.uk/furtherinfo/2487	
NCPPB 2488					2488	Pseudomonas syringae pv. tagetis					Pseudomonas syringae pv. tagetis (Hellmers 1955) Young, Dye and Wilkie 1978	Pseudomonas  tagetis		(Hellmers 1955) Young, Dye and Wilkie 1978	Bacteria	No	Yes	Zimbabwe				Tagetes erecta		J.F. Bradbury B5063				1972	1972		Yes		LOPAT Gp I.	PDDCC 4091, ICMP 4091, CFBP 1694, LMG 5092						https://ncppb.fera.co.uk/furtherinfo/2488	
NCPPB 2489					2489	Pseudomonas syringae pv. tagetis					Pseudomonas syringae pv. tagetis (Hellmers 1955) Young, Dye and Wilkie 1978	Pseudomonas  tagetis		(Hellmers 1955) Young, Dye and Wilkie 1978	Bacteria	No	No	UK				Tagetes erecta		J.F. Bradbury B4532				1972	1970		Yes		LOPAT Gp 1.							https://ncppb.fera.co.uk/furtherinfo/2489	
NCPPB 2493					2493	Sphingomonas paucimobilis					Sphingomonas paucimobilis (Holmes et al.1977) Yabuchi et al. 1990	Xanthomonas campestris pv. Cucurbitae	Pseudomonas paucimobilis Holmes et al.1977	(Holmes et al.1977) Yabuchi et al. 1990	Bacteria	No	No	Brunei				Cucurbita sp. (gourd)		J.F. Bradbury B4487				1972	1970		No		Not a Xanthomonas sp. Fatty acid profile typical of Pseudomonas paucimobilis.							https://ncppb.fera.co.uk/furtherinfo/2493	
NCPPB 2500					2500	Burkholderia gladioli pv. alliicola					Pseudomonas gladioli pv. alliicola (Burkholder 1942) Young, Dye & Wilkie 1978	Pseudomonas alliicola	Pseudomonas gladioli pv. alliicola (Burkholder 1942) Young, Dye & Wilkie 1978	(Burkholder 1942) Young et al. 1996	Bacteria	No	No	Spain				Allium cepa		P. Roberts A408/a2				1972	1972		Yes									https://ncppb.fera.co.uk/furtherinfo/2500	
NCPPB 2501					2501	Pseudomonas sp.					Pseudomonas syringae van Hall 1902	Pseudomonas syringae van Hall 1902		Migula 1894	Bacteria	No	No	UK				Magnolia soulangeana		P Roberts A412/c				1972	1972		No		LOPAT +-----. (not pathogenic).							https://ncppb.fera.co.uk/furtherinfo/2501	
NCPPB 2502					2502	Pseudomonas viridiflava					Pseudomonas viridiflava (Burkholder 1930) Dowson 1939	Pseudomonas viridiflava		(Burkholder 1930) Dowson 1939	Bacteria	No	No	Netherlands				Berberis sp.		P. Roberts A415/3				1973	1972		No		LOPAT --+--. LOPAT Group II. Atypical REP-PCR profile.	LMG 5196						https://ncppb.fera.co.uk/furtherinfo/2502	
NCPPB 2505					2505	Ralstonia solanacearum					Ralstonia solanacearum (Smith 1896) Yabuuchi et al. 1996	Pseudomonas solanacearum (Smith 1896) 1914	Burkholderia solanacearum (Smith 1896) Yabuuchi et al. 1993, Pseudomonas solanacearum (Smith 1896) Smith 1914	(Smith 1896) Yabuuchi et al. 1996	Bacteria	No	No	Sweden				Solanum tuberosum		K. Olssen Ps10				1973	1972		Yes		Biovar II (NCPPB).SMT reference strain (EC official method),	SMT24, CFBP 4599						https://ncppb.fera.co.uk/furtherinfo/2505	
NCPPB 2507					2507	Pseudomonas syringae pv. syringae					Pseudomonas syringae pv. syringae van Hall 1902	Pseudomonas syringae		van Hall 1902	Bacteria	No	No	Hungary		2	NCPPB Primary Storage	Prunus armeniaca			Z. Klement Ap-7			1973	1969		Yes			ICMP 3924		No				https://ncppb.fera.co.uk/furtherinfo/2507	
NCPPB 2508					2508	Pseudomonas syringae pv. syringae					Pseudomonas syringae pv. syringae van Hall 1902	Pseudomonas syringae		van Hall 1902	Bacteria	No	No	Hungary				Malus sylvestris var. paradisiaca		Z. Klement Ma-3				1973	1969		Yes		REP-PCR cluster of mainly Gramineae strains.Genomospecies 1?	ICMP 3930						https://ncppb.fera.co.uk/furtherinfo/2508	
NCPPB 2509					2509	Pseudomonas syringae pv. syringae					Pseudomonas syringae pv. syringae van Hall 1902	Pseudomonas syringae		van Hall 1902	Bacteria	No	No	Hungary				Malus sylvestris var. paradisiaca		ex E. Visnyovszky Alma-1	Z. Klement		Alma-1	1973	1972		Yes		REP-PCR unique?							https://ncppb.fera.co.uk/furtherinfo/2509	
NCPPB 2510					2510	Pseudomonas syringae pv. syringae					Pseudomonas syringae pv. syringae van Hall 1902	Pseudomonas syringae		van Hall 1902	Bacteria	No	No	Hungary		2	NCPPB Primary Storage	Prunus persica		Z. Klement Pe-2				1973	1969		Yes					No				https://ncppb.fera.co.uk/furtherinfo/2510	
NCPPB 2514					2514	Pseudomonas syringae pv. eriobotryae					Pseudomonas syringae pv. eriobotryae (Takimoto 1931) Young, Dye & Wilkie 1978	Pseudomonas eriobotryae		(Takimoto 1931) Young, Dye & Wilkie 1978	Bacteria	No	No	USA				Eriobotrya japonica		M. Lai 4060				1973	1970		Yes	Lai, M., Morrin, C.W., Weigle, C.G. 1972. Phytopathol. 62: 310	Strain A							https://ncppb.fera.co.uk/furtherinfo/2514	
NCPPB 2515					2515	Pseudomonas syringae pv. eriobotryae					Pseudomonas syringae pv. eriobotryae (Takimoto 1931) Young, Dye & Wilkie 1978	Pseudomonas eriobotryae		(Takimoto 1931) Young, Dye & Wilkie 1978	Bacteria	No	No	USA				Eriobotrya japonica		M Lai 4104				1973	1970		Yes	Lai, M., Morrin, C.W., Weigle, C.G. 1972. Phytopathol. 62: 310	Strain B.Atypical REP-PCR profile.							https://ncppb.fera.co.uk/furtherinfo/2515	
NCPPB 2516					2516	Pseudomonas syringae					Pseudomonas syringae van Hall 1902	Pseudomonas syringae van Hall 1902		van Hall 1902	Bacteria	No	No	USA				Nerium oleander			Lai		4138	1973			No			ICMP 4416						https://ncppb.fera.co.uk/furtherinfo/2516	
NCPPB 2518					2518	Pseudomonas sp.					Pseudomonas sp.	Pseudomonas sp. (not pathogenic)		Migula 1894	Bacteria	No	No	USA				Soil, manured		D. Sands & L. Hankin Soil 48-2				1973	1972		No		Fatty acids typical of Pseudomonas sp. LOPA -+++. Associated with plant material; not known to be pathogenic.							https://ncppb.fera.co.uk/furtherinfo/2518	
NCPPB 2563					2563	Pseudomonas syringae pv. tomato					Pseudomonas syringae pv. tomato (Okabe 1933) Young, Dye and Wilkie 1978	Pseudomonas tomato		(Okabe 1933) Young, Dye and Wilkie 1978	Bacteria	No	No	UK				Solanum lycopersicum		E. Buckler P16A/AB2				1973	1973		Yes					No				https://ncppb.fera.co.uk/furtherinfo/2563	
NCPPB 2571					2571	Pseudomonas savastanoi pv. phaseolicola					Pseudomonas syringae pv. phaseolicola ( Burkholder 1926 ) Young et al. 1976	Pseudomonas phaseolicola Burkholder 1926	Pseudomonas syringae pv. phaseolicola (Burkholder 1926) Young et al. 1978	( Burkholder 1926 ) Gardan et al. 1992	Bacteria	No	No	UK				Phaseolus vulgaris		J.D. Taylor 54A				1974	1966		Yes		Race 2							https://ncppb.fera.co.uk/furtherinfo/2571	
NCPPB 2585					2585	Pseudomonas syringae pv. pisi					Pseudomonas syringae pv. pisi (Sacket 1916) Young, Dye & Wilkie 1978	Pseudomonas  pisi		(Sacket 1916) Young, Dye & Wilkie 1978	Bacteria	No	Yes	New Zealand		2	NCPPB Primary Storage	Pisum sativum		ex D.R.W. Watson	J.D. Taylor	ex DSIRNZ 2452	203	1974	1969		Yes		Race 2. Exhibits ice nucleation activity. REP-PCR cluster 50	ICMP 2452, CFBP 2105, LMG 5079		No				https://ncppb.fera.co.uk/furtherinfo/2585	
NCPPB 2596					2596	Pseudomonas syringae pv. syringae					Pseudomonas syringae pv. syringae van Hall 1902	Pseudomonas syringae		van Hall 1902	Bacteria	No	No	Brazil		2	NCPPB Primary Storage	Hibiscus esculentus		ex O. Kimura	C.F. Robbs		ENA-746	1974	1970		Yes		REP-PCR close to pv.phaseolicola(cluster 4).Genomospecies 2?			No				https://ncppb.fera.co.uk/furtherinfo/2596	
NCPPB 2598	SAMN00752554 SAMN02469668 SAMN02471731 	   	GCF_000444115.1 GCF_000245395.1 		2598	Pseudomonas syringae pv. theae					Pseudomonas syringae pv. theae (Hori 1915) Young, Dye and Wilkie 197	Pseudomonas  theae		(Hori 1915) Young, Dye and Wilkie 1978	Bacteria	No	Yes	Japan		2	NCPPB Primary Storage	Camellia sinensis		M. Goto PT1				1974	1970		Yes			PDDCC 3923, ICMP 3923, CFBP 2353, LMG 5092		No				https://ncppb.fera.co.uk/furtherinfo/2598	 title = P. s. pv. theae NCPPB2598;  strain = NCPPB 2598; title = Sample from Pseudomonas syringae pv. theae NCPPB 2598;  title = Sample from Pseudomonas syringae pv. theae NCPPB 2598; strain = NCPPB 2598; 
NCPPB 2599					2599	Pseudomonas syringae pv. theae					Pseudomonas syringae pv. theae (Hori 1915) Young, Dye and Wilkie 1978	Pseudomonas  theae		(Hori 1915) Young, Dye and Wilkie 1978	Bacteria	No	No	Japan		2	NCPPB Primary Storage	Camellia sinensis		M. Goto PT2				1974	1970		Yes					No				https://ncppb.fera.co.uk/furtherinfo/2599	
NCPPB 2607					2607	Pseudomonas amygdali					Pseudomonas amygdali Psallidas and Panagopoulos 1975	Pseudomonas amygdali Psallidas and Panagopoulos 1975		Psallidas and Panagopoulos 1975	Bacteria	Yes	No	Greece		2	NCPPB Primary Storage	Prunus amygdalus		C.G. Panagopoulos & P.G. Psallidas All				1974	1967		Yes			ICMP 3918, ATCC 33614, LMG 2123		No				https://ncppb.fera.co.uk/furtherinfo/2607	
NCPPB 2608					2608	Pseudomonas amygdali					Pseudomonas amygdali Psallidas and Panagopoulos 1975	Pseudomonas amygdali Psallidas and Panagopoulos 1975		Psallidas and Panagopoulos 1975	Bacteria	No	No	Greece		2	NCPPB Primary Storage	Prunus amygdalus		C.G. Panagopoulos & P.G. Psallidas Al9				1974	1967		No					No				https://ncppb.fera.co.uk/furtherinfo/2608	
NCPPB 2609					2609	Pseudomonas amygdali					Pseudomonas amygdali Psallidas and Panagopoulos 1975	Pseudomonas amygdali Psallidas and Panagopoulos 1975		Psallidas and Panagopoulos 1975	Bacteria	No	No	Greece		2	NCPPB Primary Storage	Prunus amygdalus		C.G. Panagopoulos & P.G. Psallidas Al18				1974	1967		No					No				https://ncppb.fera.co.uk/furtherinfo/2609	
NCPPB 2610					2610	Pseudomonas amygdali					Pseudomonas amygdali Psallidas and Panagopoulos 1975	Pseudomonas amygdali Psallidas and Panagopoulos 1975		Psallidas and Panagopoulos 1975	Bacteria	No	No	Greece		2	NCPPB Primary Storage	Prunus amygdalus		C.G. Panagopoulos & P.G. Psallidas Al551				1974	1968		Yes					No				https://ncppb.fera.co.uk/furtherinfo/2610	
NCPPB 2612					2612	Pseudomonas syringae pv. atrofaciens					Pseudomonas syringae pv. atrofaciens (McCulloch 1920) Young, Dye & Wilkie 1978	Pseudomonas atrofaciens		(McCulloch 1920) Young, Dye & Wilkie 1978	Bacteria	No	Yes	New Zealand		2	NCPPB Primary Storage	Triticum aestivum		J.P. Wilkie A340				1974	1968		Yes			NZRCC 10053, ICMP 4394, CFBP 2213, LMG 5096		No				https://ncppb.fera.co.uk/furtherinfo/2612	
NCPPB 2613					2613	Pseudomonas syringae pv. atrofaciens					Pseudomonas syringae pv. atrofaciens (McCulloch 1920) Young, Dye & Wilkie 1978	Pseudomonas atrofaciens		(McCulloch 1920) Young, Dye & Wilkie 1978	Bacteria	No	No	New Zealand		2	NCPPB Primary Storage	Triticum aestivum		D.W. Dye PV2		ex ICMP 1911		1974	1967		Yes					No				https://ncppb.fera.co.uk/furtherinfo/2613	
NCPPB 2617					2617	Pseudomonas syringae pv. syringae					Pseudomonas syringae pv. syringae van Hall 1902	Pseudomonas syringae		van Hall 1902	Bacteria	No	No	Brazil		2	NCPPB Primary Storage	Phaseolus vulgaris		ex R.de L.D. Ribeiro	C.F. Robbs		ENA-2035	1974	1973		Yes		REP-PCR close to pv.phaseolicola(cluster 4).Genomospecies 2?	ICMP 4525		No				https://ncppb.fera.co.uk/furtherinfo/2617	
NCPPB 2618					2618	Pseudomonas syringae pv. syringae					Pseudomonas syringae pv. syringae van Hall 1902	Pseudomonas syringae		van Hall 1902	Bacteria	No	No	Brazil		2	NCPPB Primary Storage	Phaseolus vulgaris		ex R. de L.D. Ribeiro	C.F. Robbs	.	ENA-2077	1974	1973		Yes			ICMP 4410		No				https://ncppb.fera.co.uk/furtherinfo/2618	
NCPPB 2630					2630	Pseudomonas panacis					Pseudomonas marginalis pv. marginalis (Brown 1918) Stevens 1925	Pseudomonas marginalis (Brown 1918) Stevens 1925	Pseudomonas panacis Park et al. 2005	(Brown 1918) Stevens 1925	Bacteria	No	No	UK		2	NCPPB Primary Storage	Phragmipedium vittatum		J.E. Sellwood A515				1974	1974		Yes		Whole genome sequencing places this strain in P. panacis (NCPPB July 2023)			No				https://ncppb.fera.co.uk/furtherinfo/2630	
NCPPB 2635					2635	Pseudomonas syringae pv. helianthi					Pseudomonas syringae pv. helianthi (Kawamura 1934) Young, Dye & Wilkie 1978	Pseudomonas helianthi		(Kawamura 1934) Young, Dye & Wilkie 1978	Bacteria	No	No	W. Germany		2	NCPPB Primary Storage	Helianthus annuus		ex D. Massfeller PHl	DSM 60129			1974	1967		No					No				https://ncppb.fera.co.uk/furtherinfo/2635	
NCPPB 2637					2637	Pseudomonas syringae					Pseudomonas syringae van Hall 1902	Pseudomonas syringae van Hall 1902		van Hall 1902	Bacteria	No	No	W. Germany		2	NCPPB Primary Storage	Cornus mas.		L.E. Webb DSM 60483				1974	1974		Yes		LOPAT Gp Ib. REP-PCR unique, close to P.s theae.Genomospecies 3?			No				https://ncppb.fera.co.uk/furtherinfo/2637	
NCPPB 2638					2638	Pseudomonas syringae					Pseudomonas syringae van Hall 1902	Pseudomonas syringae van Hall 1902		van Hall 1902	Bacteria	No	No	W. Germany		2	NCPPB Primary Storage	Cornus mas.		L.E. Webb DSM 60484				1974	1974		Yes		LOPAT Gp Ib.REP-PCR unique			No				https://ncppb.fera.co.uk/furtherinfo/2638	
NCPPB 2639					2639	Pseudomonas syringae pv. helianthi					Pseudomonas syringae pv. helianthi (Kawamura 1934) Young, Dye & Wilkie 1978	Pseudomonas helianthi		(Kawamura 1934) Young, Dye & Wilkie 1978	Bacteria	No	No	Canada		2	NCPPB Primary Storage	Helianthus annuus		ex L.J. Piening 'Canadian isolate'	D.W. Dye		NA3	1974	1972		Yes			ICMP 3263		No				https://ncppb.fera.co.uk/furtherinfo/2639	
NCPPB 2640					2640	Pseudomonas syringae pv. helianthi					Pseudomonas syringae pv. helianthi (Kawamura 1934) Young, Dye & Wilkie 1978	Pseudomonas helianthi		(Kawamura 1934) Young, Dye & Wilkie 1978	Bacteria	No	Yes	Mexico		2	NCPPB Primary Storage	Helianthus annuus		ex L.J. Piening 'Mexican isolate'	D.W. Dye		NA7	1974	1972		Yes			ICMP 4531, CFBP 2067, LMG 5067		No				https://ncppb.fera.co.uk/furtherinfo/2640	
NCPPB 2644					2644	Pseudomonas marginalis					Pseudomonas marginalis pv. alfalfae (Shinde and Lukezic 1974) Young, Dye & Wilkie 1978	Pseudomonas marginalis pv. alfalfae	Pseudomonas marginalis (Brown 1918) Stevens 1925	(Shinde and Lukezic 1974) Young, Dye & Wilkie 1978	Bacteria	No	Yes	USA		2	NCPPB Primary Storage	Medicago sativa		F.L. Lukezic & P.A. Shinde P1				1974	1971		Yes		Whole genome sequencing suggests there are no differences between this strain and P. marginalis pv. marginalis (NCPPB July 2023)	ICMP 5708, CFBP 2039, LMG 2214		No				https://ncppb.fera.co.uk/furtherinfo/2644	
NCPPB 2645					2645	Pseudomonas marginalis pv. alfalfae					Pseudomonas marginalis pv. alfalfae (Shinde and Lukezic 1974) Young, Dye & Wilkie 1978	Pseudomonas marginalis pv. alfalfae	Pseudomonas marginalis (Brown 1918) Stevens 1925	(Shinde and Lukezic 1974) Young, Dye & Wilkie 1978	Bacteria	No	No	USA		2	NCPPB Primary Storage	Medicago sativa		F.L. Lukezic & P.A. Shinde P5				1974	1971		Yes					No				https://ncppb.fera.co.uk/furtherinfo/2645	
NCPPB 2646					2646	Pseudomonas marginalis pv. alfalfae					Pseudomonas marginalis pv. alfalfae (Shinde and Lukezic 1974) Young, Dye & Wilkie 1978	Pseudomonas marginalis pv. alfalfae	Pseudomonas marginalis (Brown 1918) Stevens 1925	(Shinde and Lukezic 1974) Young, Dye & Wilkie 1978	Bacteria	No	No	USA		2	NCPPB Primary Storage	Medicago sativa		F.L. Lukezic & P.A. Shinde P6				1974	1971		Yes					No				https://ncppb.fera.co.uk/furtherinfo/2646	
NCPPB 2650					2650	Pseudomonas aeruginosa					Pseudomonas aeruginosa (Schroeter 1872) Migula 1900	Pseudomonas aeruginosa (Schroeter 1872) Migula 1900		(Schroeter 1872) Migula 1900	Bacteria	No	No	USA		2	NCPPB Primary Storage	Chrysanthemum sp.		ex J. Cho P4bl	M.N. Schroth		PA-28	1974	1973		Yes		Pyocin type F6. Rots vegetable slices (M.N. Schroth pers. comm.).			No				https://ncppb.fera.co.uk/furtherinfo/2650	
NCPPB 2651					2651	Pseudomonas aeruginosa					Pseudomonas aeruginosa (Schroeter 1872) Migula 1900	Pseudomonas aeruginosa (Schroeter 1872) Migula 1900		(Schroeter 1872) Migula 1900	Bacteria	No	No	USA		2	NCPPB Primary Storage	Chrysanthemum sp.		ex J. Cho P179;	M.N. Schroth		PA-50	1974	1973		Yes		Rots vegetable slices (M.N. Schroth pers. comm.).			No				https://ncppb.fera.co.uk/furtherinfo/2651	
NCPPB 2652					2652	Pseudomonas aeruginosa					Pseudomonas aeruginosa (Schroeter 1872) Migula 1900	Pseudomonas aeruginosa (Schroeter 1872) Migula 1900		(Schroeter 1872) Migula 1900	Bacteria	No	No	USA		2	NCPPB Primary Storage	Zea mays			M.N. Schroth		PA-62	1974	1974		Yes		Pyocin type D2. Rots vegetable slices (M.N. Schroth pers. comm.).			No				https://ncppb.fera.co.uk/furtherinfo/2652	
NCPPB 2653					2653	Pseudomonas aeruginosa					Pseudomonas aeruginosa (Schroeter 1872) Migula 1900	Pseudomonas aeruginosa (Schroeter 1872) Migula 1900		(Schroeter 1872) Migula 1900	Bacteria	No	No	USA		2	NCPPB Primary Storage	Zea mays			M.N. Schroth		PA-65	1974	1974		Yes		Pyocin type D2. Rots vegetable slices (M.N. Schroth pers. comm.).			No				https://ncppb.fera.co.uk/furtherinfo/2653	
NCPPB 2664					2664	Pseudomonas syringae pv. aptata					Pseudomonas syringae pv. aptata (Brown & Jamieson 1913) Young, Dye & Wilkie 1978	P. syringae		(Brown & Jamieson 1913) Young, Dye & Wilkie 1978	Bacteria	No	No	Italy		2	NCPPB Primary Storage	Beta vulgaris (sugar beet)		U. Mazzucchi IPV-BO 185				1974	1974		Yes					No				https://ncppb.fera.co.uk/furtherinfo/2664	
NCPPB 2666					2666	Pseudomonas syringae pv. delphinii					Pseudomonas syringae pv. delphinii (Smith 1904) Young, Dye & Wilkie 1978	Pseudomonas delphinii		(Smith 1904) Young, Dye & Wilkie 1978	Bacteria	No	No	UK		2	NCPPB Primary Storage	Delphinium sp.		N. Biggs 17/7				1974	1974		Yes		LOPAT Group Ib	DSM 60 568		No				https://ncppb.fera.co.uk/furtherinfo/2666	
NCPPB 2670					2670	Pseudomonas syringae					Pseudomonas syringae van Hall 1902	Pseudomonas sp.		van Hall 1902	Bacteria	No	No	Canada		2	NCPPB Primary Storage	Brassica napus		A.W. Henry OS-73-0 Bll sc				1975	1973		No	Henry, A.W. 1974. Can. Plant Dis. Surv. 54: 91				No				https://ncppb.fera.co.uk/furtherinfo/2670	
NCPPB 2671					2671	Pseudomonas viridiflava					Pseudomonas viridiflava (Burkholder 1930) Dowson 1939	Pseudomonas viridiflava		(Burkholder 1930) Dowson 1939	Bacteria	No	No	UK		2	NCPPB Primary Storage	Nasturtium officinale		ex G.M. Wyatt	B. Lund		BL/WC/l	1975	1975		No		LOPAT Group II. REP-PCR cluster 86			No				https://ncppb.fera.co.uk/furtherinfo/2671	
NCPPB 2672					2672	Pseudomonas syringae					Pseudomonas syringae van Hall 1902	Pseudomonas syringae van Hall 1902		van Hall 1902	Bacteria	No	No	USA		2	NCPPB Primary Storage	Phaseolus vulgaris		G.L. Ercolani RA3				1975			No	Ercolani, G.L., Hegedorn, D.J., Kelman,A., Rand. R.E. 1974. Phytopathol. 64: 1330	Isolated from rain splashes from Phaseolus vulgaris.			No				https://ncppb.fera.co.uk/furtherinfo/2672	
NCPPB 2673					2673	Pseudomonas syringae					Pseudomonas syringae van Hall 1902	Pseudomonas syringae van Hall 1902		van Hall 1902	Bacteria	No	No	USA		2	NCPPB Primary Storage	Phaseolus vulgaris		G.L. Ercolani RA4				1975			No	Ercolani, G.L., Hegedorn, D.J., Kelman,A., Rand. R.E. 1974. Phytopathol. 64: 1330	Isolated from rain splashes from Phaseolus vulgaris.	ICMP 4915		No				https://ncppb.fera.co.uk/furtherinfo/2673	
NCPPB 2674					2674	Pseudomonas syringae					Pseudomonas syringae van Hall 1902	Pseudomonas syringae van Hall 1902		van Hall 1902	Bacteria	No	No	USA		2	NCPPB Primary Storage	Phaseolus vulgaris		G.L. Ercolani RBl.l				1975			No	Ercolani, G.L., Hegedorn, D.J., Kelman,A., Rand. R.E. 1974. Phytopathol. 64: 1330	Isolated from rain splashes from Phaseolus vulgaris.			No				https://ncppb.fera.co.uk/furtherinfo/2674	
NCPPB 2675					2675	Pseudomonas syringae					Pseudomonas syringae van Hall 1902	Pseudomonas syringae van Hall 1902		van Hall 1902	Bacteria	No	No	USA		2	NCPPB Primary Storage	Phaseolus vulgaris		G.L. Ercolani RBl.2				1975			No	Ercolani, G.L., Hegedorn, D.J., Kelman,A., Rand. R.E. 1974. Phytopathol. 64: 1330	Isolated from rain splashes from Phaseolus vulgaris.			No				https://ncppb.fera.co.uk/furtherinfo/2675	
NCPPB 2676					2676	Pseudomonas syringae					Pseudomonas syringae van Hall 1902	Pseudomonas syringae van Hall 1902		van Hall 1902	Bacteria	No	No	USA		2	NCPPB Primary Storage	Vicia villosa (leaf surface		G.L. Ercolani HVA6				1975			No	Ercolani, G.L., Hegedorn, D.J., Kelman,A., Rand. R.E. 1974. Phytopathol. 64: 1330				No				https://ncppb.fera.co.uk/furtherinfo/2676	
NCPPB 2677					2677	Pseudomonas syringae					Pseudomonas syringae van Hall 1902	Pseudomonas syringae van Hall 1902		van Hall 1902	Bacteria	No	No	USA		2	NCPPB Primary Storage	Vicia villosa (leaf surface).		G.L. Ercolani HVB7				1975			No	Ercolani, G.L., Hegedorn, D.J., Kelman,A., Rand. R.E. 1974. Phytopathol. 64: 1330		ICMP 5088		No				https://ncppb.fera.co.uk/furtherinfo/2677	
NCPPB 2678					2678	Pseudomonas syringae					Pseudomonas syringae van Hall 1902	Pseudomonas syringae van Hall 1902		van Hall 1902	Bacteria	No	No	USA		2	NCPPB Primary Storage	Vicia villosa (leaf surface)		G.L. Ercolani HVC4				1975			No	Ercolani, G.L., Hegedorn, D.J., Kelman,A., Rand. R.E. 1974. Phytopathol. 64: 1330		ICMP 5080		No				https://ncppb.fera.co.uk/furtherinfo/2678	
NCPPB 2679					2679	Pseudomonas syringae pv. syringae					Pseudomonas syringae pv. syringae van Hall 1902	Pseudomonas syringae		van Hall 1902	Bacteria	No	No	Unknown		2	NCPPB Primary Storage	Syringa vulgaris (lilac)		C. M. E. Garrett (Reference number S26)	C.M.E. Garrett		S26	1975	1959		Yes		REP-PCR exclusive lilac /forsythia group.Genomospecies 1?	ICMP 4894		No				https://ncppb.fera.co.uk/furtherinfo/2679	
NCPPB 2680					2680	Pseudomonas syringae pv. coronafaciens					Pseudomonas syringae pv. coronafaciens (Elliott 1920) Young, Dye & Wilkie 1978	Pseudomonas. coronafaciens		(Elliott 1920) Young, Dye & Wilkie 1978	Bacteria	No	No	New Zealand				Avena sativa		ex J.P. Wilkie A611	D.W. Dye		PF6	1975	1969		No			NZRCC 10035						https://ncppb.fera.co.uk/furtherinfo/2680	
NCPPB 2681					2681	Pseudomonas syringae pv. coronafaciens					Pseudomonas syringae pv. coronafaciens (Elliott 1920) Young, Dye & Wilkie 1978	Pseudomonas. coronafaciens		(Elliott 1920) Young, Dye & Wilkie 1978	Bacteria	No	No	New Zealand		2	NCPPB Primary Storage	Avena sativa		ex J.P. Wilkie C611	D.W. Dye		PF7	1975	1969		No			NZRCC 10059		No				https://ncppb.fera.co.uk/furtherinfo/2681	
NCPPB 2684					2684	Pseudomonas syringae pv. syringae					Pseudomonas syringae pv. syringae van Hall 1902	Pseudomonas syringae		van Hall 1902	Bacteria	No	No	New Zealand		2	NCPPB Primary Storage	Phaseolus vulgaris		ex D.R.W. Watson A1525	D.W. Dye		P207	1975	1973		Yes			ICMP 4859		No				https://ncppb.fera.co.uk/furtherinfo/2684	
NCPPB 2685					2685	Pseudomonas syringae pv. syringae					Pseudomonas syringae pv. syringae van Hall 1902	Pseudomonas syringae		van Hall 1902	Bacteria	No	No	New Zealand		2	NCPPB Primary Storage	Phaseolus vulgaris		ex D.R.W. Watson A1489	D.W. Dye		P263	1975	1973		Yes			ICMP 3625		No				https://ncppb.fera.co.uk/furtherinfo/2685	
NCPPB 2687					2687	Pseudomonas syringae pv. syringae					Pseudomonas syringae pv. syringae van Hall 1902	Pseudomonas syringae		van Hall 1902	Bacteria	No	No	New Zealand				Phaseolus vulgaris		ex D.R.W. Watson A1478	D.W. Dye		P250	1975	1973		Yes			ICMP 3462						https://ncppb.fera.co.uk/furtherinfo/2687	
NCPPB 2688					2688	Pseudomonas syringae					Pseudomonas syringae van Hall 1902	Pseudomonas syringae van Hall 1902		van Hall 1902	Bacteria	No	No	New Zealand				Pisum sativum		ex J.M. Young 19	D.W. Dye		P277	1975	1968		No									https://ncppb.fera.co.uk/furtherinfo/2688	
NCPPB 2689					2689	Pseudomonas syringae					Pseudomonas syringae van Hall 1902	Pseudomonas syringae van Hall 1902		van Hall 1902	Bacteria	No	No	New Zealand		2	NCPPB Primary Storage	Pisum sativum		ex J.D. Taylor 239A	D.W. Dye		P307	1975	1970		No	Taylor, J.D. 1972. N. Z. Jl. Agric. Res. 15: 441				No				https://ncppb.fera.co.uk/furtherinfo/2689	
NCPPB 2690					2690	Pseudomonas syringae					Pseudomonas syringae van Hall 1902	Pseudomonas syringae van Hall 1902		van Hall 1902	Bacteria	No	No	New Zealand		2	NCPPB Primary Storage	Pisum sativum		ex J.D. Taylor 245A	D.W. Dye		P308	1975	1970		No		REP-PCR same as 3504 from pea in Australia. Not pv. pisi.Genomospecies 1?			No				https://ncppb.fera.co.uk/furtherinfo/2690	
NCPPB 2691					2691	Pseudomonas syringae					Pseudomonas syringae van Hall 1902	Pseudomonas syringae van Hall 1902		van Hall 1902	Bacteria	No	No	New Zealand		2	NCPPB Primary Storage	Pisum sativum		ex J.D. Taylor 250A	D.W. Dye		P309	1975	1970		No					No				https://ncppb.fera.co.uk/furtherinfo/2691	
NCPPB 2692					2692	Pseudomonas syringae pv. porri					Pseudomonas syringae pv. porri Samson, Poutier & Rat 1981	Pseudomonas syringae pv. porri		Samson, Poutier & Rat 1981	Bacteria	No	No	New Zealand		2	NCPPB Primary Storage	Allium porrum		ex C.N. Hale 1626	D.W. Dye		P284	1975	1971		No					No				https://ncppb.fera.co.uk/furtherinfo/2692	
NCPPB 2693					2693	Pseudomonas syringae pv. porri					Pseudomonas syringae pv. porri Samson, Poutier & Rat 1981	Pseudomonas syringae pv. porri		Samson, Poutier & Rat 1981	Bacteria	No	No	New Zealand		2	NCPPB Primary Storage	Allium porrum		ex C.N. Hale 1629	D.W. Dye		P285	1975	1973		Yes					No				https://ncppb.fera.co.uk/furtherinfo/2693	
NCPPB 2702					2702	Pseudomonas syringae pv. syringae					Pseudomonas syringae pv. syringae van Hall 1902	Pseudomonas syringae		van Hall 1902	Bacteria	No	No	UK		2	NCPPB Primary Storage	Syringa vulgaris		J.F. Bradbury B3637a				1975	1967		No		REP-PCR group of strains from Rosaceae Willows and Poplar(cluster 21/22).Genomospecies 2?The only lilac aberrant lilac strain	ICMP 4932		No				https://ncppb.fera.co.uk/furtherinfo/2702	
NCPPB 2703					2703	Pseudomonas syringae					Pseudomonas syringae van Hall 1902	Pseudomonas syringae van Hall 1902		van Hall 1902	Bacteria	No	No	UK		2	NCPPB Primary Storage	Populus sp.		ex A. Beaton 36 (iii)	J.F. Bradbury		B4405	1975	1970		No			ICMP 4853		No				https://ncppb.fera.co.uk/furtherinfo/2703	
NCPPB 2704					2704	Pseudomonas syringae pv. maculicola					Pseudomonas syringae pv. maculicola (McCulloch 1911) Young, Dye & Wilkie 1978	Pseudomonas  maculicola		(McCulloch 1911) Young, Dye & Wilkie 1978	Bacteria	No	No	Zimbabwe		2	NCPPB Primary Storage	Brassica oleracea var. capitata		J.F. Bradbury B4493				1975	1970		No		Atypical REP-PCR profile. Partial gene (rpoD) sequencing indicates a close similarity with the pathotype strain of Pseudomonas syringae pv. berberidis NCPPB 2724 (July 2016)			No				https://ncppb.fera.co.uk/furtherinfo/2704	
NCPPB 2705					2705	Pseudomonas syringae pv. sesami					Pseudomonas syringae pv. sesami (Malkoff 1906) Young, Dye & Wilkie 1978	Pseudomonas  sesami		(Malkoff 1906) Young, Dye & Wilkie 1978	Bacteria	No	No	India		2	NCPPB Primary Storage	Sesamum indicum		ex B.P. Chakravarti PSMl	J.F. Bradbury		B4499	1975	1970		No		Produces fluorescent pigment.			No				https://ncppb.fera.co.uk/furtherinfo/2705	
NCPPB 2707					2707	Pseudomonas syringae pv. coronafaciens					Pseudomonas syringae pv. coronafaciens (Elliott 1920) Young, Dye & Wilkie 1978	Pseudomonas. coronafaciens		(Elliott 1920) Young, Dye & Wilkie 1978	Bacteria	No	No	Mexico		2	NCPPB Primary Storage	Secale cereale		J.F. Bradbury B5306				1975			No					No				https://ncppb.fera.co.uk/furtherinfo/2707	
NCPPB 2708	SAMN03976396 SAMN42036867 	  	GCA_003700515.1 	PSE_AA6816AA 	2708	Pseudomonas syringae pv. garcae					Pseudomonas syringae pv. garcae (Amaral et al. 1956) Young, Dye & Wilkie 1978	Pseudomonas garcae		(do Amaral et al. 1956) Young, Dye & Wilkie 1978	Bacteria	No	No	Kenya		2	NCPPB Primary Storage	Coffea arabica		ex C. Baker 15w	J.F. Bradbury		B5356	1975	1972		Yes					No				https://ncppb.fera.co.uk/furtherinfo/2708	 title = PgcNCPPB2708; strain = NCPPB2708;  strain = NCPPB2708; 
NCPPB 2709					2709	Pseudomonas syringae					Pseudomonas syringae van Hall 1902	Pseudomonas syringae van Hall 1902		van Hall 1902	Bacteria	No	No	Uganda		2	NCPPB Primary Storage	Centrosema pubescens		J.F. Bradbury B5407				1975	1973		No			ICMP 4918		No				https://ncppb.fera.co.uk/furtherinfo/2709	
NCPPB 2710					2710	Pseudomonas syringae pv. garcae					Pseudomonas syringae pv. garcae (Amaral et al. 1956) Young, Dye & Wilkie 1978	Pseudomonas garcae		(do Amaral et al. 1956) Young, Dye & Wilkie 1978	Bacteria	No	No	Kenya		2	NCPPB Primary Storage	Coffea arabica		J.F. Bradbury B5481				1975	1973		No					No				https://ncppb.fera.co.uk/furtherinfo/2710	
NCPPB 2711					2711	Pseudomonas syringae pv. mori					Pseudomonas syringae pv. mori (Boyer & Lambert 1893) Young, Dye & Wilkie 1978	Pseudomonas  mori		(Boyer & Lambert 1893) Young, Dye & Wilkie 1978	Bacteria	No	No	Uganda		2	NCPPB Primary Storage	Morus sp.		J.F. Bradbury B5579a				1975	1973		No					No				https://ncppb.fera.co.uk/furtherinfo/2711	
NCPPB 2712					2712	Pseudomonas syringae pv. atrofaciens					Pseudomonas syringae pv. atrofaciens (McCulloch 1920) Young, Dye & Wilkie 1978	Pseudomonas atrofaciens		(McCulloch 1920) Young, Dye & Wilkie 1978	Bacteria	No	No	Zimbabwe		2	NCPPB Primary Storage	Triticum aestivum		J.F. Bradbury B5645				1975	1973		No		LOPAT +---. Atypical REP-PCR profile.?			No				https://ncppb.fera.co.uk/furtherinfo/2712	
NCPPB 2713					2713	Pseudomonas syringae pv. striafaciens					Pseudomonas syringae pv. striafaciens (Elliott 1927) Young, Dye & Wilkie 1978	Pseudomonas striafaciens		(Elliott 1927) Young, Dye & Wilkie 1978	Bacteria	No	No	Mexico		2	NCPPB Primary Storage	Secale cereale x triticum sp. (triticale)		J.F. Bradbury B5666				1975	1973		No					No				https://ncppb.fera.co.uk/furtherinfo/2713	
NCPPB 2714					2714	Pseudomonas syringae pv. coronafaciens					Pseudomonas syringae pv. coronafaciens (Elliott 1920) Young, Dye & Wilkie 1978	Pseudomonas. coronafaciens		(Elliott 1920) Young, Dye & Wilkie 1978	Bacteria	No	No	Mexico		2	NCPPB Primary Storage	Secale sp. x triticum sp. (triticale)		J.F. Bradbury B5686				1975	1973		No					No				https://ncppb.fera.co.uk/furtherinfo/2714	
NCPPB 2715					2715	Pseudomonas syringae pv. syringae					Pseudomonas syringae pv. syringae van Hall 1902	P. oryzicola		van Hall 1902	Bacteria	No	No	Australia		2	NCPPB Primary Storage	Oryza sativa		ex E.J. Cother RS-A	J.F. Bradbury		B5817	1975	1974		Yes		REP-PCR close to strains from some Rosaceae and some Gramineae mainly from Australia and NZ(cluster 53).Genomospecies 1?	ICMP 4965		No				https://ncppb.fera.co.uk/furtherinfo/2715	
NCPPB 2716	SAMN00184075 	 			2716	Pseudomonas savastanoi pv. fraxini					Pseudomonas savastanoi pv. fraxinii( Janse 1982) Young et al. 1996	Pseudomonas savastanoi	Pseudomonas syringae pv. savastanoi (ex Smith 1908) Young Dye & Wilkie 1978	( Janse 1982) Young et al. 1996	Bacteria	No	No	UK		2	NCPPB Primary Storage	Fraxinus excelsior		J.F. Bradbury B5879				1975	1974		No					No				https://ncppb.fera.co.uk/furtherinfo/2716	 strain = NCPPB2716; title = Pseudomonas savastanoi pv. fraxini NCPPB2716; 
NCPPB 2717					2717	Pseudomonas syringae pv. atrofaciens					Pseudomonas syringae pv. atrofaciens (McCulloch 1920) Young, Dye & Wilkie 1978	Pseudomonas atrofaciens		(McCulloch 1920) Young, Dye & Wilkie 1978	Bacteria	No	No	USA		2	NCPPB Primary Storage	Triticum aestivum			DSM 60 117	ex NCPPB 248 ex NCTC 1986 ex E.F. Smith		1975			No		LOPAT +---+.			No				https://ncppb.fera.co.uk/furtherinfo/2717	
NCPPB 2718					2718	Pseudomonas syringae pv. atrofaciens					Pseudomonas syringae pv. atrofaciens (McCulloch 1920) Young, Dye & Wilkie 1978	Pseudomonas atrofaciens		(McCulloch 1920) Young, Dye & Wilkie 1978	Bacteria	No	No	New Zealand		2	NCPPB Primary Storage	Triticum aestivum		D.W. Dye PV3				1975	1967		No			ICMP 1912		No				https://ncppb.fera.co.uk/furtherinfo/2718	
NCPPB 2719					2719	Pseudomonas syringae pv. atrofaciens					Pseudomonas syringae pv. atrofaciens (McCulloch 1920) Young, Dye & Wilkie 1978	Pseudomonas atrofaciens		(McCulloch 1920) Young, Dye & Wilkie 1978	Bacteria	No	No	New Zealand		2	NCPPB Primary Storage	Triticum aestivum		D.W. Dye PV4				1975	1967		No			ICMP 1913		No				https://ncppb.fera.co.uk/furtherinfo/2719	
NCPPB 2720					2720	Pseudomonas syringae pv. apii					Pseudomonas syringae pv. apii (Jagger 1921) Young, Dye & Wilkie 1978	Pseudomonas apii		(Jagger 1921) Young, Dye & Wilkie 1978	Bacteria	No	No	USA		2	NCPPB Primary Storage	Apium graveolens var. dulce		ex C. Wehlburg	D.W. Dye		PTl	1975			No			ICMP 1657		No				https://ncppb.fera.co.uk/furtherinfo/2720	
NCPPB 2721					2721	Pseudomonas syringae pv. apii					Pseudomonas syringae pv. apii (Jagger 1921) Young, Dye & Wilkie 1978	Pseudomonas apii		(Jagger 1921) Young, Dye & Wilkie 1978	Bacteria	No	No	USA				Apium graveolens var. dulce		ex C. Wehlburg	D.W. Dye		PT2	1975			No			ICMP 1658						https://ncppb.fera.co.uk/furtherinfo/2721	
NCPPB 2724					2724	Pseudomonas syringae pv. berberidis					Pseudomonas syringae pv. berberidis (Thornberry & Anderson 1931) Young, Dye & Wilkie 1978	Pseudomonas berberidis		(Thornberry & Anderson 1931) Young, Dye & Wilkie 1978	Bacteria	No	Yes	New Zealand				Berberis sp.		J.M. Young 1407Al				1975	1972		No			ICMP 4116, CFBP 1727, CFBP 3206, LMG 2147						https://ncppb.fera.co.uk/furtherinfo/2724	
NCPPB 2728					2728	Pseudomonas syringae pv. tabaci					Pseudomonas syringae pv. tabaci (Wolf & Foster 1917) Young, Dye and Wilkie 1978	Pseudomonas  tabaci		(Wolf & Foster 1917) Young, Dye and Wilkie 1978	Bacteria	No	No	Australia				Glycine max			D.R.W. Watson D1519			1975	1972		No			PDDCC 3432						https://ncppb.fera.co.uk/furtherinfo/2728	
NCPPB 2729					2729	Pseudomonas syringae pv. tabaci					Pseudomonas syringae pv. tabaci (Wolf & Foster 1917) Young, Dye and Wilkie 1978	Pseudomonas  tabaci		(Wolf & Foster 1917) Young, Dye and Wilkie 1978	Bacteria	No	No	Australia				Glycine max		D.R.W. Watson E1519				1975	1972		No			PDDCC 3433						https://ncppb.fera.co.uk/furtherinfo/2729	
NCPPB 2730					2730	Pseudomonas syringae pv. tabaci					Pseudomonas syringae pv. tabaci (Wolf & Foster 1917) Young, Dye and Wilkie 1978	Pseudomonas  tabaci		(Wolf & Foster 1917) Young, Dye and Wilkie 1978	Bacteria	No	No	Australia				Glycine max		ex M. L. Moffett	D.W. Dye		PH9	1975	1972		Yes			PDDCC 3378						https://ncppb.fera.co.uk/furtherinfo/2730	
NCPPB 2731					2731	Pseudomonas syringae pv. syringae					Pseudomonas syringae pv. syringae van Hall 1902	Pseudomonas syringae		van Hall 1902	Bacteria	No	No	New Zealand				Malus sylvestris		D.W. Dye P160				1975	1954		No		Exhibits ice nucleation activity.REP-PCR group of strains from Rosaceae Willows and Poplar(cluster 21/22).Genomospecies 2?							https://ncppb.fera.co.uk/furtherinfo/2731	
NCPPB 2732					2732	Pseudomonas syringae					Pseudomonas syringae van Hall 1902	Pseudomonas syringae van Hall 1902		van Hall 1902	Bacteria	No	No	New Zealand				Betula sp.		D.R.W. Watson S176				1975	1968		No									https://ncppb.fera.co.uk/furtherinfo/2732	
NCPPB 2733					2733	Pseudomonas syringae					Pseudomonas syringae van Hall 1902	Pseudomonas syringae van Hall 1902		van Hall 1902	Bacteria	No	No	New Zealand				Callistemon viminelis		J.P. Wilkie P205				1975	1972		No		REP-PCR close to pv.tomato/maculicola group.Genomospecies 3?			No				https://ncppb.fera.co.uk/furtherinfo/2733	
NCPPB 2734					2734	Pseudomonas syringae					Pseudomonas syringae van Hall 1902	Pseudomonas syringae van Hall 1902		van Hall 1902	Bacteria	No	No	New Zealand				Callistemon viminelis		J.P. Wilkie P206				1975	1972		No		REP-PCR close to pv.tomato/maculicola group.Genomospecies 3?							https://ncppb.fera.co.uk/furtherinfo/2734	
NCPPB 2736					2736	Pseudomonas syringae pv. syringae					Pseudomonas syringae pv. syringae van Hall 1902	Pseudomonas syringae		van Hall 1902	Bacteria	No	No	New Zealand				Syringa vulgaris		D.R.W. Watson B1016				1975	1970		No		REP-PCR unique?Not usual cluster 75							https://ncppb.fera.co.uk/furtherinfo/2736	
NCPPB 2737					2737	Pseudomonas syringae					Pseudomonas syringae van Hall 1902	Pseudomonas syringae van Hall 1902		van Hall 1902	Bacteria	No	No	Japan				Allium cepa		ex M. Goto	D.W. Dye		P226	1975			No									https://ncppb.fera.co.uk/furtherinfo/2737	
NCPPB 2738					2738	Pseudomonas syringae					Pseudomonas syringae van Hall 1902	Pseudomonas syringae van Hall 1902		van Hall 1902	Bacteria	No	No	New Zealand				Euphorbia pulcherrima		D.W. Dye P202				1975	1972		Yes									https://ncppb.fera.co.uk/furtherinfo/2738	
NCPPB 2739					2739	Pseudomonas syringae					Pseudomonas syringae van Hall 1902	Pseudomonas syringae van Hall 1902		van Hall 1902	Bacteria	No	No	New Zealand				Euphorbia pulcherrima		D.W. Dye P 230				1975	1972		Yes									https://ncppb.fera.co.uk/furtherinfo/2739	
NCPPB 2740					2740	Pseudomonas syringae					Pseudomonas syringae van Hall 1902	Pseudomonas syringae van Hall 1902		van Hall 1902	Bacteria	No	No	New Zealand				Euphorbia pulcherrima		D.W. Dye P204				1975	1972		Yes					No				https://ncppb.fera.co.uk/furtherinfo/2740	
NCPPB 2741					2741	Pseudomonas syringae					Pseudomonas syringae van Hall 1902	Pseudomonas syringae van Hall 1902		van Hall 1902	Bacteria	No	No	New Zealand				Cucurbita maxima		ex J.P. Wilkie P211	D.W. Dye			1975	1973		No									https://ncppb.fera.co.uk/furtherinfo/2741	
NCPPB 2742					2742	Pseudomonas syringae					Pseudomonas syringae van Hall 1902	Pseudomonas syringae van Hall 1902		van Hall 1902	Bacteria	No	No	New Zealand				Cucurbita maxima		ex J.P. Wilkie P212	D.W. Dye			1975	1973		No									https://ncppb.fera.co.uk/furtherinfo/2742	
NCPPB 2744					2744	Pseudomonas syringae pv. helianthi					Pseudomonas syringae pv. helianthi (Kawamura 1934) Young, Dye & Wilkie 1978	P. syringae		(Kawamura 1934) Young, Dye & Wilkie 1978	Bacteria	No	No	New Zealand				Helianthus annuus			D.R.W. Watson		A441	1975	1969		No			ICMP 3549						https://ncppb.fera.co.uk/furtherinfo/2744	
NCPPB 2745					2745	Pseudomonas syringae					Pseudomonas syringae van Hall 1902	Pseudomonas syringae van Hall 1902		van Hall 1902	Bacteria	No	No	New Zealand				Salix sp.		D.R.W Watson A57				1975	1968		No			ICMP 2148						https://ncppb.fera.co.uk/furtherinfo/2745	
NCPPB 2746					2746	Pseudomonas syringae					Pseudomonas syringae van Hall 1902	Pseudomonas syringae van Hall 1902		van Hall 1902	Bacteria	No	No	New Zealand				Salix sp.		D.R.W. Watson S52				1975	1968		No									https://ncppb.fera.co.uk/furtherinfo/2746	
NCPPB 2747					2747	Pseudomonas syringae pv. syringae					Pseudomonas syringae pv. syringae van Hall 1902	Pseudomonas syringae		van Hall 1902	Bacteria	No	No	New Zealand				Solanum lycopersicum		J.P. Wilkie 1205				1975	1971		No		REP-PCR unique?	ICMP 3504						https://ncppb.fera.co.uk/furtherinfo/2747	
NCPPB 2749					2749	Pseudomonas syringae pv. syringae					Pseudomonas syringae pv. syringae van Hall 1902	Pseudomonas syringae		van Hall 1902	Bacteria	No	No	Australia				Solanum lycopersicum		ex M. Moffett 088	J.P. Wilkie ZZ27	.		1975	1970		No			ICMP 3523						https://ncppb.fera.co.uk/furtherinfo/2749	
NCPPB 2750					2750	Pseudomonas syringae pv. syringae					Pseudomonas syringae pv. syringae van Hall 1902	Pseudomonas syringae		van Hall 1902	Bacteria	No	No	Australia				Solanum lycopersicum		ex M. Moffett 0130	J.P. Wilkie		ZZ28	1975	1971		No			ICMP 3524						https://ncppb.fera.co.uk/furtherinfo/2750	
NCPPB 2751					2751	Pseudomonas syringae					Pseudomonas syringae van Hall 1902	Pseudomonas sp.		van Hall 1902	Bacteria	No	No	UK				Zea mays		ex D. Barnes	M.J. Hurst		131/3	1975	1974		Yes		REP-PCR unique; rpoD places this in Genomospecies 1 15-4-2016	ICMP 4896						https://ncppb.fera.co.uk/furtherinfo/2751	
NCPPB 2752					2752	Pseudomonas savastanoi pv. glycinea					Pseudomonas savastanoi pv. glycinea ( Coerper 1919 ) Gardan et al. 1992	Pseudomonas glycinea Coerper 1919	Pseudomonas syringae pv. glycinea (Coerper 1919) Young et al.1976	( Coerper 1919 ) Gardan et al. 1992	Bacteria	No	No	France				Glycine max		ex B. Rat 118.12	CNBP 1560			1975	1974		No									https://ncppb.fera.co.uk/furtherinfo/2752	
NCPPB 2753					2753	Pseudomonas savastanoi pv. glycinea					Pseudomonas savastanoi pv. glycinea ( Coerper 1919 ) Gardan et al. 1992	Pseudomonas glycinea Coerper 1919	Pseudomonas syringae pv. glycinea (Coerper 1919) Young et al.1976	( Coerper 1919 ) Gardan et al. 1992	Bacteria	No	No	France				Glycine max		ex B. Rat 106.1.1	CNBP 1563	.		1975	1974		No									https://ncppb.fera.co.uk/furtherinfo/2753	
NCPPB 2754					2754	Pseudomonas syringae pv. lachrymans					Pseudomonas syringae pv. lachrymans (Smith & Bryan 1915) Young, Dye & Wilkie 1978	Pseudomonas lachrymans		(Smith & Bryan 1915) Young, Dye & Wilkie 1978	Bacteria	No	No					Cucumis sativus		ex M. Ride;	CNBP 70			1975	1960		No									https://ncppb.fera.co.uk/furtherinfo/2754	
NCPPB 2755					2755	Pseudomonas syringae pv. morsprunorum					Pseudomonas syringae pv. morsprunorum (Wormald 1931) Young, Dye & Wilkie 1978	Pseudomonas morsprunorum		(Wormald 1931) Young, Dye & Wilkie 1978	Bacteria	No	No	France				Prunus cerasus		ex J. Luisetti E.13.9	CNBP 1564			1975	1974		No									https://ncppb.fera.co.uk/furtherinfo/2755	
NCPPB 2757					2757	Pseudomonas syringae pv. persicae					Pseudomonas syringae pv. persicae (Prunier et al. 1970) Young, Dye & Wilkie 1978	Pseudomonas morsprunorum f.sp. persicae	Pseudomonas syringae pv. morsprunorum f.sp. persicae Prunier et al. 1970	(Prunier et al. 1970) Young, Dye & Wilkie 1978	Bacteria	No	No	France				Prunus persica		ex L.Gardan 803-4;	CNBP 1569			1975	1969		No									https://ncppb.fera.co.uk/furtherinfo/2757	
NCPPB 2758					2758	Pseudomonas syringae pv. persicae					Pseudomonas syringae pv. persicae (Prunier et al. 1970) Young, Dye & Wilkie 1978	Pseudomonas morsprunorum f.sp. persicae	Pseudomonas syringae pv. morsprunorum f.sp. persicae Prunier et al. 1970	(Prunier et al. 1970) Young, Dye & Wilkie 1978	Bacteria	No	No	France				Prunus persica		ex L.Gardan 841-8	CNBP 1570			1975	1969		No									https://ncppb.fera.co.uk/furtherinfo/2758	
NCPPB 2760					2760	Pseudomonas syringae pv. persicae					Pseudomonas syringae pv. persicae (Prunier et al. 1970) Young, Dye & Wilkie 1978	Pseudomonas morsprunorum f.sp. persicae	Pseudomonas syringae pv. morsprunorum f.sp. persicae Prunier et al. 1970	(Prunier et al. 1970) Young, Dye & Wilkie 1978	Bacteria	No	No	France				Prunus persica		ex A.Vigouroux 38.6	CNBP 1572			1975			No									https://ncppb.fera.co.uk/furtherinfo/2760	
NCPPB 2761					2761	Pseudomonas syringae pv. persicae					Pseudomonas syringae pv. persicae (Prunier et al. 1970) Young, Dye & Wilkie 1978	Pseudomonas morsprunorum f.sp. persicae	Pseudomonas syringae pv. morsprunorum f.sp. persicae Prunier et al. 1970	(Prunier et al. 1970) Young, Dye & Wilkie 1978	Bacteria	No	Yes	France				Prunus persica		ex J.P. Prunier E52.5	CNBP 1573			1975	1974		Yes			ICMP 5846, CFBP 1573						https://ncppb.fera.co.uk/furtherinfo/2761	
NCPPB 2762					2762	Pseudomonas syringae pv. persicae					Pseudomonas syringae pv. persicae (Prunier et al. 1970) Young, Dye & Wilkie 1978	Pseudomonas morsprunorum f.sp. persicae	Pseudomonas syringae pv. morsprunorum f.sp. persicae Prunier et al. 1970	(Prunier et al. 1970) Young, Dye & Wilkie 1978	Bacteria	No	No	France				Prunus persica		ex J. Luisetti E61.5	CNBP 1574			1975	1974		Yes									https://ncppb.fera.co.uk/furtherinfo/2762	
NCPPB 2764					2764	Pseudomonas syringae					Pseudomonas syringae pv. persicae (Prunier et al. 1970) Young, Dye & Wilkie 1978	Pseudomonas morsprunorum f.sp. persicae	Pseudomonas syringae pv. morsprunorum f.sp. persicae Prunier et al. 1970	van Hall 1902	Bacteria	No	No	France				Prunus persica (leaf surface).		ex L. Gardan E.3.1	CNBP 1576			1975	1970		No		Atypical REP-PCR profile.Partial gene (rpoD) sequencing indicates this is not P. syringae pv. persicae							https://ncppb.fera.co.uk/furtherinfo/2764	
NCPPB 2765					2765	Pseudomonas savastanoi pv. phaseolicola					Pseudomonas syringae pv. phaseolicola ( Burkholder 1926 ) Young et al. 1976	Pseudomonas phaseolicola Burkholder 1926	Pseudomonas syringae pv. phaseolicola (Burkholder 1926) Young et al. 1978	( Burkholder 1926 ) Gardan et al. 1992	Bacteria	No	No	France				Phaseolus vulgaris		ex J.P. Prunier 159-1	CNBP 531			1975	1964		No		Race 2							https://ncppb.fera.co.uk/furtherinfo/2765	
NCPPB 2767					2767	Pseudomonas syringae pv. syringae					Pseudomonas syringae pv. syringae van Hall 1902	Pseudomonas syringae		van Hall 1902	Bacteria	No	No	France		2	NCPPB Primary Storage	Prunus amygdalus		ex J.P. Prunier E62-1	CNBP 1577			1975	1974		No			ICMP 5075		No				https://ncppb.fera.co.uk/furtherinfo/2767	
NCPPB 2768					2768	Pseudomonas syringae pv. syringae					Pseudomonas syringae pv. syringae van Hall 1902	Pseudomonas syringae		van Hall 1902	Bacteria	No	No	France				Prunus armeniaca		ex J.P. Prunier 864	CNBP 1578			1975	1966		No			ICMP 4892						https://ncppb.fera.co.uk/furtherinfo/2768	
NCPPB 2769					2769	Pseudomonas syringae pv. syringae					Pseudomonas syringae pv. syringae van Hall 1902	Pseudomonas syringae		van Hall 1902	Bacteria	No	No	France				Prunus cerasus		ex J. Luisetti E.13.7	CNBP 1579			1975	1974		No			ICMP 5084						https://ncppb.fera.co.uk/furtherinfo/2769	
NCPPB 2770					2770	Pseudomonas syringae pv. syringae					Pseudomonas syringae pv. syringae van Hall 1902	Pseudomonas syringae		van Hall 1902	Bacteria	No	No	France				Citrus limon		ex J.P. Prunier 850-1	CNBP 1580			1975	1968		No			ICMP 4917						https://ncppb.fera.co.uk/furtherinfo/2770	
NCPPB 2771					2771	Pseudomonas syringae pv. syringae					Pseudomonas syringae pv. syringae van Hall 1902	Pseudomonas syringae		van Hall 1902	Bacteria	No	No	France				Phaseolus vulgaris		ex J.P. Prunier 286-1	CNBP 760			1975	1965		Yes			ICMP 4916						https://ncppb.fera.co.uk/furtherinfo/2771	
NCPPB 2773					2773	Pseudomonas syringae pv. syringae					Pseudomonas syringae pv. syringae van Hall 1902	Pseudomonas syringae		van Hall 1902	Bacteria	No	No	France				Syringa vulgaris		ex J. Luisetti 227-3	CNBP 775	.		1975	1965		No		REP-PCR exclusive lilac /forsythia group.Genomospecies 1?	ICMP 5076						https://ncppb.fera.co.uk/furtherinfo/2773	
NCPPB 2774					2774	Pseudomonas syringae pv. syringae					Pseudomonas syringae pv. syringae van Hall 1902	Pseudomonas syringae		van Hall 1902	Bacteria	No	No	France				Prunus domestica		ex J. Luisetti P522	CNBP 1581			1975	1972		Yes			ICMP 4857						https://ncppb.fera.co.uk/furtherinfo/2774	
NCPPB 2775					2775	Pseudomonas syringae pv. syringae					Pseudomonas syringae pv. syringae van Hall 1902	Pseudomonas syringae		van Hall 1902	Bacteria	No	No	France				Malus sylvestris		ex M. Ride	CNBP 602			1975	1964		No		Exhibits ice nucleation activity.Pathogenic to detached pear fruit.REP-PCR close to strains from apple , pear &willow(cluster 44)Genomospecies 1?	ICMP 4893						https://ncppb.fera.co.uk/furtherinfo/2775	
NCPPB 2776					2776	Pseudomonas syringae					Pseudomonas syringae van Hall 1902	Pseudomonas syringae van Hall 1902		van Hall 1902	Bacteria	No	No	France				Populus sp.		ex M. Ride	CNBP 600			1975	1964		No			ICMP 4852						https://ncppb.fera.co.uk/furtherinfo/2776	
NCPPB 2777					2777	Pseudomonas syringae					Pseudomonas syringae van Hall 1902	Pseudomonas syringae van Hall 1902		van Hall 1902	Bacteria	No	No	France				Juglans regia		ex J. Luisetti 264-1	CNBP 700			1975	1965		No			ICMP 5077						https://ncppb.fera.co.uk/furtherinfo/2777	
NCPPB 2778					2778	Pseudomonas syringae pv. syringae					Pseudomonas syringae pv. syringae van Hall 1902	Pseudomonas syringae		van Hall 1902	Bacteria	No	No	France				Pyrus communis		ex J. Luisetti 41	CNBP 1147			1975	1965		No		Pathogenic to detached pear fruit.REP-PCR close to strains from apple , pear &willow(cluster 44)Genomospecies 1?	ICMP 5085						https://ncppb.fera.co.uk/furtherinfo/2778	
NCPPB 2779					2779	Pseudomonas syringae pv. syringae					Pseudomonas syringae pv. syringae van Hall 1902	Pseudomonas syringae		van Hall 1902	Bacteria	No	No	France				Prunus persica		ex L. Gardan 862.7	CNBP 1582			1975	1969		Yes			ICMP 5086						https://ncppb.fera.co.uk/furtherinfo/2779	
NCPPB 2781					2781	Pseudomonas syringae pv. syringae					Pseudomonas syringae pv. syringae van Hall 1902	Pseudomonas syringae		van Hall 1902	Bacteria	No	No	France				Citrus clementina		ex J. Luisetti G20-9	CNBP 1607			1975	1975		No			ICMP 5092						https://ncppb.fera.co.uk/furtherinfo/2781	
NCPPB 2782					2782	Pseudomonas syringae					Pseudomonas syringae van Hall 1902	Pseudomonas syringae van Hall 1902		van Hall 1902	Bacteria	No	No	France				Rubus idaeus		ex J. Luisetti E.23.4	CNBP 1586			1975	1974		No									https://ncppb.fera.co.uk/furtherinfo/2782	
NCPPB 2783					2783	Pseudomonas syringae					Pseudomonas syringae van Hall 1902	Pseudomonas syringae van Hall 1902		van Hall 1902	Bacteria	No	No	France				Rosa sp.		ex J. Luisetti G26	CNBP 1608			1975	1975		No			ICMP 5094						https://ncppb.fera.co.uk/furtherinfo/2783	
NCPPB 2784					2784	Pseudomonas syringae					Pseudomonas syringae van Hall 1902	Pseudomonas syringae van Hall 1902		van Hall 1902	Bacteria	No	No	France				Euonymus japonicus		ex L. Gardan E72	CFBP 1542			1975	1974		No			ICMP 4930						https://ncppb.fera.co.uk/furtherinfo/2784	
NCPPB 2785					2785	Pseudomonas syringae pv. syringae					Pseudomonas syringae pv. syringae van Hall 1902	Pseudomonas syringae		van Hall 1902	Bacteria	No	No	Greece				Citrus limon		C.G. Panagopoulos G4				1975	1963		Yes			ICMP 4923						https://ncppb.fera.co.uk/furtherinfo/2785	
NCPPB 2786					2786	Pseudomonas syringae pv. syringae					Pseudomonas syringae pv. syringae van Hall 1902	Pseudomonas syringae		van Hall 1902	Bacteria	No	No	Greece				Citrus sinensis		C.G. Panagopoulos G1				1975	1962		Yes									https://ncppb.fera.co.uk/furtherinfo/2786	
NCPPB 2787					2787	Pseudomonas syringae pv. morsprunorum					Pseudomonas syringae pv. morsprunorum (Wormald 1931) Young, Dye & Wilkie 1978	Pseudomonas morsprunorum		(Wormald 1931) Young, Dye & Wilkie 1978	Bacteria	No	No	Greece				Prunus avium		C.G. Panagopoulos Kl				1975	1961		Yes		Whole genome sequencing places this strain with other Race 1 Psm in the Pseudomonas amygdali clade (NCPPB May 2026)			No				https://ncppb.fera.co.uk/furtherinfo/2787	
NCPPB 2788					2788	Pseudomonas savastanoi pv. savastanoi					Pseudomonas savastanoi pv. savastanoi (ex Smith 1908) Gardan et al. 1992	Pseudomonas savastanoi Smith 1908	Pseudomonas syringae pv. savastanoi (ex Smith 1908) Gardan et al. 1992	(ex Smith 1908) Gardan et al. 1992	Bacteria	No	No	Greece				Jasminum sp.		C.G. Panagopoulos r2				1975	1968		No									https://ncppb.fera.co.uk/furtherinfo/2788	
NCPPB 2796					2796	Ralstonia solanacearum					Ralstonia solanacearum (Smith 1896) Yabuuchi et al. 1996	Pseudomonas solanacearum (Smith 1896) 1914	Burkholderia solanacearum (Smith 1896) Yabuuchi et al. 1993, Pseudomonas solanacearum (Smith 1896) Smith 1914	(Smith 1896) Yabuuchi et al. 1996	Bacteria	No	No	Sweden				Solanum dulcamara		K. Olssen Ps48				1975	1974		Yes		Race 3							https://ncppb.fera.co.uk/furtherinfo/2796	
NCPPB 2797					2797	Ralstonia solanacearum					Ralstonia solanacearum (Smith 1896) Yabuuchi et al. 1996	Pseudomonas solanacearum (Smith 1896) 1914	Burkholderia solanacearum (Smith 1896) Yabuuchi et al. 1993, Pseudomonas solanacearum (Smith 1896) Smith 1914	(Smith 1896) Yabuuchi et al. 1996	Bacteria	No	No	Sweden				Solanum dulcamara		K. Olssen Ps51				1975	1974		Yes		Race 3.							https://ncppb.fera.co.uk/furtherinfo/2797	
NCPPB 2798					2798	Pseudomonas savastanoi pv. phaseolicola					Pseudomonas syringae pv. phaseolicola ( Burkholder 1926 ) Young et al. 1976	Pseudomonas phaseolicola Burkholder 1926	Pseudomonas syringae pv. phaseolicola (Burkholder 1926) Young et al. 1978	( Burkholder 1926 ) Gardan et al. 1992	Bacteria	No	No	USA				Phaseolus aureus			D.C. Hildebrand	ex H.A.J. Hoitink 15A	HB49a	1975			Yes									https://ncppb.fera.co.uk/furtherinfo/2798	
NCPPB 2799					2799	Pseudomonas savastanoi pv. phaseolicola					Pseudomonas syringae pv. phaseolicola ( Burkholder 1926 ) Young et al. 1976	Pseudomonas phaseolicola Burkholder 1926	Pseudomonas syringae pv. phaseolicola (Burkholder 1926) Young et al. 1978	( Burkholder 1926 ) Gardan et al. 1992	Bacteria	No	No	USA				Phaseolus aureus			D.C. Hildebrand	ex H.A.J. Hoitink 15A	HB49b	1975			Yes									https://ncppb.fera.co.uk/furtherinfo/2799	
NCPPB 2800					2800	Pseudomonas savastanoi pv. phaseolicola					Pseudomonas syringae pv. phaseolicola ( Burkholder 1926 ) Young et al. 1976	Pseudomonas phaseolicola Burkholder 1926	Pseudomonas syringae pv. phaseolicola (Burkholder 1926) Young et al. 1978	( Burkholder 1926 ) Gardan et al. 1992	Bacteria	No	No	USA				Phaseolus aureus			D.C. Hildebrand	ex N.J. Palleroni ex H.A.J. Hoitink 3-71	HB51	1975			Yes									https://ncppb.fera.co.uk/furtherinfo/2800	
NCPPB 2801					2801	Pseudomonas syringae pv. eriobotryae					Pseudomonas syringae pv. eriobotryae (Takimoto 1931) Young, Dye & Wilkie 1978	Pseudomonas eriobotryae		(Takimoto 1931) Young, Dye & Wilkie 1978	Bacteria	No	No	USA				Eriobotrya japonica			D.C. Hildebrand	ex M. Lai H425	PU5	1975	1970		No									https://ncppb.fera.co.uk/furtherinfo/2801	
NCPPB 2802					2802	Pseudomonas syringae pv. eriobotryae					Pseudomonas syringae pv. eriobotryae (Takimoto 1931) Young, Dye & Wilkie 1978	Pseudomonas eriobotryae		(Takimoto 1931) Young, Dye & Wilkie 1978	Bacteria	No	No	USA				Eriobotrya japonica			D.C. Hildebrand	ex M. Lai H424	PU7	1975	1970		No									https://ncppb.fera.co.uk/furtherinfo/2802	
NCPPB 2803					2803	Pseudomonas syringae					Pseudomonas sp.	Pseudomonas sp.(pathogenic)		van Hall 1902	Bacteria	No	No	USA				Cucurbita sp. (squash).		M.N. Schroth squash 5				1975	1967		Yes		Fatty acid profile typical of P.syringae. LOPAT +----							https://ncppb.fera.co.uk/furtherinfo/2803	
NCPPB 2804					2804	Pseudomonas syringae					Pseudomonas syringae van Hall 1902	Pseudomonas sp.(pathogenic)		van Hall 1902	Bacteria	No	No	USA				Cucurbita sp. (squash).		M.N. Schroth squash 7				1975	1967		Yes		Fatty acid profile typical of P.syringae. LOPAT 1a - - - - +							https://ncppb.fera.co.uk/furtherinfo/2804	
NCPPB 2805					2805	Pseudomonas sp.					Pseudomonas syringae van Hall 1902	Pseudomonas syringae		Migula 1894	Bacteria	No	No	Argentina				Vitis vinifera		ex A.E. Klinger PR60	D.C. Hildebrand	ex N.J. Palleroni	12	1975	1968		Yes		LOPAT = ----+; rpoD places this close to Genomospecies 7 15-4-2016	ICMP 4854						https://ncppb.fera.co.uk/furtherinfo/2805	
NCPPB 2806					2806	Pseudomonas syringae					Pseudomonas syringae van Hall 1902	Pseudomonas syringae(pathogenic)		van Hall 1902	Bacteria	No	No	USA				Diospyros sp.		D.C. Hildebrand 10		ex M. Lai 4144		1975			Yes		Fatty acid profile typical of P.syringae. LOPAT 1b							https://ncppb.fera.co.uk/furtherinfo/2806	
NCPPB 2807					2807	Pseudomonas syringae					Pseudomonas syringae van Hall 1902	Pseudomonas syringae(pathogenic)		van Hall 1902	Bacteria	No	No	USA				Rosa sp.		ex N. Panopoulos	D.C. Hildebrand			1975	1975		Yes		Fatty acid profile typical of P.syringae. LOPAT 1a							https://ncppb.fera.co.uk/furtherinfo/2807	
NCPPB 2811					2811	Pseudomonas syringae					Pseudomonas syringae van Hall 1902	Pseudomonas syringae(pathogenic)		van Hall 1902	Bacteria	No	No					Rhus sp.		ex D.C. Sands	D.C. Hildebrand		4	1975			Yes		Fatty acid profile typical of P.syringae. LOPAT -----							https://ncppb.fera.co.uk/furtherinfo/2811	
NCPPB 2812					2812	Pseudomonas syringae pv. mori					Pseudomonas syringae pv. morsprunorum (Wormald 1931) Young, Dye & Wilkie 1978	Pseudomonas  mori		(Boyer & Lambert 1893) Young, Dye & Wilkie 1978	Bacteria	No	No					Morus alba		ex R.G. Grogan	D.C. Hildebrand		5	1975			No		Probably originates from USA	ICMP 4985						https://ncppb.fera.co.uk/furtherinfo/2812	
NCPPB 2813					2813	Pseudomonas syringae pv. syringae					Pseudomonas syringae pv. syringae van Hall 1902	Pseudomonas syringae		van Hall 1902	Bacteria	No	No	USA				Citrus sp.		M.N. Schroth S61				1975	1969		No			PDDCC 4899						https://ncppb.fera.co.uk/furtherinfo/2813	
NCPPB 2814					2814	Pseudomonas syringae pv. syringae					Pseudomonas syringae pv. syringae van Hall 1902	Pseudomonas syringae		van Hall 1902	Bacteria	No	No	USA				Citrus sp.			D.C. Hildebrand	ex M. Lai	S69	1975			No			PDDCC 5104						https://ncppb.fera.co.uk/furtherinfo/2814	
NCPPB 2815					2815	Pseudomonas syringae					Pseudomonas syringae van Hall 1902	Pseudomonas syringae van Hall 1902		van Hall 1902	Bacteria	No	No	USA				Rubus ursinus var. Zoganobaccus (European blackber			D.C. Hildebrand	ex M. Lai 4171	S76	1975			No			ICMP 4926						https://ncppb.fera.co.uk/furtherinfo/2815	
NCPPB 2816					2816	Pseudomonas syringae pv. coronafaciens					Pseudomonas syringae pv. coronafaciens (Elliott 1920) Young, Dye & Wilkie 1978	Pseudomonas. coronafaciens		(Elliott 1920) Young, Dye & Wilkie 1978	Bacteria	No	No	Canada				Avena sativa			W.A.F. Hagborg		3035	1975	1933		No									https://ncppb.fera.co.uk/furtherinfo/2816	
NCPPB 2842					2842	Pseudomonas syringae pv. syringae					Pseudomonas syringae pv. syringae van Hall 1902	Pseudomonas syringae		van Hall 1902	Bacteria	No	No	USA				Triticum aestivum		J.D. Otta 297				1975	1972		Yes		Pathogenic on Triticum aestivum and Sorghum vulgare (J.D. Otta pers. comm.).							https://ncppb.fera.co.uk/furtherinfo/2842	
NCPPB 2843					2843	Pseudomonas asplenii	Pseudomonas	asplenii			Pseudomonas asplenii (Ark and Tompkins 1946) Savulescu 1947	Pseudomonas syringae		(Ark and Tompkins 1946) Savulescu 1947	Bacteria	No	No	USA				Triticum aestivum.		J.D. Otta 218				1975	1972		Yes		Pathogenic on Triticum aestivum and Sorghum vulgare (J.D. Otta pers. comm.). Whole genome sequencing shows this is P. asplenii (NCPPB May 2026)			No				https://ncppb.fera.co.uk/furtherinfo/2843	
NCPPB 2844					2844	Pseudomonas asplenii	Pseudomonas	asplenii			Pseudomonas asplenii (Ark and Tompkins 1946) Savulescu 1947	Pseudomonas syringae		(Ark and Tompkins 1946) Savulescu 1947	Bacteria	No	No	USA				Triticum aestivum.		J.D. Otta 292				1975	1972		Yes		Pathogenic on Triticum aestivum and Sorghum vulgare (J.D. Otta pers. comm.). Whole genome sequencing shows this is P. asplenii (NCPPB May 2026)	PDDCC 5087		No				https://ncppb.fera.co.uk/furtherinfo/2844	
NCPPB 2845					2845	Pseudomonas syringae pv. papulans					Pseudomonas syringae pv. papulans (Rose 1917) Dhanvantari 1977	Pseudomonas papulans		(Rose 1917) Dhanvantari 1977	Bacteria	No	No	USA				Malus sylvestris		ex A.L. Jones Mutsu -3a	D.W. Dye	ex B.N. Dhanvantari P34A	MJ2	1975			Yes		Exhibits ice nucleation activity	ICMP 4040						https://ncppb.fera.co.uk/furtherinfo/2845	
NCPPB 2847					2847	Pseudomonas syringae pv. papulans					Pseudomonas syringae pv. papulans (Rose 1917) Dhanvantari 1977	Pseudomonas papulans		(Rose 1917) Dhanvantari 1977	Bacteria	No	No	Canada				Malus sylvestris		ex B.N. Dhanvantari P27A	D.W. Dye		MJ4	1975	1968		Yes			ICMP 4044						https://ncppb.fera.co.uk/furtherinfo/2847	
NCPPB 2848					2848	Pseudomonas syringae pv. papulans					Pseudomonas syringae pv. papulans (Rose 1917) Dhanvantari 1977	Pseudomonas papulans		(Rose 1917) Dhanvantari 1977	Bacteria	No	Yes	Canada				Malus sylvestris		ex B.N. Dhanvantari P30A	D.W. Dye		MJ5	1975	1973		Yes		Exhibits ice nucleation activity	ICMP 4048, CFBP 1754, ATCC 19875, LMG 5076						https://ncppb.fera.co.uk/furtherinfo/2848	
NCPPB 2849					2849	Pseudomonas syringae pv. papulans					Pseudomonas syringae pv. papulans (Rose 1917) Dhanvantari 1977	Pseudomonas papulans		(Rose 1917) Dhanvantari 1977	Bacteria	No	No	Canada				Malus sylvestris		ex G. Bonn	D.W. Dye	ex B.N. Dhanvantari P31A	MJ6	1975	1974		Yes			ICMP 4050						https://ncppb.fera.co.uk/furtherinfo/2849	
NCPPB 2850					2850	Pseudomonas syringae pv. papulans					Pseudomonas syringae pv. papulans (Rose 1917) Dhanvantari 1977	Pseudomonas papulans		(Rose 1917) Dhanvantari 1977	Bacteria	No	No	Canada				Malus sylvestris		ex B.N. Dhanvantari P33B	D.W. Dye		MJ7	1975	1973		Yes		Exhibits ice nucleation activity	ICMP 4055						https://ncppb.fera.co.uk/furtherinfo/2850	
NCPPB 2854					2854	Pseudomonas sp.					Pseudomonas sp.	Pseudomonas sp.(pathogenic)		Migula 1894	Bacteria	No	No	UK				Chrysanthemum morifolium		P. Roberts A590				1975	1975		Yes		LOPA -++-.							https://ncppb.fera.co.uk/furtherinfo/2854	
NCPPB 2855					2855	Pseudomonas syringae					Pseudomonas syringae van Hall 1902	Pseudomonas syringae van Hall 1902		van Hall 1902	Bacteria	No	No	France				Prunus laurocerasus		P. Roberts A595				1975	1975		No		LOPAT Gp Ia.							https://ncppb.fera.co.uk/furtherinfo/2855	
NCPPB 2858					2858	Pseudomonas syringae					Pseudomonas syringae van Hall 1902	Pseudomonas syringae van Hall 1902		van Hall 1902	Bacteria	No	No	France				Cotoneaster sp.		J.E. Sellwood A598				1975	1975		No		LOPAT Gp Ia.							https://ncppb.fera.co.uk/furtherinfo/2858	
NCPPB 2867					2867	Robbsia andropogonis					Burkholderia andropogonis (Smith 1911) Gillis et al. 1995	Burkholderia andropogonis	Pseudomonas andropogonis (Smith 1911) Stapp 1928, Burkholderia adropogonis (Smith 1911) Gillis et al. 1995, Paraburkholderia andropogonis (Gillis et al. 1995) Sawana et al. 2014	Lopes-Santos et al 2017	Bacteria	No	No	Hawaii				Sorghum vulgare		ex A.C. Hayward 071-1638	ICPB PA146			1975	1971		Yes	Hayward, A.C. 1972. Plant Dis. Reptr. 56: 446								https://ncppb.fera.co.uk/furtherinfo/2867	
NCPPB 2868					2868	Robbsia andropogonis					Burkholderia andropogonis (Smith 1911) Gillis et al. 1995	Pseudomonas stizolobii	Pseudomonas andropogonis (Smith 1911) Stapp 1928, Burkholderia adropogonis (Smith 1911) Gillis et al. 1995, Paraburkholderia andropogonis (Gillis et al. 1995) Sawana et al. 2014	Lopes-Santos et al 2017	Bacteria	No	No	Hawaii				Trifolium repens		ex A.C. Hayward 071-1155	ICPB PS280			1975	1971		Yes	Hayward, A.C. 1972. Plant Dis. Reptr. 56: 446								https://ncppb.fera.co.uk/furtherinfo/2868	
NCPPB 2869					2869	Robbsia andropogonis					Burkholderia andropogonis (Smith 1911) Gillis et al. 1995	Pseudomonas stizolobii	Pseudomonas andropogonis (Smith 1911) Stapp 1928, Burkholderia adropogonis (Smith 1911) Gillis et al. 1995, Paraburkholderia andropogonis (Gillis et al. 1995) Sawana et al. 2014	Lopes-Santos et al 2017	Bacteria	No	No	Hawaii				Trifolium repens		ex A.C. Hayward 071-1074	ICPB PS281			1975	1971		Yes	Hayward, A.C. 1972. Plant Dis. Reptr. 56: 446								https://ncppb.fera.co.uk/furtherinfo/2869	
NCPPB 2870					2870	Pseudomonas syringae					Pseudomonas syringae van Hall 1902	Pseudomonas syringae van Hall 1902		van Hall 1902	Bacteria	No	No	W. Germany				Quercus sp.		L.E. Webb DSM 60617				1976	1975		No		LOPAT Gp Ia.							https://ncppb.fera.co.uk/furtherinfo/2870	
NCPPB 2871					2871	Pseudomonas syringae					Pseudomonas syringae van Hall 1902	Pseudomonas syringae van Hall 1902		van Hall 1902	Bacteria	No	No	W. Germany				Quercus sp.		L.E. Webb DSM 60618				1976	1975		No		LOPAT Gp Ia.							https://ncppb.fera.co.uk/furtherinfo/2871	
NCPPB 2873					2873	Pseudomonas viridiflava					Pseudomonas viridiflava (Burkholder 1930) Dowson 1939	Pseudomonas sp. (pathogenic)		(Burkholder 1930) Dowson 1939	Bacteria	No	No	Japan				Jasminum sp.		P. Roberts A649				1976	1976		Yes		LOPAT --+-+. Fatty acid profile fairly typical of P. viridiflava							https://ncppb.fera.co.uk/furtherinfo/2873	
NCPPB 2874					2874	Pseudomonas sp.					Pseudomonas sp.	Pseudomonas sp.(pathogenic)		Migula 1894	Bacteria	No	No	UK				Agaricus bisporus		P. Roberts A669A				1976	1976		Yes		Isolated from 'mummy disease'. LOPAT Gp Va.							https://ncppb.fera.co.uk/furtherinfo/2874	
NCPPB 2875					2875	Pseudomonas sp.					Pseudomonas sp.	Pseudomonas sp.(pathogenic)		Migula 1894	Bacteria	No	No	UK				Agaricus bisporus		P. Roberts A669B				1976	1976		Yes		Isolated from 'mummy disease'. LOPAT Gp Va.							https://ncppb.fera.co.uk/furtherinfo/2875	
NCPPB 2882					2882	Pseudomonas agarici					Pseudomonas agarici Young 1970	Pseudomonas agarici Young 1970		Young 1970	Bacteria	No	No	UK				Agaricus bisporus			F.W. Catton C244/1975			1976	1975		No		LOPAT Group III							https://ncppb.fera.co.uk/furtherinfo/2882	
NCPPB 2886					2886	Pseudomonas corrugata					Pseudomonas corrugata Roberts and Scarlett 1981 emend. Sutra et al. 1997	Pseudomonas cepacia group.		( ex Scarlett et al. 1978) Roberts & Scarlett 1981	Bacteria	No	No	France				Solanum lycopersicum		ex A. Trigalet To34	CNBP 1484			1976	1973		No									https://ncppb.fera.co.uk/furtherinfo/2886	
NCPPB 2887					2887	Burkholderia sp.					Burkholderia sp.	Pseudomonas cepacia group		Yabuuchi et al., 1993 emend. Gillis et al., 1995	Bacteria	No	No	France				Solanum lycopersicum		ex A. Trigalet To 32	CNBP 1485			1976	1973		Yes									https://ncppb.fera.co.uk/furtherinfo/2887	
NCPPB 2889					2889	Burkholderia sp.					Burkholderia sp.	Pseudomonas cepacia group		Yabuuchi et al., 1993 emend. Gillis et al., 1995	Bacteria	No	No	France				Solanum lycopersicum		ex A. Trigalet To 44	CNBP 1487			1976	1973		Yes									https://ncppb.fera.co.uk/furtherinfo/2889	
NCPPB 2890					2890	Acidovorax avenae					Acidovorax avenae subsp. avenae (Manns 1909) Willems et al. 1992	Pseudomonas rubrilineans	Acidovorax avenae subsp. avenae (Manns 1909) Willems et al. 1992, Pseudomonas avenae subsp. avenae Manns 1909	(Manns 1909) Willems et al. 1992	Bacteria	No	No	India				Zea mays		ex S.R.S. Dange Maize 6	D.W. Dye		ZN10	1976	1970		No		WGS confirms this strain is A. avenae (NCPPB March 2025). WGS (NCPPB May 2025) places this organism in a clade with the type strain (NCPPB 1011) and other strains mostly isolated from Zea mays.	ICMP 3167		No				https://ncppb.fera.co.uk/furtherinfo/2890	
NCPPB 2891					2891	Acidovorax avenae					Acidovorax avenae subsp. avenae (Manns 1909) Willems et al. 1992	Pseudomonas rubrilineans	Acidovorax avenae subsp. avenae (Manns 1909) Willems et al. 1992, Pseudomonas avenae subsp. avenae Manns 1909	(Manns 1909) Willems et al. 1992	Bacteria	No	No	India				Euchlaena mexicana (Teosinte).		ex S.R.S. Dange Teosinte 15	D.W. Dye		ZN11	1976	1970		No		WGS confirms this strain is A. avenae (NCPPB March 2025). WGS (NCPPB May 2025) places this organism in a clade with the type strain (NCPPB 1011) and other strains mostly isolated from Zea mays.	ICMP 3168						https://ncppb.fera.co.uk/furtherinfo/2891	
NCPPB 2893					2893	Pseudomonas syringae					Pseudomonas syringae van Hall 1902	Pseudomonas syringae van Hall 1902		van Hall 1902	Bacteria	No	No	UK				Catalpa cignonioides.			P. Roberts A715			1976	1976		No		REP-PCR unique							https://ncppb.fera.co.uk/furtherinfo/2893	
NCPPB 2895					2895	Pseudomonas savastanoi pv. glycinea					Pseudomonas savastanoi pv. glycinea ( Coerper 1919 ) Gardan et al. 1992	Pseudomonas glycinea Coerper 1919	Pseudomonas syringae pv. glycinea (Coerper 1919) Young et al.1976	( Coerper 1919 ) Gardan et al. 1992	Bacteria	No	No	Australia				Glycine max		M.L. Moffett 0368				1976	1975		No									https://ncppb.fera.co.uk/furtherinfo/2895	
NCPPB 2901					2901	Pseudomonas syringae pv. coronafaciens					Pseudomonas syringae pv. coronafaciens (Elliott 1920) Young, Dye & Wilkie 1978	Pseudomonas. coronafaciens		(Elliott 1920) Young, Dye & Wilkie 1978	Bacteria	No	No	USA				Secale cereale		N.W. Schaad C-116				1976	1975		No					No				https://ncppb.fera.co.uk/furtherinfo/2901	
NCPPB 2911					2911	Pseudomonas sp.					Pseudomonas tolaasii Paine 1919	Pseudomonas sp. (pathogenic)	Pseudomonas tolaasii Paine 1919, Pseudomonas reactans Iacobellis & Cantore 2003	Migula 1894	Bacteria	No	No	UK				Agaricus bisporus		F.W. Catton C54/76				1977	1976		Yes		This strain was thought to be P. tolaasii; our WGS studies show it lies in a clade synonymous with ‘Pseudomonas “reactans”’. The taxonomic name ‘P. “reactans” (N. S. Iacobellis & P. Lo Cantore 2003)’ has not been validly published under the rules of the International Code of Nomenclature of Bacteria							https://ncppb.fera.co.uk/furtherinfo/2911	
NCPPB 2912					2912	Pseudomonas sp.					Pseudomonas tolaasii Paine 1919	Pseudomonas sp. (pathogenic)	Pseudomonas tolaasii Paine 1919	Migula 1894	Bacteria	No	No	UK				Agaricus bisporus		F.W. Catton C64/76				1977	1976		Yes		Fatty acid typical of P.fluorescens group. LOPAT Va							https://ncppb.fera.co.uk/furtherinfo/2912	
NCPPB 2916					2916	Pseudomonas syringae pv. lachrymans					Pseudomonas syringae pv. lachrymans (Smith & Bryan 1915) Young, Dye & Wilkie 1978	Pseudomonas lachrymans		(Smith & Bryan 1915) Young, Dye & Wilkie 1978	Bacteria	No	No	Zimbabwe				Cucumis melo		J.F. Bradbury B5375				1977	1972		No		Melon strain. Atypical REP-PCR profile.							https://ncppb.fera.co.uk/furtherinfo/2916	
NCPPB 2917					2917	Pseudomonas savastanoi pv. phaseolicola					Pseudomonas syringae pv. phaseolicola ( Burkholder 1926 ) Young et al. 1976	Pseudomonas phaseolicola Burkholder 1926	Pseudomonas syringae pv. phaseolicola (Burkholder 1926) Young et al. 1978	( Burkholder 1926 ) Gardan et al. 1992	Bacteria	No	No	Uganda				Phaseolus atropurpureus		J.F. Bradbury B5406				1977	1972		No		LOPA +---.							https://ncppb.fera.co.uk/furtherinfo/2917	
NCPPB 2926					2926	Pseudomonas savastanoi pv. glycinea					Pseudomonas savastanoi pv. glycinea ( Coerper 1919 ) Gardan et al. 1992	Pseudomonas glycinea Coerper 1919	Pseudomonas syringae pv. glycinea (Coerper 1919) Young et al.1976	( Coerper 1919 ) Gardan et al. 1992	Bacteria	No	No	Malawi				Glycine wightii		J.F. Bradbury B5604				1977	1973		No									https://ncppb.fera.co.uk/furtherinfo/2926	
NCPPB 2937					2937	Ralstonia pseudosolanacearum					Ralstonia solanacearum (Smith 1896) Yabuuchi et al. 1996	Pseudomonas solanacearum (Smith 1896) 1914	Ralstonia solanacearum (Smith 1896) Yabuuchi et al. 1996, Burkholderia solanacearum (Smith 1896) Yabuuchi et al. 1993, Pseudomonas solanacearum (Smith 1896) Smith 1914	Safni et al. 2014	Bacteria	No	No	Papua New Guinea				Solanum tuberosum		ex D. Shaw PNG 9600	J.F. Bradbury		B6209	1977	1975		No		Phylotype I (NCPPB 2021)							https://ncppb.fera.co.uk/furtherinfo/2937	
NCPPB 2940					2940	Burkholderia gladioli pv. alliicola					Pseudomonas gladioli pv. alliicola (Burkholder 1942) Young, Dye & Wilkie 1978	Pseudomonas gladioli pv. alliicola (Burkholder 1942) Young, Dye & Wilkie 1978	Pseudomonas gladioli pv. alliicola (Burkholder 1942) Young, Dye & Wilkie 1978	(Burkholder 1942) Young et al. 1996	Bacteria	No	No	Hungary				Allium cepa		M. Hevesi and F. Viranyi A1				1977	1974		No									https://ncppb.fera.co.uk/furtherinfo/2940	
NCPPB 2942					2942	Burkholderia gladioli pv. alliicola					Pseudomonas gladioli pv. alliicola (Burkholder 1942) Young, Dye & Wilkie 1978	Pseudomonas gladioli pv. alliicola (Burkholder 1942) Young, Dye & Wilkie 1978	Pseudomonas gladioli pv. alliicola (Burkholder 1942) Young, Dye & Wilkie 1978	(Burkholder 1942) Young et al. 1996	Bacteria	No	No	UK				Allium cepa		J.D. Taylor 727C				1977	1973		Yes									https://ncppb.fera.co.uk/furtherinfo/2942	
NCPPB 2946					2946	Pseudomonas sp.					Pseudomonas tolaasii Paine 1919	Pseudomonas sp.(pathogenic)	Pseudomonas tolaasii Paine 1919	Migula 1894	Bacteria	No	No	UK				Agaricus bisporus		H. Watts M103A				1977	1977		Yes		This strain was thought to be P. tolaasii but our WGS studies show that it is unlikely to be that species. Fatty acids typical for Pseudomonas but not P. tolaasii. LOPAT Va							https://ncppb.fera.co.uk/furtherinfo/2946	
NCPPB 2947					2947	Pseudomonas sp.					Pseudomonas tolaasii Paine 1919	Pseudomonas sp.(pathogenic)	Pseudomonas tolaasii Paine 1919	Migula 1894	Bacteria	No	No	UK				Agaricus bisporus		H. Watts M88A2				1977	1977		Yes		This strain was thought to be P. tolaasii but our WGS studies show that it is closer to P. edaphica Fatty acids typical for Pseudomonas but not P.tolaasii.LOPAT VaLOPAT - + - + -    (GROUP 4)							https://ncppb.fera.co.uk/furtherinfo/2947	
NCPPB 2981					2981	Burkholderia glumae					Burkholderia glumae (Kurita and Tabei 1967) Urakami et al. 1994	Burkholderia glumae (Kurita and Tabei 1967) Urakami et al. 1994	Pseudomonas glumae Kurita and Tabei 1967	(Kurita and Tabei 1967) Urakami et al. 1994	Bacteria	Yes	No	Japan				Oryza sativa		ex T. Tominaga P1-22-1	ICMP 3655	ex D.W. Dye MDI		1977	1967		No			ATCC 33617, LMG 2196, ICMP 3655, CFBP 2430						https://ncppb.fera.co.uk/furtherinfo/2981	
NCPPB 2982					2982	Xanthomonas cissicola					Pseudomonas cissicola (Takimoto 1939) Burkholder 1948	Pseudomonas cissicola (Takimoto 1939) Burkholder 1948	Pseudomonas cissicola (Takimoto 1939) Burkholder 1948	(Takimoto 1939) Rudra and Gupta 2021	Bacteria	No	No	Japan				Cissus japonica		ex M. Goto PC1	ICMP 4289,ICMP 8561			1977	1974		No	Young, J.M., Dye, D.W., Bradbury, J.F., Panagopoulos, C.G., Robbs, C.F. 1977. N.Z. Jl. Agric. Res.; Saati-Santamaria et al. 2021 https://doi.org/10.3390/biology10080782	Fatty acids indicate Xanthomonas sp. Placed into X.citri subsp. citri clade. Re: Phylogenetic structure of Xanthomonas determined by comparison of gyrB sequences. Int.J.of Syst. and evol. Microbiology (2009),59,264-274.	ICMP 8561, LMG 2167, ATCC 33616, CFBP 2432						https://ncppb.fera.co.uk/furtherinfo/2982	
NCPPB 2993					2993	Burkholderia cepacia					Burkholderia cepacia (ex Burkholder 1950) Yabuuchi et al. 1993	Pseudomonas cepacia	Pseudomonas cepacia Burkholder 1950	(ex Burkholder 1950) Yabuuchi et al. 1993	Bacteria	Yes	No	USA				Allium cepa		ex W.H. Burkholder	ATCC 25416	ex R.W. Ballard 717 ex M.P. Starr KPB PC25		1978	1948		No		WGS confirms this strain is B. cepacia (NCPPB March 2025).	ICMP 5952, LMG 1222, NCTC 10743, ATCC 25416, CCUG 12691, DSMZ 7288						https://ncppb.fera.co.uk/furtherinfo/2993	
NCPPB 2994					2994	Herbaspirillum rubrisubalbicans					Herbaspirillum rubrisubalbicans (Christopher and Edgerton 1930) Baldani et al. 1996	P. floridana	Pseudomonas rubrisubalbicans (Christopher and Edgerton 1930) Baldani et al. 1996	(Christopher and Edgerton 1930) Baldani et al. 1996	Bacteria	No	No					Saccharum officinarum			ATCC 25616	ex B.A. Bourne		1977	1955		No									https://ncppb.fera.co.uk/furtherinfo/2994	
NCPPB 2995	SAMD00538061 	 			2995	Pseudomonas syringae pv. morsprunorum					Pseudomonas syringae pv. morsprunorum (Wormald 1931) Young, Dye & Wilkie 1978	P. syringae		(Wormald 1931) Young, Dye & Wilkie 1978	Bacteria	No	No	Unknown				Prunus domestica ( European plum )			ATCC 19322	ex R.A. Lelliott ex H. Wormald		1977			No		Whole genome sequencing places this strain with other Race 2 Psm in the Pseudomonas avellanae clade (NCPPB May 2026). This strain has been reported to be unsuitable as a pathotype (Young et al. 1991). Exhibits ice nucleation activity. Atypical REP-PCR profile.	ICMP 5795, CFBP 2351, ATCC 19322, LMG 5075		No				https://ncppb.fera.co.uk/furtherinfo/2995	 Other_CC = ATCC 19322 ; ICMP 5795 ; NCPPB 2995 ; NCPPB 48; 
NCPPB 2996					2996	Pseudomonas syringae pv. primulae					Pseudomonas syringae pv. primulae (Ark & Gardner 1936) Young, Dye & Wilkie 1978	Pseudomonas  primulae		(Ark & Gardner 1936) Young, Dye & Wilkie 1978	Bacteria	No	No								ATCC 10860	ex B.A. Friedman ex W.H. Burkholder PP3		1977			No									https://ncppb.fera.co.uk/furtherinfo/2996	
NCPPB 3000					3000	Pseudomonas syringae					Pseudomonas syringae van Hall 1902	Pseudomonas syringae van Hall 1902		van Hall 1902	Bacteria	No	No	Australia				Magnolia lennei x campbellii		C. Nuzum DAR 32145				1978	1978		No									https://ncppb.fera.co.uk/furtherinfo/3000	
NCPPB 3008					3008	Pseudomonas fluorescens					Pseudomonas fluorescens Migula 1895			(Trevisan 1889) Migula 1895	Bacteria	No	No	UK				Pyrus communis		P. Roberts A809/17/3;				1978	1977		No									https://ncppb.fera.co.uk/furtherinfo/3008	
NCPPB 3010					3010	Pseudomonas syringae pv. syringae					Pseudomonas syringae pv. syringae van Hall 1902	Pseudomonas syringae pv. syringae		van Hall 1902	Bacteria	No	No	Poland				Malus sylvestris			A. Burkowicz		Ps 91	1978	1972		No		Exhibits ice nucleation activity.REP-PCR group from apple and pear(cluster 56)Genomospecies 1?							https://ncppb.fera.co.uk/furtherinfo/3010	
NCPPB 3011					3011	Pseudomonas syringae pv. syringae					Pseudomonas syringae pv. syringae van Hall 1902	Pseudomonas syringae  pv. syringae		van Hall 1902	Bacteria	No	No	Poland				Malus sylvestris			A. Burkowicz		Ps 179	1978	1972		No		Exhibits ice nucleation activity.REP-PCR group from apple and pear(cluster 56)Genomospecies 1?							https://ncppb.fera.co.uk/furtherinfo/3011	
NCPPB 3012					3012	Pseudomonas syringae pv. syringae					Pseudomonas syringae pv. syringae van Hall 1902	Pseudomonas syringae  pv. syringae		van Hall 1902	Bacteria	No	No	Poland				Malus sylvestris			A. Burkowicz		Ps 180	1978	1972		No		REP-PCR group from apple and pear(cluster 56)Genomospecies 1?							https://ncppb.fera.co.uk/furtherinfo/3012	
NCPPB 3013					3013	Pseudomonas syringae					Pseudomonas syringae van Hall 1902	P. syringae (atypical)		van Hall 1902	Bacteria	No	No	Poland				Prunus cerasus			A. Burkowicz		Ps 232;	1978	1976		No									https://ncppb.fera.co.uk/furtherinfo/3013	
NCPPB 3014					3014	Pseudomonas syringae					Pseudomonas syringae van Hall 1902	P. syringae (atypical)		van Hall 1902	Bacteria	No	No	Poland				Prunus cerasus			A. Burkowicz		Ps 236	1978	1976		No									https://ncppb.fera.co.uk/furtherinfo/3014	
NCPPB 3015					3015	Pseudomonas syringae					Pseudomonas syringae van Hall 1902	P. syringae (atypical)		van Hall 1902	Bacteria	No	No	Poland				Prunus cerasus			A. Burkowicz		Ps 240	1978	1976		No									https://ncppb.fera.co.uk/furtherinfo/3015	
NCPPB 3017					3017	Pseudomonas syringae pv. morsprunorum					Pseudomonas syringae pv. morsprunorum (Wormald 1931) Young, Dye & Wilkie 1978	Pseudomonas syringae pv. morsprunorum		(Wormald 1931) Young, Dye & Wilkie 1978	Bacteria	No	No	Poland				Prunus cerasus			A. Burkowicz		Pm 288	1978	1976		No		Whole genome sequencing places this strain with other Race 1 Psm in the Pseudomonas amygdali clade (NCPPB May 2026)			No				https://ncppb.fera.co.uk/furtherinfo/3017	
NCPPB 3018					3018	Pseudomonas syringae pv. morsprunorum					Pseudomonas syringae pv. morsprunorum (Wormald 1931) Young, Dye & Wilkie 1978	Pseudomonas syringae pv. morsprunorum		(Wormald 1931) Young, Dye & Wilkie 1978	Bacteria	No	No	Poland				Prunus cerasus			A. Burkowicz		Pm 290	1978	1976		No		Whole genome sequencing places this strain with other Race 1 Psm in the Pseudomonas amygdali clade (NCPPB May 2026)			No				https://ncppb.fera.co.uk/furtherinfo/3018	
NCPPB 3019					3019	Pseudomonas syringae pv. morsprunorum					Pseudomonas syringae pv. morsprunorum (Wormald 1931) Young, Dye & Wilkie 1978	Pseudomonas syringae pv. morsprunorum		(Wormald 1931) Young, Dye & Wilkie 1978	Bacteria	No	No	Poland				Prunus armeniaca			A. Burkowicz		Pm 171	1978	1973		No		Whole genome sequencing places this strain with other Race 1 Psm in the Pseudomonas amygdali clade (NCPPB May 2026)			No				https://ncppb.fera.co.uk/furtherinfo/3019	
NCPPB 3025					3025	Burkholderia cepacia					Burkholderia cepacia (ex Burkholder 1950) Yabuuchi et al. 1993	Pseudomonas cepacia	Pseudomonas cepacia Burkholder 1950	(ex Burkholder 1950) Yabuuchi et al. 1993	Bacteria	No	No	Italy				Allium cepa			C. Bazzi		IPV-BO 968	1978	1977		No									https://ncppb.fera.co.uk/furtherinfo/3025	
NCPPB 3029					3029	Acidovorax avenae					Acidovorax avenae subsp. avenae (Manns 1909) Willems et al. 1992	Pseudomonas rubrilineans	Acidovorax avenae subsp. avenae (Manns 1909) Willems et al. 1992, Pseudomonas avenae subsp. avenae Manns 1909	(Manns 1909) Willems et al. 1992	Bacteria	No	No	Brazil				Zea mays		J.R. Neto P-77				1978	1976		No		WGS confirms this strain is A. avenae (NCPPB March 2025). WGS (NCPPB May 2025) places this organism in a clade with the type strain (NCPPB 1011) and other strains mostly isolated from Zea mays.							https://ncppb.fera.co.uk/furtherinfo/3029	
NCPPB 3030					3030	Pseudomonas syringae pv. garcae					Pseudomonas syringae pv. garcae (Amaral et al. 1956) Young, Dye & Wilkie 1978	Pseudomonas syringae pv. garcae		(do Amaral et al. 1956) Young, Dye & Wilkie 1978	Bacteria	No	No	Brazil		2	NCPPB Primary Storage	Coffea arabica cv. Catuai		J.R. Neto P-65				1978	1976		No					No				https://ncppb.fera.co.uk/furtherinfo/3030	
NCPPB 3031					3031	Pseudomonas corrugata					Pseudomonas corrugata Roberts and Scarlett 1981 emend. Sutra et al. 1997	Pseudomonas corrugata		( ex Scarlett et al. 1978) Roberts & Scarlett 1981	Bacteria	No	No	UK						P. Roberts				1978	1975		No		Isolated from tap water.							https://ncppb.fera.co.uk/furtherinfo/3031	
NCPPB 3033					3033	Pseudomonas amygdali					Pseudomonas amygdali Psallidas and Panagopoulos 1975	Pseudomonas meliae Ogimi 1981	Pseudomonas meliae Ogimi 1981	Psallidas and Panagopoulos 1975	Bacteria	No	No	Japan		2	NCPPB Primary Storage	Melia azedarach		C. Ogimi 2				1978	1974		No		According to Gardan et al. (1999), [P. meliae] is a later heterotypic synonym of Pseudomonas amygdali Psallidas and Panagopoulos 1975 (Approved Lists 1980). Publication: Gardan L, Shafik H, Belouin S, Broch R, Grimont F, Grimont PA. DNA relatedness among the pathovars of Pseudomonas syringae and description of Pseudomonas tremae sp. nov. and Pseudomonas cannabina sp. nov. (ex Sutic and Dowson 1959). Int J Syst Bacteriol 1999; 49:469-478. (Freese, H.M., Meier-Kolthoff, J.P., Sardà Carbasse, J., Afolayan, A.O., Göker, M. (2026). TYGS and LPSN in 2025: a Global Core Biodata Resource for genome-based classification and nomenclature of prokaryotes within DSMZ Digital Diversity. Nucleic Acids Research, 54, D884D891; DOI: 10.1093/nar/gkaf1110 - accessed July 2026) However, WGS (NCPPB 2026) show this strain is slightly different to other P. amygdali strains (98.47% similar to the Type strain of P. amygdali).	ICMP 6289, LMG 2220, ATCC 33050		No				https://ncppb.fera.co.uk/furtherinfo/3033	
NCPPB 3055					3055	Acidovorax citrulli					Acidovorax avenae subsp. citrulli (Schaad et al. 1978) Willems et al. 1992	Pseudomonas pseudoalcaligenes subsp. citrulli Schaad et al. 1978	Pseudomonas pseudoalcaligenes subsp. citrulli Schaad et al 1978	(Schaad et al. 1978) Schaad et al. 2009	Bacteria	No	No					Citrullus lanatus			N.W. Schaad		C130	1978			No		WGS confirms this strain is A. citrulli (NCPPB March 2025)							https://ncppb.fera.co.uk/furtherinfo/3055	
NCPPB 3056					3056	Pseudomonas corrugata					Pseudomonas corrugata Roberts and Scarlett 1981 emend. Sutra et al. 1997	Pseudomonas corrugata		( ex Scarlett et al. 1978) Roberts & Scarlett 1981	Bacteria	No	No	USA				Medicago sativa		F.L. Lukezic PSU 309 (RB14)				1978	1975		Yes		REP-PCR cluster 45							https://ncppb.fera.co.uk/furtherinfo/3056	
NCPPB 3057					3057	Pseudomonas corrugata					Pseudomonas corrugata Roberts and Scarlett 1981 emend. Sutra et al. 1997	Pseudomonas corrugata		( ex Scarlett et al. 1978) Roberts & Scarlett 1981	Bacteria	No	No	USA				Medicago sativa		F.L. Lukezic PSU 310 (RB15)				1978	1975		Yes		Last path. Check 1977 (F.L.L.).							https://ncppb.fera.co.uk/furtherinfo/3057	
NCPPB 3063	SAMD00540413 SAMN56502586 	  			3063	Pseudomonas flavescens					Pseudomonas flavescens	Pseudomonas sp. (not pathogenic)		Hildebrand et al. 1994	Bacteria	Yes	No	USA		2	NCPPB Primary Storage	Juglans regia		D.C. Hildebrand B-62				1978	1970		No		Associated with plant material; not known to be pathogenic.			No				https://ncppb.fera.co.uk/furtherinfo/3063	 Other_CC = ATCC 51555 ; CCUG 49622 ; CFBP 5586 ; CIP 104204 ; DSM 12071 ; IAM 15128 ; JCM 21586 ; LMG 18387 ; NCPPB 3063;  strain = NCPPB 3063; 
NCPPB 3064					3064	Pseudomonas flavescens					Pseudomonas flavescens	Pseudomonas sp. (not pathogenic)		Hildebrand et al. 1994	Bacteria	No	No	USA				Juglans regia		D.C. Hildebrand B-62-D5				1978	1970		No		Associated with plant material not known to be pathogenic.							https://ncppb.fera.co.uk/furtherinfo/3064	
NCPPB 3069					3069	Pseudomonas agarici					Pseudomonas agarici Young 1970	Pseudomonas agarici Young 1970		Young 1970	Bacteria	No	No	UK				Agaricus bisporus		G. Slade 938-45a				1978	1978		No		LOPAT Group III							https://ncppb.fera.co.uk/furtherinfo/3069	
NCPPB 3071					3071	Pseudomonas syringae					Pseudomonas syringae van Hall 1902	Pseudomonas syringae van Hall 1902		van Hall 1902	Bacteria	No	No	UK				Populus tremula		J.E. Sellwood A1014/1				1979	1979		No									https://ncppb.fera.co.uk/furtherinfo/3071	
NCPPB 3072					3072	Pseudomonas syringae					Pseudomonas syringae van Hall 1902	Pseudomonas syringae van Hall 1902		van Hall 1902	Bacteria	No	No	UK				Populus tremula		J.E. Sellwood A1014/2				1979	1979		No		REP-PCR unique							https://ncppb.fera.co.uk/furtherinfo/3072	
NCPPB 3080					3080	Pseudomonas caricapapayae					Pseudomonas caricapapayae Robbs 1956	Pseudomonas caricapapayae Robbs 1956		Robbs 1956	Bacteria	No	No	Brazil				Carica papaya			C.F. Robbs ENA 2254			1979	1976		Yes		LOPAT Group I			No				https://ncppb.fera.co.uk/furtherinfo/3080	
NCPPB 3081					3081	Pseudomonas caricapapayae					Pseudomonas caricapapayae Robbs 1956	Pseudomonas caricapapayae Robbs 1956		Robbs 1956	Bacteria	No	No	Brazil				Carica papaya.		ex O. Kimura	C.F. Robbs		ENA 2477	1979	1977		Yes		LOPAT Group I							https://ncppb.fera.co.uk/furtherinfo/3081	
NCPPB 3084					3084	Pseudomonas syringae pv. coronafaciens					Pseudomonas syringae pv. coronafaciens (Elliott 1920) Young, Dye & Wilkie 1978	P. coronafaciens pv. Zeae		(Elliott 1920) Young, Dye & Wilkie 1978	Bacteria	No	No	USA				Zea mays		ex R. Ribeiro ChS-2	R.D. Durbin		ChS-2	1979	1975		No									https://ncppb.fera.co.uk/furtherinfo/3084	
NCPPB 3085					3085	Pseudomonas asplenii					Pseudomonas fuscovaginae Miyajima et al. 1983	Pseudomonas fuscovaginae	Pseudomonas fuscovaginae (ex Tanii et al. 1976) Miyajima et al. 1983	(Ark and Tompkins 1946) Savulescu 1947	Bacteria	No	No	Japan				Oryza sativa		ex A. Tanii 6801	ICMP 5940			1979			No			CFBP 2065, ICMP 5940, LMG 2158, DSMZ 7231						https://ncppb.fera.co.uk/furtherinfo/3085	
NCPPB 3089					3089	Pseudomonas syringae					Pseudomonas syringae van Hall 1902	Pseudomonas syringae van Hall 1902		van Hall 1902	Bacteria	No	No	UK				Sorbus aucuparia			G. Elis Jones		C967	1979	1979		No					No				https://ncppb.fera.co.uk/furtherinfo/3089	
NCPPB 3093					3093	Pseudomonas syringae pv. japonica					Pseudomonas syringae pv. syringae	Pseudomonas syringae pv. japonica	Pseudomonas syringae pv. japonica (Mukoo 1955) Dye et al. 1980	(Mukoo 1955) Dye et al. 1980	Bacteria	No	Yes	Japan				Hordeum vulgare		ex K. Yoshida	ICMP 6305	ex K. Nishiyama ex H. Mukoo		1979	1951		No		REP-PCR cluster of mainly Gramineae strains.Genomospecies 1?							https://ncppb.fera.co.uk/furtherinfo/3093	
NCPPB 3107					3107	Acidovorax avenae					Acidovorax avenae subsp. avenae (Manns 1909) Willems et al. 1992	Pseudomonas rubrilineans	Acidovorax avenae subsp. avenae (Manns 1909) Willems et al. 1992, Pseudomonas avenae subsp. avenae Manns 1909	(Manns 1909) Willems et al. 1992	Bacteria	No	No	Brazil				Zea mays		ex A.A. Frenhani	C.F. Robbs		ENA-643	1979	1969		No		WGS confirms this strain is A. avenae (NCPPB March 2025). WGS (NCPPB May 2025) places this organism in a clade of other A. avenae strains mostly isolated from Saccharum officinarum, but not the type strain or A. sacchari.							https://ncppb.fera.co.uk/furtherinfo/3107	
NCPPB 3108					3108	Acidovorax avenae					Acidovorax avenae subsp. avenae (Manns 1909) Willems et al. 1992	Pseudomonas rubrilineans	Acidovorax avenae subsp. avenae (Manns 1909) Willems et al. 1992, Pseudomonas avenae subsp. avenae Manns 1909	(Manns 1909) Willems et al. 1992	Bacteria	No	No	Brazil				Zea mays		x J.R. Neto IBSP-77	C.F. Robbs		ENA-2438	1979	1976		No		WGS confirms this strain is A. avenae (NCPPB March 2025). WGS (NCPPB May 2025) places this organism in a clade with the type strain (NCPPB 1011) and other strains mostly isolated from Zea mays.							https://ncppb.fera.co.uk/furtherinfo/3108	
NCPPB 3109					3109	Pseudomonas cichorii					Pseudomonas cichorii (Swingle 1925) Stapp 1928	Pseudomonas cichorii		(Swingle 1925) Stapp 1928	Bacteria	No	No	Brazil				Coffea arabica		C.F. Robbs ENA 2112				1979	1973		Yes		LOPAT Group III. REP-PCR cluster 31							https://ncppb.fera.co.uk/furtherinfo/3109	
NCPPB 3111					3111	Acidovorax avenae					Acidovorax avenae subsp. avenae (Manns 1909) Willems et al. 1992	Pseudomonas rubrilineans	Acidovorax avenae subsp. avenae (Manns 1909) Willems et al. 1992, Pseudomonas avenae subsp. avenae Manns 1909	(Manns 1909) Willems et al. 1992	Bacteria	No	No	Brazil				Canna paniculata		C.F. Robbs ENA-2609				1979	1978		No		WGS confirms this strain is A. avenae (NCPPB March 2025). WGS (NCPPB May 2025) places this organism in a clade with the type strain (NCPPB 1011) and other strains mostly isolated from Zea mays.							https://ncppb.fera.co.uk/furtherinfo/3111	
NCPPB 3112					3112	Acidovorax avenae					Acidovorax avenae subsp. avenae (Manns 1909) Willems et al. 1992	Pseudomonas rubrilineans	Acidovorax avenae subsp. avenae (Manns 1909) Willems et al. 1992, Pseudomonas avenae subsp. avenae Manns 1909	(Manns 1909) Willems et al. 1992	Bacteria	No	No	Brazil				Canna indica		C.F. Robbs ENA-2610				1979	1978		No									https://ncppb.fera.co.uk/furtherinfo/3112	
NCPPB 3113					3113	Acidovorax avenae					Acidovorax avenae subsp. avenae (Manns 1909) Willems et al. 1992	Pseudomonas rubrilineans	Acidovorax avenae subsp. avenae (Manns 1909) Willems et al. 1992, Pseudomonas avenae subsp. avenae Manns 1909	(Manns 1909) Willems et al. 1992	Bacteria	No	No	Brazil				Saccharum officinarum		ex F. Akiba F-3	C.F. Robbs		ENA-2657	1979	1973		No		WGS confirms this strain is A. avenae (NCPPB March 2025). WGS (NCPPB May 2025) places this organism in a clade of other A. avenae strains mostly isolated from Saccharum officinarum, but not the type strain or A. sacchari.							https://ncppb.fera.co.uk/furtherinfo/3113	
NCPPB 3115					3115	Pseudomonas syringae pv. coriandricola					Pseudomonas syringae pv. coriandricola Toben and Rudolph, 1996	Pseudomonas syringae van Hall 1902		Toben and Rudolph, 1996	Bacteria	No	No	UK				Coriandrum sativum		J.D. Taylor 82B				1980	1967		No		LOPAT Group Ia.REP-PCR same as 3319 but not 3116..Genomospecies 2?	ICMP 2733						https://ncppb.fera.co.uk/furtherinfo/3115	
NCPPB 3116					3116	Pseudomonas syringae pv. coriandricola					Pseudomonas syringae pv. coriandricola Toben and Rudolph, 1996	Pseudomonas syringae van Hall 1902		Toben and Rudolph, 1996	Bacteria	No	No	UK				Coriandrum sativum		J.D. Taylor 832A				1980	1974		No		LOPAT Group Ia.REP-PCR not same as 3115 and 3319.							https://ncppb.fera.co.uk/furtherinfo/3116	
NCPPB 3126					3126	Pseudomonas fluorescens					Pseudomonas fluorescens Migula 1895			(Trevisan 1889) Migula 1895	Bacteria	No	No	UK				Cichorium intybus.		ex E. Buckler 11/5/1/346/65/SPG	J.E. Sellwood		A1169	1980	1980		Yes		Pathogenic 1980 (NCPPB).							https://ncppb.fera.co.uk/furtherinfo/3126	
NCPPB 3131					3131	Pseudomonas syringae pv. tabaci					Pseudomonas syringae pv. tabaci (Wolf & Foster 1917) Young, Dye and Wilkie 1978	Pseudomonas  tabaci		(Wolf & Foster 1917) Young, Dye and Wilkie 1978	Bacteria	No	No	Australia				Glycine max		M.L. Moffett 0176				1980	1972		No									https://ncppb.fera.co.uk/furtherinfo/3131	
NCPPB 3132					3132	Robbsia andropogonis					Burkholderia andropogonis (Smith 1911) Gillis et al. 1995	Burkholderia andropogonis	Pseudomonas andropogonis (Smith 1911) Stapp 1928, Burkholderia adropogonis (Smith 1911) Gillis et al. 1995, Paraburkholderia andropogonis (Gillis et al. 1995) Sawana et al. 2014	Lopes-Santos et al 2017	Bacteria	No	No	Brazil				Triplari filipensis		J. Rodrigues Neto 155				1980	1978		No					No				https://ncppb.fera.co.uk/furtherinfo/3132	
NCPPB 3133					3133	Robbsia andropogonis					Burkholderia andropogonis (Smith 1911) Gillis et al. 1995	Burkholderia andropogonis	Pseudomonas andropogonis (Smith 1911) Stapp 1928, Burkholderia adropogonis (Smith 1911) Gillis et al. 1995, Paraburkholderia andropogonis (Gillis et al. 1995) Sawana et al. 2014	Lopes-Santos et al 2017	Bacteria	No	No	Brazil				Coffea arabica		J. Rodrigues Neto 165				1980	1979		No			ICMP 6781						https://ncppb.fera.co.uk/furtherinfo/3133	
NCPPB 3134					3134	Acidovorax avenae					Acidovorax avenae subsp. avenae (Manns 1909) Willems et al. 1992	Pseudomonas rubrilineans	Acidovorax avenae subsp. avenae (Manns 1909) Willems et al. 1992, Pseudomonas avenae subsp. avenae Manns 1909	(Manns 1909) Willems et al. 1992	Bacteria	No	No	Brazil				Canna indica		ex C.F. Robbs ENA 2610	J.R. Neto		178	1980	1978		No									https://ncppb.fera.co.uk/furtherinfo/3134	
NCPPB 3141					3141	Pseudomonas fluorescens					Pseudomonas fluorescens Migula 1895			(Trevisan 1889) Migula 1895	Bacteria	No	No	UK				Lactuca sativa		ex L.E. Stafford M901	J.E. Sellwood		A1260	1981	1980		No					No				https://ncppb.fera.co.uk/furtherinfo/3141	
NCPPB 3143					3143	Pseudomonas syringae pv. myricae					Pseudomonas syringae pv. myricae Ogimi & Higuchi 1981	Pseudomonas syringae pv. myricae		Ogimi & Higuchi 1981	Bacteria	No	Yes	Japan				Myrica rubra		C. Ogimi MRI				1981	1978		No			ATCC 33544, ICMP 7118, LMG 5668						https://ncppb.fera.co.uk/furtherinfo/3143	
NCPPB 3146					3146	Pseudomonas sp.					Pseudomonas gingeri Preece & Wong 1982	Pseudomonas gingeri Preece & Wong 1982	Pseudomonas gingeri	Preece & Wong 1982	Bacteria	Yes	No	UK				Agaricus bisporus		Migula 1894				1981	1981		No		The taxonomic name ‘Pseudomonas gingeri (Preece TF & Wong WC 1982)’ has been effectively published but not validly published under the rules of the International Code of Nomenclature of Bacteria (Bacteriological Code). Our WGS studies confirm this strain lies in a clade synonymous with ‘P. gingeri’.	ICMP 8872						https://ncppb.fera.co.uk/furtherinfo/3146	
NCPPB 3147					3147	Pseudomonas fluorescens					Pseudomonas fluorescens Migula 1895			(Trevisan 1889) Migula 1895	Bacteria	No	No	UK				Agaricus bisporus		T.F. Preece 927				1981	1981		No									https://ncppb.fera.co.uk/furtherinfo/3147	
NCPPB 3149					3149	Pseudomonas fluorescens					Pseudomonas fluorescens Migula 1895			(Trevisan 1889) Migula 1895	Bacteria	No	No	UK				Agaricus bisporus		T.F. Preece 113				1981	1979		No									https://ncppb.fera.co.uk/furtherinfo/3149	
NCPPB 3153					3153	Pseudomonas cichorii					Pseudomonas cichorii (Swingle 1925) Stapp 1928	Pseudomonas cichorii		(Swingle 1925) Stapp 1928	Bacteria	No	No	Italy				Lactuca sativa		U. Mazzucchi IPV-B0 1111/1				1981	1978		Yes		LOPAT Group III. Atypical REP-PCR profile			No				https://ncppb.fera.co.uk/furtherinfo/3153	
NCPPB 3160					3160	Pseudomonas syringae pv. tomato					Pseudomonas syringae pv. tomato (Okabe 1933) Young, Dye and Wilkie 1978	Pseudomonas syringae pv.tomato		(Okabe 1933) Young, Dye and Wilkie 1978	Bacteria	No	No	UK				Solanum lycopersicum		J.E. Sellwood A1338				1981	1981		No									https://ncppb.fera.co.uk/furtherinfo/3160	
NCPPB 3163					3163	Pseudomonas syringae					Pseudomonas syringae van Hall 1902	Pseudomonas syringae van Hall 1902		van Hall 1902	Bacteria	No	No	Ethiopia				Vigna sinensis		J.F. Bradbury B6945				1982	1976		No									https://ncppb.fera.co.uk/furtherinfo/3163	
NCPPB 3164					3164	Pseudomonas syringae					Pseudomonas syringae van Hall 1902	Pseudomonas syringae van Hall 1902		van Hall 1902	Bacteria	No	No	Ethiopia				Cajanus cajan			J.F. Bradbury B6946			1982	1976		No		LOPAT Gp Ia.			No				https://ncppb.fera.co.uk/furtherinfo/3164	
NCPPB 3167					3167	Pseudomonas syringae					Pseudomonas syringae van Hall 1902	Pseudomonas sp. (pathogenic)	Pseudomonas sp. (pathogenic)	van Hall 1902	Bacteria	No	No	UK				Salix alba var. caerulea		ex T. Munter	J.F. Bradbury		B7129	1982	1977		No		Fatty acids typical for Pseudomonas syringae. LOPAT 1a							https://ncppb.fera.co.uk/furtherinfo/3167	
NCPPB 3179					3179	Pseudomonas cichorii					Pseudomonas cichorii (Swingle 1925) Stapp 1928	Pseudomonas cichorii		(Swingle 1925) Stapp 1928	Bacteria	No	No	Ethiopia				Capsicum sp.			J.F. Bradbury		B7530	1982	1978		No		LOPAT Group III. Atypical REP-PCR profile			No				https://ncppb.fera.co.uk/furtherinfo/3179	
NCPPB 3181					3181	Ralstonia pseudosolanacearum					Ralstonia solanacearum (Smith 1896) Yabuuchi et al. 1996	Pseudomonas solanacearum (Smith 1896) 1914	Ralstonia solanacearum (Smith 1896) Yabuuchi et al. 1996, Burkholderia solanacearum (Smith 1896) Yabuuchi et al. 1993, Pseudomonas solanacearum (Smith 1896) Smith 1914	Safni et al. 2014	Bacteria	No	No	Gambia				Solanum incanum		J.F. Bradbury B7554				1982	1978		No		Phylotype III (NCPPB 2021)							https://ncppb.fera.co.uk/furtherinfo/3181	
NCPPB 3183					3183	Pseudomonas sp.					Pseudomonas sp. (pathogenic)	Pseudomonas sp. (pathogenic)	Pseudomonas sp. Migula 1894	(Brown 1918) Stevens 1925	Bacteria	No	No	Eire				Pisum sativum		ex M.B. McDonnell AFT N09C	J.F. Bradbury		87582	1982	1978		Yes		FAP shows likely to be in fluorescens/marginalis complex. LOPAT= ++-++ | Whole genome sequencing indicates this strain is not P. marginalis (NCPPB July 2023)							https://ncppb.fera.co.uk/furtherinfo/3183	
NCPPB 3185					3185	Pseudomonas syringae					Pseudomonas syringae van Hall 1902	Pseudomonas syringae van Hall 1902		van Hall 1902	Bacteria	No	No	Eire				Pisum sativum		ex M.B. McDonnell AFT N040C	J.F. Bradbury		B7593	1982	1978		No		LOPAT Group Ib.							https://ncppb.fera.co.uk/furtherinfo/3185	
NCPPB 3190					3190	Ralstonia pseudosolanacearum					Ralstonia solanacearum (Smith 1896) Yabuuchi et al. 1996	Pseudomonas solanacearum (Smith 1896) 1914	Ralstonia solanacearum (Smith 1896) Yabuuchi et al. 1996, Burkholderia solanacearum (Smith 1896) Yabuuchi et al. 1993, Pseudomonas solanacearum (Smith 1896) Smith 1914	(Smith 1896) Safni et al. 2014	Bacteria	No	No	Malaysia				Solanum lycopersicum		ex T. Chan Mock 120	J.F. Bradbury		B7667	1982	1978		No									https://ncppb.fera.co.uk/furtherinfo/3190	
NCPPB 3195					3195	Robbsia andropogonis					Burkholderia andropogonis (Smith 1911) Gillis et al. 1995	Burkholderia andropogonis	Pseudomonas andropogonis (Smith 1911) Stapp 1928, Burkholderia adropogonis (Smith 1911) Gillis et al. 1995, Paraburkholderia andropogonis (Gillis et al. 1995) Sawana et al. 2014	Lopes-Santos et al 2017	Bacteria	No	No	Australia				Cicer arietinum		ex S.J. Navaratnam	J.F. Bradbury B7848			1982	1978		No									https://ncppb.fera.co.uk/furtherinfo/3195	
NCPPB 3196					3196	Pseudomonas syringae pv. syringae					Pseudomonas syringae pv. syringae van Hall 1902	Pseudomonas syringae  pv. syringae		van Hall 1902	Bacteria	No	No	Kenya				Phaseolus vulgaris		J.F. Bradbury B 7924		ex E. Nthumbi 29a		1982	1979		No		REP-PCR same as 1901 from bean.Genomospecies 1?							https://ncppb.fera.co.uk/furtherinfo/3196	
NCPPB 3197					3197	Pseudomonas syringae					Pseudomonas syringae van Hall 1902	Pseudomonas syringae van Hall 1902		van Hall 1902	Bacteria	No	No	Kenya				Glycine max		ex E. Nthumbi b	J.F. Bradbury		B 7925	1982	1979		No									https://ncppb.fera.co.uk/furtherinfo/3197	
NCPPB 3201					3201	Pseudomonas cichorii					Pseudomonas cichorii( Swingle 1925) Stapp 1928	Pseudomonas sp. (pathogenic)		(Swingle 1925) Stapp 1928	Bacteria	No	No	India				Solanum tuberosum		ex G.S. Shekhawat SR20	J.F. Bradbury		B8185	1982	1979		Yes		LOPAT Group III							https://ncppb.fera.co.uk/furtherinfo/3201	
NCPPB 3202					3202	Pseudomonas sp.					Pseudomonas sp.	Pseudomonas sp. (pathogenic)		Migula 1894	Bacteria	No	No	India				Solanum tuberosum		ex G.S. Shekhawat SR21	J.F. Bradbury		B8186	1982	1979		Yes		LOPAT Vb							https://ncppb.fera.co.uk/furtherinfo/3202	
NCPPB 3205					3205	Ralstonia solanacearum					Ralstonia solanacearum (Smith 1896) Yabuuchi et al. 1996	Pseudomonas solanacearum (Smith 1896) 1914	Burkholderia solanacearum (Smith 1896) Yabuuchi et al. 1993, Pseudomonas solanacearum (Smith 1896) Smith 1914	(Smith 1896) Yabuuchi et al. 1996	Bacteria	No	No	Guyana				Musa sp. (plantain).		ex F.D. McDonald	J.F. Bradbury		B8365	1982	1979		No									https://ncppb.fera.co.uk/furtherinfo/3205	
NCPPB 3208					3208	Pseudomonas syringae					Pseudomonas syringae van Hall 1902	Pseudomonas sp. (pathogenic)		van Hall 1902	Bacteria	No	No	Tasmania		2	NCPPB Primary Storage	Brassica napus		ex J.A. Wong 822b/80B	J.F. Bradbury		B8516	1982	1980		Yes		LOPAT 1b, LOPAT results - - - - +			No				https://ncppb.fera.co.uk/furtherinfo/3208	
NCPPB 3210					3210	Pseudomonas sp.					Pseudomonas sp.	Pseudomonas sp. (pathogenic)	Pseudomonas sp. Migula 1894	(Brown 1918) Stevens 1925	Bacteria	No	No	Canada				Vicia faba		ex S.P. Sumar 126	J.F. Bradbury		B8544	1982	1980		Yes		LOPAT Group IVa. | Whole genome sequencing indicates this strain is not P. marginalis (NCPPB July 2023)			No				https://ncppb.fera.co.uk/furtherinfo/3210	
NCPPB 3214					3214	Ralstonia solanacearum					Ralstonia solanacearum (Smith 1896) Yabuuchi et al. 1996	Pseudomonas solanacearum (Smith 1896) 1914	Burkholderia solanacearum (Smith 1896) Yabuuchi et al. 1993, Pseudomonas solanacearum (Smith 1896) Smith 1914	(Smith 1896) Yabuuchi et al. 1996	Bacteria	No	No	India				Musa sp.		ex S. Gananamickam B	J.F. Bradbury		B8606	1982	1980		No		Although the strain has is recorded as coming from India ex Musa, the origin of the strain has not been verified.							https://ncppb.fera.co.uk/furtherinfo/3214	
NCPPB 3217					3217	Ralstonia pseudosolanacearum					Ralstonia solanacearum (Smith 1896) Yabuuchi et al. 1996	Pseudomonas solanacearum (Smith 1896) 1914	Ralstonia solanacearum (Smith 1896) Yabuuchi et al. 1996, Burkholderia solanacearum (Smith 1896) Yabuuchi et al. 1993, Pseudomonas solanacearum (Smith 1896) Smith 1914	Safni et al. 2014	Bacteria	No	No	Sri Lanka				Curcuma longa		ex S.N. de S. Seneviratne P182B	J.F. Bradbury		B8700	1982	1980		No		Biovar II. Phylotype I (NCPPB 2021)							https://ncppb.fera.co.uk/furtherinfo/3217	
NCPPB 3219					3219	Ralstonia syzygii subsp. indonesiensis					Ralstonia solanacearum (Smith 1896) Yabuuchi et al. 1996	Pseudomonas solanacearum (Smith 1896) 1914	Ralstonia solanacearum (Smith 1896) Yabuuchi et al. 1996, Burkholderia solanacearum (Smith 1896)	(Smith 1896) Safni et al. 2014	Bacteria	No	No	Indonesia		2	NCPPB Primary Storage	Syzygium aromaticum (clove)		ex C.P. Benett UBB	J.F. Bradbury		B8719a	1982	1980		No					No				https://ncppb.fera.co.uk/furtherinfo/3219	
NCPPB 3222					3222	Pseudomonas syringae pv. coriandricola					Pseudomonas syringae pv. coriandricola Toben and Rudolph, 1996	Pseudomonas syringae van Hall 1902		Toben and Rudolph, 1996	Bacteria	No	No	UK				Coriandrum sativum		J.E. Sellwood A1193				1981	1980		No									https://ncppb.fera.co.uk/furtherinfo/3222	
NCPPB 3238					3238	Ralstonia solanacearum					Ralstonia solanacearum (Smith 1896) Yabuuchi et al. 1996	Pseudomonas solanacearum (Smith 1896) 1914	Burkholderia solanacearum (Smith 1896) Yabuuchi et al. 1993, Pseudomonas solanacearum (Smith 1896) Smith 1914	(Smith 1896) Yabuuchi et al. 1996	Bacteria	No	No	Netherlands				Solanum tuberosum		J.E. Sellwood A1645				1982	1982		No									https://ncppb.fera.co.uk/furtherinfo/3238	
NCPPB 3244					3244	Acidovorax citrulli					Acidovorax avenae subsp. citrulli (Schaad et al. 1978) Willems et al. 1992	Pseudomonas pseudoalcaligenes subsp. citrulli Schaad et al. 1978	Pseudomonas pseudoalcaligenes subsp. citrulli Schaad et al 1978	(Schaad et al. 1978) Schaad et al. 2009	Bacteria	No	No	USA				Citrullus lanatus			ICMP 6521	ex N.W. Schaad C178 ex G. Sowell		1982	1978		No		WGS confirms this strain is A. citrulli (NCPPB March 2025)							https://ncppb.fera.co.uk/furtherinfo/3244	
NCPPB 3248					3248	Pseudomonas syringae					Pseudomonas syringae van Hall 1902	Pseudomonas syringae van Hall 1902		van Hall 1902	Bacteria	No	No	UK				Neocardenasia herzogiana		A.E. Anson UE 114				1982	1979		No									https://ncppb.fera.co.uk/furtherinfo/3248	
NCPPB 3255					3255	Pseudomonas sp.					Pseudomonas viridilivida (Brown 1915) Stevens 1925	Pseudomonas viridilivida	Pseudomonas viridilivida (Brown 1915) Stevens 1925	Migula 1894	Bacteria	No	No	UK				Phaseolus vulgaris			PDDCC 4004	ex D.W. Dye PJ5 ex ICPB PV102 ex W.J. Dowson 53		1983	1933		No		Illegitimate name, FAP indicates fluorescent Pseudomonas sp.							https://ncppb.fera.co.uk/furtherinfo/3255	
NCPPB 3256					3256	Pseudomonas syringae					Pseudomonas syringae van Hall 1902	Pseudomonas syringae van Hall 1902		van Hall 1902	Bacteria	No	No	UK				Wisteria floribunda		J.E. Sellwood A1750				1983	1982		No		REP-PCR unique							https://ncppb.fera.co.uk/furtherinfo/3256	
NCPPB 3257					3257	Pseudomonas syringae pv. philadelphi					Pseudomonas syringae pv. philadelphi Roberts 1985	Pseudomonas syringae pv. philadelphi		Roberts 1985	Bacteria	No	Yes	UK				Philadelphus coronarius		ex S.J. Roberts	T.F. Preece		1030	1983	1982		No			ICMP 8903, CFBP 2898						https://ncppb.fera.co.uk/furtherinfo/3257	
NCPPB 3258					3258	Pseudomonas syringae pv. philadelphi					Pseudomonas syringae pv. philadelphi Roberts 1985	Pseudomonas syringae pv. philadelphi		Roberts 1985	Bacteria	No	No	UK				Philadelphus coronarius		T.F. Preece 1029	T.F  Preece		1029	1983	1978		No			ICMP 8902						https://ncppb.fera.co.uk/furtherinfo/3258	
NCPPB 3259					3259	Pseudomonas syringae pv. porri					Pseudomonas syringae pv. porri Samson, Poutier & Rat 1981	Pseudomonas syringae pv. porri		Samson, Poutier & Rat 1981	Bacteria	No	No	Italy				Allium porrum			L. Varvaro		P1	1983	1981		No									https://ncppb.fera.co.uk/furtherinfo/3259	
NCPPB 3261					3261	Pseudomonas syringae pv. atrofaciens					Pseudomonas syringae pv. atrofaciens (McCulloch 1920) Young, Dye & Wilkie 1978	Pseudomonas syringae pv. atrofaciens		(McCulloch 1920) Young, Dye & Wilkie 1978	Bacteria	No	No	Italy				Triticum durum			L. Varvaro		4G	1983	1978		No		Atypical REP-PCR profile.							https://ncppb.fera.co.uk/furtherinfo/3261	
NCPPB 3262					3262	Pseudomonas syringae pv. papulans					Pseudomonas syringae pv. papulans (Rose 1917) Dhanvantari 1977	Pseudomonas papulans		(Rose 1917) Dhanvantari 1977	Bacteria	No	No	Italy				Malus pumila		C. Bazzi IPV-BO 1511				1983	1981		No		Exhibits ice nucleation activity							https://ncppb.fera.co.uk/furtherinfo/3262	
NCPPB 3265					3265	Burkholderia gladioli pv. gladioli					Burkholderia gladioli pv. gladioli (Severini 1913) Yabuuchi et al. 1992		Pseudomonas gladioli pv. gladioli Severini 1913	(Severini 1913) Yabuuchi et al. 1992	Bacteria	No	No	Brazil				Gladiolus sp.		J.E. Sellwood A1848B				1983	1983		No									https://ncppb.fera.co.uk/furtherinfo/3265	
NCPPB 3278					3278	Pseudomonas savastanoi pv. nerii					Pseudomonas savastanoi pv. nerii ( Janse 1982) Young et al. 1996	Pseudomonas syringae subsp. savastanoi pv. nerii.	Pseudomonas syringae pv. savastanoi (ex Smith 1908) Young Dye & Wilkie 1978	( Janse 1982) Young et al. 1996	Bacteria	No	Yes	Spain				Nerium oleander		J. Janse PP181				1983			No			ICMP 16943						https://ncppb.fera.co.uk/furtherinfo/3278	
NCPPB 3281					3281	Pseudomonas syringae pv. berberidis					Pseudomonas syringae pv. berberidis (Thornberry & Anderson 1931) Young, Dye & Wilkie 1978	Pseudomonas syringae pv. berberidis		(Thornberry & Anderson 1931) Young, Dye & Wilkie 1978	Bacteria	No	No	UK				Berberis julianae		ex S.J. Roberts	T.F. Preece		SC 126	1983	1983		No		LOPAT +---+.	CFBP 3207						https://ncppb.fera.co.uk/furtherinfo/3281	
NCPPB 3282					3282	Pseudomonas syringae pv. berberidis					Pseudomonas syringae pv. berberidis (Thornberry & Anderson 1931) Young, Dye & Wilkie 1978	Pseudomonas syringae pv. berberidis Pseudomonas syringae pv. berberidis		(Thornberry & Anderson 1931) Young, Dye & Wilkie 1978	Bacteria	No	No	UK				Berberis gagnepainii		ex S.J. Roberts	T.F. Preece		SC 097	1983	1983		No			CFBP 3208						https://ncppb.fera.co.uk/furtherinfo/3282	
NCPPB 3283					3283	Pseudomonas cichorii					Pseudomonas cichorii (Swingle 1925) Stapp 1928	Pseudomonas cichorii		(Swingle 1925) Stapp 1928	Bacteria	No	No	UK				Chrysanthemum morifolium		ex D. Stead	J.E. Sellwood		A1877	1983	1983		Yes		LOPAT Group III			No				https://ncppb.fera.co.uk/furtherinfo/3283	
NCPPB 3288					3288	Pseudomonas syringae					Pseudomonas syringae van Hall 1902	Pseudomonas syringae van Hall 1902		van Hall 1902	Bacteria	No	No	UK				Primula denticulata		J.E. Sellwood A1891a				1983	1983		No		LOPAT Group Ib.REP-PCR same as 3289. Not pv. primulae.Genomospecies 1?							https://ncppb.fera.co.uk/furtherinfo/3288	
NCPPB 3289					3289	Pseudomonas syringae					Pseudomonas syringae van Hall 1902	Pseudomonas syringae van Hall 1902		van Hall 1902	Bacteria	No	No	UK				Primula denticulata		J.E. Sellwood A1904a				1983	1983		No		LOPAT Group Ib.REP-PCR same as 3288. Not pv. primulae.Genomospecies 1?							https://ncppb.fera.co.uk/furtherinfo/3289	
NCPPB 3293					3293	Pseudomonas syringae pv. berberidis					Pseudomonas syringae pv. berberidis (Thornberry & Anderson 1931) Young, Dye & Wilkie 1978	Pseudomonas syringae pv. berberidis		(Thornberry & Anderson 1931) Young, Dye & Wilkie 1978	Bacteria	No	No					Berberis sp. x Ottawenis sp.		ex S.J. Roberts SC 108	T.F. Preece		SC 108	1983	1982		No			CFBP 2357, CFBP 3709						https://ncppb.fera.co.uk/furtherinfo/3293	
NCPPB 3307					3307	Burkholderia gladioli pv. alliicola					Pseudomonas gladioli pv. alliicola (Burkholder 1942) Young, Dye & Wilkie 1978	Pseudomonas gladioli pv. alliicola (Burkholder 1942) Young, Dye & Wilkie 1978	Pseudomonas gladioli pv. alliicola (Burkholder 1942) Young, Dye & Wilkie 1978	(Burkholder 1942) Young et al. 1996	Bacteria	No	No	UK				Allium cepa			J.E. Sellwood	ex S. Walker	A1996 D	1984	1984		No									https://ncppb.fera.co.uk/furtherinfo/3307	
NCPPB 3316					3316	Pseudomonas corrugata					Pseudomonas corrugata Roberts and Scarlett 1981 emend. Sutra et al. 1997	Pseudomonas corrugata		( ex Scarlett et al. 1978) Roberts & Scarlett 1981	Bacteria	No	No	South Africa				Solanum lycopersicum		ex B.H. Boelema OP2	J.F. Bradbury		B9103	1984	1981		No		REP-PCR cluster 45	ICMP 8633						https://ncppb.fera.co.uk/furtherinfo/3316	
NCPPB 3317					3317	Pseudomonas corrugata					Pseudomonas corrugata Roberts and Scarlett 1981 emend. Sutra et al. 1997	Pseudomonas corrugata		( ex Scarlett et al. 1978) Roberts & Scarlett 1981	Bacteria	No	No	New Zealand				Solanum lycopersicum		ex M. Braithwaite Linc 886	J.F. Bradbury		B9826	1984	1982		No			ICMP 8634						https://ncppb.fera.co.uk/furtherinfo/3317	
NCPPB 3318					3318	Pseudomonas savastanoi pv. glycinea					Pseudomonas savastanoi pv. glycinea ( Coerper 1919 ) Gardan et al. 1992	Pseudomonas syringae pv. glycinea (Coerper 1919) Young et al.1976	Pseudomonas syringae pv. glycinea (Coerper 1919) Young et al.1976	( Coerper 1919 ) Gardan et al. 1992	Bacteria	No	No	Italy				Glycine max		A. Calzolari 1479(1) IPV-BO				1984	1981		No									https://ncppb.fera.co.uk/furtherinfo/3318	
NCPPB 3331					3331	Pseudomonas cichorii					Pseudomonas cichorii (Swingle 1925) Stapp 1928	Pseudomonas cichorii		(Swingle 1925) Stapp 1928	Bacteria	No	No	Kenya				Magnolia soulangeana		J.E. Sellwood A2092A				1984	1984		No		LOPAT Group III.  (LOPAT group -+--+;----). REP-PCR cluster 52							https://ncppb.fera.co.uk/furtherinfo/3331	
NCPPB 3332					3332	Pseudomonas cichorii					Pseudomonas cichorii (Swingle 1925) Stapp 1928	Pseudomonas cichorii		(Swingle 1925) Stapp 1928	Bacteria	No	No	Kenya				Magnolia soulangeana		J.E. Sellwood A2092B				1984	1984		No		LOPAT Group III. (LOPAT group -+--+;----).							https://ncppb.fera.co.uk/furtherinfo/3332	
NCPPB 3333					3333	Pseudomonas syringae pv. tomato					Pseudomonas syringae pv. tomato (Okabe 1933) Young, Dye and Wilkie 1978	Pseudomonas syringae pv.tomato		(Okabe 1933) Young, Dye and Wilkie 1978	Bacteria	No	No	France				Solanum lycopersicum		D.E. Stead 1				1984	1984		No					No				https://ncppb.fera.co.uk/furtherinfo/3333	
NCPPB 3334					3334	Pseudomonas savastanoi pv. nerii					Pseudomonas savastanoi pv. nerii ( Janse 1982) Young et al. 1996	Pseudomonas syringae subsp. savastanoi	Pseudomonas syringae pv. savastanoi (ex Smith 1908) Young Dye & Wilkie 1978	( Janse 1982) Young et al. 1996	Bacteria	No	No	France				Nerium oleander		D.E. Stead 2				1984	1984		No			ICMP 16944						https://ncppb.fera.co.uk/furtherinfo/3334	
NCPPB 3335	SAMN02471367 SAMN15196490 SAMN39475474 SAMN39475475 SAMN39475476 SAMN39475477 SAMN39475478 SAMN39475479 SAMN39475480 SAMN39475481 SAMN42911459 SAMN42911460 SAMN42911461 SAMN42911462 SAMN42911463 SAMN42911464 	                	GCF_000164015.3 	PSE_AA2114AA 	3335	Pseudomonas savastanoi pv. savastanoi					Pseudomonas savastanoi pv. savastanoi (ex Smith 1908) Gardan et al. 1992	Pseudomonas syringae subsp. savastanoi (ex Smith 1908) Young et al. 1976	Pseudomonas syringae pv. savastanoi (ex Smith 1908) Young Dye & Wilkie 1978	(ex Smith 1908) Gardan et al. 1992	Bacteria	No	No	France				Olea europaea		D.E. Stead 3				1984	1984		No									https://ncppb.fera.co.uk/furtherinfo/3335	 title = Sample from Pseudomonas savastanoi pv. savastanoi NCPPB 3335; organism = Pseudomonas savastanoi pv. savastanoi NCPPB 3335; strain = NCPPB 3335;  isolation-source = plasmidless derivative of the model strain Pseudomonas syringae pv. savastanoi NCPPB 3335; title = Pseudomonas syringae pv. savastanoi UPN912, a plasmidless derivative of NCPPB 3335;  strain = NCPPB 3335;  strain = NCPPB 3335;  strain = NCPPB 3335;  strain = NCPPB 3335;  strain = NCPPB 3335;  strain = NCPPB 3335;  strain = NCPPB 3335;  strain = NCPPB 3335;  strain = NCPPB 3335;  strain = NCPPB 3335;  strain = NCPPB 3335;  strain = NCPPB 3335;  strain = NCPPB 3335;  strain = NCPPB 3335; 
NCPPB 3336					3336	Pseudomonas syringae pv. porri					Pseudomonas syringae pv. porri Samson, Poutier & Rat 1981	Pseudomonas syringae pv. porri		Samson, Poutier & Rat 1981	Bacteria	No	No	France				Allium porrum		D.E. Stead 4				1984	1984		Yes									https://ncppb.fera.co.uk/furtherinfo/3336	
NCPPB 3337					3337	Pseudomonas syringae pv. porri					Pseudomonas syringae pv. porri Samson, Poutier & Rat 1981	Pseudomonas syringae pv. porri		Samson, Poutier & Rat 1981	Bacteria	No	No	France				Allium porrum		D.E. Stead 1913c				1984	1984		Yes									https://ncppb.fera.co.uk/furtherinfo/3337	
NCPPB 3338					3338	Pseudomonas syringae					Pseudomonas syringae van Hall 1902	Pseudomonas syringae van Hall 1902		van Hall 1902	Bacteria	No	No	Japan				Allium cepa			D.E. Stead		2366c	1984	1984		Yes		REP-PCR close to pv.coronafaciens/porri group.Genomospecies 4?							https://ncppb.fera.co.uk/furtherinfo/3338	
NCPPB 3343					3343	Pseudomonas syringae					Pseudomonas syringae van Hall 1902	Pseudomonas syringae van Hall 1902		van Hall 1902	Bacteria	No	No	Japan				Allium cepa			D.E. Stead		2366d	1984	1984		Yes									https://ncppb.fera.co.uk/furtherinfo/3343	
NCPPB 3351					3351	Pseudomonas syringae					Pseudomonas syringae van Hall 1902	Pseudomonas syringae van Hall 1902		van Hall 1902	Bacteria	No	No	Italy				Magnolia liliflora		U. Mazzucchi IPV BO 1764				1984	1983		No		REP-PCR close to pv.tomato/maculicola group.Genomospecies 3?							https://ncppb.fera.co.uk/furtherinfo/3351	
NCPPB 3354					3354	Acidovorax oryzae					Acidovorax avenae subsp. avenae (Manns 1909) Willems et al. 1992	Pseudomonas avenae		Schaad et al. 2009	Bacteria	No	No	Denmark				Oryza sativa seed		ex D.D. Shakya	F. Vinther	.	lKr 6-37	1985	1984		Yes		WGS indicates this strain is likely to be A. oryzae (NCPPB March 2025)							https://ncppb.fera.co.uk/furtherinfo/3354	
NCPPB 3355					3355	Acidovorax oryzae					Acidovorax avenae subsp. avenae (Manns 1909) Willems et al. 1992	Pseudomonas avenae		Schaad et al. 2009	Bacteria	No	No	Denmark				Oryza sativa seed		ex D.D. Shakya	F. Vinther		Brl4-21	1985	1984		Yes		WGS indicates this strain is likely to be A. oryzae (NCPPB March 2025)							https://ncppb.fera.co.uk/furtherinfo/3355	
NCPPB 3356					3356	Acidovorax oryzae					Acidovorax avenae subsp. avenae (Manns 1909) Willems et al. 1992	Pseudomonas avenae		Schaad et al. 2009	Bacteria	No	No	Denmark				Oryza sativa seed		ex D.D. Shakya	F. Vinther		Nkn 39-78	1985	1984		No		WGS indicates this strain is likely to be A. oryzae (NCPPB March 2025)							https://ncppb.fera.co.uk/furtherinfo/3356	
NCPPB 3357					3357	Acidovorax oryzae					Acidovorax avenae subsp. avenae (Manns 1909) Willems et al. 1992	Pseudomonas avenae		Schaad et al. 2009	Bacteria	No	No	Sierra Leone		2	NCPPB Primary Storage	Oryza sativa seed		ex D.D. Shakya	F. Vinther		Sie 57-23	1985	1984		No		WGS indicates this strain is likely to be A. oryzae (NCPPB March 2025)			No				https://ncppb.fera.co.uk/furtherinfo/3357	
NCPPB 3358					3358	Acidovorax oryzae					Acidovorax avenae subsp. avenae (Manns 1909) Willems et al. 1992	Pseudomonas avenae		Schaad et al. 2009	Bacteria	No	No	Denmark				Oryza sativa seed		ex D.D. Shakya	F. Vinther		Tur 58-26	1985	1984		No		WGS indicates this strain is likely to be A. oryzae (NCPPB March 2025)							https://ncppb.fera.co.uk/furtherinfo/3358	
NCPPB 3362					3362	Ralstonia pseudosolanacearum					Ralstonia solanacearum (Smith 1896) Yabuuchi et al. 1996	Pseudomonas solanacearum (Smith 1896) 1914	Ralstonia solanacearum (Smith 1896) Yabuuchi et al. 1996, Burkholderia solanacearum (Smith 1896) Yabuuchi et al. 1993, Pseudomonas solanacearum (Smith 1896) Smith 1914	Safni et al. 2014	Bacteria	No	No	China							Z. Xu		Z0-12	1985			No		Phylotype I (NCPPB 2021)							https://ncppb.fera.co.uk/furtherinfo/3362	
NCPPB 3364					3364	Pseudomonas syringae pv. porri					Pseudomonas syringae pv. porri Samson, Poutier & Rat 1981	Pseudomonas syringae pv. porri		Samson, Poutier & Rat 1981	Bacteria	No	Yes	France				Allium porrum		R. Samson CFBP-1908		ex INRA 1063-4		1985	1978		Yes									https://ncppb.fera.co.uk/furtherinfo/3364	
NCPPB 3365					3365	Pseudomonas syringae pv. porri					Pseudomonas syringae pv. porri Samson, Poutier & Rat 1981	Pseudomonas syringae pv. porri		Samson, Poutier & Rat 1981	Bacteria	No	No	France				Allium porrum		ex J.P. Prunier 246	R. Samson		CFBP-752	1985	1964		Yes									https://ncppb.fera.co.uk/furtherinfo/3365	
NCPPB 3367					3367	Pseudomonas syringae pv. porri					Pseudomonas syringae pv. porri Samson, Poutier & Rat 1981	Pseudomonas syringae pv. porri		Samson, Poutier & Rat 1981	Bacteria	No	No	France				Allium porrum		R. Samson CFBP-1912		ex INRA 1355-2		1985	1979		Yes									https://ncppb.fera.co.uk/furtherinfo/3367	
NCPPB 3368					3368	Pseudomonas syringae pv. porri					Pseudomonas syringae pv. porri Samson, Poutier & Rat 1981	Pseudomonas syringae pv. porri		Samson, Poutier & Rat 1981	Bacteria	No	No	France				Allium porrum		R. Samson CFBP-2360		ex INRA 1448-1		1985	1980		Yes									https://ncppb.fera.co.uk/furtherinfo/3368	
NCPPB 3369					3369	Pseudomonas syringae pv. porri					Pseudomonas syringae pv. porri Samson, Poutier & Rat 1981	Pseudomonas syringae pv. porri		Samson, Poutier & Rat 1981	Bacteria	No	No	France				Allium porrum		ex J.F. Chauveau	R. Samson	ex INRA 0624-1	CFBP-2366	1985	1981		Yes									https://ncppb.fera.co.uk/furtherinfo/3369	
NCPPB 3370					3370	Pseudomonas savastanoi pv. phaseolicola					Pseudomonas syringae pv. phaseolicola ( Burkholder 1926 ) Young et al. 1976	Pseudomonas syringae pv. phaseolicola ( Burkholder 1926 ) Young et al. 1976	Pseudomonas syringae pv. phaseolicola (Burkholder 1926) Young et al. 1978	( Burkholder 1926 ) Gardan et al. 1992	Bacteria	No	No								J. Mansfield		NCPPB 52 NaIR	1985			No		Nalidixic acid resistant mutant of NCPPB 52 (Race 1).							https://ncppb.fera.co.uk/furtherinfo/3370	
NCPPB 3371					3371	Pseudomonas savastanoi pv. phaseolicola					Pseudomonas syringae pv. phaseolicola ( Burkholder 1926 ) Young et al. 1976	Pseudomonas syringae pv. phaseolicola ( Burkholder 1926 ) Young et al. 1976	Pseudomonas syringae pv. phaseolicola (Burkholder 1926) Young et al. 1978	( Burkholder 1926 ) Gardan et al. 1992	Bacteria	No	No								J. Mansfield		NCPPB 52 RifR	1985			No		Rifampicin resistant mutant of NCPPB 52 (Race 1).							https://ncppb.fera.co.uk/furtherinfo/3371	
NCPPB 3372					3372	Pseudomonas savastanoi pv. phaseolicola					Pseudomonas syringae pv. phaseolicola ( Burkholder 1926 ) Young et al. 1976	Pseudomonas syringae pv. phaseolicola ( Burkholder 1926 ) Young et al. 1976	Pseudomonas syringae pv. phaseolicola (Burkholder 1926) Young et al. 1978	( Burkholder 1926 ) Gardan et al. 1992	Bacteria	No	No								J. Mansfield		NCPPB 2751 NaIR	1985			No		Nalidixic acid resistant mutant of NCPPB 2751 (Race 2).							https://ncppb.fera.co.uk/furtherinfo/3372	
NCPPB 3373					3373	Pseudomonas savastanoi pv. phaseolicola					Pseudomonas syringae pv. phaseolicola ( Burkholder 1926 ) Young et al. 1976	Pseudomonas syringae pv. phaseolicola ( Burkholder 1926 ) Young et al. 1976	Pseudomonas syringae pv. phaseolicola (Burkholder 1926) Young et al. 1978	( Burkholder 1926 ) Gardan et al. 1992	Bacteria	No	No								J. Mansfield		NCPPB 2751 RifR	1985			No		Rifampicin resistant mutant of NCPPB 2751 (Race 2).							https://ncppb.fera.co.uk/furtherinfo/3373	
NCPPB 3374					3374	Pseudomonas blatchfordae						Pseudomonas blatchfordae Schuster, Blatchford & Schuster 1980		Schuster, Blatchford & Schuster 1980	Bacteria	Yes	No	USA				Phaseolus vulgaris		M.L. Schuster 24L				1985	1975		No		Illegitimate name							https://ncppb.fera.co.uk/furtherinfo/3374	
NCPPB 3376					3376	Pseudomonas syringae					Pseudomonas syringae van Hall 1902	Pseudomonas syringae van Hall 1902		van Hall 1902	Bacteria	No	No	Italy				Vitis vinifera			U. Prota			1985	1980		No									https://ncppb.fera.co.uk/furtherinfo/3376	
NCPPB 3425					3425	Pseudomonas syringae pv. pisi					Pseudomonas syringae pv. pisi (Sacket 1916) Young, Dye & Wilkie 1978	Pseudomonas syringae pv. pisi		(Sacket 1916) Young, Dye & Wilkie 1978	Bacteria	No	No	UK				Pisum sativum			J.E. Sellwood	ex M. Hurst 830	A2671	1985	1985		Yes		Race 2.REP-PCR cluster 50							https://ncppb.fera.co.uk/furtherinfo/3425	
NCPPB 3429					3429	Pseudomonas syringae pv. pisi					Pseudomonas syringae pv. pisi (Sacket 1916) Young, Dye & Wilkie 1978	Pseudomonas syringae pv. pisi		(Sacket 1916) Young, Dye & Wilkie 1978	Bacteria	No	No	USA				Pisum sativum			J.D. Taylor		202	1985	1944		No		Race 2.	ICMP 815						https://ncppb.fera.co.uk/furtherinfo/3429	
NCPPB 3430					3430	Pseudomonas syringae pv. pisi					Pseudomonas syringae pv. pisi (Sacket 1916) Young, Dye & Wilkie 1978	Pseudomonas syringae pv. pisi		(Sacket 1916) Young, Dye & Wilkie 1978	Bacteria	No	No	New Zealand				Pisum sativum			J.D. Taylor		299A	1985	1970		Yes		Race 1.	ICMP 2955						https://ncppb.fera.co.uk/furtherinfo/3430	
NCPPB 3431					3431	Pseudomonas syringae pv. pisi					Pseudomonas syringae pv. pisi (Sacket 1916) Young, Dye & Wilkie 1978	Pseudomonas syringae pv. pisi		(Sacket 1916) Young, Dye & Wilkie 1978	Bacteria	No	No	USA				Pisum sativum (seed)			J.D. Taylor		870A	1985			Yes		Possible Race 6 mutation from Race 3. See NCPPB 3496.REP-PCR cluster 50							https://ncppb.fera.co.uk/furtherinfo/3431	
NCPPB 3432					3432	Pseudomonas syringae pv. pisi					Pseudomonas syringae pv. pisi (Sacket 1916) Young, Dye & Wilkie 1978	Pseudomonas syringae pv. pisi		(Sacket 1916) Young, Dye & Wilkie 1978	Bacteria	No	No	USA				Pisum sativum (seed)			J.D. Taylor		895A	1985	1975		Yes		Race 4.REP-PCR cluster 50							https://ncppb.fera.co.uk/furtherinfo/3432	
NCPPB 3433					3433	Pseudomonas syringae pv. pisi					Pseudomonas syringae pv. pisi (Sacket 1916) Young, Dye & Wilkie 1978	Pseudomonas syringae pv. pisi		(Sacket 1916) Young, Dye & Wilkie 1978	Bacteria	No	No	USA				Pisum sativum (seed)			J.D. Taylor		974B	1985			No		Race 5. REP-PCR cluster 54							https://ncppb.fera.co.uk/furtherinfo/3433	
NCPPB 3445					3445	Ralstonia syzygii subsp. syzygii					Ralstonia syzygii Roberts et al. 1990	Pseudomonas syzygii	Ralstonia syzygii (Roberts et al. 1990) Vaneechoutte et al. 2003, Pseudomonas syzygii Roberts et al. 1990	(Roberts et al. 1990) Safni et al. 2014	Bacteria	No	No	Indonesia - Java		2	NCPPB Primary Storage	Syzygium aromaticum (clove)		S. Eden-Green	S. Eden-Green		S442 (R002)	1985	1983		No					No				https://ncppb.fera.co.uk/furtherinfo/3445	
NCPPB 3450					3450	Pseudomonas syringae pv. viburni					Pseudomonas syringae pv. viburni (Thornberry & Anderson 1931) Young, Dye and Wilkie 1978	Pseudomonas syringae pv. viburni (Thornberry & Anderson 1931) Young, Dye and Wilkie 1978	Phytomonas viburni Thornberry & Anderson 1931	(Thornberry & Anderson 1931) Young, Dye and Wilkie 1978	Bacteria	No	No	UK				Viburnum tinus			M. Bateson		25Al	1986	1986		No		Atypical REP-PCR profile.							https://ncppb.fera.co.uk/furtherinfo/3450	
NCPPB 3451					3451	Pseudomonas cichorii					Pseudomonas cichorii (Swingle 1925) Stapp 1928	Pseudomonas cichorii		(Swingle 1925) Stapp 1928	Bacteria	No	No	Greece				Gerbera jamesonii cv. Parade		A.S. Alivizatos Gel/85				1986	1985		No		LOPAT Group III. REP-PCR cluster 62							https://ncppb.fera.co.uk/furtherinfo/3451	
NCPPB 3461					3461	Burkholderia gladioli pv. alliicola					Pseudomonas gladioli pv. alliicola (Burkholder 1942) Young, Dye & Wilkie 1978	Pseudomonas gladioli pv. alliicola (Burkholder 1942) Young, Dye & Wilkie 1978	Pseudomonas gladioli pv. alliicola (Burkholder 1942) Young, Dye & Wilkie 1978	(Burkholder 1942) Young et al. 1996	Bacteria	No	No	Hungary				Allium cepa		J. Nemeth H16				1986	1983		No									https://ncppb.fera.co.uk/furtherinfo/3461	
NCPPB 3464					3464	Pseudomonas syringae pv. dendropanacis					Pseudomonas syringae pv. dendropanacis Ogimi et al. 1988	Pseudomonas syringae pv. dendropanacis		Ogimi et al. 1988	Bacteria	No	Yes	Japan				Dendropanax trifidus			C. Ogimi		DTI	1986	1979		No	Ogimi Higuchi & Takikawa 1988, Annals Phytopath Sol. Japan 54, 296 - 302		ATCC 43298, ICMP 9150						https://ncppb.fera.co.uk/furtherinfo/3464	
NCPPB 3465					3465	Pseudomonas tremae					Pseudomonas tremae Gardan et al. 1999	P. syringae pv. Tremae	Pseudomonas syringae pv. tremae Ogimi et al. 1988	Gardan et al. 1999	Bacteria	Yes	No	Japan		2	NCPPB Primary Storage	Trema orientalis			C. Ogimi		TOI	1986	1979		No			ATCC 43299, ICMP 9151		No				https://ncppb.fera.co.uk/furtherinfo/3465	
NCPPB 3469					3469	Pseudomonas syringae					Pseudomonas syringae van Hall 1902	Pseudomonas syringae van Hall 1902		van Hall 1902	Bacteria	No	No	UK				Forsythia suspensa		J.E. Sellwood A2986				1986	1986		No		LOPAT Group Ia.REP-PCR close to lilac strains of P.s.syringae.REP-PCR exclusive lilac /forsythia group.Genomospecies 1?							https://ncppb.fera.co.uk/furtherinfo/3469	
NCPPB 3470					3470	Pseudomonas syringae pv. pisi					Pseudomonas syringae pv. pisi (Sacket 1916) Young, Dye & Wilkie 1978	Pseudomonas syringae pv. pisi		(Sacket 1916) Young, Dye & Wilkie 1978	Bacteria	No	No	UK				Pisum sativum		D.E. Stead A2966				1986	1986		Yes									https://ncppb.fera.co.uk/furtherinfo/3470	
NCPPB 3471					3471	Pseudomonas savastanoi pv. fraxini					Pseudomonas savastanoi pv. fraxinii( Janse 1982) Young et al. 1996	P. syringae subsp. savastanoi	Pseudomonas syringae pv. savastanoi (ex Smith 1908) Young Dye & Wilkie 1978	( Janse 1982) Young et al. 1996	Bacteria	No	No	France				Fraxinus sp.			L. Gardan		CFBP 2161	1986			No									https://ncppb.fera.co.uk/furtherinfo/3471	
NCPPB 3472					3472	Pseudomonas savastanoi pv. fraxini					Pseudomonas savastanoi pv. fraxinii( Janse 1982) Young et al. 1996	P. syringae subsp. savastanoi	Pseudomonas syringae pv. savastanoi (ex Smith 1908) Young Dye & Wilkie 1978	( Janse 1982) Young et al. 1996	Bacteria	No	No	France				Fraxinus sp.			L. Gardan		CFBP 2162	1986			No									https://ncppb.fera.co.uk/furtherinfo/3472	
NCPPB 3480					3480	Burkholderia cenocepacia					Burkholderia cepacia (ex Burkholder 1950) Yabuuchi et al. 1993	Pseudomonas cepacia		Vandamme et al. 2003	Bacteria	No	No	Papua New Guinea				Allium cepa			D.L. Tomlinson		PNG11729	1986	1983		No		WGS places this strain in B. cenocepacia (NCPPB March 2025).							https://ncppb.fera.co.uk/furtherinfo/3480	
NCPPB 3486					3486	Pseudomonas syringae pv. hibisci					Pseudomonas syringae pv. hibisci (ex Jones et al. 1986) Young et al. 1991	Pseudomonas syringae pv. hibisci		(ex Jones et al. 1986) Young et al. 1991	Bacteria	No	No														No					No				https://ncppb.fera.co.uk/furtherinfo/3486	
NCPPB 3487					3487	Pseudomonas avellanae					Pseudomonas avellenae Janse et al. 1997	Pseudomonas syringae pv. avellanae Psallidas 1984	Pseudomonas syringae pv. avellanae Psallidas 1993	Janse et al. 1997	Bacteria	Yes	No	Greece		2	NCPPB Primary Storage	Corylus avellana		P.G. Psallidas Fll				1987	1976		No		Proposed pathotype culture.	CFBP 10963, ICMP 9746		No				https://ncppb.fera.co.uk/furtherinfo/3487	
NCPPB 3488					3488	Pseudomonas avellanae					Pseudomonas avellenae Janse et al. 1997	Pseudomonas syringae pv. avellanae Psallidas 1984	Pseudomonas syringae pv. avellanae Psallidas 1993	Janse et al. 1997	Bacteria	No	No	Greece				Corylus avellana		P.G. Psallidas F13				1987	1970		No									https://ncppb.fera.co.uk/furtherinfo/3488	
NCPPB 3489					3489	Pseudomonas avellanae					Pseudomonas avellenae Janse et al. 1997	Pseudomonas syringae pv. avellanae Psallidas 1984	Pseudomonas syringae pv. avellanae Psallidas 1993	Janse et al. 1997	Bacteria	No	No	Greece		2	NCPPB Primary Storage	Corylus avellana		P.G. Psallidas F110				1987	1976		No					No				https://ncppb.fera.co.uk/furtherinfo/3489	
NCPPB 3490					3490	Pseudomonas avellanae					Pseudomonas avellenae Janse et al. 1997	Pseudomonas syringae pv. avellanae Psallidas 1984	Pseudomonas syringae pv. avellanae Psallidas 1993	Janse et al. 1997	Bacteria	No	No	Greece		2	NCPPB Primary Storage	Corylus avellana		P.G. Psallidas F135				1987	1976		No					No				https://ncppb.fera.co.uk/furtherinfo/3490	
NCPPB 3491	SAMN25042865 	 			3491	Pseudomonas avellanae					Pseudomonas avellenae Janse et al. 1997	Pseudomonas syringae pv. avellanae Psallidas 1984	Pseudomonas syringae pv. avellanae Psallidas 1993	Janse et al. 1997	Bacteria	No	No	Greece		2	NCPPB Primary Storage	Corylus avellana		P.G. Psallidas F150				1987	1976		No					No				https://ncppb.fera.co.uk/furtherinfo/3491	 strain = NCPPB 3491; 
NCPPB 3492					3492	Pseudomonas syringae pv. pisi					Pseudomonas syringae pv. pisi (Sacket 1916) Young, Dye & Wilkie 1978	Pseudomonas syringae pv. pisi		(Sacket 1916) Young, Dye & Wilkie 1978	Bacteria	No	No	UK				Pisum sativum		J.D. Taylor 1755A				1987			Yes		Race 6.REP-PCR cluster 50							https://ncppb.fera.co.uk/furtherinfo/3492	
NCPPB 3493					3493	Pseudomonas syringae pv. pisi					Pseudomonas syringae pv. pisi (Sacket 1916) Young, Dye & Wilkie 1978	Pseudomonas syringae pv. pisi		(Sacket 1916) Young, Dye & Wilkie 1978	Bacteria	No	No	UK				Pisum sativum		J.D. Taylor 1704A				1987			Yes		Race 6							https://ncppb.fera.co.uk/furtherinfo/3493	
NCPPB 3494					3494	Pseudomonas syringae pv. pisi					Pseudomonas syringae pv. pisi (Sacket 1916) Young, Dye & Wilkie 1978	Pseudomonas syringae pv. pisi		(Sacket 1916) Young, Dye & Wilkie 1978	Bacteria	No	No	UK				Pisum sativum		J.D. Taylor 1747A				1987			Yes		Race 6							https://ncppb.fera.co.uk/furtherinfo/3494	
NCPPB 3495					3495	Pseudomonas syringae pv. pisi						Pseudomonas syringae pv. pisi		(Sacket 1916) Young, Dye & Wilkie 1978	Bacteria	No	No	UK				Pisum sativum		J.D. Taylor 1759				1987			Yes		Race 6.REP-PCR cluster 50							https://ncppb.fera.co.uk/furtherinfo/3495	
NCPPB 3496					3496	Pseudomonas syringae pv. pisi					Pseudomonas syringae pv. pisi (Sacket 1916) Young, Dye & Wilkie 1978	Pseudomonas syringae pv. pisi		(Sacket 1916) Young, Dye & Wilkie 1978	Bacteria	No	No	USA				Pisum sativum		J.D. Taylor 870A				1987			Yes		Race 3.REP-PCR cluster 50							https://ncppb.fera.co.uk/furtherinfo/3496	
NCPPB 3498					3498	Pseudomonas syringae pv. pisi					Pseudomonas syringae pv. pisi (Sacket 1916) Young, Dye & Wilkie 1978	Pseudomonas syringae pv. pisi		(Sacket 1916) Young, Dye & Wilkie 1978	Bacteria	No	No	USA				Pisum sativum		J.D. Taylor 947A				1987			Yes		Race 5 .REP-PCR cluster 54							https://ncppb.fera.co.uk/furtherinfo/3498	
NCPPB 3499					3499	Pseudomonas syringae pv. pisi					Pseudomonas syringae pv. pisi (Sacket 1916) Young, Dye & Wilkie 1978	Pseudomonas syringae pv. pisi		(Sacket 1916) Young, Dye & Wilkie 1978	Bacteria	No	No	USA				Pisum sativum		J.D. Taylor 947B				1987			Yes		Race 5. REP-PCR cluster 54							https://ncppb.fera.co.uk/furtherinfo/3499	
NCPPB 3500					3500	Pseudomonas syringae pv. pisi					Pseudomonas syringae pv. pisi (Sacket 1916) Young, Dye & Wilkie 1978	Pseudomonas syringae pv. pisi		(Sacket 1916) Young, Dye & Wilkie 1978	Bacteria	No	No	USA				Pisum sativum		J.D. Taylor 895A;				1987			Yes		Race 4.REP-PCR cluster 50							https://ncppb.fera.co.uk/furtherinfo/3500	
NCPPB 3501					3501	Pseudomonas syringae pv. pisi					Pseudomonas syringae pv. pisi (Sacket 1916) Young, Dye & Wilkie 1978	Pseudomonas syringae pv. pisi		(Sacket 1916) Young, Dye & Wilkie 1978	Bacteria	No	No	USA				Pisum sativum		J.D. Taylor 1380A				1987			Yes		Race 4.							https://ncppb.fera.co.uk/furtherinfo/3501	
NCPPB 3502					3502	Pseudomonas syringae pv. pisi					Pseudomonas syringae pv. pisi (Sacket 1916) Young, Dye & Wilkie 1978	Pseudomonas syringae pv. pisi		(Sacket 1916) Young, Dye & Wilkie 1978	Bacteria	No	No					Pisum sativum		ex J.E. Sellwood	J.D. Taylor	.	1554A	1987	1986		Yes		Race 4							https://ncppb.fera.co.uk/furtherinfo/3502	
NCPPB 3504					3504	Pseudomonas syringae					Pseudomonas syringae van Hall 1902	Pseudomonas syringae van Hall 1902		van Hall 1902	Bacteria	No	No	Australia				Pisum sativum			J.D. Taylor		1212	1987			Yes		LOPA +--- . REP-PCR close to 2690 from pea in New Zealand. Not pv.pisi							https://ncppb.fera.co.uk/furtherinfo/3504	
NCPPB 3505					3505	Pseudomonas syringae					Pseudomonas syringae van Hall 1902	Pseudomonas syringae van Hall 1902		van Hall 1902	Bacteria	No	No	Australia				Pisum sativum			J.D. Taylor		1214	1987			No		LOPA +---							https://ncppb.fera.co.uk/furtherinfo/3505	
NCPPB 3506					3506	Pseudomonas syringae					Pseudomonas syringae van Hall 1902	Pseudomonas syringae van Hall 1902		van Hall 1902	Bacteria	No	No	Australia				Pisum sativum			J.D. Taylor		1216	1987			Yes		LOPA +---							https://ncppb.fera.co.uk/furtherinfo/3506	
NCPPB 3507					3507	Pseudomonas syringae					Pseudomonas syringae van Hall 1902	Pseudomonas syringae van Hall 1902		van Hall 1902	Bacteria	No	No	Denmark				Pisum sativum (seed)			J.D. Taylor		1524	1987			Yes		LOPA +--- .REP-PCR close to some P. viridiflava strains.Genomospecies 3?							https://ncppb.fera.co.uk/furtherinfo/3507	
NCPPB 3508					3508	Pseudomonas syringae					Pseudomonas syringae van Hall 1902	Pseudomonas syringae van Hall 1902		van Hall 1902	Bacteria	No	No	Denmark				Pisum sativum (seed)			J.D. Taylor		1525	1987			Yes		LOPA +---							https://ncppb.fera.co.uk/furtherinfo/3508	
NCPPB 3517					3517	Pseudomonas syringae pv. pisi					Pseudomonas syringae pv. pisi (Sacket 1916) Young, Dye & Wilkie 1978	Pseudomonas syringae pv. pisi		(Sacket 1916) Young, Dye & Wilkie 1978	Bacteria	No	No	New Zealand				Pisum sativum			J.D. Taylor		223	1987	1968		Yes		Race 2							https://ncppb.fera.co.uk/furtherinfo/3517	
NCPPB 3519					3519	Pseudomonas syringae pv. pisi					Pseudomonas syringae pv. pisi (Sacket 1916) Young, Dye & Wilkie 1978	Pseudomonas syringae pv. pisi		(Sacket 1916) Young, Dye & Wilkie 1978	Bacteria	No	No	New Zealand				Pisum sativum			J.D. Taylor		453B	1987	1971		Yes		Race 2.							https://ncppb.fera.co.uk/furtherinfo/3519	
NCPPB 3521					3521	Pseudomonas syringae pv. pisi					Pseudomonas syringae pv. pisi (Sacket 1916) Young, Dye & Wilkie 1978	Pseudomonas syringae pv. pisi		(Sacket 1916) Young, Dye & Wilkie 1978	Bacteria	No	No	New Zealand				Pisum sativum			J.D. Taylor		461	1987	1971		No									https://ncppb.fera.co.uk/furtherinfo/3521	
NCPPB 3523					3523	Pseudomonas savastanoi pv. phaseolicola					Pseudomonas syringae pv. phaseolicola ( Burkholder 1926 ) Young et al. 1976	Pseudomonas syringae pv. phaseolicola ( Burkholder 1926 ) Young et al. 1976	Pseudomonas syringae pv. phaseolicola (Burkholder 1926) Young et al. 1978	( Burkholder 1926 ) Gardan et al. 1992	Bacteria	No	No	Tanzania				Phaseolus vulgaris			J. Mansfield	ex J. Taylor 1301A	Race 3	1987	1984		Yes		Pathogenic to cv. Canadian Wonder and Red Mexican. Hypersensitive reaction on cv. Tendergreen.							https://ncppb.fera.co.uk/furtherinfo/3523	
NCPPB 3524					3524	Pseudomonas savastanoi pv. phaseolicola					Pseudomonas syringae pv. phaseolicola ( Burkholder 1926 ) Young et al. 1976	Pseudomonas syringae pv. phaseolicola ( Burkholder 1926 ) Young et al. 1976	Pseudomonas syringae pv. phaseolicola (Burkholder 1926) Young et al. 1978	( Burkholder 1926 ) Gardan et al. 1992	Bacteria	No	No					Phaseolus vulgaris			J. Mansfield	ex J. Taylor 1301A	M1	1987			Yes		Mutant of NCPPB 3523.  Pathogenic to cv. Canadian Wonder, Red Mexican and Tendergreen.							https://ncppb.fera.co.uk/furtherinfo/3524	
NCPPB 3526					3526	Pseudomonas savastanoi pv. phaseolicola					Pseudomonas syringae pv. phaseolicola ( Burkholder 1926 ) Young et al. 1976	Pseudomonas syringae pv. phaseolicola ( Burkholder 1926 ) Young et al. 1976	Pseudomonas syringae pv. phaseolicola (Burkholder 1926) Young et al. 1978	( Burkholder 1926 ) Gardan et al. 1992	Bacteria	No	No					Phaseolus vulgaris			J. Mansfield	ex J. Taylor 1301A	M40	1987			No		Mutant of NCPPB 3523. Not pathogenic to cv. Canadian Wonder, Red Mexican and Tendergreen.							https://ncppb.fera.co.uk/furtherinfo/3526	
NCPPB 3527					3527	Pseudomonas savastanoi pv. phaseolicola					Pseudomonas syringae pv. phaseolicola ( Burkholder 1926 ) Young et al. 1976	Pseudomonas syringae pv. phaseolicola ( Burkholder 1926 ) Young et al. 1976	Pseudomonas syringae pv. phaseolicola (Burkholder 1926) Young et al. 1978	( Burkholder 1926 ) Gardan et al. 1992	Bacteria	No	No					Phaseolus vulgaris			J. Mansfield	ex J. Taylor 1301A	M41	1987			No		Mutant of NCPPB 3523. Not pathogenic to cv. Canadian Wonder, Red Mexican and Tendergreen.							https://ncppb.fera.co.uk/furtherinfo/3527	
NCPPB 3539					3539	Pseudomonas syringae pv. aptata					Pseudomonas syringae pv. aptata (Brown & Jamieson 1913) Young, Dye & Wilkie 1978	Pseudomonas syringae pv. aptata		(Brown & Jamieson 1913) Young, Dye & Wilkie 1978	Bacteria	No	No	UK				Beta vulgaris			J.E. Sellwood	ex P. Higgins 84.	A3660	1987	1987		No		LOPAT +---+.							https://ncppb.fera.co.uk/furtherinfo/3539	
NCPPB 3540					3540	Pseudomonas syringae					Pseudomonas syringae van Hall 1902	Pseudomonas syringae van Hall 1902		van Hall 1902	Bacteria	No	No	UK				Callistemon sp.		J.E. Sellwood A3585				1987	1987		No		REP-PCR close to pv.tomato/maculicola group(3541); Genomospecies 3?			No				https://ncppb.fera.co.uk/furtherinfo/3540	
NCPPB 3541					3541	Pseudomonas syringae					Pseudomonas syringae van Hall 1902	Pseudomonas syringae van Hamonas syringae van Hall 1902ll 1902		van Hall 1902	Bacteria	No	No	UK				Callistemon sp.		J.E. Sellwood A3648				1987	1987		No		REP-PCR close to pv.tomato/maculicola group(3540); Genomospecies 3?							https://ncppb.fera.co.uk/furtherinfo/3541	
NCPPB 3543					3543	Pseudomonas syringae					Pseudomonas syringae van Hall 1902	Pseudomonas syringae van Hall 1902		van Hall 1902	Bacteria	No	No	Italy				Carthamus tinctorius		M. Fiori IPVSS75				1987	1985		No									https://ncppb.fera.co.uk/furtherinfo/3543	
NCPPB 3544					3544	Pseudomonas syringae pv. lachrymans					Pseudomonas syringae pv. lachrymans (Smith & Bryan 1915) Young, Dye & Wilkie 1978	Pseudomonas syringae pv. lachrymans		(Smith & Bryan 1915) Young, Dye & Wilkie 1978	Bacteria	No	No	UK				Cucumis sativus		P. Higgins 161 A3711				1987	1987		No					No				https://ncppb.fera.co.uk/furtherinfo/3544	
NCPPB 3545					3545	Pseudomonas syringae pv. porri					Pseudomonas syringae pv. porri Samson, Poutier & Rat 1981	Pseudomonas syringae pv. porri		Samson, Poutier & Rat 1981	Bacteria	No	No	Netherlands				Allium porrum			J. Janse		PD354	1987			No									https://ncppb.fera.co.uk/furtherinfo/3545	
NCPPB 3546					3546	Pseudomonas syringae pv. porri					Pseudomonas syringae pv. porri Samson, Poutier & Rat 1981	Pseudomonas syringae pv. porri		Samson, Poutier & Rat 1981	Bacteria	No	No	Netherlands				Allium porrum			J. Janse		PD371	1987			No					No				https://ncppb.fera.co.uk/furtherinfo/3546	
NCPPB 3549					3549	Pseudomonas syringae					Pseudomonas syringae van Hall 1902	Pseudomonas syringae van Hall 1902		van Hall 1902	Bacteria	No	No	Netherlands				Magnolia soulangeana		J.E. Sellwood A3728				1987	1987		No		LOPAT +----. Exhibits ice nucleation activity. REP-PCR close to pv.tomato/maculicola group. Genomospecies 3?			No				https://ncppb.fera.co.uk/furtherinfo/3549	
NCPPB 3550					3550	Pseudomonas syringae					Pseudomonas syringae van Hall 1902	Pseudomonas syringae van Hall 1902		van Hall 1902	Bacteria	No	No	Italy				Spinacia oleracea		ex C. Bazzi 2185	J.E. Sellwood		A3304/2185	1987			Yes		LOPAT Group Ia. REP-PCR close to pv.tomato/maculicola group. Genomospecies 3?			No				https://ncppb.fera.co.uk/furtherinfo/3550	
NCPPB 3551					3551	Pseudomonas syringae					Pseudomonas syringae van Hall 1902	Pseudomonas syringae van Hall 1902		van Hall 1902	Bacteria	No	No	Italy				Spinacia oleracea		ex C. Bazzi 2195R	J.E. Sellwood		A3304/2195 R	1987			Yes		LOPAT Group Ia. REP-PCR close to pv.tomato/maculicola group. Genomospecies 3?			No				https://ncppb.fera.co.uk/furtherinfo/3551	
NCPPB 3575					3575	Pseudomonas syringae pv. philadelphi					Pseudomonas syringae pv. philadelphi Roberts 1985	Pseudomonas syringae pv. philadelphi		Roberts 1985	Bacteria	No	No	Italy				Philadelphus sp.			U. Mazzucchi		IPV-BO 2232-1	1986			No									https://ncppb.fera.co.uk/furtherinfo/3575	
NCPPB 3576					3576	Acidovorax sp.					Acidovorax sp.	Pseudomonas sp.		Willems et al. 1990 emend. Willems et al. 1992	Bacteria	No	No	Italy				Primula sp.			U. Mazzucchi		IPV-BO 2285-1	1988			No		Fatty Acid Profile as P. facilis.							https://ncppb.fera.co.uk/furtherinfo/3576	
NCPPB 3577					3577	Pseudomonas sp.								Migula 1894	Bacteria	No	No	Italy				Primula sp.			U. Mazzucchi		IPV-BO 2285-2	1988			No		Fatty Acid Profile as P. facilis.							https://ncppb.fera.co.uk/furtherinfo/3577	
NCPPB 3578					3578	Pseudomonas sp.								Migula 1894	Bacteria	No	No	Italy				Primula sp.			U. Mazzucchi		IPV-BO 2303	1988			No		Fatty Acid Profile as P. facilis.							https://ncppb.fera.co.uk/furtherinfo/3578	
NCPPB 3579					3579	Pseudomonas syringae pv. persicae					Pseudomonas syringae pv. persicae (Prunier et al. 1970) Young, Dye & Wilkie 1978	Pseudomonas syringae pv. persicae	Pseudomonas syringae pv. morsprunorum f.sp. persicae Prunier et al. 1970	(Prunier et al. 1970) Young, Dye & Wilkie 1978	Bacteria	No	No	France						ex L. Gardan	C. Garret		815-1a	1988	1969		No									https://ncppb.fera.co.uk/furtherinfo/3579	
NCPPB 3580					3580	Burkholderia gladioli pv. agaricicola					Pseudomonas gladioloi pv. agaricicola Lincoln et al. 1991	Pseudomonas gladioli pv. agaricicola	Pseudomonas gladioli pv. agaricicola Lincoln et al. 1991	(Lincoln et al. 1991) Young et al. 1996	Bacteria	Yes	No	UK				Agaricus bitorquis		T. Fermor RR3		ICMP 11096		1988			No	1991. Plant Path. 40.	Causes soft rot.	ICMP 11096						https://ncppb.fera.co.uk/furtherinfo/3580	
NCPPB 3585					3585	Sphingomonas paucimobilis					Sphingomonas paucimobilis (Holmes et al.1977) Yabuchi et al. 1990	Pseudomonas paucimobilis	Pseudomonas paucimobilis Holmes et al.1977	(Holmes et al.1977) Yabuchi et al. 1990	Bacteria	No	No	UK				Marrow		D.E. Stead A4083/2iii				1988	1988		No									https://ncppb.fera.co.uk/furtherinfo/3585	
NCPPB 3590					3590	Burkholderia plantarii					Burkholderia plantarii (Azegami et al. 1987) Urakami et al. 1994	Burkholderia plantarii (Azegami et al. 1987) Urakami et al. 1994	Pseudomonas plantarii Azegami et al. 1987	(Azegami et al. 1987) Urakami et al. 1994	Bacteria	Yes	No	Japan				Oryza sativa		K. Azegami A8 82d				1988	1982		No	1988. App. Env. Microbiol. 54: 844-847.	Cross reacts with Ralstonia solanacearum polyclonal antisera	LMG 9035, ICMP 9424, ATCC 43733, SMT 57						https://ncppb.fera.co.uk/furtherinfo/3590	
NCPPB 3591					3591	Burkholderia glumae					Burkholderia glumae (Kurita and Tabei 1967) Urakami et al. 1994	Burkholderia glumae (Kurita and Tabei 1967) Urakami et al. 1994	Pseudomonas glumae Kurita and Tabei 1967	(Kurita and Tabei 1967) Urakami et al. 1994	Bacteria	No	No	Japan				Oryza sativa		K. Azegami A8 8204				1988	1982		No	1987. Int. J. Syst. Bacteriol. 37: 144-152								https://ncppb.fera.co.uk/furtherinfo/3591	
NCPPB 3594					3594	Ralstonia solanacearum					Ralstonia solanacearum (Smith 1896) Yabuuchi et al. 1996	Pseudomonas solanacearum (Smith 1896) 1914	Burkholderia solanacearum (Smith 1896) Yabuuchi et al. 1993, Pseudomonas solanacearum (Smith 1896) Smith 1914	(Smith 1896) Yabuuchi et al. 1996	Bacteria	No	No	Colombia				Heliconia caribaea		ex I. Buddenhagen	J.F. Bradbury		B305	1988	1960		No		Biovar 1							https://ncppb.fera.co.uk/furtherinfo/3594	
NCPPB 3597					3597	Pseudomonas fluorescens					Pseudomonas fluorescens Migula 1895			(Trevisan 1889) Migula 1895	Bacteria	No	No	UK				Agaricus bisporus			P. Higgins		A4114	1988	1988		No		Group Va, non-fluorescent.							https://ncppb.fera.co.uk/furtherinfo/3597	
NCPPB 3599					3599	Pseudomonas asplenii					Pseudomonas fuscovaginae Miyajima et al. 1983	Pseudomonas fuscovaginae	Pseudomonas fuscovaginae (ex Tanii et al. 1976) Miyajima et al. 1983	(Ark and Tompkins 1946) Savulescu 1947	Bacteria	No	No	Japan				Oryza sativa		ex A. Tanii BM-1	K. Miyajima		BM-1	1988	1970		No	1976. Ann. Phytopath. Soc. Japan. 42: 540-548; 1983. Int. J. Syst. Bact. 33: 656-657; 1988. J. Phyto	Last path. Check 1988 - weak (NCPPB).							https://ncppb.fera.co.uk/furtherinfo/3599	
NCPPB 3600					3600	Pseudomonas asplenii					Pseudomonas fuscovaginae Miyajima et al. 1983	Pseudomonas fuscovaginae	Pseudomonas fuscovaginae (ex Tanii et al. 1976) Miyajima et al. 1983	(Ark and Tompkins 1946) Savulescu 1947	Bacteria	No	No	Japan				Oryza sativa		K. Miyajima 8803				1988	1988		No		Last path check 1988 - very strong (NCPPB).							https://ncppb.fera.co.uk/furtherinfo/3600	
NCPPB 3601					3601	Pseudomonas asplenii					Pseudomonas fuscovaginae Miyajima et al. 1983	Pseudomonas fuscovaginae	Pseudomonas fuscovaginae (ex Tanii et al. 1976) Miyajima et al. 1983	(Ark and Tompkins 1946) Savulescu 1947	Bacteria	No	No	Japan				Oryza sativa		K. Miyajima 6810				1988	1968		No	1976. Ann. Phytopath. Soc. Japan. 42: 540-548; 1983. Int. J. Syst. Bact. 33: 656-657; 1983. Report o	Last path. check 1988 - weak (NCPPB).							https://ncppb.fera.co.uk/furtherinfo/3601	
NCPPB 3602					3602	Pseudomonas asplenii					Pseudomonas fuscovaginae Miyajima et al. 1983	Pseudomonas fuscovaginae	Pseudomonas fuscovaginae (ex Tanii et al. 1976) Miyajima et al. 1983	(Ark and Tompkins 1946) Savulescu 1947	Bacteria	No	No	Bhrundi (Gisha)				Oryza sativa		K. Miyajima Br1				1988	1983		No	1988. J. Phytopath. 122: 97-107.	Last path. check 1988 - strong (NCPPB)./							https://ncppb.fera.co.uk/furtherinfo/3602	
NCPPB 3606					3606	Pseudomonas savastanoi pv. savastanoi					Pseudomonas savastanoi pv. savastanoi (ex Smith 1908) Gardan et al. 1992	Pseudomonas savastanoi pv. savastanoi (ex Smith 1908) Gardan et al. 1992	Pseudomonas syringae pv. savastanoi (ex Smith 1908) Young Dye & Wilkie 1978	(ex Smith 1908) Gardan et al. 1992	Bacteria	No	No	UK				Nerium oleander		J.E. Sellwood A4097/1				1988	1988		No		Host test (1988) - positive (NCPPB).							https://ncppb.fera.co.uk/furtherinfo/3606	
NCPPB 3616					3616	Pseudomonas corrugata					Pseudomonas corrugata Roberts and Scarlett 1981 emend. Sutra et al. 1997	Pseudomonas corrugata		( ex Scarlett et al. 1978) Roberts & Scarlett 1981	Bacteria	No	No	Italy (Sardinia)				Chrysanthemum morifolium		M. Fiori IPV SS98a				1989	1987		No									https://ncppb.fera.co.uk/furtherinfo/3616	
NCPPB 3617					3617	Pseudomonas syringae pv. daphniphylli					Pseudomonas syringae pv. daphniphylli Ogimi et al. 1990	Pseudomonas syringae pv. daphniphylli		Ogimi et al. 1990	Bacteria	No	Yes	Japan				Daphniphyllum teijsmanni - himeyuzuriha			C. Ogimiand & Y. Takikawa		DAT1	1989	1981		No		Forms galls on trunks and twigs.	ATCC 49211, ICMP 9757						https://ncppb.fera.co.uk/furtherinfo/3617	
NCPPB 3618					3618	Pseudomonas syringae pv. rhaphiolepidis					Pseudomonas syringae pv. rhaphiolepidis Ogimi et al. 1992	Pseudomonas syringae pv. raphiolepidis Ogimi et al. 1992		Ogimi et al. 1992	Bacteria	No	Yes	Japan				Raphiolepis umbellata			C. Ogimiand & Y. Takikawa		RU2	1989	1980		No		Forms galls on trunks and twigs.	ATCC 49212, ICMP 9756						https://ncppb.fera.co.uk/furtherinfo/3618	
NCPPB 3620					3620	Pseudomonas syringae					Pseudomonas syringae van Hall 1902	Pseudomonas syringae van Hall 1902		van Hall 1902	Bacteria	No	No	UK				Spirea sp.		J.E. Sellwood A4920/2				1989	1989		No		REP-PCR indicates pv.tomato / maculicola group.LOPAT Ia. Genomospecies 3?			No				https://ncppb.fera.co.uk/furtherinfo/3620	
NCPPB 3621					3621	Pseudomonas syringae								van Hall 1902	Bacteria	No	No	China (Yun-nan province)				Vicia faba		Z. Xu F1	Z. Xu		F1	1989	1988		No		Neotype.							https://ncppb.fera.co.uk/furtherinfo/3621	
NCPPB 3622					3622	Pseudomonas syringae								van Hall 1902	Bacteria	No	No	China				Vicia faba			Z. Xu		F2	1989			No									https://ncppb.fera.co.uk/furtherinfo/3622	
NCPPB 3623					3623	Pseudomonas syringae								van Hall 1902	Bacteria	No	No	China				Vicia faba			Z. Xu		F3	1989			No									https://ncppb.fera.co.uk/furtherinfo/3623	
NCPPB 3632					3632	Burkholderia gladioli pv. agaricicola					Pseudomonas gladioloi pv. agaricicola Lincoln et al. 1991	Pseudomonas gladioli pv. agaricicola	Pseudomonas gladioli pv. agaricicola Lincoln et al. 1991	(Lincoln et al. 1991) Young et al. 1996	Bacteria	No	No	UK				Agaricus bitorquis			T. Fermor		RR5	1989			No			ICMP 11097						https://ncppb.fera.co.uk/furtherinfo/3632	
NCPPB 3636					3636	Pseudomonas sp.					Pseudomonas gingeri Preece & Wong 1982	Pseudomonas gingeri Preece & Wong 1982	Pseudomonas gingeri	Migula 1894	Bacteria	No	No	UK				Agaricus bisporus			T. Fermor		PgSA	1989			No		The taxonomic name ‘Pseudomonas gingeri (Preece TF & Wong WC 1982)’ has been effectively published but not validly published under the rules of the International Code of Nomenclature of Bacteria (Bacteriological Code). Our WGS studies confirm this strain lies in a clade synonymous with ‘P. gingeri’.							https://ncppb.fera.co.uk/furtherinfo/3636	
NCPPB 3637					3637	Pseudomonas sp.					Pseudomonas gingeri Preece & Wong 1982	Pseudomonas gingeri Preece & Wong 1982		Migula 1894	Bacteria	No	No	UK				Agaricus bisporus			T. Fermor		PgSB	1989			No		This strain was thought to be ‘P. gingeri’ but our WGS studies show that it is closer to P. edaphica							https://ncppb.fera.co.uk/furtherinfo/3637	
NCPPB 3643					3643	Pseudomonas savastanoi pv. glycinea					Pseudomonas savastanoi pv. glycinea ( Coerper 1919 ) Gardan et al. 1992	Pseudomonas syringae pv. glycinea (Coerper 1919) Young et al.1976	Pseudomonas syringae pv. glycinea (Coerper 1919) Young et al.1976	( Coerper 1919 ) Gardan et al. 1992	Bacteria	No	No	Brazil				Glycine max			J.R. Neto	ex R.S. Romerio	ISBF 355	1990			No									https://ncppb.fera.co.uk/furtherinfo/3643	
NCPPB 3644					3644	Pseudomonas syringae pv. sesami					Pseudomonas syringae pv. sesami (Malkoff 1906) Young, Dye & Wilkie 1978	Pseudomonas syringae pv. sesami		(Malkoff 1906) Young, Dye & Wilkie 1978	Bacteria	No	No	Brazil				Sesamum indicum			J.R. Neto		ISBF 244	1990	1977		No									https://ncppb.fera.co.uk/furtherinfo/3644	
NCPPB 3645					3645	Pseudomonas syringae pv. tomato					Pseudomonas syringae pv. tomato (Okabe 1933) Young, Dye and Wilkie 1978	Pseudomonas syringae pv. tomato		(Okabe 1933) Young, Dye and Wilkie 1978	Bacteria	No	No	Brazil				Solanum lycopersicum			J.R. Neto		ISBF 432	1990	1982		No									https://ncppb.fera.co.uk/furtherinfo/3645	
NCPPB 3650					3650	Ralstonia solanacearum					Ralstonia solanacearum (Smith 1896) Yabuuchi et al. 1996	Pseudomonas solanacearum (Smith 1896) 1914	Burkholderia solanacearum (Smith 1896) Yabuuchi et al. 1993, Pseudomonas solanacearum (Smith 1896) Smith 1914	(Smith 1896) Yabuuchi et al. 1996	Bacteria	No	No	Brazil				Musa sp.			J.R. Neto		ISBF 188	1990	1979		No		Race 2.							https://ncppb.fera.co.uk/furtherinfo/3650	
NCPPB 3670					3670	Phaseolibacter flectens					Pseudomonas flectens Johnson 1956		Pseudomonas flectens (Johnson 1956)	Halpern et al. 2013	Bacteria	No	No	Australia				Phaseolus vulgaris			ICMP 127	ex N.L. Baigent NI		1990			No									https://ncppb.fera.co.uk/furtherinfo/3670	
NCPPB 3671					3671	Burkholderia gladioli pv. alliicola					Burkholderia gladioli pv. alliicola (Burkholder 1942) Urekami et al. 1994	Pseudomonas gladioli pv. alliicola (Burkholder 1942) Young, Dye & Wilkie 1978	Pseudomonas gladioli pv. alliicola (Burkholder 1942) Young, Dye & Wilkie 1978	(Burkholder 1942) Young et al. 1996	Bacteria	No	No	New Zealand				Allium cepa			ICMP 9209b*	ex R.G. Clark E3528		1990	1986		No		Pathogenic to Onion scales.							https://ncppb.fera.co.uk/furtherinfo/3671	
NCPPB 3673					3673	Burkholderia glumae					Burkholderia glumae (Kurita and Tabei 1967) Urakami et al. 1994	Burkholderia glumae (Kurita and Tabei 1967) Urakami et al. 1994	Pseudomonas glumae Kurita and Tabei 1967	(Kurita and Tabei 1967) Urakami et al. 1994	Bacteria	No	No	Japan				Oryza sativa			ICMP 3728	ex D.W. Dye MD3 ex T. Tominaga P1-22-3		1990	1967		No									https://ncppb.fera.co.uk/furtherinfo/3673	
NCPPB 3674					3674	Burkholderia glumae					Burkholderia glumae (Kurita and Tabei 1967) Urakami et al. 1994	Burkholderia glumae (Kurita and Tabei 1967) Urakami et al. 1994	Pseudomonas glumae Kurita and Tabei 1967	(Kurita and Tabei 1967) Urakami et al. 1994	Bacteria	No	No	Japan				Oryza sativa			ICMP 3729	ex D.W. Dye MD4 ex T. Tominaga P1-22-4		1990	1968		No									https://ncppb.fera.co.uk/furtherinfo/3674	
NCPPB 3675					3675	Burkholderia plantarii					Burkholderia plantarii (Azegami et al. 1987) Urakami et al. 1994	Burkholderia plantarii (Azegami et al. 1987) Urakami et al. 1994	Pseudomonas plantarii Azegami et al. 1987	(Azegami et al. 1987) Urakami et al. 1994	Bacteria	No	No	Japan				Oryza sativa			ICMP 9426a	ex K. Azegami AZ8371		1990	1983		No		Blight and Chlorosis of seedlings.							https://ncppb.fera.co.uk/furtherinfo/3675	
NCPPB 3676					3676	Burkholderia plantarii					Burkholderia plantarii (Azegami et al. 1987) Urakami et al. 1994	Burkholderia plantarii (Azegami et al. 1987) Urakami et al. 1994	Pseudomonas plantarii Azegami et al. 1987	(Azegami et al. 1987) Urakami et al. 1994	Bacteria	No	No	Japan				Soil, Nursery box			ICMP 9425	ex K. Azegami AZ8202		1990	1982		No	1987. Int. J. Syst. Bact. 37: 144-152.	rRNA group II.	DSM 7128						https://ncppb.fera.co.uk/furtherinfo/3676	
NCPPB 3677					3677	Burkholderia plantarii					Burkholderia plantarii (Azegami et al. 1987) Urakami et al. 1994	Burkholderia plantarii (Azegami et al. 1987) Urakami et al. 1994	Pseudomonas plantarii Azegami et al. 1987	(Azegami et al. 1987) Urakami et al. 1994	Bacteria	No	No	Japan				Oryza sativa			ICMP 9429a	ex K. Azegami AZ84236		1990	1984		No	1987. Int. J. Syst. Bact. 37: 144-152.	rRNA group II.			No				https://ncppb.fera.co.uk/furtherinfo/3677	
NCPPB 3679					3679	Acidovorax citrulli					Acidovorax avenae subsp. citrulli (Schaad et al. 1978) Willems et al. 1992	Pseudomonas pseudoalcaligenes subsp. citrulli Schaad et al. 1978	Pseudomonas pseudoalcaligenes subsp. citrulli Schaad et al 1978	(Schaad et al. 1978) Schaad et al. 2009	Bacteria	Yes	No	USA				Citrullus lanatus			ICMP 7500a	ex ATCC 29625		1990			No		WGS confirms this strain is A. citrulli (NCPPB March 2025)							https://ncppb.fera.co.uk/furtherinfo/3679	
NCPPB 3680					3680	Acidovorax citrulli					Acidovorax avenae subsp. citrulli (Schaad et al. 1978) Willems et al. 1992	Pseudomonas pseudoalcaligenes subsp. citrulli Schaad et al. 1978	Pseudomonas pseudoalcaligenes subsp. citrulli Schaad et al 1978	(Schaad et al. 1978) Schaad et al. 2009	Bacteria	No	No	USA				Cucumis melo			ICMP 7713a	ex G. Sowell 38		1990	1981		No		WGS confirms this strain is A. citrulli (NCPPB March 2025)							https://ncppb.fera.co.uk/furtherinfo/3680	
NCPPB 3681	SAMN00002867 SAMN54155678 	  	GCF_000163255.1 		3681	Pseudomonas syringae pv. aesculi					Pseudomonas syringae pv. aesculi (ex Durgapal & Singh 1980) Young et al 1991	Pseudomonas syringae pv. aesculi		(ex Durgapal & Singh 1980) Young et al 1991	Bacteria	No	Yes	India				Aesculus indica			ICMP 8947	ex J.C. Durgapal		1990			No	Ind. Phytopath. 33: 533-535	LOPAT 1b	CFBP 2894, ICMP 8947						https://ncppb.fera.co.uk/furtherinfo/3681	 strain = NCPPB 3681; title = Generic sample from Pseudomonas syringae pv. aesculi str. NCPPB 3681;  strain = NCPPB3681; 
NCPPB 3682					3682	Pseudomonas syringae pv. hibisci					Pseudomonas syringae pv. hibisci (ex Jones et al. 1986) Young et al. 1991	Pseudomonas syringae pv. hibisci		(ex Jones et al. 1986) Young et al. 1991	Bacteria	No	Yes	USA				Hibiscus rosa seinensis			ICMP 9623a	ex J.B. Jones PSH2		1990	1984		No			CFBP 2895, ICMP 9623						https://ncppb.fera.co.uk/furtherinfo/3682	
NCPPB 3683					3683	Pseudomonas syringae pv. oryzae					Pseudomonas syringae pv. oryzae (ex Kuwata 1985) Young et al 1991	Pseudomonas syringae pv. oryzae		(ex Kuwata 1985) Young et al 1991	Bacteria	No	Yes	Japan				Oryza sativa			ICMP 9088a	ex H. Kuwata 1-2		1990	1983		No	1985. Ann. Phytopath. Soc. Japan 51: 212-218.	LOPAT 1a  WGS data shows this closley matching to Pseudomonas tremae.	ICMP 9088, LMG 10912		No				https://ncppb.fera.co.uk/furtherinfo/3683	
NCPPB 3684					3684	Pseudomonas syringae pv. oryzae					Pseudomonas syringae pv. oryzae (ex Kuwata 1985) Young et al 1991	Pseudomonas syringae pv. oryzae		(ex Kuwata 1985) Young et al 1991	Bacteria	No	No	Japan				Oryza sativa cv. Akihikari			ICMP 9089a	ex H. Kuwata 2-3		1990	1983		No	1985. Ann. Phytopath. Soc. Japan 51: 212-218.	LOPAT 1a.  WGS data shows this closley matching to Pseudomonas tremae.			No				https://ncppb.fera.co.uk/furtherinfo/3684	
NCPPB 3685					3685	Pseudomonas syringae pv. oryzae					Pseudomonas syringae pv. oryzae (ex Kuwata 1985) Young et al 1991	Pseudomonas syringae pv. oryzae		(ex Kuwata 1985) Young et al 1991	Bacteria	No	No	Japan				Oryza sativa cv. Akihikari			ICMP 9090a	ex H. Kuwata 5-1		1990	1983		No	1985. Ann. Phytopath. Soc. Japan 51: 212-218.	LOPAT 1a  WGS data shows this closley matching to Pseudomonas tremae.			No				https://ncppb.fera.co.uk/furtherinfo/3685	
NCPPB 3686					3686	Pseudomonas syringae pv. persicae					Pseudomonas syringae pv. persicae (Prunier et al. 1970) Young, Dye & Wilkie 1978	Pseudomonas syringae pv. persicae	Pseudomonas syringae pv. morsprunorum f.sp. persicae Prunier et al. 1970	(Prunier et al. 1970) Young, Dye & Wilkie 1978	Bacteria	No	No	New Zealand				Prunus salicina - Japanese plum			ICMP 7090a	ex J.M. Young 50CO		1990	1980		Yes		LOPAT 1a. Pathogenic to nectarine, peach, and Japanese plum.							https://ncppb.fera.co.uk/furtherinfo/3686	
NCPPB 3687					3687	Pseudomonas syringae pv. persicae					Pseudomonas syringae pv. persicae (Prunier et al. 1970) Young, Dye & Wilkie 1978	Pseudomonas syringae pv. persicae	Pseudomonas syringae pv. morsprunorum f.sp. persicae Prunier et al. 1970	(Prunier et al. 1970) Young, Dye & Wilkie 1978	Bacteria	No	No	New Zealand				Prunus salicina - Japanese plum			ICMP 7092	ex J.M. Young 81CO		1990	1980		No		LOPAT 1a. Pathogenic to nectarine, peach, and Japanese plum.							https://ncppb.fera.co.uk/furtherinfo/3687	
NCPPB 3688					3688	Pseudomonas syringae pv. photiniae					Pseudomonas syringae pv. photiniae Roberts 1985	Pseudomonas syringae pv. photiniae		Goto 1983	Bacteria	No	Yes	Japan				Photinia glabra - Japanese photinia			ICMP 7846a	ex M. Goto A5		1990	1976		Yes			CFBP 2899, ICMP 7840						https://ncppb.fera.co.uk/furtherinfo/3688	
NCPPB 3689					3689	Pseudomonas syringae pv. photiniae					Pseudomonas syringae pv. photiniae Roberts 1985	Pseudomonas syringae pv. photiniae		Goto 1983	Bacteria	No	No	Japan				Photinia glabra - Japanese photinia			ICMP 3689	ex M. Goto A1		1990	1976		Yes									https://ncppb.fera.co.uk/furtherinfo/3689	
NCPPB 3690					3690	Pseudomonas syringae pv. zizaniae					Pseudomonas syringae pv. zizaniae (ex Bowden and Perchich) Young et al. 1991	Pseudomonas syringae pv. zizaniae		(ex Bowden and Percich) Young et al. 1991	Bacteria	No	Yes	USA				Zizania aquatica - wild rice			ICMP 8921a	ex ATCC 35023 ex J.A. Percih - PSZ-2		1990			Yes	1983. Phytopath. 73: 640-645.		ATCC 35023, CFBP 11040, ICMP 8921						https://ncppb.fera.co.uk/furtherinfo/3690	
NCPPB 3691					3691	Pseudomonas syringae pv. zizaniae					Pseudomonas syringae pv. zizaniae (ex Bowden and Perchich) Young et al. 1991	Pseudomonas syringae pv. zizaniae		(ex Bowden and Percich) Young et al. 1991	Bacteria	No	No	USA				Zizania aquatica - wild rice			ICMP 8941	ex R.L. Bowden PSZ26		1990			No	1983. Phytopath. 73: 640-645.		ATCC 35024						https://ncppb.fera.co.uk/furtherinfo/3691	
NCPPB 3693	SAMN56502587 	 		PSE_AA8196AA 	3693	Pseudomonas ficuserectae					Pseudomonas ficuserectae Goto 1983			Goto 1983	Bacteria	Yes	No	Japan		2	NCPPB Primary Storage	Ficus erecta Inubiwa		M. Goto L7				1990			No	1983. Int. J. Syst. Bact. 33(5): 546-550.		ICMP 7848, CFBP 3224, LMG 5694, ATCC 35104		No				https://ncppb.fera.co.uk/furtherinfo/3693	 strain = NCPPB 3693; 
NCPPB 3695					3695	Pseudomonas ficuserectae					Pseudomonas ficuserectae Goto 1983			Goto 1983	Bacteria	No	No	Japan				Ficus erecta Inubiwa		M. Goto L10				1990			No	1983. Int. J. Syst. Bact. 33(5): 546-550.		ICMP 7849						https://ncppb.fera.co.uk/furtherinfo/3695	
NCPPB 3696					3696	Pseudomonas ficuserectae					Pseudomonas ficuserectae Goto 1983			Goto 1983	Bacteria	No	No	Japan				Ficus erecta Inubiwa		M. Goto SI				1990			No	1983. Int. J. Syst. Bact. 33(5): 546-550.		ICMP 7850						https://ncppb.fera.co.uk/furtherinfo/3696	
NCPPB 3697					3697	Acidovorax konjaci					Acidovorax konjaci (Goto 1983) Willems et al. 1992		Pseudomonas pseudoalcaligenes subsp. konjaci Goto 1983, Pseudomonas avenae subsp. konjaci (Goto 1983) Hu et al. 1991	(Goto 1983) Willems et al. 1992	Bacteria	No	No	Japan				Amorphophalus rivieri (konjac)		M. Goto KI				1990			No	1983. Int. J. Syst. Bact. 33(3): 539-545.				No				https://ncppb.fera.co.uk/furtherinfo/3697	
NCPPB 3698					3698	Acidovorax konjaci					Acidovorax konjaci (Goto 1983) Willems et al. 1992		Pseudomonas pseudoalcaligenes subsp. konjaci Goto 1983, Pseudomonas avenae subsp. konjaci (Goto 1983) Hu et al. 1991v	(Goto 1983) Willems et al. 1992	Bacteria	Yes	No	Japan				Amorphophalus rivieri (konjac)		M. Goto K2				1990			No	1983. Int. J. Syst. Bact. 33(3): 539-545.	WGS confirms this strain is A. konjaci (NCPPB March 2025)	ICMP 7733, ATCC 33996, LMG 5691						https://ncppb.fera.co.uk/furtherinfo/3698	
NCPPB 3699					3699	Acidovorax konjaci					Acidovorax konjaci (Goto 1983) Willems et al. 1992		Pseudomonas pseudoalcaligenes subsp. konjaci Goto 1983, Pseudomonas avenae subsp. konjaci (Goto 1983) Hu et al. 1991	(Goto 1983) Willems et al. 1992	Bacteria	No	No	Japan				Amorphophalus rivieri (konjac)		M. Goto K3				1990			No	1983. Int. J. Syst. Bact. 33(3): 539-545.								https://ncppb.fera.co.uk/furtherinfo/3699	
NCPPB 3700					3700	Acidovorax konjaci					Acidovorax konjaci (Goto 1983) Willems et al. 1992		Pseudomonas pseudoalcaligenes subsp. konjaci Goto 1983, Pseudomonas avenae subsp. konjaci (Goto 1983) Hu et al. 1991	(Goto 1983) Willems et al. 1992	Bacteria	No	No	Japan				Amorphophalus rivieri (konjac)		ex M. Goto K4	ICMP 7851			1990			No	1983. Int. J. Syst. Bact. 33(3): 539-545.								https://ncppb.fera.co.uk/furtherinfo/3700	
NCPPB 3708					3708	Burkholderia glumae					Burkholderia glumae (Kurita and Tabei 1967) Urakami et al. 1994	Burkholderia glumae (Kurita and Tabei 1967) Urakami et al. 1994	Pseudomonas glumae Kurita and Tabei 1967	(Kurita and Tabei 1967) Urakami et al. 1994	Bacteria	No	No	Japan				Oryza sativa (grain)			ICMP 3727	ex D.W. Dye MD2 ex T Tominaga P1-22-2		1990	1967		No		Cross reacts with Ralstonisa solanacearum polyclonal antisera	SMT 56						https://ncppb.fera.co.uk/furtherinfo/3708	
NCPPB 3725					3725	Ralstonia syzygii subsp. celebesensis					Pseudomonas sp.(Banana blood disease)	Pseudomonas sp. (Banana blood disease)	Ralstonia sp. (Banana blood disease)	Safni et al 2014	Bacteria	No	No	Indonesia - West Java		2	NCPPB Primary Storage	Musa hybrid banana		S. Eden-Green T334X				1990	1987		No			ICMP 10000		No				https://ncppb.fera.co.uk/furtherinfo/3725	
NCPPB 3726					3726	Ralstonia syzygii subsp. celebesensis					Pseudomonas sp.(Banana blood disease)	Pseudomonas sp. (Banana blood disease)	Ralstonia sp. (Banana blood disease)	Safni et al 2014	Bacteria	No	No	Indonesia - South Sulawesi		2	NCPPB Primary Storage	Musa hybrid banana		S. Eden-Green T389X				1990	1988		No		Cross reacts with Ralstonia solanacearum polyclonal antisera, Cross reacts with OLI 1/Y2 PCR primers	ICMP 10001, SMT 59		No				https://ncppb.fera.co.uk/furtherinfo/3726	
NCPPB 3727					3727	Ralstonia syzygii subsp. celebesensis					Pseudomonas sp.(Banana blood disease)	Pseudomonas sp. (Banana blood disease)	Ralstonia sp. (Banana blood disease)	Safni et al 2014	Bacteria	No	No	South Sulawesi				Musa hybrid banana		S. Eden-Green T394X				1990	1988		No			ICMP 10002						https://ncppb.fera.co.uk/furtherinfo/3727	
NCPPB 3728					3728	Ralstonia syzygii subsp. celebesensis					Pseudomonas sp.(Banana blood disease)	Pseudomonas sp. (Banana blood disease)	Ralstonia sp. (Banana blood disease)	Safni et al 2014	Bacteria	No	No	Indonesia - North Sulawesi		2	NCPPB Primary Storage	Musa hybrid banana		S. Eden-Green T440X				1990			No			ICMP 10003		No				https://ncppb.fera.co.uk/furtherinfo/3728	
NCPPB 3732					3732	Pseudomonas asplenii					Pseudomonas fuscovaginae Miyajima et al. 1983	Pseudomonas fuscovaginae	Pseudomonas fuscovaginae (ex Tanii et al. 1976) Miyajima et al. 1983	(Ark and Tompkins 1946) Savulescu 1947	Bacteria	No	No	Mexico				Triticum aestivum		ex E. Duveiller PF11-1	H. Maratite		UPB 548	1990	1987		No	1990. Plant Dis. 74								https://ncppb.fera.co.uk/furtherinfo/3732	
NCPPB 3734					3734	Pseudomonas asplenii					Pseudomonas fuscovaginae Miyajima et al. 1983	Pseudomonas fuscovaginae	Pseudomonas fuscovaginae (ex Tanii et al. 1976) Miyajima et al. 1983	(Ark and Tompkins 1946) Savulescu 1947	Bacteria	No	No	Burundi				Sorgum bicolor		ex E. Duveiller E139	H. Maratite		UPB 737	1990	1986		No	Duveiller, E., Snacken, F., Maraite, H. 1989. Plant Dis. 73(6): 514-517.	First detection of P fuscovaginae in Maize and Sorghum in Burundi.							https://ncppb.fera.co.uk/furtherinfo/3734	
NCPPB 3735					3735	Pseudomonas asplenii					Pseudomonas fuscovaginae Miyajima et al. 1983	Pseudomonas fuscovaginae	Pseudomonas fuscovaginae (ex Tanii et al. 1976) Miyajima et al. 1983	(Ark and Tompkins 1946) Savulescu 1947	Bacteria	No	No	Malagasy				Oryza sativa		ex E. Duveiller E124	H. Maratite		UPB 736	1990	1986		No	Duveiller, E., Notegham, P., Rott, P., Snacken, F., Maraite, H. 1990. Tropical Pest Management 36(2								https://ncppb.fera.co.uk/furtherinfo/3735	
NCPPB 3736					3736	Pseudomonas corrugata					Pseudomonas corrugata Roberts and Scarlett 1981 emend. Sutra et al. 1997	Pseudomonas corrugata		( ex Scarlett et al. 1978) Roberts & Scarlett 1981	Bacteria	No	No	Japan (Chiba)				Solanum lycopersicum			Y. Takiwawa		TPS 8011	1990	1980		No			ICMP 9847						https://ncppb.fera.co.uk/furtherinfo/3736	
NCPPB 3738					3738	Pseudomonas syringae pv. actinidiae					Pseudomonas syringae pv. actinidiae Takikawa et al. 1989	Pseudomonas syringae pv. actinidiae		Takikawa et al. 1989	Bacteria	No	No	Japan (Shizuoka)				Actinidia chinensis		Y. Takikawa	Y. Takikawa		Kw1 (319)	1990	1984		No	Ref: P. s. pv actinidae pv. nov: The Casual Bacterium of Canker of Kiwi Fruit in Japan. Y. Takikawa		ICMP 9853						https://ncppb.fera.co.uk/furtherinfo/3738	
NCPPB 3739	SAMN02471302 	 	GCF_000233835.1 		3739	Pseudomonas syringae pv. actinidiae					Pseudomonas syringae pv. actinidiae Takikawa et al. 1989	Pseudomonas syringae pv. actinidiae		Takikawa et al. 1989	Bacteria	No	Yes	Japan (Shizuoka)				Actinidia chinensis		Y. Takikawa	Y. Takikawa		Kw 11 (320)	1990	1984		No	Ref: P. s. pv actinidae pv. nov: The Casual Bacterium of Canker of Kiwi Fruit in Japan. Y. Takikawa		ICMP 9617						https://ncppb.fera.co.uk/furtherinfo/3739	 title = Sample from Pseudomonas syringae pv. actinidiae str. NCPPB 3739; strain = NCPPB 3739; 
NCPPB 3745					3745	Pseudomonas syringae pv. aceris					Pseudomonas syringae pv. aceris (Ark 1939) Young, Dye & Wilkie 1978	Pseudomonas syringae pv. aceris (Ark 1939) Young, Dye & Wilkie 1978		(Ark 1939) Young, Dye & Wilkie 1978	Bacteria	No	No	Japan (Tokyo)				Acer buergerianum Miq. 'Tohkaeda'		Y. Takiwawa AC 83b-1 (550)	Y. Takiwawa			1990	1983		No		Isolated from leaf spots.	ICMP 9850						https://ncppb.fera.co.uk/furtherinfo/3745	
NCPPB 3746					3746	Pseudomonas syringae pv. aceris					Pseudomonas syringae pv. aceris (Ark 1939) Young, Dye & Wilkie 1978	Pseudomonas syringae pv. aceris (Ark 1939) Young, Dye & Wilkie 1978		(Ark 1939) Young, Dye & Wilkie 1978	Bacteria	No	No	Japan (Shizouka)				Acer buergerianum Miq. 'Tohkaeda'		Y. Takiwawa Kaede 4-1 (444)	Y. Takiwawa			1990	1983		No		Isolated from leaf spots.	ICMP 9852						https://ncppb.fera.co.uk/furtherinfo/3746	
NCPPB 3755					3755	Pseudomonas syringae pv. tabaci					Pseudomonas syringae pv. tabaci (Wolf & Foster 1917) Young, Dye and Wilkie 1978	Pseudomonas  tabaci		(Wolf & Foster 1917) Young, Dye and Wilkie 1978	Bacteria	No	No	Brazil				Cucumis sativus			J.R. Neto	ex C.F. Robbs t-2	IBSBF 757	1991	1989		No									https://ncppb.fera.co.uk/furtherinfo/3755	
NCPPB 3756					3756	Pseudomonas syringae pv. tabaci					Pseudomonas syringae pv. tabaci (Wolf & Foster 1917) Young, Dye and Wilkie 1978	Pseudomonas  tabaci		(Wolf & Foster 1917) Young, Dye and Wilkie 1978	Bacteria	No	No	Brazil				Cucumis sativus			J.R. Neto	ex C.F. Robbs t-4	IBSBF 758	1991	1989		No									https://ncppb.fera.co.uk/furtherinfo/3756	
NCPPB 3757					3757	Pseudomonas asplenii					Pseudomonas fuscovaginae Miyajima et al. 1983	Pseudomonas fuscovaginae	Pseudomonas fuscovaginae (ex Tanii et al. 1976) Miyajima et al. 1983	(Ark and Tompkins 1946) Savulescu 1947	Bacteria	No	No	Brazil				Triticum aestivum			J.R. Neto	ex V.A. Malavolta jr.	IBSBF 743	1991	1989		No									https://ncppb.fera.co.uk/furtherinfo/3757	
NCPPB 3760					3760	Pseudomonas aeruginosa					Pseudomonas aeruginosa (Schroeter 1872) Migula 1900	Pseudomonas aeruginosa (Schroeter 1872) Migula 1900		(Schroeter 1872) Migula 1900	Bacteria	No	No	India				Coleus barbedos		R. Chand 3	R. Chand			1991	1991		No									https://ncppb.fera.co.uk/furtherinfo/3760	
NCPPB 3762					3762	Pseudomonas syringae					Pseudomonas syringae pv. morsprunorum (Wormald 1931) Young, Dye & Wilkie 1978	Pseudomonas syringae pv. morsprunorum	Pseudomonas syringae pv. morsprunorum (Wormald 1931) Young, Dye & Wilkie 1978	van Hall 1902	Bacteria	No	No	UK				Prunus domestica		C. Garrett D613	C. Garrett			1991			No		Atypical virulent. Partial gene (rpoD) sequencing indicates this is probably not P. syringae pv. morsprunorum but is closely related to the P. syringae pv. cerasifera/persicae/avii complex.			No				https://ncppb.fera.co.uk/furtherinfo/3762	
NCPPB 3763					3763	Pseudomonas syringae pv. morsprunorum					Pseudomonas syringae pv. morsprunorum (Wormald 1931) Young, Dye & Wilkie 1978	Pseudomonas syringae pv. morsprunorum		(Wormald 1931) Young, Dye & Wilkie 1978	Bacteria	No	No	UK		2	NCPPB Primary Storage	Prunus domesticus		C. Garrett JP 218	C. Garrett			1991			No		Whole genome sequencing places this strain with other Race 1 Psm in the Pseudomonas amygdali clade (NCPPB May 2026)			No				https://ncppb.fera.co.uk/furtherinfo/3763	
NCPPB 3764					3764	Pseudomonas syringae pv. morsprunorum					Pseudomonas syringae pv. morsprunorum (Wormald 1931) Young, Dye & Wilkie 1978	Pseudomonas syringae pv. morsprunorum		(Wormald 1931) Young, Dye & Wilkie 1978	Bacteria	No	No	UK		2	NCPPB Primary Storage	Prunus domesticus		C. Garrett JP448	C. Garrett			1991			No		Whole genome sequencing places this strain with other Race 1 Psm in the Pseudomonas amygdali clade (NCPPB May 2026)			No				https://ncppb.fera.co.uk/furtherinfo/3764	
NCPPB 3765					3765	Pseudomonas syringae pv. morsprunorum					Pseudomonas syringae pv. morsprunorum (Wormald 1931) Young, Dye & Wilkie 1978	Pseudomonas syringae pv. morsprunorum		(Wormald 1931) Young, Dye & Wilkie 1978	Bacteria	No	No	UK		2	NCPPB Primary Storage	Prunus domesticus		C. Garrett JP 638	C. Garrett			1991			No		Typical Group 3.			No				https://ncppb.fera.co.uk/furtherinfo/3765	
NCPPB 3768					3768	Pseudomonas syringae					Pseudomonas syringae van Hall 1902	Pseudomonas syringae van Hall 1902		van Hall 1902	Bacteria	No	No	UK				Rosa hybrid			P. Higgins		163A	1991	1991		No		Ex lesion. LOPAT Ib. Genomospecies 1?			No				https://ncppb.fera.co.uk/furtherinfo/3768	
NCPPB 3769					3769	Pseudomonas syringae					Pseudomonas syringae van Hall 1902	Pseudomonas syringae van Hall 1902		van Hall 1902	Bacteria	No	No	UK				Mahonia sp.		P. Higgins 533	P. Higgins			1991	1991		No									https://ncppb.fera.co.uk/furtherinfo/3769	
NCPPB 3777					3777	Pseudomonas syringae pv. philadelphi					Pseudomonas syringae pv. philadelphi Roberts 1985	Pseudomonas syringae pv. philadelphi		Roberts 1985	Bacteria	No	No	UK				Philadelphus sp.		D.E. Stead	D.E. Stead			1991			No		Atypical REP-PCR profile							https://ncppb.fera.co.uk/furtherinfo/3777	
NCPPB 3780					3780	Pseudomonas syringae pv. coriandricola					Pseudomonas syringae pv. coriandricola  Toben and Rudolph, 1996	Pseudomonas syringae pv. coriandricola		Toben and Rudolph, 1996	Bacteria	No	No	Germany				Daucus carota L. (wild carrot)			GSPB	ex H. Toben W43		1991	1990		No									https://ncppb.fera.co.uk/furtherinfo/3780	
NCPPB 3781					3781	Pseudomonas syringae pv. coriandricola					Pseudomonas syringae pv. coriandricola  Toben and Rudolph, 1996	Pseudomonas syringae pv. coriandricola		Toben and Rudolph, 1996	Bacteria	No	Yes	Germany				Coriandrum sativum var. micocarpur			GSPB	ex H. Toben Kor 31	1965	1991	1990		No			ICMP 12471						https://ncppb.fera.co.uk/furtherinfo/3781	
NCPPB 3782					3782	Pseudomonas syringae pv. syringae					Pseudomonas syringae pv. syringae van Hall 1902	Pseudomonas syringae  pv. syringae		van Hall 1902	Bacteria	No	No	USSR				Vicia faba - fodder bean			R.I. Gvozdyak		8414	1991			No									https://ncppb.fera.co.uk/furtherinfo/3782	
NCPPB 3783					3783	Pseudomonas savastanoi pv. phaseolicola					Pseudomonas syringae pv. phaseolicola ( Burkholder 1926 ) Young et al. 1976	Pseudomonas savastanoi pv. phaseolicola ( Burkholder 1926 ) Gardan et al. 1992	Pseudomonas syringae pv. phaseolicola (Burkholder 1926) Young et al. 1978	( Burkholder 1926 ) Gardan et al. 1992	Bacteria	No	No	Moldavia				Phaseolus vulgaris		ex V.A. Maurus 35	R.I. Gvozdyak		4012	1991	1980		No									https://ncppb.fera.co.uk/furtherinfo/3783	
NCPPB 3784					3784	Pseudomonas syringae pv. tomato					Pseudomonas syringae pv. tomato (Okabe 1933) Young, Dye and Wilkie 1978	Pseudomonas syringae pv. tomato		(Okabe 1933) Young, Dye and Wilkie 1978	Bacteria	No	No	Ukraine				Solanum lycopersicum		ex L.V. Kabashnya 152 ta	R.I. Gvozdyak		8290	1991	1987		No									https://ncppb.fera.co.uk/furtherinfo/3784	
NCPPB 3788					3788	Pseudomonas syringae					Pseudomonas syringae van Hall 1902	Pseudomonas syringae van Hall 1902		van Hall 1902	Bacteria	No	No	Italy				Spinacia oleracea			C. Bazzi		2524b	1991			No		Fatty acids and REP-PCR indicate pv.tomato/maculicola group. LOPAT Ia							https://ncppb.fera.co.uk/furtherinfo/3788	
NCPPB 3789					3789	Pseudomonas syringae					Pseudomonas syringae van Hall 1902	Pseudomonas syringae van Hall 1902		van Hall 1902	Bacteria	No	No	Italy				Spinacia oleracea			C. Bazzi		2525b	1991			No		Fatty acids and REP-PCR indicate pv.tomato/maculicola group. LOPAT Ia							https://ncppb.fera.co.uk/furtherinfo/3789	
NCPPB 3792					3792	Ralstonia syzygii subsp. syzygii					Pseudomonas syzygii Roberts et al. 1990	Ralstonia syzygii Roberts et al. 1990	Ralstonia syzygii (Roberts et al. 1990) Vaneechoutte et al. 2003, Pseudomonas syzygii Roberts et al. 1991	(Roberts et al. 1990) Safni et al. 2014	Bacteria	No	No	Indonesia - Central Java		2	NCPPB Primary Storage	Syzygium aromaticum (clove)		S. Eden-Green T327x	S.Roberts			1992			No		TaqMan indicates authentic Ralstonia sp.			No				https://ncppb.fera.co.uk/furtherinfo/3792	
NCPPB 3794					3794	Ralstonia solanacearum					Ralstonia solanacearum (Smith 1896) Yabuuchi et al. 1996	Pseudomonas solanacearum (Smith 1896) 1914	Burkholderia solanacearum (Smith 1896) Yabuuchi et al. 1993, Pseudomonas solanacearum (Smith 1896) Smith 1914	(Smith 1896) Yabuuchi et al. 1996	Bacteria	No	No	Indonesia - Central Java				Syzygium aromaticum (clove)		S. Eden-Green T305x	S.Roberts			1992			No					No				https://ncppb.fera.co.uk/furtherinfo/3794	
NCPPB 3798					3798	Burkholderia sp.					Burkholderia sp.	Pseudomonas symploci	Pseudomonas symploci Ogimi & Takikawa 1991 (Illegitimate name, never published)	Yabuuchi et al., 1993 emend. Gillis et al., 1995	Bacteria	No	No	Japan				Symplocos lucida var. nakaharae		C. Ogimi & Y. Takikawa SLV3				1992	1981		No									https://ncppb.fera.co.uk/furtherinfo/3798	
NCPPB 3802					3802	Pseudomonas cichorii					Pseudomonas cichorii (Swingle 1925) Stapp 1928	Pseudomonas cichorii		(Swingle 1925) Stapp 1928	Bacteria	No	No	Turkey				Solanum lycopersicum			J.E. Sellwood	ex M. Yasarbas DI-R	A5193	1992			No		LOPAT -+--+. Weakly fluorescent.							https://ncppb.fera.co.uk/furtherinfo/3802	
NCPPB 3815					3815	Ralstonia solanacearum					Ralstonia solanacearum (Smith 1896) Yabuuchi et al. 1996	Pseudomonas solanacearum (Smith 1896) 1914	Burkholderia solanacearum (Smith 1896) Yabuuchi et al. 1993, Pseudomonas solanacearum (Smith 1896) Smith 1914	(Smith 1896) Yabuuchi et al. 1996	Bacteria	No	No	UK				Solanum tuberosum		J.E. Sellwood A5244	J.E. Sellwood			1992	1992		No		Material ex Bangladesh. Race 1. Biovar 2.							https://ncppb.fera.co.uk/furtherinfo/3815	
NCPPB 3828					3828	Herbaspirillum rubrisubalbicans					Herbaspirillum rubrisubalbicans (Christopher and Edgerton 1930) Baldani et al. 1996	Pseudomonas rubrisubalbicans	Pseudomonas rubrisubalbicans ((Christopher and Edgerton 1930) Baldani et al. 1996	(Christopher and Edgerton 1930) Baldani et al. 1996	Bacteria	No	No	UK				Dieffenbachia camilla		H. Gunson 152A			152	1992	1988		No		Tobacco HR -ve. Not pathogenic to Sorghum cvs. Fettcrita or French Red (NCPPB).							https://ncppb.fera.co.uk/furtherinfo/3828	
NCPPB 3838					3838	Sphingomonas paucimobilis					Sphingomonas paucimobilis (Holmes et al.1977) Yabuchi et al. 1990	Sphingomobilis paucimobilis	Pseudomonas paucimobilis Holmes et al.1977	(Holmes et al.1977) Yabuchi et al. 1990	Bacteria	Yes	No	UK							DSM 1098	ex NCTC ex B. Holus CL1/70		1992			No		Ex Hospital respirator							https://ncppb.fera.co.uk/furtherinfo/3838	
NCPPB 3850					3850	Ralstonia pseudosolanacearum					Ralstonia solanacearum (Smith 1896) Yabuuchi et al. 1996	Pseudomonas solanacearum (Smith 1896) 1914	Ralstonia solanacearum (Smith 1896) Yabuuchi et al. 1996, Burkholderia solanacearum (Smith 1896) Yabuuchi et al. 1993, Pseudomonas solanacearum (Smith 1896) Smith 1914	(Smith 1896) Safni et al. 2014	Bacteria	No	No	China				Morus alba			He		R288	1993			No			SMT 50, CFBP 4617, NCPPB 4011						https://ncppb.fera.co.uk/furtherinfo/3850	
NCPPB 3852					3852	Burkholderia gladioli pv. agaricicola					Pseudomonas gladioloi pv. agaricicola Lincoln et al. 1991	Pseudomonas gladioli pv. agaricicola	Pseudomonas gladioli pv. agaricicola Lincoln et al. 1991	(Lincoln et al. 1991) Young et al. 1996	Bacteria	No	No	New Zealand				Agaricus bitorquis		W. Gill PMS 164	W. Gill			1993	1990		No	Gill, W.M., Cole A.L.J. Can. J. Microbiol. 38: 394-397								https://ncppb.fera.co.uk/furtherinfo/3852	
NCPPB 3853					3853	Burkholderia gladioli pv. agaricicola					Pseudomonas gladioloi pv. agaricicola Lincoln et al. 1991	Pseudomonas gladioli pv. agaricicola	Pseudomonas gladioli pv. agaricicola Lincoln et al. 1991	(Lincoln et al. 1991) Young et al. 1996	Bacteria	No	No	New Zealand				Agaricus bitorquis		W. Gill PMS 165	W. Gill			1993	1990		No									https://ncppb.fera.co.uk/furtherinfo/3853	
NCPPB 3854					3854	Ralstonia solanacearum					Ralstonia solanacearum (Smith 1896) Yabuuchi et al. 1996	Pseudomonas solanacearum (Smith 1896) 1914	Burkholderia solanacearum (Smith 1896) Yabuuchi et al. 1993, Pseudomonas solanacearum (Smith 1896) Smith 1914	(Smith 1896) Yabuuchi et al. 1996	Bacteria	No	No	UK				Solanum tuberosum cv. Estima		J.K. Wilson A5364	J.K. Wilson			1992	1992		No									https://ncppb.fera.co.uk/furtherinfo/3854	
NCPPB 3857					3857	Ralstonia solanacearum					Ralstonia solanacearum (Smith 1896) Yabuuchi et al. 1996	Pseudomonas solanacearum (Smith 1896) 1914	Burkholderia solanacearum (Smith 1896) Yabuuchi et al. 1993, Pseudomonas solanacearum (Smith 1896) Smith 1914	(Smith 1896) Yabuuchi et al. 1996	Bacteria	No	No	UK				Solanum tuberosum cv. Romano		J.K Wilson A5370	J.K. Wilson			1992	1992		No		SMT reference strain (EC official method),	SMT12, CFBP 4587						https://ncppb.fera.co.uk/furtherinfo/3857	
NCPPB 3862					3862	Ralstonia solanacearum					Ralstonia solanacearum (Smith 1896) Yabuuchi et al. 1996	Burkholderia solanacearum (Smith 1896) Yabuuchi et al. 1993	Burkholderia solanacearum (Smith 1896) Yabuuchi et al. 1993, Pseudomonas solanacearum (Smith 1896) Smith 1914	(Smith 1896) Yabuuchi et al. 1996	Bacteria	No	No	Brazil				Capsicum annuum		ex C.A. Lopes	P.M.G. Parente		CNPH-17	1993	1991		No		Biovar II.							https://ncppb.fera.co.uk/furtherinfo/3862	
NCPPB 3865					3865	Ralstonia solanacearum					Ralstonia solanacearum (Smith 1896) Yabuuchi et al. 1996	Burkholderia solanacearum (Smith 1896) Yabuuchi et al. 1993	Burkholderia solanacearum (Smith 1896) Yabuuchi et al. 1993, Pseudomonas solanacearum (Smith 1896) Smith 1914	(Smith 1896) Yabuuchi et al. 1996	Bacteria	No	No	Brazil				Solanum lycopersicum		ex C.A. Lopes	P.M.G. Parente		CNPH-19	1993	1991		No		Biovar I.							https://ncppb.fera.co.uk/furtherinfo/3865	
NCPPB 3866					3866	Ralstonia solanacearum					Ralstonia solanacearum (Smith 1896) Yabuuchi et al. 1996	Burkholderia solanacearum (Smith 1896) Yabuuchi et al. 1993	Burkholderia solanacearum (Smith 1896) Yabuuchi et al. 1993, Pseudomonas solanacearum (Smith 1896) Smith 1914	(Smith 1896) Yabuuchi et al. 1996	Bacteria	No	No	Brazil				Solanum tuberosum		ex C.A. Lopes	P.M.G. Parente		CNPH-14	1993			No		Biovar I.							https://ncppb.fera.co.uk/furtherinfo/3866	
NCPPB 3867					3867	Ralstonia solanacearum					Ralstonia solanacearum (Smith 1896) Yabuuchi et al. 1996	Burkholderia solanacearum (Smith 1896) Yabuuchi et al. 1993	Burkholderia solanacearum (Smith 1896) Yabuuchi et al. 1993, Pseudomonas solanacearum (Smith 1896) Smith 1914	(Smith 1896) Yabuuchi et al. 1996	Bacteria	No	No	Brazil				Solanum tuberosum		ex C.A. Lopes	P.M.G. Parente		CNPH-27	1993	1991		No		Biovar II.SMT reference strain (EC official method),	SMT42, CFBP 4610						https://ncppb.fera.co.uk/furtherinfo/3867	
NCPPB 3868					3868	Ralstonia solanacearum					Ralstonia solanacearum (Smith 1896) Yabuuchi et al. 1996	Burkholderia solanacearum (Smith 1896) Yabuuchi et al. 1993	Burkholderia solanacearum (Smith 1896) Yabuuchi et al. 1993, Pseudomonas solanacearum (Smith 1896) Smith 1914	(Smith 1896) Yabuuchi et al. 1996	Bacteria	No	No	Brazil				Solanum tuberosum		ex C.A. Lopes	P.M.G. Parente		CNPH-110	1993	1991		No		Biovar II.							https://ncppb.fera.co.uk/furtherinfo/3868	
NCPPB 3869					3869	Pseudomonas syringae pv. syringae					Pseudomonas syringae pv. syringae van Hall 1902	Pseudomonas syringae  pv. syringae		van Hall 1902	Bacteria	No	No	Italy				Laurus nobilis L.		M Scortichini ISPAVEB015	M Scortichini			1993	1992		No									https://ncppb.fera.co.uk/furtherinfo/3869	
NCPPB 3872					3872	Pseudomonas avellanae					Pseudomonas avellenae Janse et al. 1997	Pseudomonas syringae pv. avellenae Psallidas 1984	Pseudomonas syringae pv. avellanae Psallidas 1993	Janse et al. 1997	Bacteria	No	No	Italy		2	NCPPB Primary Storage	Corylus avellana		M Scortichini ISPVE-B-011	M Scortichini			1993	1991		No	Scortichini et al. 1993. Journ. of Phytopath.				No				https://ncppb.fera.co.uk/furtherinfo/3872	
NCPPB 3873					3873	Pseudomonas syringae pv. syringae					Pseudomonas syringae pv. actinidiae Takikawa et al. 1989	Pseudomonas syringae pv. actinidiae		van Hall 1902	Bacteria	No	No	Italy						M Scortichini ISPAVE - B- 019	M Scortichini			1993	1992		No		Received as P. syringae pv. actinidiae - see Rees-George et al. Plant Pathology (2010) 59, 453–464  https://doi.org/10.1111/j.1365-3059.2010.02259.x							https://ncppb.fera.co.uk/furtherinfo/3873	
NCPPB 3874					3874	Pseudomonas avellanae					Pseudomonas avellenae Janse et al. 1997	Pseudomonas syringae pv. avellanae Psallidas 1984	Pseudomonas syringae pv. avellanae Psallidas 1993	Janse et al. 1997	Bacteria	No	No	Italy		2	NCPPB Primary Storage	Corylus avellana		M Scortichini ISPAVE-B-012	M Scortichini			1993	1991		No					No				https://ncppb.fera.co.uk/furtherinfo/3874	
NCPPB 3879					3879	Pseudomonas corrugata					Pseudomonas corrugata Roberts and Scarlett 1981 emend. Sutra et al. 1997	Pseudomonas corrugata		( ex Scarlett et al. 1978) Roberts & Scarlett 1981	Bacteria	No	No	Italy						M Scortichini	M Scortichini		38h	1993			No									https://ncppb.fera.co.uk/furtherinfo/3879	
NCPPB 3880					3880	Pseudomonas syringae pv. pisi					Xanthomonas axonopodis pv. dieffenbachiae (McCulloch & Pirone 1939) Vauterin et al. 1995			(Sacket 1916) Young, Dye & Wilkie 1978	Bacteria	No	No	UK				Pisum sativum			J.E. Sellwood		A5922	1993	1990		No		Material ex Zimbabwe							https://ncppb.fera.co.uk/furtherinfo/3880	
NCPPB 3892					3892	Pseudomonas syringae pv. syringae					Pseudomonas syringae pv. syringae van Hall 1902	Pseudomonas syringae  pv. syringae		van Hall 1902	Bacteria	No	No	UK				Ligustrum sp.		J.E. Sellwood A6272	J.E. Sellwood			1994	1994		No		Ex. ring spot on bonsai privet.							https://ncppb.fera.co.uk/furtherinfo/3892	
NCPPB 3893					3893	Pseudomonas syringae					Pseudomonas syringae van Hall 1902	Pseudomonas syringae van Hall 1902		van Hall 1902	Bacteria	No	No	UK				Salix sp.		J.E. Sellwood A6285	J.E. Sellwood			1994	1994		No		Cause blackening and die-back.							https://ncppb.fera.co.uk/furtherinfo/3893	
NCPPB 3895					3895	Pseudomonas syringae pv. morsprunorum					Pseudomonas syringae pv. morsprunorum (Wormald 1931) Young, Dye & Wilkie 1978	Pseudomonas syringae pv. morsprunorum		(Wormald 1931) Young, Dye & Wilkie 1978	Bacteria	No	No	UK		2	NCPPB Primary Storage	Prunus avium		J.E. Sellwood A6292/3	J.E. Sellwood			1994	1994		No		Whole genome sequencing places this strain with other Race 1 Psm in the Pseudomonas amygdali clade (NCPPB May 2026) LOPAT +---+.			No				https://ncppb.fera.co.uk/furtherinfo/3895	
NCPPB 3900					3900	Pseudomonas syringae pv. atrofaciens					Pseudomonas syringae pv. atrofaciens (McCulloch 1920) Young, Dye & Wilkie 1978	Pseudomonas syringae pv. atrofaciens		(McCulloch 1920) Young, Dye & Wilkie 1978	Bacteria	No	No								A. Calzolari		OMP-BO 456/6				No									https://ncppb.fera.co.uk/furtherinfo/3900	
NCPPB 3901					3901	Pseudomonas syringae pv. atrofaciens					Pseudomonas syringae pv. atrofaciens (McCulloch 1920) Young, Dye & Wilkie 1978	Pseudomonas syringae pv. atrofaciens		(McCulloch 1920) Young, Dye & Wilkie 1978	Bacteria	No	No					Triticum durum			C. Bazzi		IPV-BO 2752/2	1994			No		Symptomatic material.							https://ncppb.fera.co.uk/furtherinfo/3901	
NCPPB 3902					3902	Pseudomonas syringae pv. atrofaciens					Pseudomonas syringae pv. atrofaciens (McCulloch 1920) Young, Dye & Wilkie 1978	Pseudomonas syringae pv. atrofaciens		(McCulloch 1920) Young, Dye & Wilkie 1978	Bacteria	No	No					Triticum durum seeds			C. Bazzi		IPV-BO 15/B1	1994			No									https://ncppb.fera.co.uk/furtherinfo/3902	
NCPPB 3920					3920	Erwinia sp.						Pseudomonas panacis	Pseudomonas panacis Elliot 1923	Winslow et al. 1920 emend. Hauben et al. 1999	Bacteria	No	No	China (Yunnan)				Panax sp. (ginseng)		P. G. Psallidas	X. Z. Ren (Reference number TS2)		ICMP 11809	1994			No		Fatty Acid Profile typical of Enterobacteraceae.							https://ncppb.fera.co.uk/furtherinfo/3920	
NCPPB 3921					3921	Erwinia sp.					Erwinia sp.	Pseudomonas panacis	Pseudomonas panacis Elliot 1923	Winslow et al. 1920 emend. Hauben et al. 1999	Bacteria	No	No	China (Yunnan)				Panax sp. (ginseng)		X.Z. Ren	ICMP		ICMP 11810	1994			No		Fatty Acid Profile typical of Enterobacteriaceae.			No				https://ncppb.fera.co.uk/furtherinfo/3921	
NCPPB 3922					3922	Erwinia sp.					Erwinia sp.	Pseudomonas panacis	Pseudomonas panacis Elliot 1923	Winslow et al. 1920 emend. Hauben et al. 1999	Bacteria	No	No	China (Yunnan)				Panax sp. (ginseng)		X. Z. Ren (Reference number TS5)	ICMP		ICMP 11811	1994			No		Fatty Acid Profile typical of Enterobacteriaceae.							https://ncppb.fera.co.uk/furtherinfo/3922	
NCPPB 3923					3923	Burkholderia glumae					Burkholderia glumae (Kurita and Tabei 1967) Urakami et al. 1994	Burkholderia glumae (Kurita and Tabei 1967) Urakami et al. 1994	Pseudomonas glumae Kurita and Tabei 1967	(Kurita and Tabei 1967) Urakami et al. 1994	Bacteria	No	No	Vietnam				Oryza sativa		N.V.Tuat	IMI	Nat.Inst. Pl. Prot,Vietnam	IMI 363.618	1994	1994		No					No				https://ncppb.fera.co.uk/furtherinfo/3923	
NCPPB 3924					3924	Burkholderia glumae					Burkholderia glumae (Kurita and Tabei 1967) Urakami et al. 1994	Burkholderia glumae (Kurita and Tabei 1967) Urakami et al. 1994	Pseudomonas glumae Kurita and Tabei 1967	(Kurita and Tabei 1967) Urakami et al. 1994	Bacteria	No	No	Vietnam				Oryza sativa		N.V.Tuat	IMI	Nat.Inst. Pl. Prot,Vietnam	IMI 363.619	1994	1994		No									https://ncppb.fera.co.uk/furtherinfo/3924	
NCPPB 3928					3928	Pseudomonas cichorii					Pseudomonas cichorii (Swingle 1925) Stapp 1928	Pseudomonas cichorii		(Swingle 1925) Stapp 1928	Bacteria	No	No	Brazil				Brassica chinensis		ex V.A. Malarotta Jr.	J.R Neto	ex IBSBF	IBSBF 1094	1995	1994		No					No				https://ncppb.fera.co.uk/furtherinfo/3928	
NCPPB 3929					3929	Pseudomonas cichorii					Pseudomonas cichorii (Swingle 1925) Stapp 1928	Pseudomonas cichorii		(Swingle 1925) Stapp 1928	Bacteria	No	No	Brazil				Syngonium podophyllum		ex I.M.G. Almeida	J.R Neto	ex IBSBF	IBSBF 1110	1995	1994		No									https://ncppb.fera.co.uk/furtherinfo/3929	
NCPPB 3933					3933	Pseudomonas cichorii					Pseudomonas cichorii (Swingle 1925) Stapp 1928	Pseudomonas cichorii		(Swingle 1925) Stapp 1928	Bacteria	No	No	Brazil				Helianthus cv. Sunrise		ex I.M.G. Almeida	J.R. Neto	ex IBSBF	IBSBF 1084	1995	1994		No									https://ncppb.fera.co.uk/furtherinfo/3933	
NCPPB 3938					3938	Robbsia andropogonis					Burkholderia andropogonis (Smith 1911) Gillis et al. 1995	Burkholderia andropogonis	Pseudomonas andropogonis (Smith 1911) Stapp 1928, Burkholderia adropogonis (Smith 1911) Gillis et al. 1995, Paraburkholderia andropogonis (Gillis et al. 1995) Sawana et al. 2014	Lopes-Santos et al 2017	Bacteria	No	No	Brazil				Bougainvillea sp.		J.R. Neto IBSBF 1129	J.R. Neto	ex IBSBF		1995	1994		No									https://ncppb.fera.co.uk/furtherinfo/3938	
NCPPB 3939					3939	Pseudomonas syringae pv. coriandricola					Pseudomonas syringae pv. coriandricola  Toben and Rudolph, 1996	Pseudomonas syringae pv. coriandricola		Toben and Rudolph, 1996	Bacteria	No	No	Germany				Coriandrum sativum			K. Rudolph	ex GSPB	1807	1995			No									https://ncppb.fera.co.uk/furtherinfo/3939	
NCPPB 3962					3962	Pseudomonas syringae pv. antirrhini					Pseudomonas syringae pv. antirrhini (Takimoto 1920) Young Dye & Wilkie 1978	Pseudomonas syringae pv. antirrhini		(Takimoto 1920) Young Dye & Wilkie 1978	Bacteria	No	No	UK				Antirrhinum sp.		A. Aspin CSL964028				1996	1996		No									https://ncppb.fera.co.uk/furtherinfo/3962	
NCPPB 3966					3966	Pseudomonas corrugata					Pseudomonas corrugata Roberts and Scarlett 1981 emend. Sutra et al. 1997	Pseudomonas corrugata		( ex Scarlett et al. 1978) Roberts & Scarlett 1981	Bacteria	No	No	UK (England)				Petunia (surfinia hybrid)		H.M. Stanford CSL964518 B379	H.M. Stanford			1996	1996		No					No				https://ncppb.fera.co.uk/furtherinfo/3966	
NCPPB 3967					3967	Pseudomonas syringae pv. lachrymans						Pseudomonas syringae pv. lachrymans		(Smith & Bryan 1915) Young, Dye & Wilkie 1978	Bacteria	No	No	UK				Cucurbita moschata		A. Aspin CSL971786	A. Aspin			1997	1997		No		Butternut Squash ex S Africa							https://ncppb.fera.co.uk/furtherinfo/3967	
NCPPB 3968					3968	Ralstonia solanacearum					Ralstonia solanacearum (Smith 1896) Yabuuchi et al. 1996	Burkholderia solanacearum (Smith 1896) Yabuuchi et al. 1996	Burkholderia solanacearum (Smith 1896) Yabuuchi et al. 1993, Pseudomonas solanacearum (Smith 1896) Smith 1914	(Smith 1896) Yabuuchi et al. 1996	Bacteria	No	No	Colombia		2	NCPPB Primary Storage	Musa (Plantain)			J. Elphinstone	ex Sequeira	R133	1997			No	Cook, D., Elizabeth, B., Sequeria, L. 1989. Mol. Plant-Microne Interact. 2: 113-121.	Biovar 1 (Moko). RFLP 25 (Cook et al).			No				https://ncppb.fera.co.uk/furtherinfo/3968	
NCPPB 3969					3969	Ralstonia solanacearum					Ralstonia solanacearum (Smith 1896) Yabuuchi et al. 1996	Ralstonia solanacearum (Smith 1896) Yabuuchi et al. 1996	Burkholderia solanacearum (Smith 1896) Yabuuchi et al. 1993, Pseudomonas solanacearum (Smith 1896) Smith 1914	(Smith 1896) Yabuuchi et al. 1996	Bacteria	No	No	Venezuela				Musa (Plantain)			J. Elphinstone	ex Kelman	R367	1997			No	Cook, D., Elizabeth, B., Sequeria, L. 1989. Mol. Plant-Microne Interact. 2: 113-121.	Biovar 1 (Moko-SFR). RFLP 28 (Cook et al).							https://ncppb.fera.co.uk/furtherinfo/3969	
NCPPB 3970					3970	Ralstonia solanacearum					Ralstonia solanacearum (Smith 1896) Yabuuchi et al. 1996	Ralstonia solanacearum (Smith 1896) Yabuuchi et al. 1996	Burkholderia solanacearum (Smith 1896) Yabuuchi et al. 1993, Pseudomonas solanacearum (Smith 1896) Smith 1914	(Smith 1896) Yabuuchi et al. 1996	Bacteria	No	No	Philippines				Musa (Banana)			J. Elphinstone	ex Soguilon	R651	1997			No		Biovar 1 (Bugtok).							https://ncppb.fera.co.uk/furtherinfo/3970	
NCPPB 3971					3971	Ralstonia solanacearum					Ralstonia solanacearum (Smith 1896) Yabuuchi et al. 1996	Ralstonia solanacearum (Smith 1896) Yabuuchi et al. 1996	Burkholderia solanacearum (Smith 1896) Yabuuchi et al. 1993, Pseudomonas solanacearum (Smith 1896) Smith 1914	(Smith 1896) Yabuuchi et al. 1996	Bacteria	No	No	Philippines				Musa (Banana)			J. Elphinstone	ex S. Eden-Green	R495	1997			No		Biovar 1 (Bugtok).							https://ncppb.fera.co.uk/furtherinfo/3971	
NCPPB 3973					3973	Ralstonia solanacearum					Ralstonia solanacearum (Smith 1896) Yabuuchi et al. 1996	Ralstonia solanacearum (Smith 1896) Yabuuchi et al. 1996	Burkholderia solanacearum (Smith 1896) Yabuuchi et al. 1993, Pseudomonas solanacearum (Smith 1896) Smith 1914	(Smith 1896) Yabuuchi et al. 1996	Bacteria	No	No	USA				Solanum lycopersicum			J. Elphinstone	ex Kelman	R842	1997			No	Cook, D., Elizabeth, B., Sequeria, L. 1989. Mol. Plant-Microne Interact. 2: 113-121.	Biovar 1. RFLP 1 (Cook et al).			No				https://ncppb.fera.co.uk/furtherinfo/3973	
NCPPB 3974					3974	Ralstonia solanacearum					Ralstonia solanacearum (Smith 1896) Yabuuchi et al. 1996	Ralstonia solanacearum (Smith 1896) Yabuuchi et al. 1996	Burkholderia solanacearum (Smith 1896) Yabuuchi et al. 1993, Pseudomonas solanacearum (Smith 1896) Smith 1914	(Smith 1896) Yabuuchi et al. 1996	Bacteria	No	No	Mexico				Solanum lycopersicum			J. Elphinstone	ex Fujikovsky	R287	1997			No	Cook, D., Elizabeth, B., Sequeria, L. 1989. Mol. Plant-Microne Interact. 2: 113-121.	Biovar 1. RFLP 3 (Cook et al)							https://ncppb.fera.co.uk/furtherinfo/3974	
NCPPB 3975					3975	Ralstonia solanacearum					Ralstonia solanacearum (Smith 1896) Yabuuchi et al. 1996	Ralstonia solanacearum (Smith 1896) Yabuuchi et al. 1996	Burkholderia solanacearum (Smith 1896) Yabuuchi et al. 1993, Pseudomonas solanacearum (Smith 1896) Smith 1914	(Smith 1896) Yabuuchi et al. 1996	Bacteria	No	No	Colombia				Solanum lycopersicum			J. Elphinstone	ex Sequeria	R281	1997			No	Cook, D., Elizabeth, B., Sequeria, L. 1989. Mol. Plant-Microne Interact. 2: 113-121.	Biovar 1. RFLP 6 (Cook et al).							https://ncppb.fera.co.uk/furtherinfo/3975	
NCPPB 3976					3976	Ralstonia solanacearum					Ralstonia solanacearum (Smith 1896) Yabuuchi et al. 1996	Ralstonia solanacearum (Smith 1896) Yabuuchi et al. 1996	Burkholderia solanacearum (Smith 1896) Yabuuchi et al. 1993, Pseudomonas solanacearum (Smith 1896) Smith 1914	(Smith 1896) Yabuuchi et al. 1996	Bacteria	No	No	Costa Rica							J. Elphinstone	ex Gonzalez	R285	1997			No	Cook, D., Elizabeth, B., Sequeria, L. 1989. Mol. Plant-Microne Interact. 2: 113-121.	Biovar 1. RFLP 4 (Cook et al).							https://ncppb.fera.co.uk/furtherinfo/3976	
NCPPB 3977					3977	Ralstonia solanacearum					Ralstonia solanacearum (Smith 1896) Yabuuchi et al. 1996	Ralstonia solanacearum (Smith 1896) Yabuuchi et al. 1996	Burkholderia solanacearum (Smith 1896) Yabuuchi et al. 1993, Pseudomonas solanacearum (Smith 1896) Smith 1914	(Smith 1896) Yabuuchi et al. 1996	Bacteria	No	No	Costa Rica				M. perfoliatum			J. Elphinstone	ex Sequeria	R286	1997			No	Cook, D., Elizabeth, B., Sequeria, L. 1989. Mol. Plant-Microne Interact. 2: 113-121.	Biovar 1. RFLP 5 (Cook et al)							https://ncppb.fera.co.uk/furtherinfo/3977	
NCPPB 3978					3978	Ralstonia solanacearum					Ralstonia solanacearum (Smith 1896) Yabuuchi et al. 1996	Ralstonia solanacearum (Smith 1896) Yabuuchi et al. 1996	Burkholderia solanacearum (Smith 1896) Yabuuchi et al. 1993, Pseudomonas solanacearum (Smith 1896) Smith 1914	(Smith 1896) Yabuuchi et al. 1996	Bacteria	No	No	Brazil				Nicotiana tabacum			J. Elphinstone	ex Robbs	R296	1997			No	Cook, D., Elizabeth, B., Sequeria, L. 1989. Mol. Plant-Microne Interact. 2: 113-121.	Biovar 1. RFLP 7 (Cook et al).							https://ncppb.fera.co.uk/furtherinfo/3978	
NCPPB 3980					3980	Ralstonia solanacearum					Ralstonia solanacearum (Smith 1896) Yabuuchi et al. 1996	Ralstonia solanacearum (Smith 1896) Yabuuchi et al. 1996	Burkholderia solanacearum (Smith 1896) Yabuuchi et al. 1993, Pseudomonas solanacearum (Smith 1896) Smith 1914	(Smith 1896) Yabuuchi et al. 1996	Bacteria	No	No	Australia				Solanum tuberosum			J. Elphinstone	ex A.C. Hayward	R309	1997	1966		No	Cook, D., Elizabeth, B., Sequeria, L. 1989. Mol. Plant-Microne Interact. 2: 113-121.	Bivar 2A. RFLP 26B (Cook et al)			No				https://ncppb.fera.co.uk/furtherinfo/3980	
NCPPB 3982					3982	Ralstonia solanacearum					Ralstonia solanacearum (Smith 1896) Yabuuchi et al. 1996	Ralstonia solanacearum (Smith 1896) Yabuuchi et al. 1996	Burkholderia solanacearum (Smith 1896) Yabuuchi et al. 1993, Pseudomonas solanacearum (Smith 1896) Smith 1914	(Smith 1896) Yabuuchi et al. 1996	Bacteria	No	No	Chile				Solanum tuberosum			J. Elphinstone	ex Martin	R576	1997			No	Cook, D., Elizabeth, B., Sequeria, L. 1989. Mol. Plant-Microne Interact. 2: 113-121.	Biovar 2A. RFLP 27A (Cook et al)							https://ncppb.fera.co.uk/furtherinfo/3982	
NCPPB 3985					3985	Ralstonia solanacearum						Ralstonia solanacearum (Smith 1896) Yabuuchi et al. 1996	Burkholderia solanacearum (Smith 1896) Yabuuchi et al. 1993, Pseudomonas solanacearum (Smith 1896) Smith 1914	(Smith 1896) Yabuuchi et al. 1996	Bacteria	No	No	Peru		2	NCPPB Primary Storage	Solanum melongena			J. Elphinstone	ex Pedro Aley	R578	1997	1988		No	Cook, D., Elizabeth, B., Sequeria, L. 1989. Mol. Plant-Microne Interact. 2: 113-121.	Biovar 2T. RFLP 31 (Cook et al). SMT reference strain (EC official method),	SMT 44, CFBP 4612, CIP312		No				https://ncppb.fera.co.uk/furtherinfo/3985	
NCPPB 3987					3987	Ralstonia solanacearum					Ralstonia solanacearum (Smith 1896) Yabuuchi et al. 1996	Ralstonia solanacearum (Smith 1896) Yabuuchi et al. 1996	Burkholderia solanacearum (Smith 1896) Yabuuchi et al. 1993, Pseudomonas solanacearum (Smith 1896) Smith 1914	(Smith 1896) Yabuuchi et al. 1996	Bacteria	No	No	Brazil				Solanum tuberosum			J. Elphinstone	ex J.R. Neto	R590	1997			No		Biovar 2T.							https://ncppb.fera.co.uk/furtherinfo/3987	
NCPPB 3988					3988	Ralstonia solanacearum					Ralstonia solanacearum (Smith 1896) Yabuuchi et al. 1996	Ralstonia solanacearum (Smith 1896) Yabuuchi et al. 1996	Burkholderia solanacearum (Smith 1896) Yabuuchi et al. 1993, Pseudomonas solanacearum (Smith 1896) Smith 1914	(Smith 1896) Yabuuchi et al. 1996	Bacteria	No	No	Indonesia				Solanum tuberosum			J. Elphinstone		R780	1997			No		Biovar 2T.			No				https://ncppb.fera.co.uk/furtherinfo/3988	
NCPPB 3989					3989	Ralstonia solanacearum					Ralstonia solanacearum (Smith 1896) Yabuuchi et al. 1996	Ralstonia solanacearum (Smith 1896) Yabuuchi et al. 1996	Burkholderia solanacearum (Smith 1896) Yabuuchi et al. 1993, Pseudomonas solanacearum (Smith 1896) Smith 1914	(Smith 1896) Yabuuchi et al. 1996	Bacteria	No	No	Brazil				Solanum tuberosum			J. Elphinstone	ex J.R. Neto	R568	1997			No	Cook, D., Elizabeth, B., Sequeria, L. 1989. Mol. Plant-Microne Interact. 2: 113-121.	Biovar 2T. RFLP 33 (Cook et al). SMT reference strain (EC official method),	SMT 45, CFBP 4613						https://ncppb.fera.co.uk/furtherinfo/3989	
NCPPB 3990					3990	Ralstonia solanacearum					Ralstonia solanacearum (Smith 1896) Yabuuchi et al. 1996	Ralstonia solanacearum (Smith 1896) Yabuuchi et al. 1996	Burkholderia solanacearum (Smith 1896) Yabuuchi et al. 1993, Pseudomonas solanacearum (Smith 1896) Smith 1914	(Smith 1896) Yabuuchi et al. 1996	Bacteria	No	No	Peru				Solanum tuberosum			J. Elphinstone	ex Turkensteen	R361	1997			No	Cook, D., Elizabeth, B., Sequeria, L. 1989. Mol. Plant-Microne Interact. 2: 113-121.	Biovar 2T. RFLP 29 (Cook et al)							https://ncppb.fera.co.uk/furtherinfo/3990	
NCPPB 3991					3991	Ralstonia solanacearum					Ralstonia solanacearum (Smith 1896) Yabuuchi et al. 1996	Ralstonia solanacearum (Smith 1896) Yabuuchi et al. 1996	Burkholderia solanacearum (Smith 1896) Yabuuchi et al. 1993, Pseudomonas solanacearum (Smith 1896) Smith 1914	(Smith 1896) Yabuuchi et al. 1996	Bacteria	No	No	Costa Rica				Solanum tuberosum			J. Elphinstone	ex Gonzalez	R295	1997			No	Cook, D., Elizabeth, B., Sequeria, L. 1989. Mol. Plant-Microne Interact. 2: 113-121.	RFLP 14 (Cook et al)			No				https://ncppb.fera.co.uk/furtherinfo/3991	
NCPPB 3992					3992	Ralstonia pseudosolanacearum					Ralstonia solanacearum (Smith 1896) Yabuuchi et al. 1996	Ralstonia solanacearum (Smith 1896) Yabuuchi et al. 1996	Ralstonia solanacearum (Smith 1896) Yabuuchi et al. 1996, Burkholderia solanacearum (Smith 1896) Yabuuchi et al. 1993, Pseudomonas solanacearum (Smith 1896) Smith 1914	(Smith 1896) Safni et al. 2014	Bacteria	No	No	Australia				Nicotiana tabacum			J. Elphinstone	ex A.C. Hayward	R278	1997			No	Cook, D., Elizabeth, B., Sequeria, L. 1989. Mol. Plant-Microne Interact. 2: 113-121.	Biovar 3. RFLP 12 (Cook et al)							https://ncppb.fera.co.uk/furtherinfo/3992	
NCPPB 3993					3993	Ralstonia pseudosolanacearum					Ralstonia solanacearum (Smith 1896) Yabuuchi et al. 1996	Ralstonia solanacearum (Smith 1896) Yabuuchi et al. 1996	Ralstonia solanacearum (Smith 1896) Yabuuchi et al. 1996, Burkholderia solanacearum (Smith 1896) Yabuuchi et al. 1993, Pseudomonas solanacearum (Smith 1896) Smith 1914	Safni et al. 2014	Bacteria	No	No	Costa Rica				Capsicum hybrid			J. Elphinstone	ex Gonzalez	R284	1997			No	Cook, D., Elizabeth, B., Sequeria, L. 1989. Mol. Plant-Microne Interact. 2: 113-121.	Biovar 3. RFLP 8 (Cook et al) Phylotype I (NCPPB 2021)							https://ncppb.fera.co.uk/furtherinfo/3993	
NCPPB 3994					3994	Ralstonia pseudosolanacearum					Ralstonia solanacearum (Smith 1896) Yabuuchi et al. 1996	Ralstonia solanacearum (Smith 1896) Yabuuchi et al. 1996	Ralstonia solanacearum (Smith 1896) Yabuuchi et al. 1996, Burkholderia solanacearum (Smith 1896) Yabuuchi et al. 1993, Pseudomonas solanacearum (Smith 1896) Smith 1914	(Smith 1896) Safni et al. 2014	Bacteria	No	No	China				Olea europaea			J. Elphinstone	ex He	R290	1997			No	Cook, D., Elizabeth, B., Sequeria, L. 1989. Mol. Plant-Microne Interact. 2: 113-121.	Biovar 3. RFLP 11 (Cook et al)							https://ncppb.fera.co.uk/furtherinfo/3994	
NCPPB 3995					3995	Ralstonia pseudosolanacearum					Ralstonia solanacearum (Smith 1896) Yabuuchi et al. 1996	Ralstonia solanacearum (Smith 1896) Yabuuchi et al. 1996	Ralstonia solanacearum (Smith 1896) Yabuuchi et al. 1996, Burkholderia solanacearum (Smith 1896) Yabuuchi et al. 1993, Pseudomonas solanacearum (Smith 1896) Smith 1914	Safni et al. 2014	Bacteria	No	No	Costa Rica				E. odoratum			J. Elphinstone	ex Sequeria	R304	1997			No	Cook, D., Elizabeth, B., Sequeria, L. 1989. Mol. Plant-Microne Interact. 2: 113-121.	Biovar 3. RFLP 13 (Cook et al) Phylotype I (NCPPB 2021)							https://ncppb.fera.co.uk/furtherinfo/3995	
NCPPB 3996					3996	Ralstonia pseudosolanacearum						Ralstonia solanacearum (Smith 1896) Yabuuchi et al. 1996	Ralstonia solanacearum (Smith 1896) Yabuuchi et al. 1996, Burkholderia solanacearum (Smith 1896) Yabuuchi et al. 1993, Pseudomonas solanacearum (Smith 1896) Smith 1914	(Smith 1896) Safni et al. 2014	Bacteria	No	No	Peru		2	NCPPB Primary Storage	Solanum lycopersicum			J. Elphinstone			1997			No	Cook, D., Elizabeth, B., Sequeria, L. 1989. Mol. Plant-Microne Interact. 2: 113-121	Biovar 3. RFLP 9 (Cook et al). SMT reference strain (EC official method),	SMT 46, CFBP 3928		No				https://ncppb.fera.co.uk/furtherinfo/3996	
NCPPB 3997					3997	Ralstonia pseudosolanacearum					Ralstonia solanacearum (Smith 1896) Yabuuchi et al. 1996	Ralstonia solanacearum (Smith 1896) Yabuuchi et al. 1996	Ralstonia solanacearum (Smith 1896) Yabuuchi et al. 1996, Burkholderia solanacearum (Smith 1896) Yabuuchi et al. 1993, Pseudomonas solanacearum (Smith 1896) Smith 1914	(Smith 1896) Safni et al. 2014	Bacteria	No	No	Australia				Solanum tuberosum			J. Elphinstone	ex A.C. Hayward	R280	1997			No	Cook, D., Elizabeth, B., Sequeria, L. 1989. Mol. Plant-Microne Interact. 2: 113-121.	Biovar 3. RFLP 10 (Cook et al). SMT reference strain (EC official method),	SMT 47, CFBP 4614						https://ncppb.fera.co.uk/furtherinfo/3997	
NCPPB 3998					3998	Ralstonia pseudosolanacearum					Ralstonia solanacearum (Smith 1896) Yabuuchi et al. 1996	Ralstonia solanacearum (Smith 1896) Yabuuchi et al. 1996	Ralstonia solanacearum (Smith 1896) Yabuuchi et al. 1996, Burkholderia solanacearum (Smith 1896) Yabuuchi et al. 1993, Pseudomonas solanacearum (Smith 1896) Smith 1914	(Smith 1896) Safni et al. 2014	Bacteria	No	No	China		2	NCPPB Primary Storage	Zingiber (Ginger)			J. Elphinstone	ex He	R324	1997			No		Biovar 3.			No				https://ncppb.fera.co.uk/furtherinfo/3998	
NCPPB 4000					4000	Ralstonia pseudosolanacearum					Ralstonia solanacearum (Smith 1896) Yabuuchi et al. 1996	Ralstonia solanacearum (Smith 1896) Yabuuchi et al. 1996	Ralstonia solanacearum (Smith 1896) Yabuuchi et al. 1996, Burkholderia solanacearum (Smith 1896) Yabuuchi et al. 1993, Pseudomonas solanacearum (Smith 1896) Smith 1914	(Smith 1896) Safni et al. 2014	Bacteria	No	No	Thailand				Zingiber(Ginger)			J. Elphinstone	ex J. Janse	R767	1997			No		Biovar 3.							https://ncppb.fera.co.uk/furtherinfo/4000	
NCPPB 4001					4001	Ralstonia pseudosolanacearum					Ralstonia solanacearum (Smith 1896) Yabuuchi et al. 1996	Ralstonia solanacearum (Smith 1896) Yabuuchi et al. 1996	Ralstonia solanacearum (Smith 1896) Yabuuchi et al. 1996, Burkholderia solanacearum (Smith 1896) Yabuuchi et al. 1993, Pseudomonas solanacearum (Smith 1896) Smith 1914	(Smith 1896) Safni et al. 2014	Bacteria	No	No	Australia				Zingiber(Ginger)			J. Elphinstone	ex A.C. Hayward	R277	1997			No	Cook, D., Elizabeth, B., Sequeria, L. 1989. Mol. Plant-Microne Interact. 2: 113-121.	Biovar 4. RFLP 21 (Cook et al)							https://ncppb.fera.co.uk/furtherinfo/4001	
NCPPB 4002					4002	Ralstonia pseudosolanacearum					Ralstonia solanacearum (Smith 1896) Yabuuchi et al. 1996	Ralstonia solanacearum (Smith 1896) Yabuuchi et al. 1996	Ralstonia solanacearum (Smith 1896) Yabuuchi et al. 1996, Burkholderia solanacearum (Smith 1896) Yabuuchi et al. 1993, Pseudomonas solanacearum (Smith 1896) Smith 1914	(Smith 1896) Safni et al. 2014	Bacteria	No	No	Australia				Zingiber(Ginger)			J. Elphinstone	ex A.C. Hayward	R279	1997			No	Cook, D., Elizabeth, B., Sequeria, L. 1989. Mol. Plant-Microne Interact. 2: 113-121.	Biovar 4. RFLP 22 (Cook et al)							https://ncppb.fera.co.uk/furtherinfo/4002	
NCPPB 4003					4003	Ralstonia pseudosolanacearum					Ralstonia solanacearum (Smith 1896) Yabuuchi et al. 1996	Ralstonia solanacearum (Smith 1896) Yabuuchi et al. 1996	Ralstonia solanacearum (Smith 1896) Yabuuchi et al. 1996, Burkholderia solanacearum (Smith 1896) Yabuuchi et al. 1993, Pseudomonas solanacearum (Smith 1896) Smith 1914	(Smith 1896) Safni et al. 2014	Bacteria	No	No	China				Zingiber(Ginger)			J. Elphinstone	ex He	R294	1997			No	Cook, D., Elizabeth, B., Sequeria, L. 1989. Mol. Plant-Microne Interact. 2: 113-121.	Biovar 4. RFLP 23 (Cook et al).			No				https://ncppb.fera.co.uk/furtherinfo/4003	
NCPPB 4004					4004	Ralstonia pseudosolanacearum					Ralstonia solanacearum (Smith 1896) Yabuuchi et al. 1996	Ralstonia solanacearum (Smith 1896) Yabuuchi et al. 1996	Ralstonia solanacearum (Smith 1896) Yabuuchi et al. 1996, Burkholderia solanacearum (Smith 1896) Yabuuchi et al. 1993, Pseudomonas solanacearum (Smith 1896) Smith 1914	(Smith 1896) Safni et al. 2014	Bacteria	No	No	Costa Rica				Zingiber(Ginger)			J. Elphinstone	ex Gonzalez	R354	1997			No		Biovar 4.							https://ncppb.fera.co.uk/furtherinfo/4004	
NCPPB 4005					4005	Ralstonia pseudosolanacearum					Ralstonia solanacearum (Smith 1896) Yabuuchi et al. 1996	Ralstonia solanacearum (Smith 1896) Yabuuchi et al. 1996	Ralstonia solanacearum (Smith 1896) Yabuuchi et al. 1996, Burkholderia solanacearum (Smith 1896) Yabuuchi et al. 1993, Pseudomonas solanacearum (Smith 1896) Smith 1914	(Smith 1896) Safni et al. 2014	Bacteria	No	No	Philippines				Zingiber(Ginger)			J. Elphinstone	ex Quimio	R470	1997			No		Biovar 4.SMT reference strain (EC official method),	SMT 49, CFBP 4616						https://ncppb.fera.co.uk/furtherinfo/4005	
NCPPB 4006					4006	Ralstonia pseudosolanacearum					Ralstonia solanacearum (Smith 1896) Yabuuchi et al. 1996	Ralstonia solanacearum (Smith 1896) Yabuuchi et al. 1996	Ralstonia solanacearum (Smith 1896) Yabuuchi et al. 1996, Burkholderia solanacearum (Smith 1896) Yabuuchi et al. 1993, Pseudomonas solanacearum (Smith 1896) Smith 1914	(Smith 1896) Safni et al. 2014	Bacteria	No	No	China		2	NCPPB Primary Storage	Olea europaea			J. Elphinstone	ex He	R289	1997			No		Biovar 4.			No				https://ncppb.fera.co.uk/furtherinfo/4006	
NCPPB 4007					4007	Ralstonia pseudosolanacearum					Ralstonia solanacearum (Smith 1896) Yabuuchi et al. 1996	Ralstonia solanacearum (Smith 1896) Yabuuchi et al. 1996	Ralstonia solanacearum (Smith 1896) Yabuuchi et al. 1996, Burkholderia solanacearum (Smith 1896) Yabuuchi et al. 1993, Pseudomonas solanacearum (Smith 1896) Smith 1914	(Smith 1896) Safni et al. 2014	Bacteria	No	No	China				Morus sp(Mulberry)			J. Elphinstone	ex He	R291	1997			No	Cook, D., Elizabeth, B., Sequeria, L. 1989. Mol. Plant-Microne Interact. 2: 113-121.	Biovar 4. RFLP 16 (Cook et al)							https://ncppb.fera.co.uk/furtherinfo/4007	
NCPPB 4008					4008	Ralstonia pseudosolanacearum					Ralstonia solanacearum (Smith 1896) Yabuuchi et al. 1996	Ralstonia solanacearum (Smith 1896) Yabuuchi et al. 1996	Ralstonia solanacearum (Smith 1896) Yabuuchi et al. 1996, Burkholderia solanacearum (Smith 1896) Yabuuchi et al. 1993, Pseudomonas solanacearum (Smith 1896) Smith 1914	(Smith 1896) Safni et al. 2014	Bacteria	No	No	China				Arachis hypogaea			J. Elphinstone	ex He	R293	1997			No	Cook, D., Elizabeth, B., Sequeria, L. 1989. Mol. Plant-Microne Interact. 2: 113-121.	Biovar 4. RFLP 16 (Cook et al).							https://ncppb.fera.co.uk/furtherinfo/4008	
NCPPB 4009					4009	Ralstonia pseudosolanacearum					Ralstonia solanacearum (Smith 1896) Yabuuchi et al. 1996	Ralstonia solanacearum (Smith 1896) Yabuuchi et al. 1996	Ralstonia solanacearum (Smith 1896) Yabuuchi et al. 1996, Burkholderia solanacearum (Smith 1896) Yabuuchi et al. 1993, Pseudomonas solanacearum (Smith 1896) Smith 1914	(Smith 1896) Safni et al. 2014	Bacteria	No	No	USA				Nicotiana tabacum			J. Elphinstone	ex Kelman	R300	1997			No	Cook, D., Elizabeth, B., Sequeria, L. 1989. Mol. Plant-Microne Interact. 2: 113-121.	Biovar 4. RFLP 17 (Cook et al).							https://ncppb.fera.co.uk/furtherinfo/4009	
NCPPB 4010					4010	Ralstonia pseudosolanacearum					Ralstonia solanacearum (Smith 1896) Yabuuchi et al. 1996	Ralstonia solanacearum (Smith 1896) Yabuuchi et al. 1996	Ralstonia solanacearum (Smith 1896) Yabuuchi et al. 1996, Burkholderia solanacearum (Smith 1896) Yabuuchi et al. 1993, Pseudomonas solanacearum (Smith 1896) Smith 1914	(Smith 1896) Safni et al. 2014	Bacteria	No	No	Malaysia				Solanum lycopersicum			J. Elphinstone	ex S. Eden-Green	R413	1997			No									https://ncppb.fera.co.uk/furtherinfo/4010	
NCPPB 4011					4011	Ralstonia pseudosolanacearum					Ralstonia solanacearum (Smith 1896) Yabuuchi et al. 1996	Ralstonia solanacearum (Smith 1896) Yabuuchi et al. 1996	Ralstonia solanacearum (Smith 1896) Yabuuchi et al. 1996, Burkholderia solanacearum (Smith 1896) Yabuuchi et al. 1993, Pseudomonas solanacearum (Smith 1896) Smith 1914	(Smith 1896) Safni et al. 2014	Bacteria	No	No	China				Morus sp. (Mulberry)			J. Elphinstone	ex He	R288	1997			No	Cook, D., Elizabeth, B., Sequeria, L. 1989. Mol. Plant-Microne Interact. 2: 113-121.	Biovar 5. RFLP 20 (Cook et al).SMT reference strain (EC official method),	SMT 50, CFBP 4617, NCPPB 3850						https://ncppb.fera.co.uk/furtherinfo/4011	
NCPPB 4012					4012	Ralstonia pseudosolanacearum					Ralstonia solanacearum (Smith 1896) Yabuuchi et al. 1996	Ralstonia solanacearum (Smith 1896) Yabuuchi et al. 1996	Ralstonia solanacearum (Smith 1896) Yabuuchi et al. 1996, Burkholderia solanacearum (Smith 1896) Yabuuchi et al. 1993, Pseudomonas solanacearum (Smith 1896) Smith 1914	(Smith 1896) Safni et al. 2014	Bacteria	No	No	China				Morus sp(Mulberry)			J. Elphinstone	ex He	R292	1997			No	Cook, D., Elizabeth, B., Sequeria, L. 1989. Mol. Plant-Microne Interact. 2: 113-121.	Biovar 5. RFLP 10 (Cook et al).							https://ncppb.fera.co.uk/furtherinfo/4012	
NCPPB 4016					4016	Pseudomonas savastanoi pv. phaseolicola					Pseudomonas syringae pv. phaseolicola ( Burkholder 1926 ) Young et al. 1976	Pseudomonas savastanoi pv. phaseolicola ( Burkholder 1926 ) Gardan et al. 1992	Pseudomonas syringae pv. phaseolicola (Burkholder 1926) Young et al. 1978	( Burkholder 1926 ) Gardan et al. 1992	Bacteria	No	No	UK				Phaseolus coccineus		ex J.D. Taylor	J.D. Taylor & D.M. Teverson	ex HRI (HB13814)	1281A	1997	1984		No		Race 1.							https://ncppb.fera.co.uk/furtherinfo/4016	
NCPPB 4017					4017	Pseudomonas savastanoi pv. phaseolicola					Pseudomonas syringae pv. phaseolicola ( Burkholder 1926 ) Young et al. 1976	Pseudomonas savastanoi pv. phaseolicola ( Burkholder 1926 ) Gardan et al. 1992	Pseudomonas syringae pv. phaseolicola (Burkholder 1926) Young et al. 1978	( Burkholder 1926 ) Gardan et al. 1992	Bacteria	No	No	USA				Phaseolus vulgaris			J.D. Taylor & D.M. Teverson	ex M.L. Schuster HB16	882	1997	1975		No		Race 2.							https://ncppb.fera.co.uk/furtherinfo/4017	
NCPPB 4018					4018	Pseudomonas savastanoi pv. phaseolicola					Pseudomonas syringae pv. phaseolicola ( Burkholder 1926 ) Young et al. 1976	Pseudomonas savastanoi pv. phaseolicola ( Burkholder 1926 ) Gardan et al. 1992	Pseudomonas syringae pv. phaseolicola (Burkholder 1926) Young et al. 1978	( Burkholder 1926 ) Gardan et al. 1992	Bacteria	No	No	Tanzania				Phaseolus vulgaris		ex J.D. Taylor	J.D. Taylor & D.M. Teverson		1301B	1997	1984		No		Race 3.							https://ncppb.fera.co.uk/furtherinfo/4018	
NCPPB 4019					4019	Pseudomonas savastanoi pv. phaseolicola					Pseudomonas syringae pv. phaseolicola ( Burkholder 1926 ) Young et al. 1976	Pseudomonas savastanoi pv. phaseolicola ( Burkholder 1926 ) Gardan et al. 1992	Pseudomonas syringae pv. phaseolicola (Burkholder 1926) Young et al. 1978	( Burkholder 1926 ) Gardan et al. 1992	Bacteria	No	No							ex D.M. Teverson	J.D. Taylor & D.M. Teverson	ex HRI	1384A	1997			No		Race 4.							https://ncppb.fera.co.uk/furtherinfo/4019	
NCPPB 4021					4021	Pseudomonas savastanoi pv. phaseolicola					Pseudomonas syringae pv. phaseolicola ( Burkholder 1926 ) Young et al. 1976	Pseudomonas savastanoi pv. phaseolicola ( Burkholder 1926 ) Gardan et al. 1992	Pseudomonas syringae pv. phaseolicola (Burkholder 1926) Young et al. 1978	( Burkholder 1926 ) Gardan et al. 1992	Bacteria	No	No	Tanzania				Phaseolus vulgaris		ex D.M. Teverson	J.D. Taylor & D.M. Teverson	ex HRI	1299B	1997	1984		No		Race 6.							https://ncppb.fera.co.uk/furtherinfo/4021	
NCPPB 4022					4022	Pseudomonas savastanoi pv. phaseolicola					Pseudomonas syringae pv. phaseolicola ( Burkholder 1926 ) Young et al. 1976	Pseudomonas savastanoi pv. phaseolicola ( Burkholder 1926 ) Gardan et al. 1992	Pseudomonas syringae pv. phaseolicola (Burkholder 1926) Young et al. 1978	( Burkholder 1926 ) Gardan et al. 1992	Bacteria	No	No	Ethiopia				Lablab purpureus		ex D.M. Teverson	J.D. Taylor & D.M. Teverson	ex HRI	1449B	1997	1985		No		Race 7.							https://ncppb.fera.co.uk/furtherinfo/4022	
NCPPB 4023					4023	Pseudomonas savastanoi pv. phaseolicola					Pseudomonas syringae pv. phaseolicola ( Burkholder 1926 ) Young et al. 1976	Pseudomonas savastanoi pv. phaseolicola ( Burkholder 1926 ) Gardan et al. 1992	Pseudomonas syringae pv. phaseolicola (Burkholder 1926) Young et al. 1978	( Burkholder 1926 ) Gardan et al. 1992	Bacteria	No	No	Lesotho				Phaseolus vulgaris		ex D.M. Teverson	J.D. Taylor & D.M. Teverson	ex HRI	2656A	1997	1990		No		Race 8.							https://ncppb.fera.co.uk/furtherinfo/4023	
NCPPB 4024					4024	Pseudomonas savastanoi pv. phaseolicola					Pseudomonas syringae pv. phaseolicola ( Burkholder 1926 ) Young et al. 1976	Pseudomonas savastanoi pv. phaseolicola ( Burkholder 1926 ) Gardan et al. 1992	Pseudomonas syringae pv. phaseolicola (Burkholder 1926) Young et al. 1978	( Burkholder 1926 ) Gardan et al. 1992	Bacteria	No	No	Malawi				Phaseolus vulgaris		ex D.M. Teverson	J.D. Taylor & D.M. Teverson	ex HRI	2709A	1997	1990		No		Race 9.							https://ncppb.fera.co.uk/furtherinfo/4024	
NCPPB 4025					4025	Ralstonia solanacearum					Ralstonia solanacearum (Smith 1896) Yabuuchi et al. 1996	Ralstonia solanacearum (Smith 1896) Yabuuchi et al. 1996	Burkholderia solanacearum (Smith 1896) Yabuuchi et al. 1993, Pseudomonas solanacearum (Smith 1896) Smith 1914	(Smith 1896) Yabuuchi et al. 1996	Bacteria	No	No	Costa Rica				Musa (Banana)			J. Elphinstone	ex Sequeria	R283	1997			No		Biovar 1.							https://ncppb.fera.co.uk/furtherinfo/4025	
NCPPB 4026					4026	Ralstonia solanacearum					Ralstonia solanacearum (Smith 1896) Yabuuchi et al. 1996	Ralstonia solanacearum (Smith 1896) Yabuuchi et al. 1996	Burkholderia solanacearum (Smith 1896) Yabuuchi et al. 1993, Pseudomonas solanacearum (Smith 1896) Smith 1914	(Smith 1896) Yabuuchi et al. 1996	Bacteria	No	No	Indonesia				Musa (Banana)			J. Elphinstone	ex S. Eden-Green	R223	1997			No									https://ncppb.fera.co.uk/furtherinfo/4026	
NCPPB 4027					4027	Ralstonia solanacearum					Ralstonia solanacearum (Smith 1896) Yabuuchi et al. 1996	Ralstonia solanacearum (Smith 1896) Yabuuchi et al. 1996	Burkholderia solanacearum (Smith 1896) Yabuuchi et al. 1993, Pseudomonas solanacearum (Smith 1896) Smith 1914	(Smith 1896) Yabuuchi et al. 1996	Bacteria	No	No	USA				Solanum lycopersicum			J. Elphinstone	ex Kelman	R301	1997			No		Biovar 1.							https://ncppb.fera.co.uk/furtherinfo/4027	
NCPPB 4028					4028	Ralstonia solanacearum					Ralstonia solanacearum (Smith 1896) Yabuuchi et al. 1996	Ralstonia solanacearum (Smith 1896) Yabuuchi et al. 1996	Burkholderia solanacearum (Smith 1896) Yabuuchi et al. 1993, Pseudomonas solanacearum (Smith 1896) Smith 1914	(Smith 1896) Yabuuchi et al. 1996	Bacteria	No	No	Colombia				Solanum lycopersicum			J. Elphinstone	ex Sequiera	R303	1997			No		Biovar 2a.SMT reference strain (EC official method),	SMT 43, CFBP 4611						https://ncppb.fera.co.uk/furtherinfo/4028	
NCPPB 4029					4029	Ralstonia pseudosolanacearum					Ralstonia solanacearum (Smith 1896) Yabuuchi et al. 1996	Ralstonia solanacearum (Smith 1896) Yabuuchi et al. 1996	Ralstonia solanacearum (Smith 1896) Yabuuchi et al. 1996, Burkholderia solanacearum (Smith 1896) Yabuuchi et al. 1993, Pseudomonas solanacearum (Smith 1896) Smith 1914	(Smith 1896) Safni et al. 2014	Bacteria	No	No	Sri Lanka				Solanum tuberosum			---	ex CMI	R297	1997			No		Biovar 4.SMT reference strain (EC official method),	SMT 48, CFBP 4615						https://ncppb.fera.co.uk/furtherinfo/4029	
NCPPB 4038					4038	Pseudomonas syringae					Pseudomonas syringae  van Hall 1902	Pseudomonas syringae van Hall 1902		van Hall 1902	Bacteria	No	No	UK				Amelanchier		A. Aspin	A Aspin		981593	1998	1998		No					No				https://ncppb.fera.co.uk/furtherinfo/4038	
NCPPB 4050					4050	Pseudomonas savastanoi pv. retacarpa					Pseudomonas savastanoi pv. retacarpa Garcia De Los Rios 1999	Pseudomonas savastanoi pv. retacarpa Garcia De Los Rios 1999		Garcia De Los Rios 1999	Bacteria	No	Yes	Spain				Retama sphaerocarpa		J.E.Garcia De Los Rios	J.E.Garcia De Los Rios		CECT 4861	1999	1996		Yes			ICMP 16945						https://ncppb.fera.co.uk/furtherinfo/4050	
NCPPB 4051					4051	Pseudomonas savastanoi pv. retacarpa					Pseudomonas savastanoi pv. retacarpa Garcia De Los Rios 1999	Pseudomonas savastanoi pv. retacarpa Garcia De Los Rios 1999		Garcia De Los Rios 1999	Bacteria	No	No	Spain				Retama sphaerocarpa		J.E.Garcia De Los Rios	J.E.Garcia De Los Rios		CECT 4860	1999	1996		Yes			ICMP 16946						https://ncppb.fera.co.uk/furtherinfo/4051	
NCPPB 4052					4052	Pseudomonas savastanoi pv. retacarpa					Pseudomonas savastanoi pv. retacarpa Garcia De Los Rios 1999	Pseudomonas savastanoi pv. retacarpa Garcia De Los Rios 1999		Garcia De Los Rios 1999	Bacteria	No	No	Spain				Retama sphaerocarpa		J.E.Garcia De Los Rios	J.E.Garcia De Los Rios		CECT 4859	1999	1996		Yes			ICMP 16947, CFBP 5510						https://ncppb.fera.co.uk/furtherinfo/4052	
NCPPB 4102					4102	Pseudomonas syringae					Pseudomonas syringae  van Hall 1902	Pseudomonas syringae van Hall 1902		van Hall 1902	Bacteria	No	No	UK				Vaccinium sp.		H.Stanford	H.Stanford			2000	2000		No									https://ncppb.fera.co.uk/furtherinfo/4102	
NCPPB 4118					4118	Hydrogenophaga pseudoflava					Hydrogenophaga pseudoflava (Auling et al. 1978) Willems et al. 1989	Pseudomonas hydrogenophaga Auling et al. 1978	Pseudomonas pseudoflava Auling et al. 1978	(Auling et al. 1978) Willems et al. 1989	Bacteria	Yes	No								DSMZ		DSMZ 1034	2000			No			DSMZ 1034, ATCC 33668, CCUG 13799, CFBP 2439, CIP 103270, JCM 21410, LMG 5945, N						https://ncppb.fera.co.uk/furtherinfo/4118	
NCPPB 4119					4119	Hydrogenophaga taeniospiralis					Hydrogenophaga taeniospiralis (Lalucat et al. 1982) Willems et al. 1989	Pseudomonas taeniospiralis Lalucat et al 1982	Pseudomonas taeniospiralis Lalucat et al. 1982	(Lalucat et al. 1982) Willems et al. 1989	Bacteria	Yes	No								DSMZ		DSMZ 2082	2000			No			DSMZ 2082, ATCC 49743						https://ncppb.fera.co.uk/furtherinfo/4119	
NCPPB 4124					4124	Pseudomonas cichorii					Pseudomonas cichorii (Swingle 1925) Stapp 1928	Pseudomonas sp		(Swingle 1925) Stapp 1928	Bacteria	No	No	Yugoslavia				Cucumis melo			Arsenejevic		Di 10	2000	1990		No									https://ncppb.fera.co.uk/furtherinfo/4124	
NCPPB 4125					4125	Pseudomonas cichorii					Pseudomonas cichorii (Swingle 1925) Stapp 1928	Pseudomonas cichorii		(Swingle 1925) Stapp 1928	Bacteria	No	No	UK				Impatiens sp.					B156B	2000	1995		No									https://ncppb.fera.co.uk/furtherinfo/4125	
NCPPB 4126					4126	Brevundimonas diminuta					Brevundimonas diminuta (Leifson and Hugh 1954) Segers et al. 1994	Brevundimonas diminuta (Leifson and Hugh 1954) Segers et al. 1994	Pseudomonas diminuta Leifson and Hugh 1954	(Leifson and Hugh 1954) Segers et al. 1994	Bacteria	Yes	No											2000			No			IFO 12697, NCIB 9393, ATCC 11568, LMG 2089, DSMZ 7234, CCUG 1427						https://ncppb.fera.co.uk/furtherinfo/4126	
NCPPB 4127					4127	Pseudomonas sp.					Pseudomonas gingeri Preece & Wong 1982	Pseudomonas gingeri Preece & Wong 1982	Pseudomonas gingeri	Migula 1894	Bacteria	No	No					Agaricus sp.			T. Fermor		Pg SA	2000			No		The taxonomic name ‘Pseudomonas gingeri (Preece TF & Wong WC 1982)’ has been effectively published but not validly published under the rules of the International Code of Nomenclature of Bacteria (Bacteriological Code). Our WGS studies confirm this strain lies in a clade synonymous with ‘P. gingeri’.							https://ncppb.fera.co.uk/furtherinfo/4127	
NCPPB 4128					4128	Pseudomonas sp.					Pseudomonas gingeri Preece & Wong 1982	Pseudomonas gingeri Preece & Wong 1982		Migula 1894	Bacteria	No	No					Agaricus sp.			T. Fermor		Pg SB	2000			No		This strain was thought to be ‘P. gingeri’ but our WGS studies show that it is closer to P. edaphica							https://ncppb.fera.co.uk/furtherinfo/4128	
NCPPB 4153					4153	Ralstonia solanacearum					Ralstonia solanacearum (Smith 1896) Yabuuchi et al. 1996	Ralstonia solanacearum (Smith 1896) Yabuuchi et al. 1996	Burkholderia solanacearum (Smith 1896) Yabuuchi et al. 1993, Pseudomonas solanacearum (Smith 1896) Smith 1914	(Smith 1896) Yabuuchi et al. 1996	Bacteria	No	No	Egypt				Solanum tuberosum			J.Elphinstone			2001	1998		Yes		Biovar 2.1998 FAP profile typical fluidal colony type. 2000 BOX PCR typical of Biovar 2 (2000 SMT reference strain(EC Official method)	SMT 6, CFBP 4582						https://ncppb.fera.co.uk/furtherinfo/4153	
NCPPB 4154					4154	Ralstonia solanacearum					Ralstonia solanacearum (Smith 1896) Yabuuchi et al. 1996	Ralstonia solanacearum (Smith 1896) Yabuuchi et al. 1996	Burkholderia solanacearum (Smith 1896) Yabuuchi et al. 1993, Pseudomonas solanacearum (Smith 1896) Smith 1914	(Smith 1896) Yabuuchi et al. 1996	Bacteria	No	No	Turkey				Solanum tuberosum		J. van Vaernebergh	J.Elphinstone			2001			Yes		Biovar 2.2000 (pathogenic on tomato). SMT reference strain (official EC method.FAP profile typical (2000), BOX PCR profile typical (2000), Fluidal colony type (2000), Biovar 2 (2000)	SMT 10, CFBP						https://ncppb.fera.co.uk/furtherinfo/4154	
NCPPB 4155					4155	Ralstonia solanacearum					Ralstonia solanacearum (Smith 1896) Yabuuchi et al. 1996	Ralstonia solanacearum (Smith 1896) Yabuuchi et al. 1996	Burkholderia solanacearum (Smith 1896) Yabuuchi et al. 1993, Pseudomonas solanacearum (Smith 1896) Smith 1914	(Smith 1896) Yabuuchi et al. 1996	Bacteria	No	No	Belgium				Solanum tuberosum		J. van Vaerenbergh	J.Elphinstone				1989		No		Biovar 2.2000 (pathogenic on tomato), SMT reference strain (EC official method), FAP profile typical (2000), BOX PCR profile typical (2000), Fluidal colony type, Biovar 2 (2000)	SMT 26, CFBP 4601, LMG 9575						https://ncppb.fera.co.uk/furtherinfo/4155	
NCPPB 4156					4156	Ralstonia solanacearum					Ralstonia solanacearum (Smith 1896) Yabuuchi et al. 1996	Ralstonia solanacearum (Smith 1896) Yabuuchi et al. 1996	Burkholderia solanacearum (Smith 1896) Yabuuchi et al. 1993, Pseudomonas solanacearum (Smith 1896) Smith 1914	(Smith 1896) Yabuuchi et al. 1996	Bacteria	No	No	Netherlands		2	NCPPB Primary Storage	Solanum tuberosum cv Bildstar)		J. Janse	J.Elphinstone			2001	1995		Yes		Race 3 Biovar 2.Pathogenic on tomato (2000) SMT reference strain (EC official method). FAP profile typical (2000), BOX-PCR typical profile (2000), Fluidal colony type, Biovar 2 (2000)	SMT 71, CFBP3857, PD2762		No				https://ncppb.fera.co.uk/furtherinfo/4156	
NCPPB 4157					4157	Ralstonia solanacearum					Ralstonia solanacearum (Smith 1896) Yabuuchi et al. 1996	Ralstonia solanacearum (Smith 1896) Yabuuchi et al. 1996	Burkholderia solanacearum (Smith 1896) Yabuuchi et al. 1993, Pseudomonas solanacearum (Smith 1896) Smith 1914	(Smith 1896) Yabuuchi et al. 1996	Bacteria	No	No	France				Solanum tuberosum cv charlotte		D. Caffier	J.Elphinstone			2001	1995		Yes		Biovar 2.2000( Pathogenic on tomato), SMT reference strain (official EC method), FAP profile typical (2000), BOX-PCR typical profile (2000), Fluidal colony type (2000), Biovar 2 (2000).	SMT 67, LNPV 15.01						https://ncppb.fera.co.uk/furtherinfo/4157	
NCPPB 4158					4158	Ralstonia solanacearum					Ralstonia solanacearum (Smith 1896) Yabuuchi et al. 1996	Ralstonia solanacearum (Smith 1896) Yabuuchi et al. 1996	Burkholderia solanacearum (Smith 1896) Yabuuchi et al. 1993, Pseudomonas solanacearum (Smith 1896) Smith 1914	(Smith 1896) Yabuuchi et al. 1996	Bacteria	No	No	Portugal				Solanum tuberosum		M. Sousa-Santos	J.Elphinstone			2001	1995		Yes		Biovar 2.2000 (pathogenic on tomato), SMT reference strain (official EC method),FAP profile typical (2000), BOX-PCR typical profile (2000), Fluidal colony type (2000), Biovar 2 (2000).	SMT 39, CFBP 4608						https://ncppb.fera.co.uk/furtherinfo/4158	
NCPPB 4159					4159	Ralstonia solanacearum					Ralstonia solanacearum (Smith 1896) Yabuuchi et al. 1996	Ralstonia solanacearum (Smith 1896) Yabuuchi et al. 1996	Burkholderia solanacearum (Smith 1896) Yabuuchi et al. 1993, Pseudomonas solanacearum (Smith 1896) Smith 1914	(Smith 1896) Yabuuchi et al. 1996	Bacteria	No	No	Unknown				Solanum tuberosum		M. Ravnikar	J.Elphinstone		CSL971980	2001	1997		Yes		Isolated by Dr Maja Ravnikar in Slovenia from imported potatoes. Biovar 2.2000 (pathogenic on tomato), SMT reference strain (official EC method),FAP profile typical (2000), BOX-PCR typical profile (2000), Fluidal colony type (2000), Biovar 2 (2000).	SMT 40, CFBP 4609						https://ncppb.fera.co.uk/furtherinfo/4159	
NCPPB 4160					4160	Ralstonia solanacearum					Ralstonia solanacearum (Smith 1896) Yabuuchi et al. 1996	Ralstonia solanacearum (Smith 1896) Yabuuchi et al. 1996	Burkholderia solanacearum (Smith 1896) Yabuuchi et al. 1993, Pseudomonas solanacearum (Smith 1896) Smith 1914	(Smith 1896) Yabuuchi et al. 1996	Bacteria	No	No	Spain				Solanum tuberosum		M. Lopez	J.Elphinstone			2001	1996		Yes		Biovar 2.2000 (pathogenic on tomato, SMT reference strain (official EC method), FAP profile typical(2000), BOX-PCR typical profile (2000), Fluidal colony type (2000), Biovar 2 (2000)	SMT 69, IVIA 1632-2						https://ncppb.fera.co.uk/furtherinfo/4160	
NCPPB 4161					4161	Ralstonia solanacearum					Ralstonia solanacearum (Smith 1896) Yabuuchi et al. 1996	Ralstonia solanacearum (Smith 1896) Yabuuchi et al. 1996	Burkholderia solanacearum (Smith 1896) Yabuuchi et al. 1993, Pseudomonas solanacearum (Smith 1896) Smith 1914	(Smith 1896) Yabuuchi et al. 1996	Bacteria	No	No	Germany				Solanum tuberosum		P. Mueller	J.Elphinstone			2001	1996		Yes		Biovar 2.Pathogenic on tomato (2000), SMT reference strain (official EC method), FAP typical profile (2000), BOX-PCR typical profile (2000), Biovar 2 (2000), Fluidal colony type).	SMT 76, B3B						https://ncppb.fera.co.uk/furtherinfo/4161	
NCPPB 4163					4163	Pseudomonas sp.					Pseudomonas marginalis pv. marginalis (Brown 1918) Stevens 1925	Pseudomonas marginalis pv. marginalis (Brown 1918) Stevens 1925	Pseudomonas sp. Migula 1894	(Brown 1918) Stevens 1925	Bacteria	No	No	USA				Solanum tuberosum		D. Cuppels	D.Caffier	CFBP	CFBP1538	2001	1970		No		Cross reacts with Ralstonia solanacearum polyclonal antisera - Whole genome sequencing indicates this strain is not P. marginalis (NCPPB July 2023)	SMT 52, CFBP 1538						https://ncppb.fera.co.uk/furtherinfo/4163	
NCPPB 4184					4184	Pseudomonas syringae pv. viburni					Pseudomonas syringae pv. viburni (Thornberry & Anderson 1931) Young, Dye and Wilkie 1978	Pseudomonas syringae pv. viburni (Thornberry & Anderson 1931) Young, Dye and Wilkie 1978	Phytomonas viburni Thornberry & Anderson 1931	(Thornberry & Anderson 1931) Young, Dye and Wilkie 1978	Bacteria	No	No	Netherlands				Viburnum 'Eskimo'		JD Janse	JD Janse		PD3375	2000	1998		No									https://ncppb.fera.co.uk/furtherinfo/4184	
NCPPB 4185					4185	Pseudomonas syringae pv. viburni					Pseudomonas syringae pv. viburni (Thornberry & Anderson 1931) Young, Dye and Wilkie 1978	Pseudomonas syringae pv. viburni (Thornberry & Anderson 1931) Young, Dye and Wilkie 1978	Phytomonas viburni Thornberry & Anderson 1931	(Thornberry & Anderson 1931) Young, Dye and Wilkie 1978	Bacteria	No	No	China				Viburnum 'Eskimo'		JD Janse	JD Janse		PD3655	2000	1999		No					No				https://ncppb.fera.co.uk/furtherinfo/4185	
NCPPB 4190					4190	Acidovorax avenae					Acidovorax avenae subsp. avenae(Manns 1909) Willems et al. 1992	Acidovorax avenae subsp. avenae (Manns 1909) Willems et al. 1992	Acidovorax avenae subsp. avenae (Manns 1909) Willems et al. 1992, Pseudomonas avenae subsp. avenae Manns 1909	(Manns 1909) Willems et al. 1992	Bacteria	No	No	Brazil				Pennisetum americanum		V.A. Malavolta Jr.	J.Neto		ISBF 1128	2000	1994		No		WGS confirms this strain is A. avenae (NCPPB March 2025)							https://ncppb.fera.co.uk/furtherinfo/4190	
NCPPB 4191					4191	Acidovorax avenae					Acidovorax avenae subsp. avenae(Manns 1909) Willems et al. 1992	Acidovorax avenae subsp. avenae (Manns 1909) Willems et al. 1992	Acidovorax avenae subsp. avenae (Manns 1909) Willems et al. 1992, Pseudomonas avenae subsp. avenae Manns 1909	(Manns 1909) Willems et al. 1992	Bacteria	No	No	Brazil				Phalaris arundinacea		V.A. Malavolta Jr.	J.Neto		ISBF 1201	2000	1995		No		WGS confirms this strain is A. avenae (NCPPB March 2025). WGS (NCPPB May 2025) places this organism in a clade of other A. avenae strains mostly isolated in Brazil.							https://ncppb.fera.co.uk/furtherinfo/4191	
NCPPB 4192					4192	Acidovorax avenae					Acidovorax avenae subsp. avenae(Manns 1909) Willems et al. 1992	Acidovorax avenae subsp. avenae(Manns 1909) Willems et al. 1992	Acidovorax avenae subsp. avenae (Manns 1909) Willems et al. 1992, Pseudomonas avenae subsp. avenae Manns 1909	(Manns 1909) Willems et al. 1992	Bacteria	No	No	Brazil				Panicum miliaceum		V.A. Malavolta Jr.	J.Neto		ISBF 1228	2000	1995		No		WGS confirms this strain is A. avenae (NCPPB March 2025). WGS (NCPPB May 2025) places this organism in a clade of other A. avenae strains mostly isolated in Brazil.							https://ncppb.fera.co.uk/furtherinfo/4192	
NCPPB 4193					4193	Acidovorax avenae					Acidovorax avenae subsp. avenae(Manns 1909) Willems et al. 1992	Acidovorax avenae subsp. avenae (Manns 1909) Willems et al. 1992	Acidovorax avenae subsp. avenae (Manns 1909) Willems et al. 1992, Pseudomonas avenae subsp. avenae Manns 1909	(Manns 1909) Willems et al. 1992	Bacteria	No	No	Brazil				Panicum miliaceum		V.A. Malavolta Jr.	J.Neto		ISBF 1229	2000	1995		No		WGS confirms this strain is A. avenae (NCPPB March 2025). WGS (NCPPB May 2025) places this organism in a clade of other A. avenae strains mostly isolated in Brazil.							https://ncppb.fera.co.uk/furtherinfo/4193	
NCPPB 4194					4194	Acidovorax avenae					Acidovorax avenae subsp. avenae(Manns 1909) Willems et al. 1992	Acidovorax avenae subsp. avenae (Manns 1909) Willems et al. 1992	Acidovorax avenae subsp. avenae (Manns 1909) Willems et al. 1992, Pseudomonas avenae subsp. avenae Manns 1909	(Manns 1909) Willems et al. 1992	Bacteria	No	No	Brazil				Saccharum hybrid		I.M.G. Almeida	J.Neto		ISBF 1236	2000	1996		No		WGS confirms this strain is A. avenae (NCPPB March 2025). WGS (NCPPB May 2025) places this organism in a clade of other A. avenae strains mostly isolated from Saccharum officinarum, but not the type strain or A. sacchari.							https://ncppb.fera.co.uk/furtherinfo/4194	
NCPPB 4196					4196	Acidovorax cattleyae					Acidovorax avenae subsp. cattleyae (Pavarino 1911) Willems et al. 1992	Acidovorax avenae subsp. cattleyae (Pavarino 1911) Willems et al. 1992	Pseudomonas cattleyae (Pavarino 1911) Savulescu 1947	(Pavarino 1911) Schaad et al. 2009	Bacteria	No	No	Brazil				Phalaenopsis hybrid		V.A. Malavolta Jr.	J.Neto		ISBF 1008	2000	1993		No									https://ncppb.fera.co.uk/furtherinfo/4196	
NCPPB 4197					4197	Acidovorax cattleyae					Acidovorax avenae subsp. cattleyae (Pavarino 1911) Willems et al. 1992	Acidovorax avenae subsp. cattleyae (Pavarino 1911) Willems et al. 1992	Pseudomonas cattleyae (Pavarino 1911) Savulescu 1947	(Pavarino 1911) Schaad et al. 2009	Bacteria	No	No	Brazil				Phalaenopsis hybrid		V.A. Malavolta Jr.	J.Neto		ISBF 1009	2000	1993		No									https://ncppb.fera.co.uk/furtherinfo/4197	
NCPPB 4198					4198	Acidovorax cattleyae					Acidovorax avenae subsp. cattleyae (Pavarino 1911) Willems et al. 1992	Acidovorax avenae subsp. cattleyae (Pavarino 1911) Willems et al. 1992	Pseudomonas cattleyae (Pavarino 1911) Savulescu 1947	(Pavarino 1911) Schaad et al. 2009	Bacteria	No	No	Brazil				Orchidaceae		J.J. Rodrigues Neto	J.Neto		ISBF 1244	2000	1996		No									https://ncppb.fera.co.uk/furtherinfo/4198	
NCPPB 4199					4199	Acidovorax cattleyae					Acidovorax avenae subsp. cattleyae (Pavarino 1911) Willems et al. 1992	Acidovorax avenae subsp. cattleyae (Pavarino 1911) Willems et al. 1992	Pseudomonas cattleyae (Pavarino 1911) Savulescu 1947	(Pavarino 1911) Schaad et al. 2009	Bacteria	No	No	Brazil				Orchidaceae		J. Rodrigues Neto	J.Neto		ISBF 1245	2000	1996		No									https://ncppb.fera.co.uk/furtherinfo/4199	
NCPPB 4200					4200	Acidovorax cattleyae					Acidovorax avenae subsp. cattleyae (Pavarino 1911) Willems et al. 1992	Acidovorax avenae subsp. cattleyae (Pavarino 1911) Willems et al. 1992	Pseudomonas cattleyae (Pavarino 1911) Savulescu 1947	(Pavarino 1911) Schaad et al. 2009	Bacteria	No	No	Brazil				Orchidaceae		J. Rodrigues Neto	J.Neto		ISBF 1246	2000	1996		No		Fatty acid profile has 12:13 OH and 12:03 OH as well as 10:03 OH. Atypical for Acidovorax. Has some similarity to NCPPB 4205 ( from Citrullus). (several other Brazillian Acidovorax from this donor have these similarities)							https://ncppb.fera.co.uk/furtherinfo/4200	
NCPPB 4201					4201	Acidovorax cattleyae					Acidovorax avenae subsp. cattleyae (Pavarino 1911) Willems et al. 1992	Acidovorax avenae subsp. cattleyae (Pavarino 1911) Willems et al. 1992	Pseudomonas cattleyae (Pavarino 1911) Savulescu 1947	(Pavarino 1911) Schaad et al. 2009	Bacteria	No	No	Brazil				Orchidaceae		V.A. Malavolta Jr.	J.Neto		ISBF 1248	2000	1996		No									https://ncppb.fera.co.uk/furtherinfo/4201	
NCPPB 4202					4202	Acidovorax citrulli					Acidovorax avenae subsp. citrulli (Schaad et al. 1978) Willems et al. 1992	Acidovorax avenae subsp. citrulli (Schaad et al. 1978) Willems et al. 1992	Pseudomonas pseudoalcaligenes subsp. citrulli Schaad et al 1978	(Schaad et al. 1978) Schaad et al. 2009	Bacteria	No	No	Brazil				Citrullus lanatus		J. Rodrigues Neto	J.Neto		ISBF 769	2000	1990		No		WGS confirms this strain is A. citrulli (NCPPB March 2025)							https://ncppb.fera.co.uk/furtherinfo/4202	
NCPPB 4203					4203	Acidovorax citrulli					Acidovorax avenae subsp. citrulli (Schaad et al. 1978) Willems et al. 1992	Acidovorax avenae subsp. citrulli (Schaad et al. 1978) Willems et al. 1992	Pseudomonas pseudoalcaligenes subsp. citrulli Schaad et al 1978	(Schaad et al. 1978) Schaad et al. 2009	Bacteria	No	No	Brazil				Cucumis melo		C.F. Robbs	J.Neto		ISBF 962	2000	1992		No		WGS confirms this strain is A. citrulli (NCPPB March 2025)							https://ncppb.fera.co.uk/furtherinfo/4203	
NCPPB 4204					4204	Acidovorax citrulli					Acidovorax avenae subsp. citrulli (Schaad et al. 1978) Willems et al. 1992	Acidovorax avenae subsp. citrulli (Schaad et al. 1978) Willems et al. 1992	Pseudomonas pseudoalcaligenes subsp. citrulli Schaad et al 1978	(Schaad et al. 1978) Schaad et al. 2009	Bacteria	No	No	Brazil				Cucumis lanatus		J. Rodrigues Neto	J.Neto		ISBF 1213	2000	1996		No		WGS confirms this strain is A. citrulli (NCPPB March 2025)							https://ncppb.fera.co.uk/furtherinfo/4204	
NCPPB 4205					4205	Acidovorax citrulli					Acidovorax avenae subsp. citrulli (Schaad et al. 1978) Willems et al. 1992	Acidovorax avenae subsp. citrulli (Schaad et al. 1978) Willems et al. 1992	Pseudomonas pseudoalcaligenes subsp. citrulli Schaad et al 1978	(Schaad et al. 1978) Schaad et al. 2009	Bacteria	No	No	Brazil				Citrullus lanatus		J. Rodrigues Neto	J.Neto		ISBF 1214	2000	1996		No		WGS confirms this strain is A. citrulli (NCPPB March 2025)							https://ncppb.fera.co.uk/furtherinfo/4205	
NCPPB 4206					4206	Acidovorax citrulli					Acidovorax avenae subsp. citrulli (Schaad et al. 1978) Willems et al. 1992	Acidovorax avenae subsp. citrulli (Schaad et al. 1978) Willems et al. 1992	Pseudomonas pseudoalcaligenes subsp. citrulli Schaad et al 1978	(Schaad et al. 1978) Schaad et al. 2009	Bacteria	No	No	Brazil				Cucumis melo		C.F. Robbs	J.Neto		ISBF 1225	2000	1992		No		WGS confirms this strain is A. citrulli (NCPPB March 2025)							https://ncppb.fera.co.uk/furtherinfo/4206	
NCPPB 4207					4207	Acidovorax citrulli					Acidovorax avenae subsp. citrulli (Schaad et al. 1978) Willems et al. 1992	Acidovorax avenae subsp. citrulli (Schaad et al. 1978) Willems et al. 1992	Pseudomonas pseudoalcaligenes subsp. citrulli Schaad et al 1978	(Schaad et al. 1978) Schaad et al. 2009	Bacteria	No	No	Brazil				Citrullus lanatus		I.M.G. Almeida	J.Neto		ISBF 1302	2000	1997		No		WGS confirms this strain is A. citrulli (NCPPB March 2025)							https://ncppb.fera.co.uk/furtherinfo/4207	
NCPPB 4208					4208	Acidovorax citrulli					Acidovorax avenae subsp. citrulli (Schaad et al. 1978) Willems et al. 1992	Acidovorax avenae subsp. citrulli (Schaad et al. 1978) Willems et al. 1992	Pseudomonas pseudoalcaligenes subsp. citrulli Schaad et al 1978	(Schaad et al. 1978) Schaad et al. 2009	Bacteria	No	No	Brazil				Cucumis melo		I.M.G. Almeida	J.Neto		ISBF 1521	2000	2000		No		WGS confirms this strain is A. citrulli (NCPPB March 2025)							https://ncppb.fera.co.uk/furtherinfo/4208	
NCPPB 4211					4211	Ralstonia solanacearum					Ralstonia solanacearum (Smith 1896) Yabuuchi et al. 1996	Ralstonia solanacearum (Smith 1896) Yabuuchi et al. 1996	Burkholderia solanacearum (Smith 1896) Yabuuchi et al. 1993, Pseudomonas solanacearum (Smith 1896) Smith 1914	(Smith 1896) Yabuuchi et al. 1996	Bacteria	No	No	Kenya				Pelargonium hortorum var. Ganymed		J G Elphinstone	J G Elphinstone			2001	2001		Yes		AFLP fingerprint indicates Biovar 2A; pathogenic to Solanum lycopersicum							https://ncppb.fera.co.uk/furtherinfo/4211	
NCPPB 4212					4212	Ralstonia solanacearum					Ralstonia solanacearum (Smith 1896) Yabuuchi et al. 1996	Ralstonia solanacearum (Smith 1896) Yabuuchi et al. 1996	Burkholderia solanacearum (Smith 1896) Yabuuchi et al. 1993, Pseudomonas solanacearum (Smith 1896) Smith 1914	(Smith 1896) Yabuuchi et al. 1996	Bacteria	No	No	Kenya				Pelargonium hortorum var. Lady		J G Elphinstone	J G Elphinstone			2001	2001		Yes		AFLP fingerprint indicates Biovar 2A; pathogenic to Solanum lycopersicum							https://ncppb.fera.co.uk/furtherinfo/4212	
NCPPB 4213					4213	Ralstonia solanacearum					Ralstonia solanacearum (Smith 1896) Yabuuchi et al. 1996	Ralstonia solanacearum (Smith 1896) Yabuuchi et al. 1996	Burkholderia solanacearum (Smith 1896) Yabuuchi et al. 1993, Pseudomonas solanacearum (Smith 1896) Smith 1914	(Smith 1896) Yabuuchi et al. 1996	Bacteria	No	No	Kenya				River Water		J G Elphinstone	J G Elphinstone			2001	2001		Yes		AFLP fingerprint indicates Biovar 2A; pathogenic to Solanum lycopersicum			No				https://ncppb.fera.co.uk/furtherinfo/4213	
NCPPB 4214					4214	Ralstonia pseudosolanacearum					Ralstonia solanacearum (Smith 1896) Yabuuchi et al. 1996	Ralstonia solanacearum (Smith 1896) Yabuuchi et al. 1996	Ralstonia solanacearum (Smith 1896) Yabuuchi et al. 1996, Burkholderia solanacearum (Smith 1896) Yabuuchi et al. 1993, Pseudomonas solanacearum (Smith 1896) Smith 1914	(Smith 1896) Safni et al. 2014	Bacteria	No	No	Kenya				Soil		J G Elphinstone	J G Elphinstone			2001	2001		Yes		AFLP fingerprint indicates Biovar 3/4?; pathogenic to Solanum lycopersicum			No				https://ncppb.fera.co.uk/furtherinfo/4214	
NCPPB 4215					4215	Ralstonia pseudosolanacearum					Ralstonia solanacearum (Smith 1896) Yabuuchi et al. 1996	Ralstonia solanacearum (Smith 1896) Yabuuchi et al. 1996	Ralstonia solanacearum (Smith 1896) Yabuuchi et al. 1996, Burkholderia solanacearum (Smith 1896) Yabuuchi et al. 1993, Pseudomonas solanacearum (Smith 1896) Smith 1914	(Smith 1896) Safni et al. 2014	Bacteria	No	No	Kenya				River Water		J G Elphinstone	J G Elphinstone			2001	2001		Yes		AFLP fingerprint indicates Biovar 3/4?; pathogenic to Solanum lycopersicum							https://ncppb.fera.co.uk/furtherinfo/4215	
NCPPB 4221					4221	Pseudomonas avellanae					Pseudomonas avellenae Janse et al. 1997	Pseudomonas avellenae	Pseudomonas syringae pv. avellanae Psallidas 1993	Janse et al. 1997	Bacteria	No	No	Italy		2	NCPPB Primary Storage	Corylus avellana			M.Scortichini		ISF 436	2001			No			ISF 436		No				https://ncppb.fera.co.uk/furtherinfo/4221	
NCPPB 4222	SAMN25042864 	 			4222	Pseudomonas avellanae					Pseudomonas avellenae Janse et al. 1997	Psuedomonas avellenae	Pseudomonas syringae pv. avellanae Psallidas 1993	Janse et al. 1997	Bacteria	No	No	Italy		2	NCPPB Primary Storage	Corylus avellana			M.Scortichini		ISF 056	2001			No			ISF 056		No				https://ncppb.fera.co.uk/furtherinfo/4222	 strain = NCPPB 4222; 
NCPPB 4223					4223	Pseudomonas avellanae					Pseudomonas avellenae Janse et al. 1997	Pseudomonas avellenae	Pseudomonas syringae pv. avellanae Psallidas 1993	Janse et al. 1997	Bacteria	No	No	Italy				Corylus avellana			M.Scortichini		ISF 039	2001			No			ISF 039						https://ncppb.fera.co.uk/furtherinfo/4223	
NCPPB 4224					4224	Pseudomonas avellanae					Pseudomonas avellenae Janse et al. 1997	Pseudomonas avellenae	Pseudomonas syringae pv. avellanae Psallidas 1993	Janse et al. 1997	Bacteria	No	No	Italy				Corylus avellana			M.Scortichini		ISF 2059	2001			No			ISF 2059						https://ncppb.fera.co.uk/furtherinfo/4224	
NCPPB 4226					4226	Pseudomonas avellanae					Pseudomonas avellenae Janse et al. 1997	Pseudomonas avellenae	Pseudomonas syringae pv. avellanae Psallidas 1993	Janse et al. 1997	Bacteria	No	No	Greece				Corylus avellana			M.Scortichini		BPIC 714	2001			No			BPIC 714						https://ncppb.fera.co.uk/furtherinfo/4226	
NCPPB 4227					4227	Pseudomonas avellanae					Pseudomonas avellenae Janse et al. 1997	Pseudomonas avellenae	Pseudomonas syringae pv. avellanae Psallidas 1993	Janse et al. 1997	Bacteria	No	No	Italy				Corylus avellana			M.Scortichini		ISF 2000	2001			No			ISF 2000						https://ncppb.fera.co.uk/furtherinfo/4227	
NCPPB 4228					4228	Pseudomonas avellanae					Pseudomonas avellenae Janse et al. 1997	Pseudomonas avellenae	Pseudomonas syringae pv. avellanae Psallidas 1993	Janse et al. 1997	Bacteria	No	No	Greece				Corylus avellana			M.Scortichini		BPIC 1077	2001			No			BPIC 1077						https://ncppb.fera.co.uk/furtherinfo/4228	
NCPPB 4244					4244	Burkholderia cepacia					Burkholderia cepacia (ex Burkholder 1950) Yabuuchi et al. 1993	Burkholderia cepacia (ex Burkholder 1950) Yabuuchi et al. 1993	Pseudomonas cepacia Burkholder 1950	(ex Burkholder 1950) Yabuuchi et al. 1993	Bacteria	No	No	UK				Allium cepa		J. Richardson	J. Richardson		ONH	2001	1999		No		WGS confirms this strain is B. cepacia (NCPPB March 2025). Richardson BOX-ERIC group 10, typical B. cepacia							https://ncppb.fera.co.uk/furtherinfo/4244	
NCPPB 4248					4248	Burkholderia cepacia					Burkholderia cepacia (ex Burkholder 1950) Yabuuchi et al. 1993	Burkholderia cepacia (ex Burkholder 1950) Yabuuchi et al. 1993	Pseudomonas cepacia Burkholder 1950	(ex Burkholder 1950) Yabuuchi et al. 1993	Bacteria	No	No	Trinidad				Soil, forest			K. Kerr	NCTC 10661		2001			No		Genomovar I	NCTC 10661, ATCC 17759						https://ncppb.fera.co.uk/furtherinfo/4248	
NCPPB 4259					4259	Pseudomonas thivervalensis					Psedomonas thivervalensis Achovek et al. 2000			Achouak et al. 2000	Bacteria	No	No	France				Arabidopsis thaliana			CFBP	MLG 14	CFBP 11865	2001			No			CFBP 11865						https://ncppb.fera.co.uk/furtherinfo/4259	
NCPPB 4260					4260	Pseudomonas thivervalensis					Psedomonas thivervalensis Achovek et al. 2000			Achouak et al. 2000	Bacteria	Yes	No	France				Brassica napus			CFBP	SBK 26	CFBP 11261T	2001			No		Common in rhizosphere of Arabidopsis thaliana and Brasica napus	CFBP 11261						https://ncppb.fera.co.uk/furtherinfo/4260	
NCPPB 4261					4261	Pseudomonas brassicacearum					Pseudomonas brassicacearum Achovek et al. 2000	Pseudomonas brassicacearum Achovek et al. 2000		Achouak et al. 2000	Bacteria	No	No	France				Arabidopsis thaliana			CFBP	NFM 421	CFBP 11874	2001			No			CFBP 11874						https://ncppb.fera.co.uk/furtherinfo/4261	
NCPPB 4262					4262	Pseudomonas brassicacearum					Pseudomonas brassicacearum Achovek et al. 2000	Pseudomonas brassicacearum Achovek et al. 2000		Achouak et al. 2000	Bacteria	Yes	No	France				Brassica napus (rhizoplane)			CFBP	DK 11	CFBP 11706	2001			No		Widespread in rhizosphere of Brassica napus and Arabidopsis thaliana in France	CFBP 11706						https://ncppb.fera.co.uk/furtherinfo/4262	
NCPPB 4263					4263	Pseudomonas syringae pv. viburni					Pseudomonas syringae pv. viburni (Thornberry & Anderson 1931) Young, Dye and Wilkie 1978	Pseudomonas syringae pv. viburni (Thornberry & Anderson 1931) Young, Dye and Wilkie 1978	Phytomonas viburni Thornberry & Anderson 1931	(Thornberry & Anderson 1931) Young, Dye and Wilkie 1978	Bacteria	No	No	USA				Viburnum trilobum		K. Mohan	K. Mohan, University of Idaho		PS 43	2001			No									https://ncppb.fera.co.uk/furtherinfo/4263	
NCPPB 4264					4264	Pseudomonas syringae pv. viburni					Pseudomonas syringae pv. viburni (Thornberry & Anderson 1931) Young, Dye and Wilkie 1978	Pseudomonas syringae pv. viburni (Thornberry & Anderson 1931) Young, Dye and Wilkie 1978	Phytomonas viburni Thornberry & Anderson 1931	(Thornberry & Anderson 1931) Young, Dye and Wilkie 1978	Bacteria	No	No	USA				Viburnum opulus		K. Mohan	K. Mohan, University of Idaho		PS 45	2001			No									https://ncppb.fera.co.uk/furtherinfo/4264	
NCPPB 4265					4265	Pseudomonas syringae pv. viburni					Pseudomonas syringae pv. viburni (Thornberry & Anderson 1931) Young, Dye and Wilkie 1978	Pseudomonas syringae pv. viburni (Thornberry & Anderson 1931) Young, Dye and Wilkie 1978	Phytomonas viburni Thornberry & Anderson 1931	(Thornberry & Anderson 1931) Young, Dye and Wilkie 1978	Bacteria	No	No	UK				Viburnum sargentii		H.Stanford, 2003375	S. Weller		P 4205	2001	2000		No		First UK reporting							https://ncppb.fera.co.uk/furtherinfo/4265	
NCPPB 4266					4266	Pseudomonas syringae pv. viburni					Pseudomonas syringae pv. viburni (Thornberry & Anderson 1931) Young, Dye and Wilkie 1978	Pseudomonas syringae pv. viburni (Thornberry & Anderson 1931) Young, Dye and Wilkie 1978	Phytomonas viburni Thornberry & Anderson 1931	(Thornberry & Anderson 1931) Young, Dye and Wilkie 1978	Bacteria	No	No	UK				Viburnum sargentii		H.Stanford, 2003638	S. Weller		P 4206	2001	2000		No									https://ncppb.fera.co.uk/furtherinfo/4266	
NCPPB 4269					4269	Pseudomonas syringae					Pseudomonas syringae	Pseudomonas syringae		van Hall 1902	Bacteria	No	No	Italy				Corylus avellena			Marco Scortichini		Lab 2	2001	1997		No		Not normally found on Corylus avellena (ex cv. Tonda Gentile Romana)  Symptomatic twigs show dieback.Resembles Ps-syrin-syrin rather than Ps-avellenae							https://ncppb.fera.co.uk/furtherinfo/4269	
NCPPB 4270					4270	Pseudomonas syringae					Pseudomonas syringae	Pseudomonas syringae		van Hall 1902	Bacteria	No	No	Italy				Corylus avellena			Marco Scortichini		Lab 5	2001	1997		No		Not normally found on Corylus avellena (ex cv. Tonda Gentile Romana). Symptomatic twigs show dieback. Resembles Ps-syrin-syrin rather than Ps-avellenae			No				https://ncppb.fera.co.uk/furtherinfo/4270	
NCPPB 4271					4271	Pseudomonas syringae					Pseudomonas syringae	Pseudomonas syringae		van Hall 1902	Bacteria	No	No	Italy				Corylus avellena			Marco Scortichini		Lab 6	2001	1997		No		Not normally found on Corylus avellena (ex cv. Tonda Gentile Romana  Symptomatic twigs show dieback.resembles ps-syrin-syrin more than ps-avellenae.     Deviates from lab2 - lab 8 (ncppb 4273-4276)							https://ncppb.fera.co.uk/furtherinfo/4271	
NCPPB 4272					4272	Pseudomonas syringae					Pseudomonas syringae	Pseudomonas syringae		van Hall 1902	Bacteria	No	No	Italy				Corylus avellena			Marco Scortichini		Lab 8	2001	1997		No		Not normally found on Corylus avellena (ex cv. Tonda Gentile Romana)  Symptomatic twigs show dieback.resembles ps-syrin-syrin more than ps-avellenae							https://ncppb.fera.co.uk/furtherinfo/4272	
NCPPB 4273	SAMN03481961 	 	GCF_000972175.1 		4273	Pseudomonas syringae pv. coryli					Pseudomonas syringae	Pseudomonas syringae pv. avellana		Scortichini et al. 2005	Bacteria	No	Yes	Italy		2	NCPPB Primary Storage	Corylus avellena			Marco Scortichini		592	2001	1995		No	Pseudomonas syringae pv. coryli, the causal agent of bacterial dieback of Corylus avellana		ICMP 17001, CFBP 7149		No				https://ncppb.fera.co.uk/furtherinfo/4273	 title = Sample from Pseudomonas syringae pv. coryli str. NCPPB 4273; organism = Pseudomonas syringae pv. coryli str. NCPPB 4273; strain = NCPPB 4273; 
NCPPB 4274					4274	Pseudomonas syringae pv. coryli					Pseudomonas syringae	Pseudomonas syringae		Scortichini et al. 2005	Bacteria	No	No	Italy		2	NCPPB Primary Storage	Corylus avellena			Marco Scortichini		595	2001	1995		No					No				https://ncppb.fera.co.uk/furtherinfo/4274	
NCPPB 4275					4275	Pseudomonas syringae					Pseudomonas syringae	Pseudomonas syringae		van Hall 1902	Bacteria	No	No	Italy		2	NCPPB Primary Storage	Corylus avellena			Marco Scortichini		596	2001	1995		No		Not normally found on Corylus avellena (ex cv. Tonda Gentile Della Langhe) Symptomatic twigs show dieback.resembles ps-syrin-syrin rather than ps-avellenae			No				https://ncppb.fera.co.uk/furtherinfo/4275	
NCPPB 4276					4276	Pseudomonas syringae pv. coryli					Pseudomonas syringae	Pseudomonas syringae		Scortichini et al. 2005	Bacteria	No	No	Italy		2	NCPPB Primary Storage	Corylus avellena			Marco Scortichini		598	2001	1995		No					No				https://ncppb.fera.co.uk/furtherinfo/4276	
NCPPB 4277					4277	Pseudomonas salomonii					Pseudomonas salomonii	Pseudomonas salomonii		Gardan et al. 2002	Bacteria	Yes	No	France		2	NCPPB Primary Storage	Allium sativum  (Garlic)		R. Samson	L.Gardan		CFBP 2022		1976		No	Literature: Gardan, Louis; Bella, Patrizia; Meyer, Jean-Marie; Christen, Richard; Rott, Philippe; Achouak, Wafa; Samson, Régine (2002)Pseudomonas salomonii sp. nov., pathogenic on garlic, and Pseudomonas palleroniana sp. nov., isolated from rice. International Journal of Systematic and Evolutionary Microbiology 52(6)2065-2074. DOI: 10.1099/00207713-52-6-2065 Sawada, Hiroyuki; Horita, Harukuni; Nishimura, Fumihiro; Mori, Mitsutaka (2020)Pseudomonas salomonii, another causal agent of garlic spring rot in Japan.Journal of General Plant Pathology86(3)180-192. DOI: 10.1007/s10327-020-00909-3		ICMP 14252, CFBP 2022		No				https://ncppb.fera.co.uk/furtherinfo/4277	
NCPPB 4291					4291	Pseudomonas syringae pv. avii					Pseudomonas syringae pv avii	Pseudomonas syringae pv. avii		Ménard et al. 2003	Bacteria	No	No			2	NCPPB Primary Storage				L.Gardan		CFBP 3849				No					No				https://ncppb.fera.co.uk/furtherinfo/4291	
NCPPB 4336					4336	Pseudomonas fluorescens						Pseudomonas fluorescens		(Trevisan 1889) Migula 1895	Bacteria	No	No	Turkey		2	NCPPB Primary Storage	Solanum lycopersicum		Dr. Yesim Aysan	Dr. Yesim Aysan		8-1a	2005	2004		No	Plant Pathology 53:803 (2004)	Pith necrosis pathogen			No				https://ncppb.fera.co.uk/furtherinfo/4336	
NCPPB 4337					4337	Pseudomonas fluorescens						Pseudomonas fluorescens		(Trevisan 1889) Migula 1895	Bacteria	No	No	Turkey		2	NCPPB Primary Storage	Solanum lycopersicum		Dr. Yesim Aysan	Dr. Yesim Aysan		17-2a1	2005	2004		No	Plant pathology 53:803 (2004)	Pith necrosis pathogen			No				https://ncppb.fera.co.uk/furtherinfo/4337	
NCPPB 4338					4338	Pseudomonas fluorescens						Pseudomonas fluorescens		(Trevisan 1889) Migula 1895	Bacteria	No	No	Turkey		2	NCPPB Primary Storage	Solanum lycopersicum		Dr. Yesim Aysan	Dr. Yesim Aysan		14-4a	2005	2004		No	Plant pathology 53:803 (2004)	Pith necrosis pathogen			No				https://ncppb.fera.co.uk/furtherinfo/4338	
NCPPB 4369					4369	Pseudomonas syringae pv. tomato						Pseudomonas syringae pv. tomato		(Okabe 1933) Young, Dye and Wilkie 1978	Bacteria	No	No	UK (Guernsey)				Solanum lycopersicum			Diane Cuppels	Diane Cuppels	DC3000	2006	1960		No	Cuppels . D. 1986	Spontaneous rifampicin resistant mutant of DC 52 Wild Type (NCPPB 1106).  Also pathogenic to Arabidopsis thalliana.							https://ncppb.fera.co.uk/furtherinfo/4369	
NCPPB 4396					4396	Pseudomonas syringae pv. syringae						Pseudomonas syringae pv. syringae		van Hall 1902	Bacteria	No	No	Libya		2	NCPPB Primary Storage	Cane apple (Madrone)		Azzeddin M.Y.	Azzeddin M.Y.			2007	2004		Yes					No				https://ncppb.fera.co.uk/furtherinfo/4396	
NCPPB 4436					4436	Pseudomonas syringae pv. aesculi						Pseudomonas syringae pv. aesculi		(ex Durgapal & Singh 1980) Young et al 1991	Bacteria	No	No	UK		2	NCPPB Primary Storage	Aesculus hippocastanum		Joan Webber	Joan Webber	Forest Research	Ps 1/4	2008	2005		Yes	J. F. Webber, N. M. Parkinson, J. Rose, H. Stanford, R. T. A. Cook and J. G. Elphinstone (2008).Iso	Bleeding Lesion on Bark of Branch	Protect 6623, Forest Research Ps 1/4		No				https://ncppb.fera.co.uk/furtherinfo/4436	
NCPPB 4437					4437	Pseudomonas syringae pv. aesculi						Pseudomonas syringae pv. aesculi		(ex Durgapal & Singh 1980) Young et al 1991	Bacteria	No	No	UK		2	NCPPB Primary Storage	Aesculus hippocastanum		Joan Webber	Joan Webber	Forest Research	Ps 6/2	2008	2006		Yes	J. F. Webber, N. M. Parkinson, J. Rose, H. Stanford, R. T. A. Cook and J. G. Elphinstone (2008).Iso	Bleeding Lesion on Bark of Branch	Protect 6617, Forest research Ps 1/4		No				https://ncppb.fera.co.uk/furtherinfo/4437	
NCPPB 4438					4438	Pseudomonas cannabina pv. alisalensis						Pseudomonas syringae pv. alisalensis		Bull et al. 2010	Bacteria	No	Yes	USA - California		2	NCPPB Primary Storage	Brassica rapa subsp. rapa		C.Bull. (BS 91)	Maureen Fletcher	ICMP	ICMP 15200	2008			Yes	Plant disease. 86: 992-998, 2002.	Turnip Leaf Spots.Water soaked with yellow borders that enlarge to necrotic areas. Proved pathogenic to Broccoli, raab, Broccoli, Broccolini, Cauliflower, Tomato, California brome, Oat, Timothy (Bull).	ICMP 15200. ATCC BAA-566		No				https://ncppb.fera.co.uk/furtherinfo/4438	
NCPPB 4439					4439	Pseudomonas savastanoi pv. fraxini						Pseudomonas syringae pv. fraxini	Pseudomonas syringae pv. savastanoi (ex Smith 1908) Young Dye & Wilkie 1978	( Janse 1982) Young et al. 1996	Bacteria	No	Yes	Netherlands		2	NCPPB Primary Storage	Fraxinus exelsior - European Ash.		J.D.Janse	Maureen Fletcher	ICMP	ICMP 7711	2008	1978		No			ICMP 7711, PD 116		No				https://ncppb.fera.co.uk/furtherinfo/4439	
NCPPB 4440					4440	Pseudomonas syringae pv. broussonetiae						Pseudomonas syringae pv. broussonetiae		Takahashi et al. 1996	Bacteria	No	Yes	Japan. Gohanmatsu, Aoya-cho in Tottori Prefecture		2	NCPPB Primary Storage	Broussonetia kazinoki X Broussonetia papyrifa (as		M. Sato (Number: Koz8101)	Maureen Fletcher	ICMP	ICMP 13650	2008	1980		Yes	Ann. Phytopath. Soc. Japan 62: 17-22, 1996	Causes small leaf spots, shoot blight and resulting dieback. Pathogenic to B.kazinoki and B. papyrifera but not mulberry and hemp.	ICMP 13650, M. Sato (Number: Koz8101). MAFF 810036		No				https://ncppb.fera.co.uk/furtherinfo/4440	
NCPPB 4441					4441	Pseudomonas syringae pv. castaneae						Pseudomonas syringae pv. castaneae		Takanashi & Shimizu 1989	Bacteria	No	Yes	Japan: Makino, Shiga Prefecture		2	NCPPB Primary Storage	Castanea crenata		K.Shimizu	Maureen Fletcher	ICMP	ICMP 9419	2008	1977		Yes	Pseudomonas syringae pv. castaneae pv. nov., Causal Agent of Bacterial Canker of Chestnut (Castaneae	Canker developed after swelling of the cortex on overwintered succulent shoots followed by bud death without sprouting, or as leaf blight after opening, on terminal leafs. Small galls with rough surfaces developed on the shoot, petioles, midrib of leaves and flower clusters during the growing season	ICMP 9419, NIAES 2088		No				https://ncppb.fera.co.uk/furtherinfo/4441	
NCPPB 4442					4442	Pseudomonas syringae pv. cunninghamiae						Pseudomonas syringae pv. cunninghamiae		He & Goto 1995	Bacteria	No	Yes	China - Fujian province Jiangxi		2	NCPPB Primary Storage	Cunninghamia lanceolata - Chinese Fir		Xue-You He: PC1	Maureen Fletcher	ICMP	ICMP 11894	2008	1992		Yes	Bacterial Needle Blight of Chinese Fir (Cunninghamia lanceolata HOOK) Caused by Pseudomonas syringae	Causes small brown spots with yellow halos on needles (leaves) of Chinese Fir. Lopat 1A, Kochs postulates.	ICMP 11894. X.Y.He: PC1, ATCC 51416		No				https://ncppb.fera.co.uk/furtherinfo/4442	
NCPPB 4443					4443	Pseudomonas syringae pv. cerasicola						Pseudomonas syringae pv. cerasicola		Kamiuten et al. 2000	Bacteria	No	Yes	Japan (miyazaki City, Miyazaki prefecture).		2	NCPPB Primary Storage	Prunus x yedoensis (Someiyashino - Cherry tree)		takikawa. Y.	Maureen Fletcher	ICMP	ICMP 17524	2008	1995		Yes	Pseudomonas syringae pv cerasicola pv nov. The causal Agent of Bacterial gall on cherry. H.Kamiunten		ICMP 17524, CFBP 6109		No				https://ncppb.fera.co.uk/furtherinfo/4443	
NCPPB 4452					4452	Pseudomonas cannabina pv. alisalensis						Pseudomonas syringae pv. alisalensis		Bull et al. 2010	Bacteria	No	No	USA		2	NCPPB Primary Storage	Brassica rapa subsp. rapa		Koike ST	Carolee T Bull	USDA	BS92	2009	1995		Yes	Pl. Dis. 86:992-998.2002		CFBP 6901, ICMP 15201		No				https://ncppb.fera.co.uk/furtherinfo/4452	
NCPPB 4453					4453	Pseudomonas cannabina pv. alisalensis						Pseudomonas syringae pv. alisalensis		Bull et al. 2010	Bacteria	No	No	USA		2	NCPPB Primary Storage	Brassica oleracea var botrytis		Koike ST	Carolee T Bull	USDA	BS130	2009	1999		Yes	Pl. Dis. 86:992-998.2002		CFBP 6867,  ICMP 15203		No				https://ncppb.fera.co.uk/furtherinfo/4453	
NCPPB 4454					4454	Pseudomonas cannabina pv. alisalensis						Pseudomonas syringae pv. alisalensis		Bull et al. 2010	Bacteria	No	No	USA		2	NCPPB Primary Storage	Brassica oleracea var botrytis		Koike ST	Carolee T Bull	USDA	BS132	2009	1999		Yes	Pl. Dis. 86:992-998.2002		CFBP 6868, ICMP 15204		No				https://ncppb.fera.co.uk/furtherinfo/4454	
NCPPB 4455					4455	Pseudomonas cannabina pv. alisalensis						Pseudomonas syringae pv. alisalensis		Bull et al. 2010	Bacteria	No	No	USA		2	NCPPB Primary Storage	Brassica oleracea var botrytis		Koike ST	Carolee T Bull	USDA	BS136	2009	1999		Yes			CFBP 6902, ICMP 15205		No				https://ncppb.fera.co.uk/furtherinfo/4455	
NCPPB 4456					4456	Pseudomonas cannabina pv. alisalensis						Pseudomonas syringae pv. alisalensis		Bull et al. 2010	Bacteria	No	No	USA		2	NCPPB Primary Storage	Eruca vesicaria subsp. sativa		Koike ST	Carolee T Bull	USDA	BS215	2009	1995		Yes			CFBP 6869		No				https://ncppb.fera.co.uk/furtherinfo/4456	
NCPPB 4457					4457	Pseudomonas cannabina pv. alisalensis						Pseudomonas syringae pv. alisalensis		Bull et al. 2010	Bacteria	No	No	USA		2	NCPPB Primary Storage	Eruca vesicaria subsp. sativa		Koike ST	Carolee T Bull	USDA	BS216	2009	1995		Yes			CFBP 6870		No				https://ncppb.fera.co.uk/furtherinfo/4457	
NCPPB 4458					4458	Pseudomonas cannabina pv. alisalensis						Pseudomonas syringae pv. alisalensis		Bull et al. 2010	Bacteria	No	No	USA		2	NCPPB Primary Storage	Eruca vesicaria subsp. sativa		Koike ST	Carolee T Bull	USDA	BS217	2009	1995		Yes			CFBP 6871		No				https://ncppb.fera.co.uk/furtherinfo/4458	
NCPPB 4459					4459	Pseudomonas cannabina pv. alisalensis						Pseudomonas syringae pv. alisalensis		Bull et al. 2010	Bacteria	No	No	USA		2	NCPPB Primary Storage	Eruca vesicaria subsp. sativa		Koike ST	Carolee T Bull	USDA	BS218	2009	1995		Yes			CFBP 6872		No				https://ncppb.fera.co.uk/furtherinfo/4459	
NCPPB 4460					4460	Pseudomonas cannabina pv. alisalensis						Pseudomonas syringae pv. alisalensis		Bull et al. 2010	Bacteria	No	No	USA		2	NCPPB Primary Storage	Brassica rapa subsp. rapa		S.Johnston	Carolee T Bull	USDA	BS413	2009	1999		Yes			CFBP 6873		No				https://ncppb.fera.co.uk/furtherinfo/4460	
NCPPB 4461					4461	Pseudomonas cannabina pv. alisalensis						Pseudomonas syringae pv. alisalensis		Bull et al. 2010	Bacteria	No	No	USA		2	NCPPB Primary Storage	Eruca vesicaria subsp. sativa		S.Johnston	Carolee T Bull	USDA	BS416	2009	1996		Yes			CFBP 6875		No				https://ncppb.fera.co.uk/furtherinfo/4461	
NCPPB 4462					4462	Pseudomonas cannabina pv. alisalensis						Pseudomonas syringae pv. alisalensis		Bull et al. 2010	Bacteria	No	No	USA		2	NCPPB Primary Storage	Brassica rapa subsp. rapa		S.Johnston	Carolee T Bull	USDA	BS419	2009	1999		Yes			CFBP 6874		No				https://ncppb.fera.co.uk/furtherinfo/4462	
NCPPB 4463					4463	Pseudomonas cannabina pv. alisalensis						Pseudomonas syringae pv. alisalensis		Bull et al. 2010	Bacteria	No	No	USA		2	NCPPB Primary Storage	Brassica rapa subsp. rapa		Koike ST	Carolee T Bull	USDA	BS227	2009	1996		Yes			CFBP 6903		No				https://ncppb.fera.co.uk/furtherinfo/4463	
NCPPB 4464					4464	Pseudomonas cannabina pv. alisalensis						Pseudomonas syringae pv. alisalensis		Bull et al. 2010	Bacteria	No	No	USA		2	NCPPB Primary Storage	Brassica rapa subsp. rapa		Koike ST	Carolee T Bull	USDA	BS228	2009	1996		Yes	Pl. Dis. 86:992-998.2002		CFBP 6904M ICMP 15202		No				https://ncppb.fera.co.uk/furtherinfo/4464	
NCPPB 4478					4478	Pseudomonas savastanoi pv. phaseolicola						Pseudomonas syringae pv. phaseolicola	Pseudomonas syringae pv. phaseolicola (Burkholder 1926) Young et al. 1978	( Burkholder 1926 ) Gardan et al. 1992	Bacteria	No	No	Ethiopia		2	NCPPB Primary Storage	Phaseolus vulgaris		D.Teverson	R.Thwaites	HRI	1448A	2010	1985		Yes	J.Bact.. 187 (18) PP6488-98. Teverson D. 1991.	Race 6. Genome sequenced. Last Pathogenicity test 2005. LOPAT = +/- ---+.			No				https://ncppb.fera.co.uk/furtherinfo/4478	
NCPPB 4487					4487	Pseudomonas syringae pv. syringae						Pseudomonas syringae pv. syringae		van Hall 1902	Bacteria	No	No	USA (Wisconsin)		2	NCPPB Primary Storage	Phaseolus vulgaris (Snap Bean)		J.Lindemann	Steve Lindow	Steve Lindow	B728a	2011			No	1. Alfano, J. R., and A. Collmer. 1996. Bacterial pathogens in plants: Life up against the wall. Pla	Genome sequenced - GenBank database accession No. CP000075. Shows Ice nucleation, Spontaneous Rifampicin-resistant mutant of strain isolated from bean in Wisconsin (Phytopathology 77:1449-1454). Can exploit leaf surface and apoplast habitats.			No				https://ncppb.fera.co.uk/furtherinfo/4487	
NCPPB 4586					4586	Robbsia andropogonis						Burkholderia andropogonis	Pseudomonas andropogonis (Smith 1911) Stapp 1928, Burkholderia adropogonis (Smith 1911) Gillis et al. 1995, Paraburkholderia andropogonis (Gillis et al. 1995) Sawana et al. 2014	Lopes-Santos et al 2017	Bacteria	No	No	China		2	NCPPB Primary Storage	Areca catechu		Qinghua Tang	Qinghua Tang	CCTCC	Y11	2014	2012		No	Tang et al., First report of B. andropogonis causing bact. leaf spot of betel palm in Hainan Prov. Plant Disease, 97(12)		CCTCC AB 2014034, CGMCC 1.12337		No				https://ncppb.fera.co.uk/furtherinfo/4586	
NCPPB 4587					4587	Robbsia andropogonis						Burkholderia andropogonis	Pseudomonas andropogonis (Smith 1911) Stapp 1928, Burkholderia adropogonis (Smith 1911) Gillis et al. 1995, Paraburkholderia andropogonis (Gillis et al. 1995) Sawana et al. 2014	Lopes-Santos et al 2017	Bacteria	No	No	China		2	NCPPB Primary Storage	Areca catechu		Qinghua Tang	Qinghua Tang	CCTCC	Y30	2014	2012		No	Tang et al., First report of B. andropogonis causing bact. leaf spot of betel palm in Hainan Prov. Plant Disease, 97(12)		CCTCC AB 2014035, CGMCC 1.12338		No				https://ncppb.fera.co.uk/furtherinfo/4587	
NCPPB 4608					4608	Pseudomonas syringae pv. morsprunorum						Pseudomonas syringae pv. morsprunorum, race 1		(Wormald 1931) Young, Dye & Wilkie 1978	Bacteria	No	No	England		2	NCPPB Primary Storage	Prunus avium (cherry)		C M E Garrett & J E Crosse	Dr C M E Garrett, East Malling Research		C28	2016	1960		No	Garrett, C.M.E. and Crosse, J.E (1963). Observations on lysogeny in the plant pathogens Pseudomonas morsprunorum and Pseudomonas syringae. Journal of Applied Bacteriology 26, 27-34	Whole genome sequencing places this strain with other Race 1 Psm in the Pseudomonas amygdali clade (NCPPB May 2026)			No				https://ncppb.fera.co.uk/furtherinfo/4608	
NCPPB 4616					4616	Pseudomonas constantinii						Pseudomonas constantinii		Münsch et al. 2002, sp. nov.	Bacteria	Yes	No	Finland		2	NCPPB Primary Storage	Agaricus bisporus		Münsch, P.	CIRM-CFBP		CFBP 5705	2017	1997		No	Münsch et al. (2002). International Journal of Systematic and Evolutionary Microbiology. 52:1973-1983		CFBP 5705, CIP 1077803, DSM 16734, HAMBI 2444, LMG 22119		No				https://ncppb.fera.co.uk/furtherinfo/4616	
NCPPB 4617					4617	Pseudomonas protegens						Pseudomonas protegens		Ramette et al. (2011)	Bacteria	Yes	No	Switzerland		2	NCPPB Primary Storage	Nicotiana glutinosa		E Stutz, G Defago, H Kern	CIRM-CFBP		CFBP 6595	2017	1986		No	Ramette, A., et al. (2011). Pseudomonas protegens sp. nov., widespread plant-protecting bacteria producing the biocontrol compounds 2,4-diacetylphloroglucinol and pyoluteorin. Systematics and Applied Microbiology 34(3):180-188		CFBP 6595, DSM 19095, LMG 27888		No				https://ncppb.fera.co.uk/furtherinfo/4617	
NCPPB 4619					4619	Pseudomonas asturiensis									Bacteria	Yes	No	Spain		2	NCPPB Primary Storage	Glycine max		Ana J. Gonzalez - LPPA 221	Coleccion Espanola de Cultivos Tipo (CECT)		CECT 8095	2018	2001		No			LMG 26898, CECT 8095		No				https://ncppb.fera.co.uk/furtherinfo/4619	
NCPPB 4620	SAMN44673090 	 			4620	Pseudomonas caspiana									Bacteria	Yes	No	Iran		2	NCPPB Primary Storage	Citrus sinensis		Farid Beiki (FBF102)	Coleccion Espanola de Cultivos Tipo (CECT)		CECT 9164	2018	2010		No					No				https://ncppb.fera.co.uk/furtherinfo/4620	 strain = NCPPB 4620; 
NCPPB 4621					4621	Pseudomonas cerasi						Pseudomonas cerasi		Kaluzna et al., 2016	Bacteria	No	No	Ukraine		2	NCPPB Primary Storage	Populus sp.		Yakovleva L.M (IMV 8425)	Perrine Portier, CIRM-CFBP		CFBP 3599	2018			No			CFBP 3599, IMV 8525		No				https://ncppb.fera.co.uk/furtherinfo/4621	
NCPPB 4626					4626	Pseudomonas syringae pv. solidagae									Bacteria	No	Yes	Japan		2	NCPPB Primary Storage	Solidago altissima		M. Sato (Sei 1)	Maureen Fletcher		ICMP 16925	2009	1998		No	Sato, M. et al. (2001). Pseudomonas syringae pv. solidagae pv. nov. The casual blight of bacterial leaf spot of tall Golden Rod Solidago altissima L. Journal of General Plant Pathology: 67;303-308		ICMP 16925, CFBP 7148, MAFF 810053		No				https://ncppb.fera.co.uk/furtherinfo/4626	
NCPPB 4627					4627	Pseudomonas syringae pv. solidagae									Bacteria	No	No	Japan		2	NCPPB Primary Storage	Solidago altissima		M. Sato (Sei4)			ICMP 16926	2018			No			ICMP 16926, MAFF 810054		No				https://ncppb.fera.co.uk/furtherinfo/4627	
NCPPB 4628					4628	Pseudomonas syringae pv. solidagae									Bacteria	No	No	Japan		2	NCPPB Primary Storage	Solidago altissima		M. Sato (Sei7)			ICMP 16927	2018			No			ICMP 16927, MAFF 810055		No				https://ncppb.fera.co.uk/furtherinfo/4628	
NCPPB 4641					4641	Pseudomonas syringae pv. ulmi						Pseudomonas syringae pv. ulmi		Young et al., 1978	Bacteria	No	No	The Netherlands		2	NCPPB Primary Storage	Ulmus pumila		Andy Aspin, Fera	Andy Aspin		Fera 21809290	2018	2018		No					No				https://ncppb.fera.co.uk/furtherinfo/4641	
NCPPB 4646					4646	Pseudomonas cerasi						Pseudomonas cerasi		Kaluzna et al., 2016	Bacteria	No	No	Poland		2	NCPPB Primary Storage	Prunus cerasus		Monika Kaluzna (ref: 970a)	Perrine Portier, CIRM CFBP		CFBP 8307	2018	2009		No	Kaluzna M. et al. (2016). Pseudomonas cerasi sp. nov. (non Griffin, 1911) isolated from diseased tissue of cherry. Syst. App. Microbiol. 30:370-377		CFBP 8307		No				https://ncppb.fera.co.uk/furtherinfo/4646	
NCPPB 4647					4647	Pseudomonas cerasi						Pseudomonas cerasi		Kaluzna et al., 2016	Bacteria	No	No	Poland		2	NCPPB Primary Storage	Prunus avium		Monika Kaluzna (ref: 963)	Perrine Portier, CIRM CFBP		CFBP 8306	2018	2009		No	Kaluzna M., et al. (2016). Pseudomonas cerasi sp. nov. (non Griffin, 1911) isolated from diseased tissue of cherry. Syst. App. Microb. 39:370-377		CFBP 8306		No				https://ncppb.fera.co.uk/furtherinfo/4647	
NCPPB 4648					4648	Pseudomonas cerasi						Pseudomonas cerasi		Kaluzna et al., 2016	Bacteria	Yes	No	Poland		2	NCPPB Primary Storage	Prunus cerasus		Monika Kaluzna (ref: 58)	Perrine Portier, CIRM CFBP		CFBP 8305	2018	2007		No	Kaluzna M. et al. (2016). Pseudomonas cerasi sp. nov. (non Griffin, 1911) isolated from diseased tissue of cherry. Syst. App. Microbiol. 30:370-377		CFBP 8305, LMG 28609		No				https://ncppb.fera.co.uk/furtherinfo/4648	
NCPPB 4667					4667	Pseudomonas syringae								van Hall 1902	Bacteria	No	No	Argentina		2	NCPPB Primary Storage	Citrus limon		Adam J. Bryning	Andrew Aspin, Fera	FERA	21816518	2018	2018		No					No				https://ncppb.fera.co.uk/furtherinfo/4667	
NCPPB 4672					4672	Pseudomonas daroniae						Psuedomonas daroniae		Bueno-Gonzalez et al.	Bacteria	No	No	United Kingdom		2	NCPPB Primary Storage	Quercus robur		S.Denman, S.Kirk, N.Brown	Sandra Denman		FRB 228T	2019	2012		No					No				https://ncppb.fera.co.uk/furtherinfo/4672	
NCPPB 4673					4673	Pseudomonas dryadiae						Pseudomonas dryadiae sp. nov		Bueno-Gonzalez et al.	Bacteria	No	No	United Kingdom		2	NCPPB Primary Storage	Quercus robur		S.Denman, N.Brown	Sandra Denman		FRB 230T	2019	2013		No					No				https://ncppb.fera.co.uk/furtherinfo/4673	
NCPPB 4674					4674	Stutzerimonas kirkiae	Stutzerimonas	kirkiae			Stutzerimonas kirkiae	Pseudomonas kirkiae	Pseudomonas kirkiae Bueno-Gonzalez et al.	(Bueno-Gonzalez et al. 2020) Lalucat et al. 2022	Bacteria	Yes	No	United Kingdom		2	NCPPB Primary Storage	Quercus robur		S.Denman	Sandra Denman		FRB 229T	2018			No	Lalucat J, Gomila M, Mulet M, Zaruma A, Garcia-Valdes E. Past, present and future of the boundaries of the Pseudomonas genus: Proposal of Stutzerimonas gen. Nov. Syst Appl Microbiol 2022; 45:126289. https://doi.org/10.1016/j.syapm.2021.126289; Bueno-Gonzalez V, Brady C, Denman S, Allainguillaume J, Arnold D. Pseudomonas kirkiae sp. nov., a novel species isolated from oak in the United Kingdom, and phylogenetic considerations of the genera Pseudomonas, Azotobacter and Azomonas. Int J Syst Evol Microbiol 2020; 70:2426-2434. https://doi.org/10.1099/ijsem.0.004055		LMG 31089		No				https://ncppb.fera.co.uk/furtherinfo/4674	
NCPPB 4677					4677	Pseudomonas syringae						Pseudomonas syringae			Bacteria	No	No	United Kingdom		2	NCPPB Primary Storage	Rosa Sp.		A. Bryning	A. Aspin	FERA	21920560	2020	2019		No					No				https://ncppb.fera.co.uk/furtherinfo/4677	
NCPPB 4683					4683	Pseudomonas syringae						Pseudomonas syringae			Bacteria	No	No	UK		2	NCPPB Primary Storage	Carpinus sp.		A. Aspin	A. Aspin	FERA	2020020875	2020	2020		No		Carpinus is not normally regarded as a host of P.syringae			No				https://ncppb.fera.co.uk/furtherinfo/4683	
NCPPB 4685					4685	Pseudomonas syringae pv. spinaciae						Pseudomonas syringae pv. spinaciae		Dr Katsumi Ozaki	Bacteria	No	Yes	Japan		2	NCPPB Primary Storage	Spinach - Spinaciae		Dr. Ozaki	Hiroyuki Sawada		MAFF 211666	2020	1986		No			CFBP 5524, MAFF 211666		No				https://ncppb.fera.co.uk/furtherinfo/4685	
NCPPB 4694					4694	Ralstonia pseudosolanacearum						Ralstonia pseudosolanacearum (Smith 1896) Safni et al. 2014	Ralstonia solanacearum (Smith 1896) Yabuuchi et al. 1996, Burkholderia solanacearum (Smith 1896) Yabuuchi et al. 1993, Pseudomonas solanacearum (Smith 1896) Smith 1914	(Smith 1896) Safni et al. 2014	Bacteria	No	No	Thailand		2	NCPPB Primary Storage	Boesenbergia rotunda		S. Carroll				2022			Yes					No				https://ncppb.fera.co.uk/furtherinfo/4694	
NCPPB 4695					4695	Ralstonia pseudosolanacearum						Ralstonia pseudosolanacearum (Smith 1896) Safni et al. 2014	Ralstonia solanacearum (Smith 1896) Yabuuchi et al. 1996, Burkholderia solanacearum (Smith 1896) Yabuuchi et al. 1993, Pseudomonas solanacearum (Smith 1896) Smith 1914	(Smith 1896) Safni et al. 2014	Bacteria	No	No	Thailand		2	NCPPB Primary Storage	Boesenbergia rotunda		S. Carroll	S. Carroll			2022			Yes					No				https://ncppb.fera.co.uk/furtherinfo/4695	
NCPPB 4723					4723	Pseudomonas alliivorans						Pseudomonas alliivorans sp. nov.	Pseudomonas alliivorans Zhao et al. 2022		Bacteria	Yes	No	USA		2	NCPPB Primary Storage	Onion - Allium cepa L.		Dr. Mei Zhao	Dr. Babesh Dutta	FERA	F6-1	2023			No	GenBank assembly accession: GCA_017826695.1 / RefSeq assembly accession: GCF_017826695.1 http://doi.org/10.1016/j.syapm.2021.126278		20GA0068, BCCM/LMG32210, CFBP8885		No				https://ncppb.fera.co.uk/furtherinfo/4723	
NCPPB 4724					4724	Pseudomonas alliivorans						Pseudomonas alliivorans sp. nov.			Bacteria	No	No	USA		2	NCPPB Primary Storage	Onion - Allium cepa L.		Dr. Mei Zhao	Dr. Babesh Dutta	FERA	L05-L06	2023			No	GenBank assembly accession: GCA_017826705.1 / RefSeq assembly accession: GCF_017826705.1 http://doi.org/10.1016/j.syapm.2021.126278		20GA0080		No				https://ncppb.fera.co.uk/furtherinfo/4724	
NCPPB 4725					4725	Pseudomonas alliivorans						Pseudomonas alliivorans sp. nov.			Bacteria	No	No	USA		2	NCPPB Primary Storage	Onion - Allium cepa L.		Dr. Mei Zhao	Dr. Babesh Dutta	FERA	L02_L03-1	2023			No	GenBank assembly accession: GCA_017826735.1 / RefSeq assembly accession: GCF_017826735.1 http://doi.org/10.1016/j.syapm.2021.126278		20GA0148		No				https://ncppb.fera.co.uk/furtherinfo/4725	
NCPPB 4734					4734	Pseudomonas syringae pv. cunninghamiae						Pseudomonas syringae pv. cunninghamiae He & Goto 1995		He & Goto 1995	Bacteria	No	No	China		2	NCPPB Primary Storage	Cunninghamia lanceolata			ICMP	ICMP	ICMP 11895	2023	1995		No		Brown, small spots with yellow haloes on needles (leaves)	ICMP 11895		No				https://ncppb.fera.co.uk/furtherinfo/4734	
NCPPB 4735					4735	Pseudomonas syringae pv. cunninghamiae						Pseudomonas syringae pv. cunninghamiae He & Goto 1995		He & Goto 1995	Bacteria	No	No	China		2	NCPPB Primary Storage	Cunninghamia lanceolata			ICMP	ICMP	ICMP 11897	2023	1994		No		Brown, small spots with yellow haloes on needles (leaves)	ICMP 11897		No				https://ncppb.fera.co.uk/furtherinfo/4735	
NCPPB 4736					4736	Pseudomonas syringae pv. cunninghamiae						Pseudomonas syringae pv. cunninghamiae He & Goto 1995		He & Goto 1995	Bacteria	No	No	China		2	NCPPB Primary Storage	Cunninghamia lanceolata			ICMP	ICMP	ICMP 11899	2023	1995		Yes		Brown, small spots with yellow haloes on needles (leaves)	ICMP 11899		No				https://ncppb.fera.co.uk/furtherinfo/4736	
NCPPB 4737					4737	Pseudomonas syringae						Pseudomonas syringae		van Hall 1902	Bacteria	No	No	UK		2	NCPPB Primary Storage	Cornus sp.		A. Aspin	A. Bryning	Fera Science Ltd.	21922690	2023	2019		No		Spotting on leaves			No				https://ncppb.fera.co.uk/furtherinfo/4737	
NCPPB 4738					4738	Pseudomonas sp.						Pseudomonas sp.		Migula 1894	Bacteria	No	No	UK		2	NCPPB Primary Storage	Cornus sanguinea		Sarah Carroll	Sarah Carroll	Fera Science Ltd.	2021019941	2023	2021		No		Necrotic lesions with yellow halos were seen on the leaves of the Cornus sanguinea.			No				https://ncppb.fera.co.uk/furtherinfo/4738	
NCPPB 4739					4739	Pseudomonas sp.						Pseudomonas syringae		Migula 1894	Bacteria	No	No	Netherlands		2	NCPPB Primary Storage	Cornus alba		Sarah Carroll	Sarah Carroll	Fera Science Ltd.	2023009490	2023	2023		No		leaf spot symptoms			No				https://ncppb.fera.co.uk/furtherinfo/4739	
NCPPB 4740					4740	Pseudomonas syringae pv. castaneae						Pseudomonas syringae pv. castaneae Takanashi & Shimizu 1989		Takanashi & Shimizu 1989	Bacteria	No	No	Japan		2	NCPPB Primary Storage	Castanea crenata		K. Takanashi	ICMP	ICMP	ICMP 9421	2023	1977		No		canker on twig	ICMP 9421,  PDDCC 9421		No				https://ncppb.fera.co.uk/furtherinfo/4740	
NCPPB 4741					4741	Pseudomonas syringae pv. castaneae						Pseudomonas syringae pv. castaneae Takanashi & Shimizu 1989		Takanashi & Shimizu 1989	Bacteria	No	No	Japan		2	NCPPB Primary Storage	Castanea crenata		K. Takanashi	ICMP	ICMP	ICMP 9420	2023	1977		No		canker on twig	ICMP 9420,  PDDCC 9420		No				https://ncppb.fera.co.uk/furtherinfo/4741	
NCPPB 4743					4743	Pseudomonas syringae								van Hall 1902	Bacteria	No	No	UK		2	NCPPB Primary Storage	Ribes nigrum		Sarah Carroll	Sarah Carroll	FERA	2023011028	2023	2023		Yes					No				https://ncppb.fera.co.uk/furtherinfo/4743	
NCPPB 4748					4748	Pseudomonas syringae								van Hall 1902	Bacteria	No	No	UK		2	NCPPB Primary Storage	Cydonia oblonga		Sarah Carroll	Sarah Carroll	Fera Science Ltd.	2023012019	2023	2023		Yes					No				https://ncppb.fera.co.uk/furtherinfo/4748	
NCPPB 4750					4750	Pseudomonas syringae pv. syringae						Pseudomonas syringae pv. syringae		van Hall 1902	Bacteria	No	No	UK		2	NCPPB Primary Storage	Pyrus calleryana		Sarah Carroll	Sarah Carroll	Fera Science Ltd.	2023012632	2023	2023		Yes					No				https://ncppb.fera.co.uk/furtherinfo/4750	
NCPPB 4751					4751	Pseudomonas syringae						Pseudomonas syringae		van Hall 1902	Bacteria	No	No	UK		2	NCPPB Primary Storage	Juglans regia		Samuel Oxspring	Samuel Oxspring	Fera Science Ltd.	2023014239	2023	2023		Yes					No				https://ncppb.fera.co.uk/furtherinfo/4751	
NCPPB 4752					4752	Pseudomonas syringae								van Hall 1902	Bacteria	No	No	Netherlands		2	NCPPB Primary Storage	Ulmus x Hollandica		Samuel Oxspring	Samuel Oxspring	Fera Science Ltd.	2023014763	2023	2023		Yes					No				https://ncppb.fera.co.uk/furtherinfo/4752	
NCPPB 4756					4756	Pseudomonas syringae						Pseudomonas syringae		van Hall 1902	Bacteria	No	No	UK		2	NCPPB Primary Storage	Skimmia japonica		Hayley Suen	Sarah Carroll	Fera Science Ltd.	2023016440	2023	2023		Yes					No				https://ncppb.fera.co.uk/furtherinfo/4756	
NCPPB 4757					4757	Pseudomonas sp.						Pseudomonas sp.		Migula 1894	Bacteria	No	No	Netherlands		2	NCPPB Primary Storage	Magnolia sinensis		Sarah Carroll	Sarah Carroll	Fera Science Ltd.	2023019514	2023	2023		Yes		Black spotting on Magnolia leaves	2023 PROTECT 18 e3		No				https://ncppb.fera.co.uk/furtherinfo/4757	
NCPPB 4758					4758	Pseudomonas sp.						Pseudomonas sp.		Migula 1894	Bacteria	No	No	Netherlands		2	NCPPB Primary Storage	Magnolia sp.		Sarah Carroll, Adam Bryning	Sarah Carroll	FERA	2023019759	2023	2023		Yes					No				https://ncppb.fera.co.uk/furtherinfo/4758	
NCPPB 4759					4759	Pseudomonas boreofloridensis						Pseudomonas boreofloridensis		Fullem et al. 2024	Bacteria	Yes	No	USA		2	NCPPB Primary Storage	Citrullus lanatus (watermelon)		Dr. Fanny Iriarte	Kiersten Bushong	University of Florida, North Florida Research and Education Center Plant Disease	K13	2023			No	https://doi.org/10.1099/ijsem.0.006596	Pathogenic to Citrullus lanatus and Cucurbita pepo	LMG 33364		No				https://ncppb.fera.co.uk/furtherinfo/4759	
NCPPB 4760					4760	Pseudomonas alabamensis						Pseudomonas alabamensis		Fullem et al. 2025	Bacteria	Yes	No	USA		2	NCPPB Primary Storage	Cucumis melo (cantaloupe)		Dr. Fanny Iriarte	Kiersten Bushong	University of Florida, North Florida Research and Education Center Plant Disease	22-AL-CL-001	2023	2022		Yes	https://doi.org/10.1099/ijsem.0.006848 From cantaloupe to cattle: Pseudomonas alabamensis sp. nov. described from diseased cantaloupe (Cucumis melo) foliage and a bovine (Bos taurus) nasopharynx. Fullem et al. 2025		LMG 33363		No				https://ncppb.fera.co.uk/furtherinfo/4760	
NCPPB 4761					4761	Pseudomonas citrullilanati	Pseudomonas	citrullilanati			Pseudomonas citrullilanati	Pseudomonas citrullus	Pseudomonas citrulli Fullem et al. 2024 validly published under the ICNP, illegitimate name	Fullem et al. 2026	Bacteria	No	No	USA				Citrullus lanatus (watermelon)		Dr. Sladana Bec	Kiersten Bushong	University of Florida, North Florida Research and Education Center Plant Disease	K18	2023	2020		No	https://doi.org/10.1099/ijsem.0.006596  https://doi.org/10.1099/ijsem.0.007147		LMG 33365; K18		No				https://ncppb.fera.co.uk/furtherinfo/4761	
NCPPB 4762					4762	Pseudomonas serbiensis						Pseudomonas serbiens		Fullem et al. 2024	Bacteria	Yes	No	Serbia		2	NCPPB Primary Storage	Cucumis melo (muskmelon)		Aleksa Obradovi?	Kiersten Bushong	University of Florida, University of Belgrade	KFB-138	2023	1998		Yes	Fullem KR, Obradovi? A, MacLellan MP, Poudel M, Minsavage GV, Goss EM, Potnis N, Jones JB, Paret ML. Pseudomonas serbiensis sp. nov. isolated from watermelon and muskmelon in Serbia. Int J Syst Evol Microbiol 2024; 74:6613. 10.1099/ijsem.0.006613		LMG 33366; KFB 138		No				https://ncppb.fera.co.uk/furtherinfo/4762	
NCPPB 4768					4768	Pseudomonas syringae pv. viburni						Pseudomonas syringae pv. viburni (Thornberry & Anderson 1931) Young, Dye and Wilkie 1978	Phytomonas viburni Thornberry & Anderson 1931	(Thornberry & Anderson 1931) Young et al. 1978	Bacteria	No	No	UK		2	NCPPB Primary Storage	Viburnum sp.		Sarah Carroll, Adam Bryning	Sarah Carroll	Fera Science Ltd.	2023022449	2023	2023		Yes					No				https://ncppb.fera.co.uk/furtherinfo/4768	
NCPPB 4788					4788	Pseudomonas syringae						Pseudomonas syringae van Hall 1902		van Hall 1902	Bacteria	No	No	UK		2	NCPPB Primary Storage	Iris foetidissima		Samuel Oxspring	Samuel Oxspring		2024004440	2024	2024		No					No				https://ncppb.fera.co.uk/furtherinfo/4788	
NCPPB 4791					4791	Pseudomonas syringae pv. mori								(Boyer & Lambert 1893) Young et al. 1978	Bacteria	No	No	UK		2	NCPPB Primary Storage	Morus		Sarah Carroll	Sarah Carroll		2024012944	2024	2024		Yes					No				https://ncppb.fera.co.uk/furtherinfo/4791	
NCPPB 4792					4792	Pseudomonas syringae pv. helianthi								(Kawamura 1934) Young et al. 1978	Bacteria	No	No	UK		2	NCPPB Primary Storage	Helianthus		Sarah Carroll	Sarah Carroll		2024012827	2024	2024		Yes					No				https://ncppb.fera.co.uk/furtherinfo/4792	
NCPPB 4795					4795	Pseudomonas syringae						Pseudomonas syringae van Hall 1902		van Hall 1902	Bacteria	No	No	Germany		2	NCPPB Primary Storage	Vaccinium corymbosum		Sarah Carroll	Sarah Carroll		2024012760	2024	2024		Yes					No				https://ncppb.fera.co.uk/furtherinfo/4795	
NCPPB 4796					4796	Pseudomonas syringae						Pseudomonas syringae van Hall 1902		van Hall, 1902	Bacteria	No	No	UK		2	NCPPB Primary Storage	Acer pseudoplatanus		Sarah Carroll	Sarah Carroll		2024013583	2024	2024		Yes					No				https://ncppb.fera.co.uk/furtherinfo/4796	
NCPPB 4798					4798	Pseudomonas syringae						Pseudomonas syringae van Hall 1902		van Hall, 1902	Bacteria	No	No	UK		2	NCPPB Primary Storage	Fagus sylvatica		Sarah Carroll	Sarah Carroll		2024016397	2024	2024		Yes					No				https://ncppb.fera.co.uk/furtherinfo/4798	
NCPPB 4803					4803	Pseudomonas viridiflava								(Burkholder 1930) Dowson 1939	Bacteria	No	No	Italy		2	NCPPB Primary Storage	Carthamus tinctorius (safflower)		Corrado Cariddi	Donato Gerin & Stefania Pollastro		DiSSPA_Pv1	2025	1997		No	doi.org/10.1111/ppa.14030				No				https://ncppb.fera.co.uk/furtherinfo/4803	
NCPPB 4804					4804	Pseudomonas viridiflava								(Burkholder 1930) Dowson 1939	Bacteria	No	No	Italy		2	NCPPB Primary Storage	Cichorium intybus var. porphyreum (sugarloaf cicho		Corrado Cariddi	Donato Gerin & Stefania Pollastro		DiSSPA_Pv28	2025	2009		No	doi.org/10.1111/ppa.14030				No				https://ncppb.fera.co.uk/furtherinfo/4804	
NCPPB 4805					4805	Pseudomonas viridiflava								(Burkholder 1930) Dowson 1939	Bacteria	No	No	Italy		2	NCPPB Primary Storage	Lactuca sativa var. crispa (curly type lettuce)		Corrado Cariddi	Donato Gerin & Stefania Pollastro		DiSSPA_Pv29	2025	2015		No	doi.org/10.1111/ppa.14030				No				https://ncppb.fera.co.uk/furtherinfo/4805	
NCPPB 4806					4806	Pseudomonas viridiflava								(Burkholder 1930) Dowson 1939	Bacteria	No	No	Italy		2	NCPPB Primary Storage	Lactuca sativa var. crispa (curly type lettuce)		Corrado Cariddi	Donato Gerin & Stefania Pollastro		DiSSPA_Pv30	2025	2016		No	doi.org/10.1111/ppa.14030				No				https://ncppb.fera.co.uk/furtherinfo/4806	
NCPPB 4807					4807	Pseudomonas viridiflava								(Burkholder 1930) Dowson 1939	Bacteria	No	No	Italy		2	NCPPB Primary Storage	Lactuca sativa var. crispa (curly type lettuce)		Corrado Cariddi	Donato Gerin & Stefania Pollastro		DiSSPA_Pv33	2025	2017		No	doi.org/10.1111/ppa.14030				No				https://ncppb.fera.co.uk/furtherinfo/4807	
NCPPB 4808					4808	Pseudomonas viridiflava								(Burkholder 1930) Dowson 1939	Bacteria	No	No	Italy		2	NCPPB Primary Storage	Cichorium intybus var. sylvestre (Catalogna cichor		Corrado Cariddi	Donato Gerin & Stefania Pollastro		DiSSPA_Pv35	2025	2016		No	doi.org/10.1111/ppa.14030				No				https://ncppb.fera.co.uk/furtherinfo/4808	
NCPPB 4809					4809	Pseudomonas viridiflava								(Burkholder 1930) Dowson 1939	Bacteria	No	No	Italy		2	NCPPB Primary Storage	Solanum tuberosum (potato)		Corrado Cariddi	Donato Gerin & Stefania Pollastro		DiSSPA_Pv37	2025	2004		No	doi.org/10.1111/ppa.14030				No				https://ncppb.fera.co.uk/furtherinfo/4809	
NCPPB 4811					4811	Pseudomonas savastanoi pv. savastanoi						Pseudomonas savastanoi pv. savastanoi		(Smith) Gardan, Bollet, Abu Ghorrah & Grimont	Bacteria	No	No	Spain				Olea europaea		Sarah Carroll	Sarah Carroll		2025003743	2025	2025		Yes		LOPAT analysis ----+ and partial gene (rpoD) sequencing			No				https://ncppb.fera.co.uk/furtherinfo/4811	
NCPPB 4816					4816	Ralstonia pseudosolanacearum	Ralstonia	pseudosolanacearum				Ralstonia pseudosolanacearum		Safni et al. 2014	Bacteria	No	No	Kambila (Kati), Mali	Belgium	2	NCPPB Primary Storage	Solanum tuberosum (potato)	Solanum tuberosum (potato)	Johan Van Vaerenbergh	Jolien Venneman	ILVO	GBBC 699		2000	Solanaceae	No		biovar 3, phylotype-sequevar I-46			No				https://ncppb.fera.co.uk/furtherinfo/4816	
NCPPB 4817					4817	Ralstonia pseudosolanacearum	Ralstonia	pseudosolanacearum				Ralstonia pseudosolanacearum		Safni et al. 2014	Bacteria	No	No	Labé, Guinea	Belgium	2	NCPPB Primary Storage	Solanum tuberosum (potato)	Solanum tuberosum (potato)	Johan Van Vaerenbergh	ILVO	ILVO	GBBC 1101	2026	2003	Solanaceae	No		biovar 2T, phylotype-sequevar III-42			No				https://ncppb.fera.co.uk/furtherinfo/4817	
NCPPB 4819					4819	Ralstonia pseudosolanacearum	Ralstonia	pseudosolanacearum				Ralstonia pseudosolanacearum		Safni et al. 2014	Bacteria	No	No	Chongqing, China	China	2	NCPPB Primary Storage	Solanum melongena (eggplant)	Solanum melongena (eggplant)		Jolien Venneman	ILVO	GBBC 1335	2026	2008	Solanaceae	No		phylotype-sequevar I-54			No				https://ncppb.fera.co.uk/furtherinfo/4819	
NCPPB 4820					4820	Ralstonia pseudosolanacearum	Ralstonia	pseudosolanacearum				Ralstonia pseudosolanacearum		Safni et al. 2014	Bacteria	No	No	China	China	2	NCPPB Primary Storage	Solanum lycopersicum (tomato)	Solanum lycopersicum (tomato)	Johan Van Vaerenbergh	Jolien Venneman	ILVO - Flanders Research Institute for Agriculture, Fisheries and Food (Belgium)	GBBC 1321 B-1	2026	2006		No		Positive in TaqMan assay of Weller et al. (2000); egl barcode available, see multifasta file. WGS was performed at Fera to account for differences in pathogenicity between this isolate and isolated 1321 B-2 (NCPPB 4821) - see Bioinformatics Project ID BIO0085			No				https://ncppb.fera.co.uk/furtherinfo/4820	
NCPPB 4821					4821	Ralstonia pseudosolanacearum	Ralstonia	pseudosolanacearum						Safni et al. 2014	Bacteria	No	No	Chongqing, China	China	2	NCPPB Primary Storage	Solanum lycopersicum (tomato)	Solanum lycopersicum (tomato)		Jolien Venneman	ILVO - Flanders Research Institute for Agriculture, Fisheries and Food (Belgium)	GBBC 1321 B-2	2026	2006		No		phylotype I  Positive in TaqMan assay of Weller et al. (2000); egl barcode available, see multifasta file. WGS was performed at Fera to account for differences in pathogenicity between this isolate and isolated 1321 B-1 (NCPPB 4820) - see Bioinformatics Project ID BIO0085			No				https://ncppb.fera.co.uk/furtherinfo/4821	
